{
	"format_version": "1.12.0",
	"minecraft:geometry": [
		{
			"description": {
				"identifier": "geometry.arip_vicissitude",
				"texture_width": 64,
				"texture_height": 64,
				"visible_bounds_width": 4,
				"visible_bounds_height": 2.5,
				"visible_bounds_offset": [0, 0.75, 0]
			},
			"bones": [
				{
					"name": "Vicissitude",
					"pivot": [0, 0, -14.75]
				},
				{
					"name": "core",
					"parent": "Vicissitude",
					"pivot": [0, 0, -14.75],
					"cubes": [
						{
							"origin": [-1.67404, -0.10048, -28.75],
							"size": [0.175, 0.20096, 28],
							"uv": {
								"east": {"uv": [19, 0], "uv_size": [28, 0.5]}
							}
						},
						{
							"origin": [1.49904, -0.10048, -28.75],
							"size": [0.175, 0.20096, 28],
							"uv": {
								"west": {"uv": [19, 1], "uv_size": [28, 0.5]}
							}
						},
						{
							"origin": [-0.75, 1.25, -28.75],
							"size": [1.5, 0.25, 28],
							"uv": {
								"up": {"uv": [0, 0], "uv_size": [1.5, 28]}
							}
						},
						{
							"origin": [-0.10048, 1.40097, -28.75],
							"size": [0.20096, 0.175, 28],
							"pivot": [0.18301, -0.04904, 0.25],
							"rotation": [0, 0, 30],
							"uv": {
								"up": {"uv": [7, 18], "uv_size": [0.5, 28]}
							}
						},
						{
							"origin": [-0.10048, 1.40097, -28.75],
							"size": [0.20096, 0.175, 28],
							"pivot": [-0.18301, -0.04904, 0.25],
							"rotation": [0, 0, -30],
							"uv": {
								"up": {"uv": [8, 18], "uv_size": [0.5, 28]}
							}
						},
						{
							"origin": [-0.75, 1.25, -5.75],
							"size": [1.5, 0.25, 5],
							"pivot": [0, 0, 0.25],
							"rotation": [0, 0, 60],
							"uv": {
								"up": {"uv": [22, 18], "uv_size": [1.5, 5]}
							}
						},
						{
							"origin": [-0.75, 1.25, -28.75],
							"size": [1.5, 0.25, 5],
							"pivot": [0, 0, 0.25],
							"rotation": [0, 0, 60],
							"uv": {
								"up": {"uv": [22, 23], "uv_size": [1.5, 5]}
							}
						},
						{
							"origin": [-0.5, 1, -23.75],
							"size": [1, 0.25, 18],
							"pivot": [0, 0, 0.25],
							"rotation": [0, 0, 60],
							"uv": {
								"up": {"uv": [4, 0], "uv_size": [1, 18]}
							}
						},
						{
							"origin": [0.5, 1.25, -23.75],
							"size": [0.25, 0.25, 18],
							"pivot": [0, 0, 0.25],
							"rotation": [0, 0, 60],
							"uv": {
								"east": {"uv": [19, 2], "uv_size": [18, 0.5]},
								"up": {"uv": [11, 18], "uv_size": [0.5, 18]}
							}
						},
						{
							"origin": [-0.75, 1.25, -23.75],
							"size": [0.25, 0.25, 18],
							"pivot": [0, 0, 0.25],
							"rotation": [0, 0, 60],
							"uv": {
								"west": {"uv": [19, 3], "uv_size": [18, 0.5]},
								"up": {"uv": [12, 18], "uv_size": [0.5, 18]}
							}
						},
						{
							"origin": [-0.75, 1.25, -5.75],
							"size": [1.5, 0.25, 5],
							"pivot": [0, 0, 0.25],
							"rotation": [0, 0, -60],
							"uv": {
								"up": {"uv": [24, 18], "uv_size": [1.5, 5]}
							}
						},
						{
							"origin": [-0.75, 1.25, -28.75],
							"size": [1.5, 0.25, 5],
							"pivot": [0, 0, 0.25],
							"rotation": [0, 0, -60],
							"uv": {
								"up": {"uv": [24, 23], "uv_size": [1.5, 5]}
							}
						},
						{
							"origin": [-0.5, 1, -23.75],
							"size": [1, 0.25, 18],
							"pivot": [0, 0, 0.25],
							"rotation": [0, 0, -60],
							"uv": {
								"up": {"uv": [5, 0], "uv_size": [1, 18]}
							}
						},
						{
							"origin": [-0.75, 1.25, -23.75],
							"size": [0.25, 0.25, 18],
							"pivot": [0, 0, 0.25],
							"rotation": [0, 0, -60],
							"uv": {
								"west": {"uv": [19, 4], "uv_size": [18, 0.5]},
								"up": {"uv": [13, 18], "uv_size": [0.5, 18]}
							}
						},
						{
							"origin": [0.5, 1.25, -23.75],
							"size": [0.25, 0.25, 18],
							"pivot": [0, 0, 0.25],
							"rotation": [0, 0, -60],
							"uv": {
								"east": {"uv": [19, 5], "uv_size": [18, 0.5]},
								"up": {"uv": [14, 18], "uv_size": [0.5, 18]}
							}
						},
						{
							"origin": [-0.10048, -1.77211, -28.75],
							"size": [0.20096, 0.175, 28],
							"pivot": [0.18301, -0.04904, 0.25],
							"rotation": [0, 0, 30],
							"uv": {
								"down": {"uv": [9, 46], "uv_size": [0.5, -28]}
							}
						},
						{
							"origin": [-0.10048, -1.77211, -28.75],
							"size": [0.20096, 0.175, 28],
							"pivot": [-0.18301, -0.04904, 0.25],
							"rotation": [0, 0, -30],
							"uv": {
								"down": {"uv": [10, 46], "uv_size": [0.5, -28]}
							}
						},
						{
							"origin": [-0.75, -1.5, -28.75],
							"size": [1.5, 0.25, 28],
							"uv": {
								"down": {"uv": [2, 28], "uv_size": [1.5, -28]}
							}
						},
						{
							"origin": [-0.75, -1.5, -5.75],
							"size": [1.5, 0.25, 5],
							"pivot": [0, 0, 0.25],
							"rotation": [0, 0, -60],
							"uv": {
								"down": {"uv": [26, 23], "uv_size": [1.5, -5]}
							}
						},
						{
							"origin": [-0.75, -1.5, -28.75],
							"size": [1.5, 0.25, 5],
							"pivot": [0, 0, 0.25],
							"rotation": [0, 0, -60],
							"uv": {
								"down": {"uv": [26, 28], "uv_size": [1.5, -5]}
							}
						},
						{
							"origin": [-0.5, -1.25, -23.75],
							"size": [1, 0.25, 18],
							"pivot": [0, 0, 0.25],
							"rotation": [0, 0, -60],
							"uv": {
								"down": {"uv": [6, 18], "uv_size": [1, -18]}
							}
						},
						{
							"origin": [0.5, -1.5, -23.75],
							"size": [0.25, 0.25, 18],
							"pivot": [0, 0, 0.25],
							"rotation": [0, 0, -60],
							"uv": {
								"east": {"uv": [19, 6], "uv_size": [18, 0.5]},
								"down": {"uv": [15, 36], "uv_size": [0.5, -18]}
							}
						},
						{
							"origin": [-0.75, -1.5, -23.75],
							"size": [0.25, 0.25, 18],
							"pivot": [0, 0, 0.25],
							"rotation": [0, 0, -60],
							"uv": {
								"west": {"uv": [19, 7], "uv_size": [18, 0.5]},
								"down": {"uv": [19, 26], "uv_size": [0.5, -18]}
							}
						},
						{
							"origin": [-0.75, -1.5, -5.75],
							"size": [1.5, 0.25, 5],
							"pivot": [0, 0, 0.25],
							"rotation": [0, 0, 60],
							"uv": {
								"down": {"uv": [19, 32], "uv_size": [1.5, -5]}
							}
						},
						{
							"origin": [-0.75, -1.5, -28.75],
							"size": [1.5, 0.25, 5],
							"pivot": [0, 0, 0.25],
							"rotation": [0, 0, 60],
							"uv": {
								"down": {"uv": [0, 33], "uv_size": [1.5, -5]}
							}
						},
						{
							"origin": [-0.5, -1.25, -23.75],
							"size": [1, 0.25, 18],
							"pivot": [0, 0, 0.25],
							"rotation": [0, 0, 60],
							"uv": {
								"down": {"uv": [7, 18], "uv_size": [1, -18]}
							}
						},
						{
							"origin": [-0.75, -1.5, -23.75],
							"size": [0.25, 0.25, 18],
							"pivot": [0, 0, 0.25],
							"rotation": [0, 0, 60],
							"uv": {
								"west": {"uv": [20, 8], "uv_size": [18, 0.5]},
								"down": {"uv": [20, 27], "uv_size": [0.5, -18]}
							}
						},
						{
							"origin": [0.5, -1.5, -23.75],
							"size": [0.25, 0.25, 18],
							"pivot": [0, 0, 0.25],
							"rotation": [0, 0, 60],
							"uv": {
								"east": {"uv": [21, 9], "uv_size": [18, 0.5]},
								"down": {"uv": [21, 28], "uv_size": [0.5, -18]}
							}
						},
						{
							"origin": [-1.5891, -0.10048, -1.97607],
							"size": [0.25, 0.20096, 1.32877],
							"pivot": [0, 0, -1.25],
							"rotation": [0, 41.1859, 0],
							"uv": {
								"east": {"uv": [16, 42], "uv_size": [1.5, 0.5]}
							}
						},
						{
							"origin": [-0.79904, -0.10048, 0],
							"size": [0.175, 0.20096, 0.25],
							"inflate": -0.0001,
							"uv": {
								"south": {"uv": [45, 4], "uv_size": [0.5, 0.5]}
							}
						},
						{
							"origin": [0.62404, -0.10048, 0],
							"size": [0.175, 0.20096, 0.25],
							"inflate": -0.0001,
							"uv": {
								"south": {"uv": [45, 5], "uv_size": [0.5, 0.5]}
							}
						},
						{
							"origin": [1.3391, -0.10048, -1.97607],
							"size": [0.25, 0.20096, 1.32877],
							"pivot": [0, 0, -1.25],
							"rotation": [0, -41.1859, 0],
							"uv": {
								"west": {"uv": [18, 42], "uv_size": [1.5, 0.5]}
							}
						},
						{
							"origin": [-0.10048, 0.52597, 0],
							"size": [0.20096, 0.175, 0.25],
							"inflate": -0.0001,
							"pivot": [0.18301, -0.04904, -1.75],
							"rotation": [0, 0, 30],
							"uv": {
								"south": {"uv": [45, 6], "uv_size": [0.5, 0.5]}
							}
						},
						{
							"origin": [0.28558, 0.39175, -1.07877],
							"size": [0.20096, 0.25, 1.32877],
							"pivot": [0.48654, 0.64175, 0.25],
							"rotation": [-41.1859, 0, 30],
							"uv": {
								"up": {"uv": [42, 18], "uv_size": [0.5, 1.5]}
							}
						},
						{
							"origin": [-0.10048, 0.52597, 0],
							"size": [0.20096, 0.175, 0.25],
							"inflate": -0.0001,
							"pivot": [-0.18301, -0.04904, -1.75],
							"rotation": [0, 0, -30],
							"uv": {
								"south": {"uv": [45, 7], "uv_size": [0.5, 0.5]}
							}
						},
						{
							"origin": [-0.48654, 0.39175, -1.07877],
							"size": [0.20096, 0.25, 1.32877],
							"pivot": [-0.48654, 0.64175, 0.25],
							"rotation": [-41.1859, 0, -30],
							"uv": {
								"up": {"uv": [20, 42], "uv_size": [0.5, 1.5]}
							}
						},
						{
							"origin": [-0.10048, -0.70097, 0],
							"size": [0.20096, 0.175, 0.25],
							"inflate": -0.0001,
							"pivot": [0.18301, 0.04904, -1.75],
							"rotation": [0, 0, -30],
							"uv": {
								"south": {"uv": [45, 8], "uv_size": [0.5, 0.5]}
							}
						},
						{
							"origin": [0.28558, -0.64175, -1.07877],
							"size": [0.20096, 0.25, 1.32877],
							"pivot": [0.48654, -0.64175, 0.25],
							"rotation": [41.1859, 0, -30],
							"uv": {
								"down": {"uv": [42, 21.5], "uv_size": [0.5, -1.5]}
							}
						},
						{
							"origin": [-0.10048, -0.70097, 0],
							"size": [0.20096, 0.175, 0.25],
							"inflate": -0.0001,
							"pivot": [-0.18301, 0.04904, -1.75],
							"rotation": [0, 0, 30],
							"uv": {
								"south": {"uv": [45, 9], "uv_size": [0.5, 0.5]}
							}
						},
						{
							"origin": [-0.48654, -0.64175, -1.07877],
							"size": [0.20096, 0.25, 1.32877],
							"pivot": [-0.48654, -0.64175, 0.25],
							"rotation": [41.1859, 0, 30],
							"uv": {
								"down": {"uv": [21, 43.5], "uv_size": [0.5, -1.5]}
							}
						},
						{
							"origin": [-0.3125, 0.25, -29.75],
							"size": [0.625, 0.4923, 30],
							"uv": {
								"north": {"uv": [45, 10], "uv_size": [0.5, 0.5]},
								"south": {"uv": [11, 45], "uv_size": [0.5, 0.5]},
								"down": {"uv": [16, 30], "uv_size": [0.5, -30]}
							}
						},
						{
							"origin": [-0.3125, 0.03969, -0.59681],
							"size": [0.625, 0.25, 0.5],
							"pivot": [0, 0, 0.75],
							"rotation": [-37.1512, 0, 0],
							"uv": {
								"up": {"uv": [45, 11], "uv_size": [0.5, 0.5]}
							}
						},
						{
							"origin": [-0.4875, 0.03969, -1.09681],
							"size": [0.975, 0.25, 0.5],
							"pivot": [0, 0, 0.75],
							"rotation": [-37.1512, 0, 0],
							"uv": {
								"up": {"uv": [34, 43], "uv_size": [1, 0.5]}
							}
						},
						{
							"origin": [-0.6625, 0.03969, -1.35145],
							"size": [1.325, 0.25, 0.25464],
							"pivot": [0, 0, 0.75],
							"rotation": [-37.1512, 0, 0],
							"uv": {
								"up": {"uv": [22, 42], "uv_size": [1.5, 0.5]}
							}
						},
						{
							"origin": [-0.14863, 0.03969, -1.20249],
							"size": [0.16522, 0.25, 1.05],
							"inflate": -0.0001,
							"pivot": [0, 0, 0.75],
							"rotation": [-38.74956, -15.23497, 11.90907],
							"uv": {
								"up": {"uv": [42, 43], "uv_size": [0.5, 1]}
							}
						},
						{
							"origin": [-0.06737, 0.03969, -1.48122],
							"size": [0.08261, 0.25, 0.27873],
							"inflate": -0.0001,
							"pivot": [0, 0, 0.75],
							"rotation": [-38.74956, -15.23497, 11.90907],
							"uv": {
								"up": {"uv": [12, 45], "uv_size": [0.5, 0.5]}
							}
						},
						{
							"origin": [-0.01658, 0.03969, -1.20249],
							"size": [0.16522, 0.25, 1.05],
							"inflate": -0.0001,
							"pivot": [0, 0, 0.75],
							"rotation": [-38.74956, 15.23497, -11.90907],
							"uv": {
								"up": {"uv": [43, 43], "uv_size": [0.5, 1]}
							}
						},
						{
							"origin": [-0.01524, 0.03969, -1.48122],
							"size": [0.08261, 0.25, 0.27873],
							"inflate": -0.0001,
							"pivot": [0, 0, 0.75],
							"rotation": [-38.74956, 15.23497, -11.90907],
							"uv": {
								"up": {"uv": [45, 12], "uv_size": [0.5, 0.5]}
							}
						},
						{
							"origin": [-0.3125, 0.25, -29.75],
							"size": [0.625, 0.4923, 30],
							"pivot": [0, 0, 2.75],
							"rotation": [0, 0, -60],
							"uv": {
								"north": {"uv": [13, 45], "uv_size": [0.5, 0.5]},
								"south": {"uv": [45, 13], "uv_size": [0.5, 0.5]},
								"down": {"uv": [17, 30], "uv_size": [0.5, -30]}
							}
						},
						{
							"origin": [-0.3125, 0.03969, -0.59681],
							"size": [0.625, 0.25, 0.5],
							"pivot": [0, 0, 0.75],
							"rotation": [-37.1512, 0, -60],
							"uv": {
								"up": {"uv": [14, 45], "uv_size": [0.5, 0.5]}
							}
						},
						{
							"origin": [-0.4875, 0.03969, -1.09681],
							"size": [0.975, 0.25, 0.5],
							"pivot": [0, 0, 0.75],
							"rotation": [-37.1512, 0, -60],
							"uv": {
								"up": {"uv": [0, 44], "uv_size": [1, 0.5]}
							}
						},
						{
							"origin": [-0.6625, 0.03969, -1.35145],
							"size": [1.325, 0.25, 0.25464],
							"pivot": [0, 0, 0.75],
							"rotation": [-37.1512, 0, -60],
							"uv": {
								"up": {"uv": [24, 42], "uv_size": [1.5, 0.5]}
							}
						},
						{
							"origin": [-0.14863, 0.03969, -1.20249],
							"size": [0.16522, 0.25, 1.05],
							"inflate": -0.0001,
							"pivot": [0, 0, 0.75],
							"rotation": [-38.74956, -15.23497, -48.09093],
							"uv": {
								"up": {"uv": [1, 44], "uv_size": [0.5, 1]}
							}
						},
						{
							"origin": [-0.06737, 0.03969, -1.48122],
							"size": [0.08261, 0.25, 0.27873],
							"inflate": -0.0001,
							"pivot": [0, 0, 0.75],
							"rotation": [-38.74956, -15.23497, -48.09093],
							"uv": {
								"up": {"uv": [45, 14], "uv_size": [0.5, 0.5]}
							}
						},
						{
							"origin": [-0.01658, 0.03969, -1.20249],
							"size": [0.16522, 0.25, 1.05],
							"inflate": -0.0001,
							"pivot": [0, 0, 0.75],
							"rotation": [-38.74956, 15.23497, -71.90907],
							"uv": {
								"up": {"uv": [2, 44], "uv_size": [0.5, 1]}
							}
						},
						{
							"origin": [-0.01524, 0.03969, -1.48122],
							"size": [0.08261, 0.25, 0.27873],
							"inflate": -0.0001,
							"pivot": [0, 0, 0.75],
							"rotation": [-38.74956, 15.23497, -71.90907],
							"uv": {
								"up": {"uv": [15, 45], "uv_size": [0.5, 0.5]}
							}
						},
						{
							"origin": [-0.3125, 0.25, -29.75],
							"size": [0.625, 0.4923, 30],
							"pivot": [0, 0, 2.75],
							"rotation": [0, 0, 60],
							"uv": {
								"north": {"uv": [45, 15], "uv_size": [0.5, 0.5]},
								"south": {"uv": [16, 45], "uv_size": [0.5, 0.5]},
								"down": {"uv": [18, 30], "uv_size": [0.5, -30]}
							}
						},
						{
							"origin": [-0.3125, 0.03969, -0.59681],
							"size": [0.625, 0.25, 0.5],
							"pivot": [0, 0, 0.75],
							"rotation": [-37.1512, 0, 60],
							"uv": {
								"up": {"uv": [45, 16], "uv_size": [0.5, 0.5]}
							}
						},
						{
							"origin": [-0.4875, 0.03969, -1.09681],
							"size": [0.975, 0.25, 0.5],
							"pivot": [0, 0, 0.75],
							"rotation": [-37.1512, 0, 60],
							"uv": {
								"up": {"uv": [3, 44], "uv_size": [1, 0.5]}
							}
						},
						{
							"origin": [-0.6625, 0.03969, -1.35145],
							"size": [1.325, 0.25, 0.25464],
							"pivot": [0, 0, 0.75],
							"rotation": [-37.1512, 0, 60],
							"uv": {
								"up": {"uv": [26, 42], "uv_size": [1.5, 0.5]}
							}
						},
						{
							"origin": [-0.14863, 0.03969, -1.20249],
							"size": [0.16522, 0.25, 1.05],
							"inflate": -0.0001,
							"pivot": [0, 0, 0.75],
							"rotation": [-38.74956, -15.23497, 71.90907],
							"uv": {
								"up": {"uv": [44, 4], "uv_size": [0.5, 1]}
							}
						},
						{
							"origin": [-0.06737, 0.03969, -1.48122],
							"size": [0.08261, 0.25, 0.27873],
							"inflate": -0.0001,
							"pivot": [0, 0, 0.75],
							"rotation": [-38.74956, -15.23497, 71.90907],
							"uv": {
								"up": {"uv": [17, 45], "uv_size": [0.5, 0.5]}
							}
						},
						{
							"origin": [-0.01658, 0.03969, -1.20249],
							"size": [0.16522, 0.25, 1.05],
							"inflate": -0.0001,
							"pivot": [0, 0, 0.75],
							"rotation": [-38.74956, 15.23497, 48.09093],
							"uv": {
								"up": {"uv": [44, 5], "uv_size": [0.5, 1]}
							}
						},
						{
							"origin": [-0.01524, 0.03969, -1.48122],
							"size": [0.08261, 0.25, 0.27873],
							"inflate": -0.0001,
							"pivot": [0, 0, 0.75],
							"rotation": [-38.74956, 15.23497, 48.09093],
							"uv": {
								"up": {"uv": [45, 17], "uv_size": [0.5, 0.5]}
							}
						},
						{
							"origin": [-0.3125, -0.7423, -29.75],
							"size": [0.625, 0.4923, 30],
							"pivot": [0, 0, 2.75],
							"rotation": [0, 0, -60],
							"uv": {
								"north": {"uv": [18, 45], "uv_size": [0.5, 0.5]},
								"south": {"uv": [45, 18], "uv_size": [0.5, 0.5]},
								"up": {"uv": [4, 18], "uv_size": [0.5, 30]}
							}
						},
						{
							"origin": [-0.3125, -0.28969, -0.59681],
							"size": [0.625, 0.25, 0.5],
							"pivot": [0, 0, 0.75],
							"rotation": [37.1512, 0, -60],
							"uv": {
								"down": {"uv": [19, 45.5], "uv_size": [0.5, -0.5]}
							}
						},
						{
							"origin": [-0.4875, -0.28969, -1.09681],
							"size": [0.975, 0.25, 0.5],
							"pivot": [0, 0, 0.75],
							"rotation": [37.1512, 0, -60],
							"uv": {
								"down": {"uv": [44, 8.5], "uv_size": [1, -0.5]}
							}
						},
						{
							"origin": [-0.6625, -0.28969, -1.35145],
							"size": [1.325, 0.25, 0.25464],
							"pivot": [0, 0, 0.75],
							"rotation": [37.1512, 0, -60],
							"uv": {
								"down": {"uv": [28, 42.5], "uv_size": [1.5, -0.5]}
							}
						},
						{
							"origin": [-0.14863, -0.28969, -1.20249],
							"size": [0.16522, 0.25, 1.05],
							"inflate": -0.0001,
							"pivot": [0, 0, 0.75],
							"rotation": [38.74956, -15.23497, -71.90907],
							"uv": {
								"down": {"uv": [11, 45], "uv_size": [0.5, -1]}
							}
						},
						{
							"origin": [-0.06737, -0.28969, -1.48122],
							"size": [0.08261, 0.25, 0.27873],
							"inflate": -0.0001,
							"pivot": [0, 0, 0.75],
							"rotation": [38.74956, -15.23497, -71.90907],
							"uv": {
								"down": {"uv": [45, 19.5], "uv_size": [0.5, -0.5]}
							}
						},
						{
							"origin": [-0.01658, -0.28969, -1.20249],
							"size": [0.16522, 0.25, 1.05],
							"inflate": -0.0001,
							"pivot": [0, 0, 0.75],
							"rotation": [38.74956, 15.23497, -48.09093],
							"uv": {
								"down": {"uv": [12, 45], "uv_size": [0.5, -1]}
							}
						},
						{
							"origin": [-0.01524, -0.28969, -1.48122],
							"size": [0.08261, 0.25, 0.27873],
							"inflate": -0.0001,
							"pivot": [0, 0, 0.75],
							"rotation": [38.74956, 15.23497, -48.09093],
							"uv": {
								"down": {"uv": [20, 45.5], "uv_size": [0.5, -0.5]}
							}
						},
						{
							"origin": [-0.3125, -0.7423, -29.75],
							"size": [0.625, 0.4923, 30],
							"pivot": [0, 0, 2.75],
							"rotation": [0, 0, 60],
							"uv": {
								"north": {"uv": [45, 20], "uv_size": [0.5, 0.5]},
								"south": {"uv": [21, 45], "uv_size": [0.5, 0.5]},
								"up": {"uv": [5, 18], "uv_size": [0.5, 30]}
							}
						},
						{
							"origin": [-0.01524, -0.28969, -1.48122],
							"size": [0.08261, 0.25, 0.27873],
							"inflate": -0.0001,
							"pivot": [0, 0, 0.75],
							"rotation": [38.74956, 15.23497, 11.90907],
							"uv": {
								"down": {"uv": [45, 21.5], "uv_size": [0.5, -0.5]}
							}
						},
						{
							"origin": [-0.01658, -0.28969, -1.20249],
							"size": [0.16522, 0.25, 1.05],
							"inflate": -0.0001,
							"pivot": [0, 0, 0.75],
							"rotation": [38.74956, 15.23497, 11.90907],
							"uv": {
								"down": {"uv": [13, 45], "uv_size": [0.5, -1]}
							}
						},
						{
							"origin": [-0.06737, -0.28969, -1.48122],
							"size": [0.08261, 0.25, 0.27873],
							"inflate": -0.0001,
							"pivot": [0, 0, 0.75],
							"rotation": [38.74956, -15.23497, -11.90907],
							"uv": {
								"down": {"uv": [22, 45.5], "uv_size": [0.5, -0.5]}
							}
						},
						{
							"origin": [-0.14863, -0.28969, -1.20249],
							"size": [0.16522, 0.25, 1.05],
							"inflate": -0.0001,
							"pivot": [0, 0, 0.75],
							"rotation": [38.74956, -15.23497, -11.90907],
							"uv": {
								"down": {"uv": [14, 45], "uv_size": [0.5, -1]}
							}
						},
						{
							"origin": [-0.6625, -0.28969, -1.35145],
							"size": [1.325, 0.25, 0.25464],
							"pivot": [0, 0, 0.75],
							"rotation": [37.1512, 0, 0],
							"uv": {
								"down": {"uv": [30, 42.5], "uv_size": [1.5, -0.5]}
							}
						},
						{
							"origin": [-0.4875, -0.28969, -1.09681],
							"size": [0.975, 0.25, 0.5],
							"pivot": [0, 0, 0.75],
							"rotation": [37.1512, 0, 0],
							"uv": {
								"down": {"uv": [44, 14.5], "uv_size": [1, -0.5]}
							}
						},
						{
							"origin": [-0.3125, -0.28969, -0.59681],
							"size": [0.625, 0.25, 0.5],
							"pivot": [0, 0, 0.75],
							"rotation": [37.1512, 0, 0],
							"uv": {
								"down": {"uv": [45, 22.5], "uv_size": [0.5, -0.5]}
							}
						},
						{
							"origin": [-0.3125, -0.7423, -29.75],
							"size": [0.625, 0.4923, 30],
							"uv": {
								"north": {"uv": [23, 45], "uv_size": [0.5, 0.5]},
								"south": {"uv": [45, 23], "uv_size": [0.5, 0.5]},
								"up": {"uv": [6, 18], "uv_size": [0.5, 30]}
							}
						},
						{
							"origin": [-0.01524, -0.28969, -1.48122],
							"size": [0.08261, 0.25, 0.27873],
							"inflate": -0.0001,
							"pivot": [0, 0, 0.75],
							"rotation": [38.74956, 15.23497, 71.90907],
							"uv": {
								"down": {"uv": [24, 45.5], "uv_size": [0.5, -0.5]}
							}
						},
						{
							"origin": [-0.01658, -0.28969, -1.20249],
							"size": [0.16522, 0.25, 1.05],
							"inflate": -0.0001,
							"pivot": [0, 0, 0.75],
							"rotation": [38.74956, 15.23497, 71.90907],
							"uv": {
								"down": {"uv": [15, 45], "uv_size": [0.5, -1]}
							}
						},
						{
							"origin": [-0.06737, -0.28969, -1.48122],
							"size": [0.08261, 0.25, 0.27873],
							"inflate": -0.0001,
							"pivot": [0, 0, 0.75],
							"rotation": [38.74956, -15.23497, 48.09093],
							"uv": {
								"down": {"uv": [45, 24.5], "uv_size": [0.5, -0.5]}
							}
						},
						{
							"origin": [-0.14863, -0.28969, -1.20249],
							"size": [0.16522, 0.25, 1.05],
							"inflate": -0.0001,
							"pivot": [0, 0, 0.75],
							"rotation": [38.74956, -15.23497, 48.09093],
							"uv": {
								"down": {"uv": [44, 16], "uv_size": [0.5, -1]}
							}
						},
						{
							"origin": [-0.6625, -0.28969, -1.35145],
							"size": [1.325, 0.25, 0.25464],
							"pivot": [0, 0, 0.75],
							"rotation": [37.1512, 0, 60],
							"uv": {
								"down": {"uv": [42, 30.5], "uv_size": [1.5, -0.5]}
							}
						},
						{
							"origin": [-0.4875, -0.28969, -1.09681],
							"size": [0.975, 0.25, 0.5],
							"pivot": [0, 0, 0.75],
							"rotation": [37.1512, 0, 60],
							"uv": {
								"down": {"uv": [16, 44.5], "uv_size": [1, -0.5]}
							}
						},
						{
							"origin": [-0.3125, -0.28969, -0.59681],
							"size": [0.625, 0.25, 0.5],
							"pivot": [0, 0, 0.75],
							"rotation": [37.1512, 0, 60],
							"uv": {
								"down": {"uv": [25, 45.5], "uv_size": [0.5, -0.5]}
							}
						},
						{
							"origin": [-1.5891, -0.10048, -28.85269],
							"size": [0.25, 0.20096, 1.32877],
							"pivot": [0, 0, -28.25],
							"rotation": [0, -41.1859, 0],
							"uv": {
								"east": {"uv": [42, 31], "uv_size": [1.5, 0.5]}
							}
						},
						{
							"origin": [-0.79904, -0.10048, -29.75],
							"size": [0.175, 0.20096, 0.25],
							"inflate": -0.0001,
							"uv": {
								"north": {"uv": [45, 25], "uv_size": [0.5, 0.5]}
							}
						},
						{
							"origin": [0.62404, -0.10048, -29.75],
							"size": [0.175, 0.20096, 0.25],
							"inflate": -0.0001,
							"uv": {
								"north": {"uv": [26, 45], "uv_size": [0.5, 0.5]}
							}
						},
						{
							"origin": [1.3391, -0.10048, -28.85269],
							"size": [0.25, 0.20096, 1.32877],
							"pivot": [0, 0, -28.25],
							"rotation": [0, 41.1859, 0],
							"uv": {
								"west": {"uv": [33, 42], "uv_size": [1.5, 0.5]}
							}
						},
						{
							"origin": [-0.10048, 0.52597, -29.75],
							"size": [0.20096, 0.175, 0.25],
							"inflate": -0.0001,
							"pivot": [0.18301, -0.04904, -27.75],
							"rotation": [0, 0, 30],
							"uv": {
								"north": {"uv": [45, 26], "uv_size": [0.5, 0.5]}
							}
						},
						{
							"origin": [0.28558, 0.39175, -29.75],
							"size": [0.20096, 0.25, 1.32877],
							"pivot": [0.48654, 0.64175, -29.75],
							"rotation": [41.1859, 0, 30],
							"uv": {
								"up": {"uv": [35, 42], "uv_size": [0.5, 1.5]}
							}
						},
						{
							"origin": [-0.10048, 0.52597, -29.75],
							"size": [0.20096, 0.175, 0.25],
							"inflate": -0.0001,
							"pivot": [-0.18301, -0.04904, -27.75],
							"rotation": [0, 0, -30],
							"uv": {
								"north": {"uv": [27, 45], "uv_size": [0.5, 0.5]}
							}
						},
						{
							"origin": [-0.48654, 0.39175, -29.75],
							"size": [0.20096, 0.25, 1.32877],
							"pivot": [-0.48654, 0.64175, -29.75],
							"rotation": [41.1859, 0, -30],
							"uv": {
								"up": {"uv": [42, 35], "uv_size": [0.5, 1.5]}
							}
						},
						{
							"origin": [-0.10048, -0.70097, -29.75],
							"size": [0.20096, 0.175, 0.25],
							"inflate": -0.0001,
							"pivot": [0.18301, 0.04904, -27.75],
							"rotation": [0, 0, -30],
							"uv": {
								"north": {"uv": [45, 27], "uv_size": [0.5, 0.5]}
							}
						},
						{
							"origin": [0.28558, -0.64175, -29.75],
							"size": [0.20096, 0.25, 1.32877],
							"pivot": [0.48654, -0.64175, -29.75],
							"rotation": [-41.1859, 0, -30],
							"uv": {
								"down": {"uv": [36, 43.5], "uv_size": [0.5, -1.5]}
							}
						},
						{
							"origin": [-0.10048, -0.70097, -29.75],
							"size": [0.20096, 0.175, 0.25],
							"inflate": -0.0001,
							"pivot": [-0.18301, 0.04904, -27.75],
							"rotation": [0, 0, 30],
							"uv": {
								"north": {"uv": [28, 45], "uv_size": [0.5, 0.5]}
							}
						},
						{
							"origin": [-0.48654, -0.64175, -29.75],
							"size": [0.20096, 0.25, 1.32877],
							"pivot": [-0.48654, -0.64175, -29.75],
							"rotation": [-41.1859, 0, 30],
							"uv": {
								"down": {"uv": [37, 43.5], "uv_size": [0.5, -1.5]}
							}
						},
						{
							"origin": [-0.3125, 0.03969, -29.40319],
							"size": [0.625, 0.25, 0.5],
							"pivot": [0, 0, -30.25],
							"rotation": [37.1512, 0, 0],
							"uv": {
								"up": {"uv": [45, 28], "uv_size": [0.5, 0.5]}
							}
						},
						{
							"origin": [-0.4875, 0.03969, -28.90319],
							"size": [0.975, 0.25, 0.5],
							"pivot": [0, 0, -30.25],
							"rotation": [37.1512, 0, 0],
							"uv": {
								"up": {"uv": [17, 44], "uv_size": [1, 0.5]}
							}
						},
						{
							"origin": [-0.6625, 0.03969, -28.40319],
							"size": [1.325, 0.25, 0.25464],
							"pivot": [0, 0, -30.25],
							"rotation": [37.1512, 0, 0],
							"uv": {
								"up": {"uv": [42, 37], "uv_size": [1.5, 0.5]}
							}
						},
						{
							"origin": [-0.14863, 0.03969, -29.34751],
							"size": [0.16522, 0.25, 1.05],
							"inflate": -0.0001,
							"pivot": [0, 0, -30.25],
							"rotation": [38.74956, 15.23497, 11.90907],
							"uv": {
								"up": {"uv": [18, 44], "uv_size": [0.5, 1]}
							}
						},
						{
							"origin": [-0.06737, 0.03969, -28.29751],
							"size": [0.08261, 0.25, 0.27873],
							"inflate": -0.0001,
							"pivot": [0, 0, -30.25],
							"rotation": [38.74956, 15.23497, 11.90907],
							"uv": {
								"up": {"uv": [29, 45], "uv_size": [0.5, 0.5]}
							}
						},
						{
							"origin": [-0.01658, 0.03969, -29.34751],
							"size": [0.16522, 0.25, 1.05],
							"inflate": -0.0001,
							"pivot": [0, 0, -30.25],
							"rotation": [38.74956, -15.23497, -11.90907],
							"uv": {
								"up": {"uv": [19, 44], "uv_size": [0.5, 1]}
							}
						},
						{
							"origin": [-0.01524, 0.03969, -28.29751],
							"size": [0.08261, 0.25, 0.27873],
							"inflate": -0.0001,
							"pivot": [0, 0, -30.25],
							"rotation": [38.74956, -15.23497, -11.90907],
							"uv": {
								"up": {"uv": [45, 29], "uv_size": [0.5, 0.5]}
							}
						},
						{
							"origin": [-0.3125, 0.03969, -29.40319],
							"size": [0.625, 0.25, 0.5],
							"pivot": [0, 0, -30.25],
							"rotation": [37.1512, 0, -60],
							"uv": {
								"up": {"uv": [30, 45], "uv_size": [0.5, 0.5]}
							}
						},
						{
							"origin": [-0.4875, 0.03969, -28.90319],
							"size": [0.975, 0.25, 0.5],
							"pivot": [0, 0, -30.25],
							"rotation": [37.1512, 0, -60],
							"uv": {
								"up": {"uv": [20, 44], "uv_size": [1, 0.5]}
							}
						},
						{
							"origin": [-0.6625, 0.03969, -28.40319],
							"size": [1.325, 0.25, 0.25464],
							"pivot": [0, 0, -30.25],
							"rotation": [37.1512, 0, -60],
							"uv": {
								"up": {"uv": [38, 42], "uv_size": [1.5, 0.5]}
							}
						},
						{
							"origin": [-0.14863, 0.03969, -29.34751],
							"size": [0.16522, 0.25, 1.05],
							"inflate": -0.0001,
							"pivot": [0, 0, -30.25],
							"rotation": [38.74956, 15.23497, -48.09093],
							"uv": {
								"up": {"uv": [21, 44], "uv_size": [0.5, 1]}
							}
						},
						{
							"origin": [-0.06737, 0.03969, -28.29751],
							"size": [0.08261, 0.25, 0.27873],
							"inflate": -0.0001,
							"pivot": [0, 0, -30.25],
							"rotation": [38.74956, 15.23497, -48.09093],
							"uv": {
								"up": {"uv": [45, 30], "uv_size": [0.5, 0.5]}
							}
						},
						{
							"origin": [-0.01658, 0.03969, -29.34751],
							"size": [0.16522, 0.25, 1.05],
							"inflate": -0.0001,
							"pivot": [0, 0, -30.25],
							"rotation": [38.74956, -15.23497, -71.90907],
							"uv": {
								"up": {"uv": [22, 44], "uv_size": [0.5, 1]}
							}
						},
						{
							"origin": [-0.01524, 0.03969, -28.29751],
							"size": [0.08261, 0.25, 0.27873],
							"inflate": -0.0001,
							"pivot": [0, 0, -30.25],
							"rotation": [38.74956, -15.23497, -71.90907],
							"uv": {
								"up": {"uv": [31, 45], "uv_size": [0.5, 0.5]}
							}
						},
						{
							"origin": [-0.3125, 0.03969, -29.40319],
							"size": [0.625, 0.25, 0.5],
							"pivot": [0, 0, -30.25],
							"rotation": [37.1512, 0, 60],
							"uv": {
								"up": {"uv": [45, 31], "uv_size": [0.5, 0.5]}
							}
						},
						{
							"origin": [-0.4875, 0.03969, -28.90319],
							"size": [0.975, 0.25, 0.5],
							"pivot": [0, 0, -30.25],
							"rotation": [37.1512, 0, 60],
							"uv": {
								"up": {"uv": [23, 44], "uv_size": [1, 0.5]}
							}
						},
						{
							"origin": [-0.6625, 0.03969, -28.40319],
							"size": [1.325, 0.25, 0.25464],
							"pivot": [0, 0, -30.25],
							"rotation": [37.1512, 0, 60],
							"uv": {
								"up": {"uv": [42, 38], "uv_size": [1.5, 0.5]}
							}
						},
						{
							"origin": [-0.14863, 0.03969, -29.34751],
							"size": [0.16522, 0.25, 1.05],
							"inflate": -0.0001,
							"pivot": [0, 0, -30.25],
							"rotation": [38.74956, 15.23497, 71.90907],
							"uv": {
								"up": {"uv": [24, 44], "uv_size": [0.5, 1]}
							}
						},
						{
							"origin": [-0.06737, 0.03969, -28.29751],
							"size": [0.08261, 0.25, 0.27873],
							"inflate": -0.0001,
							"pivot": [0, 0, -30.25],
							"rotation": [38.74956, 15.23497, 71.90907],
							"uv": {
								"up": {"uv": [32, 45], "uv_size": [0.5, 0.5]}
							}
						},
						{
							"origin": [-0.01658, 0.03969, -29.34751],
							"size": [0.16522, 0.25, 1.05],
							"inflate": -0.0001,
							"pivot": [0, 0, -30.25],
							"rotation": [38.74956, -15.23497, 48.09093],
							"uv": {
								"up": {"uv": [25, 44], "uv_size": [0.5, 1]}
							}
						},
						{
							"origin": [-0.01524, 0.03969, -28.29751],
							"size": [0.08261, 0.25, 0.27873],
							"inflate": -0.0001,
							"pivot": [0, 0, -30.25],
							"rotation": [38.74956, -15.23497, 48.09093],
							"uv": {
								"up": {"uv": [45, 32], "uv_size": [0.5, 0.5]}
							}
						},
						{
							"origin": [-0.3125, -0.28969, -29.40319],
							"size": [0.625, 0.25, 0.5],
							"pivot": [0, 0, -30.25],
							"rotation": [-37.1512, 0, -60],
							"uv": {
								"down": {"uv": [33, 45.5], "uv_size": [0.5, -0.5]}
							}
						},
						{
							"origin": [-0.4875, -0.28969, -28.90319],
							"size": [0.975, 0.25, 0.5],
							"pivot": [0, 0, -30.25],
							"rotation": [-37.1512, 0, -60],
							"uv": {
								"down": {"uv": [26, 44.5], "uv_size": [1, -0.5]}
							}
						},
						{
							"origin": [-0.6625, -0.28969, -28.40319],
							"size": [1.325, 0.25, 0.25464],
							"pivot": [0, 0, -30.25],
							"rotation": [-37.1512, 0, -60],
							"uv": {
								"down": {"uv": [42, 39.5], "uv_size": [1.5, -0.5]}
							}
						},
						{
							"origin": [-0.14863, -0.28969, -29.34751],
							"size": [0.16522, 0.25, 1.05],
							"inflate": -0.0001,
							"pivot": [0, 0, -30.25],
							"rotation": [-38.74956, 15.23497, -71.90907],
							"uv": {
								"down": {"uv": [27, 45], "uv_size": [0.5, -1]}
							}
						},
						{
							"origin": [-0.06737, -0.28969, -28.29751],
							"size": [0.08261, 0.25, 0.27873],
							"inflate": -0.0001,
							"pivot": [0, 0, -30.25],
							"rotation": [-38.74956, 15.23497, -71.90907],
							"uv": {
								"down": {"uv": [45, 33.5], "uv_size": [0.5, -0.5]}
							}
						},
						{
							"origin": [-0.01658, -0.28969, -29.34751],
							"size": [0.16522, 0.25, 1.05],
							"inflate": -0.0001,
							"pivot": [0, 0, -30.25],
							"rotation": [-38.74956, -15.23497, -48.09093],
							"uv": {
								"down": {"uv": [28, 45], "uv_size": [0.5, -1]}
							}
						},
						{
							"origin": [-0.01524, -0.28969, -28.29751],
							"size": [0.08261, 0.25, 0.27873],
							"inflate": -0.0001,
							"pivot": [0, 0, -30.25],
							"rotation": [-38.74956, -15.23497, -48.09093],
							"uv": {
								"down": {"uv": [34, 45.5], "uv_size": [0.5, -0.5]}
							}
						},
						{
							"origin": [-0.01524, -0.28969, -28.29751],
							"size": [0.08261, 0.25, 0.27873],
							"inflate": -0.0001,
							"pivot": [0, 0, -30.25],
							"rotation": [-38.74956, -15.23497, 11.90907],
							"uv": {
								"down": {"uv": [45, 34.5], "uv_size": [0.5, -0.5]}
							}
						},
						{
							"origin": [-0.01658, -0.28969, -29.34751],
							"size": [0.16522, 0.25, 1.05],
							"inflate": -0.0001,
							"pivot": [0, 0, -30.25],
							"rotation": [-38.74956, -15.23497, 11.90907],
							"uv": {
								"down": {"uv": [29, 45], "uv_size": [0.5, -1]}
							}
						},
						{
							"origin": [-0.06737, -0.28969, -28.29751],
							"size": [0.08261, 0.25, 0.27873],
							"inflate": -0.0001,
							"pivot": [0, 0, -30.25],
							"rotation": [-38.74956, 15.23497, -11.90907],
							"uv": {
								"down": {"uv": [35, 45.5], "uv_size": [0.5, -0.5]}
							}
						},
						{
							"origin": [-0.14863, -0.28969, -29.34751],
							"size": [0.16522, 0.25, 1.05],
							"inflate": -0.0001,
							"pivot": [0, 0, -30.25],
							"rotation": [-38.74956, 15.23497, -11.90907],
							"uv": {
								"down": {"uv": [30, 45], "uv_size": [0.5, -1]}
							}
						},
						{
							"origin": [-0.6625, -0.28969, -28.40319],
							"size": [1.325, 0.25, 0.25464],
							"pivot": [0, 0, -30.25],
							"rotation": [-37.1512, 0, 0],
							"uv": {
								"down": {"uv": [40, 42.5], "uv_size": [1.5, -0.5]}
							}
						},
						{
							"origin": [-0.4875, -0.28969, -28.90319],
							"size": [0.975, 0.25, 0.5],
							"pivot": [0, 0, -30.25],
							"rotation": [-37.1512, 0, 0],
							"uv": {
								"down": {"uv": [44, 30.5], "uv_size": [1, -0.5]}
							}
						},
						{
							"origin": [-0.3125, -0.28969, -29.40319],
							"size": [0.625, 0.25, 0.5],
							"pivot": [0, 0, -30.25],
							"rotation": [-37.1512, 0, 0],
							"uv": {
								"down": {"uv": [45, 35.5], "uv_size": [0.5, -0.5]}
							}
						},
						{
							"origin": [-0.01524, -0.28969, -28.29751],
							"size": [0.08261, 0.25, 0.27873],
							"inflate": -0.0001,
							"pivot": [0, 0, -30.25],
							"rotation": [-38.74956, -15.23497, 71.90907],
							"uv": {
								"down": {"uv": [36, 45.5], "uv_size": [0.5, -0.5]}
							}
						},
						{
							"origin": [-0.01658, -0.28969, -29.34751],
							"size": [0.16522, 0.25, 1.05],
							"inflate": -0.0001,
							"pivot": [0, 0, -30.25],
							"rotation": [-38.74956, -15.23497, 71.90907],
							"uv": {
								"down": {"uv": [31, 45], "uv_size": [0.5, -1]}
							}
						},
						{
							"origin": [-0.06737, -0.28969, -28.29751],
							"size": [0.08261, 0.25, 0.27873],
							"inflate": -0.0001,
							"pivot": [0, 0, -30.25],
							"rotation": [-38.74956, 15.23497, 48.09093],
							"uv": {
								"down": {"uv": [45, 36.5], "uv_size": [0.5, -0.5]}
							}
						},
						{
							"origin": [-0.14863, -0.28969, -29.34751],
							"size": [0.16522, 0.25, 1.05],
							"inflate": -0.0001,
							"pivot": [0, 0, -30.25],
							"rotation": [-38.74956, 15.23497, 48.09093],
							"uv": {
								"down": {"uv": [44, 32], "uv_size": [0.5, -1]}
							}
						},
						{
							"origin": [-0.6625, -0.28969, -28.40319],
							"size": [1.325, 0.25, 0.25464],
							"pivot": [0, 0, -30.25],
							"rotation": [-37.1512, 0, 60],
							"uv": {
								"down": {"uv": [42, 40.5], "uv_size": [1.5, -0.5]}
							}
						},
						{
							"origin": [-0.4875, -0.28969, -28.90319],
							"size": [0.975, 0.25, 0.5],
							"pivot": [0, 0, -30.25],
							"rotation": [-37.1512, 0, 60],
							"uv": {
								"down": {"uv": [32, 44.5], "uv_size": [1, -0.5]}
							}
						},
						{
							"origin": [-0.3125, -0.28969, -29.40319],
							"size": [0.625, 0.25, 0.5],
							"pivot": [0, 0, -30.25],
							"rotation": [-37.1512, 0, 60],
							"uv": {
								"down": {"uv": [37, 45.5], "uv_size": [0.5, -0.5]}
							}
						}
					]
				},
				{
					"name": "fix",
					"parent": "Vicissitude",
					"pivot": [0, 0, -14.75],
					"cubes": [
						{
							"origin": [0.79904, 1.18301, -15.75],
							"size": [0.25, 0.25, 2],
							"pivot": [1.04904, 1.18301, -15.75],
							"rotation": [0, 0, 60],
							"uv": {
								"east": {"uv": [38, 40], "uv_size": [2, 0.5]},
								"west": {"uv": [40, 40], "uv_size": [2, 0.5]},
								"up": {"uv": [35, 40], "uv_size": [0.5, 2]}
							}
						},
						{
							"origin": [-2.04904, -1.43301, -3.75],
							"size": [1, 0.25, 1],
							"pivot": [-1.04904, -1.18301, -6.75],
							"rotation": [0, 0, 60],
							"uv": {
								"east": {"uv": [33, 44], "uv_size": [1, 0.5]},
								"west": {"uv": [34, 44], "uv_size": [1, 0.5]},
								"down": {"uv": [19, 27], "uv_size": [1, -1]}
							}
						},
						{
							"origin": [-2.26555, -1.30801, -2.75],
							"size": [1, 0.46194, 1.5],
							"inflate": -0.0001,
							"pivot": [-1.26555, -1.30801, -2.75],
							"rotation": [10, 0, 60],
							"uv": {
								"east": {"uv": [42, 42], "uv_size": [1.5, 0.5]},
								"west": {"uv": [0, 43], "uv_size": [1.5, 0.5]},
								"down": {"uv": [40, 11.5], "uv_size": [1, -1.5]}
							}
						},
						{
							"origin": [-2.64055, -1.52451, -3.75],
							"size": [1.5, 0.35355, 0.35355],
							"inflate": -0.0001,
							"pivot": [-1.14055, -1.52452, -3.75],
							"rotation": [45, 0, 60],
							"uv": {
								"east": {"uv": [45, 37], "uv_size": [0.5, 0.5]},
								"west": {"uv": [38, 45], "uv_size": [0.5, 0.5]},
								"down": {"uv": [2, 43.5], "uv_size": [1.5, -0.5]}
							}
						},
						{
							"origin": [-2.29904, -1.43301, -5.75],
							"size": [1.5, 0.5, 2],
							"pivot": [-1.04904, -1.18301, -5.75],
							"rotation": [0, 0, 60],
							"uv": {
								"north": {"uv": [43, 2], "uv_size": [1.5, 0.5]},
								"east": {"uv": [41, 10], "uv_size": [2, 0.5]},
								"west": {"uv": [11, 41], "uv_size": [2, 0.5]},
								"down": {"uv": [28, 24], "uv_size": [1.5, -2]}
							}
						},
						{
							"origin": [-2.04904, -1.43301, -26.75],
							"size": [1, 0.5, 3],
							"pivot": [-1.04904, -1.18301, -22.75],
							"rotation": [0, 0, 60],
							"uv": {
								"east": {"uv": [40, 12], "uv_size": [3, 0.5]},
								"south": {"uv": [35, 44], "uv_size": [1, 0.5]},
								"west": {"uv": [40, 13], "uv_size": [3, 0.5]},
								"down": {"uv": [23, 31], "uv_size": [1, -3]}
							}
						},
						{
							"origin": [-2.26555, -1.30801, -28.25],
							"size": [1, 0.46194, 1.5],
							"inflate": -0.0001,
							"pivot": [-1.26555, -1.30801, -26.75],
							"rotation": [-10, 0, 60],
							"uv": {
								"east": {"uv": [43, 3], "uv_size": [1.5, 0.5]},
								"west": {"uv": [43, 6], "uv_size": [1.5, 0.5]},
								"down": {"uv": [40, 15.5], "uv_size": [1, -1.5]}
							}
						},
						{
							"origin": [-2.64055, -1.52451, -26.10355],
							"size": [1.5, 0.35355, 0.35355],
							"inflate": -0.0001,
							"pivot": [-1.14055, -1.52452, -25.75],
							"rotation": [-45, 0, 60],
							"uv": {
								"east": {"uv": [45, 38], "uv_size": [0.5, 0.5]},
								"west": {"uv": [39, 45], "uv_size": [0.5, 0.5]},
								"down": {"uv": [43, 7.5], "uv_size": [1.5, -0.5]}
							}
						},
						{
							"origin": [-1.04904, -1.43301, -25.75],
							"size": [0.25, 0.25, 4],
							"pivot": [-1.04904, -1.18301, -23.75],
							"rotation": [0, 0, 60],
							"uv": {
								"east": {"uv": [37, 32], "uv_size": [4, 0.5]},
								"west": {"uv": [37, 33], "uv_size": [4, 0.5]},
								"down": {"uv": [0, 42], "uv_size": [0.5, -4]}
							}
						},
						{
							"origin": [-1.31555, -1.47495, -21.78328],
							"size": [0.25, 0.35355, 0.35355],
							"inflate": -0.0001,
							"pivot": [-0.99055, -1.52452, -21.55],
							"rotation": [45, 0, 60],
							"uv": {
								"east": {"uv": [45, 39], "uv_size": [0.5, 0.5]},
								"west": {"uv": [40, 45], "uv_size": [0.5, 0.5]},
								"down": {"uv": [45, 40.5], "uv_size": [0.5, -0.5]}
							}
						},
						{
							"origin": [-2.29904, -1.43301, -25.75],
							"size": [0.25, 0.25, 4],
							"pivot": [-1.04904, -1.18301, -23.75],
							"rotation": [0, 0, 60],
							"uv": {
								"east": {"uv": [37, 34], "uv_size": [4, 0.5]},
								"west": {"uv": [38, 3], "uv_size": [4, 0.5]},
								"down": {"uv": [1, 42], "uv_size": [0.5, -4]}
							}
						},
						{
							"origin": [-2.56555, -1.47495, -21.78328],
							"size": [0.25, 0.35355, 0.35355],
							"inflate": -0.0001,
							"pivot": [-0.99055, -1.52452, -21.55],
							"rotation": [45, 0, 60],
							"uv": {
								"east": {"uv": [41, 45], "uv_size": [0.5, 0.5]},
								"west": {"uv": [45, 41], "uv_size": [0.5, 0.5]},
								"down": {"uv": [42, 45.5], "uv_size": [0.5, -0.5]}
							}
						},
						{
							"origin": [-2.64055, -1.52452, -13.75],
							"size": [0.25, 0.35356, 0.35355],
							"inflate": -0.0001,
							"pivot": [-1.14055, -1.52452, -13.75],
							"rotation": [45, 0, 60],
							"uv": {
								"east": {"uv": [45, 42], "uv_size": [0.5, 0.5]},
								"west": {"uv": [43, 45], "uv_size": [0.5, 0.5]},
								"down": {"uv": [45, 43.5], "uv_size": [0.5, -0.5]}
							}
						},
						{
							"origin": [-2.64055, -1.52452, -16.10355],
							"size": [0.25, 0.35356, 0.35355],
							"inflate": -0.0001,
							"pivot": [-1.14055, -1.52452, -15.75],
							"rotation": [-45, 0, 60],
							"uv": {
								"east": {"uv": [44, 45], "uv_size": [0.5, 0.5]},
								"west": {"uv": [45, 44], "uv_size": [0.5, 0.5]},
								"down": {"uv": [45, 45.5], "uv_size": [0.5, -0.5]}
							}
						},
						{
							"origin": [-2.29904, -1.43301, -15.75],
							"size": [0.25, 0.25, 2],
							"pivot": [-1.04904, -1.18301, -15.75],
							"rotation": [0, 0, 60],
							"uv": {
								"east": {"uv": [41, 11], "uv_size": [2, 0.5]},
								"west": {"uv": [13, 41], "uv_size": [2, 0.5]},
								"down": {"uv": [41, 16], "uv_size": [0.5, -2]}
							}
						},
						{
							"origin": [-1.39055, -1.52452, -13.75],
							"size": [0.25, 0.35356, 0.35355],
							"inflate": -0.0001,
							"pivot": [-1.14055, -1.52452, -13.75],
							"rotation": [45, 0, 60],
							"uv": {
								"east": {"uv": [0, 46], "uv_size": [0.5, 0.5]},
								"west": {"uv": [1, 46], "uv_size": [0.5, 0.5]},
								"down": {"uv": [2, 46.5], "uv_size": [0.5, -0.5]}
							}
						},
						{
							"origin": [-1.39055, -1.52452, -16.10355],
							"size": [0.25, 0.35356, 0.35355],
							"inflate": -0.0001,
							"pivot": [-1.14055, -1.52452, -15.75],
							"rotation": [-45, 0, 60],
							"uv": {
								"east": {"uv": [46, 2], "uv_size": [0.5, 0.5]},
								"west": {"uv": [3, 46], "uv_size": [0.5, 0.5]},
								"down": {"uv": [46, 3.5], "uv_size": [0.5, -0.5]}
							}
						},
						{
							"origin": [-1.04904, -1.43301, -15.75],
							"size": [0.25, 0.25, 2],
							"pivot": [-1.04904, -1.18301, -15.75],
							"rotation": [0, 0, 60],
							"uv": {
								"east": {"uv": [41, 24], "uv_size": [2, 0.5]},
								"west": {"uv": [41, 25], "uv_size": [2, 0.5]},
								"down": {"uv": [15, 43], "uv_size": [0.5, -2]}
							}
						},
						{
							"origin": [-2.04904, 1.18301, -3.75],
							"size": [1, 0.25, 1],
							"pivot": [-1.04904, 1.18301, -6.75],
							"rotation": [0, 0, -60],
							"uv": {
								"east": {"uv": [36, 44], "uv_size": [1, 0.5]},
								"west": {"uv": [37, 44], "uv_size": [1, 0.5]},
								"up": {"uv": [23, 41], "uv_size": [1, 1]}
							}
						},
						{
							"origin": [-2.26555, 0.84607, -2.75],
							"size": [1, 0.46194, 1.5],
							"inflate": -0.0001,
							"pivot": [-1.26555, 1.30801, -2.75],
							"rotation": [-10, 0, -60],
							"uv": {
								"east": {"uv": [43, 9], "uv_size": [1.5, 0.5]},
								"west": {"uv": [43, 10], "uv_size": [1.5, 0.5]},
								"up": {"uv": [16, 40], "uv_size": [1, 1.5]}
							}
						},
						{
							"origin": [-2.64055, 1.17096, -3.75],
							"size": [1.5, 0.35355, 0.35355],
							"inflate": -0.0001,
							"pivot": [-1.14055, 1.52452, -3.75],
							"rotation": [-45, 0, -60],
							"uv": {
								"east": {"uv": [46, 4], "uv_size": [0.5, 0.5]},
								"west": {"uv": [46, 5], "uv_size": [0.5, 0.5]},
								"up": {"uv": [11, 43], "uv_size": [1.5, 0.5]}
							}
						},
						{
							"origin": [-2.29904, 0.93301, -5.75],
							"size": [1.5, 0.5, 2],
							"pivot": [-1.04904, 1.18301, -5.75],
							"rotation": [0, 0, -60],
							"uv": {
								"north": {"uv": [43, 11], "uv_size": [1.5, 0.5]},
								"east": {"uv": [41, 27], "uv_size": [2, 0.5]},
								"west": {"uv": [41, 28], "uv_size": [2, 0.5]},
								"up": {"uv": [24, 28], "uv_size": [1.5, 2]}
							}
						},
						{
							"origin": [-2.04904, 0.93301, -26.75],
							"size": [1, 0.5, 3],
							"pivot": [-1.04904, 1.18301, -22.75],
							"rotation": [0, 0, -60],
							"uv": {
								"east": {"uv": [40, 16], "uv_size": [3, 0.5]},
								"south": {"uv": [44, 37], "uv_size": [1, 0.5]},
								"west": {"uv": [40, 17], "uv_size": [3, 0.5]},
								"up": {"uv": [28, 24], "uv_size": [1, 3]}
							}
						},
						{
							"origin": [-2.26555, 0.84607, -28.25],
							"size": [1, 0.46194, 1.5],
							"inflate": -0.0001,
							"pivot": [-1.26555, 1.30801, -26.75],
							"rotation": [10, 0, -60],
							"uv": {
								"east": {"uv": [43, 12], "uv_size": [1.5, 0.5]},
								"west": {"uv": [43, 13], "uv_size": [1.5, 0.5]},
								"up": {"uv": [17, 40], "uv_size": [1, 1.5]}
							}
						},
						{
							"origin": [-2.64055, 1.17096, -26.10355],
							"size": [1.5, 0.35355, 0.35355],
							"inflate": -0.0001,
							"pivot": [-1.14055, 1.52452, -25.75],
							"rotation": [45, 0, -60],
							"uv": {
								"east": {"uv": [46, 6], "uv_size": [0.5, 0.5]},
								"west": {"uv": [7, 46], "uv_size": [0.5, 0.5]},
								"up": {"uv": [14, 43], "uv_size": [1.5, 0.5]}
							}
						},
						{
							"origin": [-1.04904, 1.18301, -25.75],
							"size": [0.25, 0.25, 4],
							"pivot": [-1.04904, 1.18301, -23.75],
							"rotation": [0, 0, -60],
							"uv": {
								"east": {"uv": [38, 4], "uv_size": [4, 0.5]},
								"west": {"uv": [38, 5], "uv_size": [4, 0.5]},
								"up": {"uv": [24, 38], "uv_size": [0.5, 4]}
							}
						},
						{
							"origin": [-1.31555, 1.1214, -21.78328],
							"size": [0.25, 0.35355, 0.35355],
							"inflate": -0.0001,
							"pivot": [-0.99055, 1.52452, -21.55],
							"rotation": [-45, 0, -60],
							"uv": {
								"east": {"uv": [46, 7], "uv_size": [0.5, 0.5]},
								"west": {"uv": [8, 46], "uv_size": [0.5, 0.5]},
								"up": {"uv": [46, 8], "uv_size": [0.5, 0.5]}
							}
						},
						{
							"origin": [-2.29904, 1.18301, -25.75],
							"size": [0.25, 0.25, 4],
							"pivot": [-1.04904, 1.18301, -23.75],
							"rotation": [0, 0, -60],
							"uv": {
								"east": {"uv": [38, 6], "uv_size": [4, 0.5]},
								"west": {"uv": [38, 7], "uv_size": [4, 0.5]},
								"up": {"uv": [25, 38], "uv_size": [0.5, 4]}
							}
						},
						{
							"origin": [-2.56555, 1.1214, -21.78328],
							"size": [0.25, 0.35355, 0.35355],
							"inflate": -0.0001,
							"pivot": [-0.99055, 1.52452, -21.55],
							"rotation": [-45, 0, -60],
							"uv": {
								"east": {"uv": [9, 46], "uv_size": [0.5, 0.5]},
								"west": {"uv": [46, 9], "uv_size": [0.5, 0.5]},
								"up": {"uv": [10, 46], "uv_size": [0.5, 0.5]}
							}
						},
						{
							"origin": [-2.64055, 1.17096, -13.75],
							"size": [0.25, 0.35356, 0.35355],
							"inflate": -0.0001,
							"pivot": [-1.14055, 1.52452, -13.75],
							"rotation": [-45, 0, -60],
							"uv": {
								"east": {"uv": [46, 10], "uv_size": [0.5, 0.5]},
								"west": {"uv": [11, 46], "uv_size": [0.5, 0.5]},
								"up": {"uv": [46, 11], "uv_size": [0.5, 0.5]}
							}
						},
						{
							"origin": [-2.64055, 1.17096, -16.10355],
							"size": [0.25, 0.35356, 0.35355],
							"inflate": -0.0001,
							"pivot": [-1.14055, 1.52452, -15.75],
							"rotation": [45, 0, -60],
							"uv": {
								"east": {"uv": [12, 46], "uv_size": [0.5, 0.5]},
								"west": {"uv": [46, 12], "uv_size": [0.5, 0.5]},
								"up": {"uv": [13, 46], "uv_size": [0.5, 0.5]}
							}
						},
						{
							"origin": [-2.29904, 1.18301, -15.75],
							"size": [0.25, 0.25, 2],
							"pivot": [-1.04904, 1.18301, -15.75],
							"rotation": [0, 0, -60],
							"uv": {
								"east": {"uv": [30, 41], "uv_size": [2, 0.5]},
								"west": {"uv": [41, 32], "uv_size": [2, 0.5]},
								"up": {"uv": [32, 41], "uv_size": [0.5, 2]}
							}
						},
						{
							"origin": [-1.39055, 1.17096, -13.75],
							"size": [0.25, 0.35356, 0.35355],
							"inflate": -0.0001,
							"pivot": [-1.14055, 1.52452, -13.75],
							"rotation": [-45, 0, -60],
							"uv": {
								"east": {"uv": [46, 13], "uv_size": [0.5, 0.5]},
								"west": {"uv": [14, 46], "uv_size": [0.5, 0.5]},
								"up": {"uv": [46, 14], "uv_size": [0.5, 0.5]}
							}
						},
						{
							"origin": [-1.39055, 1.17096, -16.10355],
							"size": [0.25, 0.35356, 0.35355],
							"inflate": -0.0001,
							"pivot": [-1.14055, 1.52452, -15.75],
							"rotation": [45, 0, -60],
							"uv": {
								"east": {"uv": [15, 46], "uv_size": [0.5, 0.5]},
								"west": {"uv": [46, 15], "uv_size": [0.5, 0.5]},
								"up": {"uv": [16, 46], "uv_size": [0.5, 0.5]}
							}
						},
						{
							"origin": [-1.04904, 1.18301, -15.75],
							"size": [0.25, 0.25, 2],
							"pivot": [-1.04904, 1.18301, -15.75],
							"rotation": [0, 0, -60],
							"uv": {
								"east": {"uv": [41, 33], "uv_size": [2, 0.5]},
								"west": {"uv": [41, 34], "uv_size": [2, 0.5]},
								"up": {"uv": [41, 35], "uv_size": [0.5, 2]}
							}
						},
						{
							"origin": [1.04904, -1.43301, -3.75],
							"size": [1, 0.25, 1],
							"pivot": [1.04904, -1.18301, -6.75],
							"rotation": [0, 0, -60],
							"uv": {
								"east": {"uv": [38, 44], "uv_size": [1, 0.5]},
								"west": {"uv": [44, 38], "uv_size": [1, 0.5]},
								"down": {"uv": [38, 42], "uv_size": [1, -1]}
							}
						},
						{
							"origin": [1.26555, -1.30801, -2.75],
							"size": [1, 0.46194, 1.5],
							"inflate": -0.0001,
							"pivot": [1.26555, -1.30801, -2.75],
							"rotation": [10, 0, -60],
							"uv": {
								"east": {"uv": [16, 43], "uv_size": [1.5, 0.5]},
								"west": {"uv": [43, 16], "uv_size": [1.5, 0.5]},
								"down": {"uv": [18, 41.5], "uv_size": [1, -1.5]}
							}
						},
						{
							"origin": [1.14055, -1.52451, -3.75],
							"size": [1.5, 0.35355, 0.35355],
							"inflate": -0.0001,
							"pivot": [1.14055, -1.52452, -3.75],
							"rotation": [45, 0, -60],
							"uv": {
								"east": {"uv": [46, 16], "uv_size": [0.5, 0.5]},
								"west": {"uv": [17, 46], "uv_size": [0.5, 0.5]},
								"down": {"uv": [43, 17.5], "uv_size": [1.5, -0.5]}
							}
						},
						{
							"origin": [0.79904, -1.43301, -5.75],
							"size": [1.5, 0.5, 2],
							"pivot": [1.04904, -1.18301, -5.75],
							"rotation": [0, 0, -60],
							"uv": {
								"north": {"uv": [18, 43], "uv_size": [1.5, 0.5]},
								"east": {"uv": [39, 41], "uv_size": [2, 0.5]},
								"west": {"uv": [41, 41], "uv_size": [2, 0.5]},
								"down": {"uv": [26, 30], "uv_size": [1.5, -2]}
							}
						},
						{
							"origin": [1.04904, -1.43301, -26.75],
							"size": [1, 0.5, 3],
							"pivot": [1.04904, -1.18301, -22.75],
							"rotation": [0, 0, -60],
							"uv": {
								"east": {"uv": [40, 22], "uv_size": [3, 0.5]},
								"south": {"uv": [39, 44], "uv_size": [1, 0.5]},
								"west": {"uv": [40, 23], "uv_size": [3, 0.5]},
								"down": {"uv": [28, 30], "uv_size": [1, -3]}
							}
						},
						{
							"origin": [1.26555, -1.30801, -28.25],
							"size": [1, 0.46194, 1.5],
							"inflate": -0.0001,
							"pivot": [1.26555, -1.30801, -26.75],
							"rotation": [-10, 0, -60],
							"uv": {
								"east": {"uv": [43, 18], "uv_size": [1.5, 0.5]},
								"west": {"uv": [43, 19], "uv_size": [1.5, 0.5]},
								"down": {"uv": [40, 25.5], "uv_size": [1, -1.5]}
							}
						},
						{
							"origin": [1.14055, -1.52451, -26.10355],
							"size": [1.5, 0.35355, 0.35355],
							"inflate": -0.0001,
							"pivot": [1.14055, -1.52452, -25.75],
							"rotation": [-45, 0, -60],
							"uv": {
								"east": {"uv": [46, 17], "uv_size": [0.5, 0.5]},
								"west": {"uv": [18, 46], "uv_size": [0.5, 0.5]},
								"down": {"uv": [43, 20.5], "uv_size": [1.5, -0.5]}
							}
						},
						{
							"origin": [0.79904, -1.43301, -25.75],
							"size": [0.25, 0.25, 4],
							"pivot": [1.04904, -1.18301, -23.75],
							"rotation": [0, 0, -60],
							"uv": {
								"east": {"uv": [38, 8], "uv_size": [4, 0.5]},
								"west": {"uv": [30, 38], "uv_size": [4, 0.5]},
								"down": {"uv": [26, 42], "uv_size": [0.5, -4]}
							}
						},
						{
							"origin": [1.06555, -1.47495, -21.78328],
							"size": [0.25, 0.35355, 0.35355],
							"inflate": -0.0001,
							"pivot": [0.99055, -1.52452, -21.55],
							"rotation": [45, 0, -60],
							"uv": {
								"east": {"uv": [46, 18], "uv_size": [0.5, 0.5]},
								"west": {"uv": [19, 46], "uv_size": [0.5, 0.5]},
								"down": {"uv": [46, 19.5], "uv_size": [0.5, -0.5]}
							}
						},
						{
							"origin": [2.04904, -1.43301, -25.75],
							"size": [0.25, 0.25, 4],
							"pivot": [1.04904, -1.18301, -23.75],
							"rotation": [0, 0, -60],
							"uv": {
								"east": {"uv": [38, 37], "uv_size": [4, 0.5]},
								"west": {"uv": [38, 38], "uv_size": [4, 0.5]},
								"down": {"uv": [27, 42], "uv_size": [0.5, -4]}
							}
						},
						{
							"origin": [2.31555, -1.47495, -21.78328],
							"size": [0.25, 0.35355, 0.35355],
							"inflate": -0.0001,
							"pivot": [0.99055, -1.52452, -21.55],
							"rotation": [45, 0, -60],
							"uv": {
								"east": {"uv": [20, 46], "uv_size": [0.5, 0.5]},
								"west": {"uv": [46, 20], "uv_size": [0.5, 0.5]},
								"down": {"uv": [21, 46.5], "uv_size": [0.5, -0.5]}
							}
						},
						{
							"origin": [2.39055, -1.52452, -13.75],
							"size": [0.25, 0.35356, 0.35355],
							"inflate": -0.0001,
							"pivot": [1.14055, -1.52452, -13.75],
							"rotation": [45, 0, -60],
							"uv": {
								"east": {"uv": [46, 21], "uv_size": [0.5, 0.5]},
								"west": {"uv": [22, 46], "uv_size": [0.5, 0.5]},
								"down": {"uv": [46, 22.5], "uv_size": [0.5, -0.5]}
							}
						},
						{
							"origin": [2.39055, -1.52452, -16.10355],
							"size": [0.25, 0.35356, 0.35355],
							"inflate": -0.0001,
							"pivot": [1.14055, -1.52452, -15.75],
							"rotation": [-45, 0, -60],
							"uv": {
								"east": {"uv": [23, 46], "uv_size": [0.5, 0.5]},
								"west": {"uv": [46, 23], "uv_size": [0.5, 0.5]},
								"down": {"uv": [24, 46.5], "uv_size": [0.5, -0.5]}
							}
						},
						{
							"origin": [2.04904, -1.43301, -15.75],
							"size": [0.25, 0.25, 2],
							"pivot": [1.04904, -1.18301, -15.75],
							"rotation": [0, 0, -60],
							"uv": {
								"east": {"uv": [0, 42], "uv_size": [2, 0.5]},
								"west": {"uv": [2, 42], "uv_size": [2, 0.5]},
								"down": {"uv": [42, 4], "uv_size": [0.5, -2]}
							}
						},
						{
							"origin": [1.14055, -1.52452, -13.75],
							"size": [0.25, 0.35356, 0.35355],
							"inflate": -0.0001,
							"pivot": [1.14055, -1.52452, -13.75],
							"rotation": [45, 0, -60],
							"uv": {
								"east": {"uv": [46, 24], "uv_size": [0.5, 0.5]},
								"west": {"uv": [25, 46], "uv_size": [0.5, 0.5]},
								"down": {"uv": [46, 25.5], "uv_size": [0.5, -0.5]}
							}
						},
						{
							"origin": [1.14055, -1.52452, -16.10355],
							"size": [0.25, 0.35356, 0.35355],
							"inflate": -0.0001,
							"pivot": [1.14055, -1.52452, -15.75],
							"rotation": [-45, 0, -60],
							"uv": {
								"east": {"uv": [26, 46], "uv_size": [0.5, 0.5]},
								"west": {"uv": [46, 26], "uv_size": [0.5, 0.5]},
								"down": {"uv": [27, 46.5], "uv_size": [0.5, -0.5]}
							}
						},
						{
							"origin": [0.79904, -1.43301, -15.75],
							"size": [0.25, 0.25, 2],
							"pivot": [1.04904, -1.18301, -15.75],
							"rotation": [0, 0, -60],
							"uv": {
								"east": {"uv": [42, 4], "uv_size": [2, 0.5]},
								"west": {"uv": [42, 5], "uv_size": [2, 0.5]},
								"down": {"uv": [42, 8], "uv_size": [0.5, -2]}
							}
						},
						{
							"origin": [1.14055, 1.17096, -16.10355],
							"size": [0.25, 0.35356, 0.35355],
							"inflate": -0.0001,
							"pivot": [1.14055, 1.52452, -15.75],
							"rotation": [45, 0, 60],
							"uv": {
								"east": {"uv": [46, 27], "uv_size": [0.5, 0.5]},
								"west": {"uv": [28, 46], "uv_size": [0.5, 0.5]},
								"up": {"uv": [46, 28], "uv_size": [0.5, 0.5]}
							}
						},
						{
							"origin": [1.14055, 1.17096, -13.75],
							"size": [0.25, 0.35356, 0.35355],
							"inflate": -0.0001,
							"pivot": [1.14055, 1.52452, -13.75],
							"rotation": [-45, 0, 60],
							"uv": {
								"east": {"uv": [29, 46], "uv_size": [0.5, 0.5]},
								"west": {"uv": [46, 29], "uv_size": [0.5, 0.5]},
								"up": {"uv": [30, 46], "uv_size": [0.5, 0.5]}
							}
						},
						{
							"origin": [2.04904, 1.18301, -15.75],
							"size": [0.25, 0.25, 2],
							"pivot": [1.04904, 1.18301, -15.75],
							"rotation": [0, 0, 60],
							"uv": {
								"east": {"uv": [42, 8], "uv_size": [2, 0.5]},
								"west": {"uv": [11, 42], "uv_size": [2, 0.5]},
								"up": {"uv": [13, 42], "uv_size": [0.5, 2]}
							}
						},
						{
							"origin": [2.39055, 1.17096, -16.10355],
							"size": [0.25, 0.35356, 0.35355],
							"inflate": -0.0001,
							"pivot": [1.14055, 1.52452, -15.75],
							"rotation": [45, 0, 60],
							"uv": {
								"east": {"uv": [46, 30], "uv_size": [0.5, 0.5]},
								"west": {"uv": [31, 46], "uv_size": [0.5, 0.5]},
								"up": {"uv": [46, 31], "uv_size": [0.5, 0.5]}
							}
						},
						{
							"origin": [2.39055, 1.17096, -13.75],
							"size": [0.25, 0.35356, 0.35355],
							"inflate": -0.0001,
							"pivot": [1.14055, 1.52452, -13.75],
							"rotation": [-45, 0, 60],
							"uv": {
								"east": {"uv": [32, 46], "uv_size": [0.5, 0.5]},
								"west": {"uv": [46, 32], "uv_size": [0.5, 0.5]},
								"up": {"uv": [33, 46], "uv_size": [0.5, 0.5]}
							}
						},
						{
							"origin": [2.31555, 1.1214, -21.78328],
							"size": [0.25, 0.35355, 0.35355],
							"inflate": -0.0001,
							"pivot": [0.99055, 1.52452, -21.55],
							"rotation": [-45, 0, 60],
							"uv": {
								"east": {"uv": [46, 33], "uv_size": [0.5, 0.5]},
								"west": {"uv": [34, 46], "uv_size": [0.5, 0.5]},
								"up": {"uv": [46, 34], "uv_size": [0.5, 0.5]}
							}
						},
						{
							"origin": [2.04904, 1.18301, -25.75],
							"size": [0.25, 0.25, 4],
							"pivot": [1.04904, 1.18301, -23.75],
							"rotation": [0, 0, 60],
							"uv": {
								"east": {"uv": [39, 9], "uv_size": [4, 0.5]},
								"west": {"uv": [39, 29], "uv_size": [4, 0.5]},
								"up": {"uv": [28, 38], "uv_size": [0.5, 4]}
							}
						},
						{
							"origin": [1.06555, 1.1214, -21.78328],
							"size": [0.25, 0.35355, 0.35355],
							"inflate": -0.0001,
							"pivot": [0.99055, 1.52452, -21.55],
							"rotation": [-45, 0, 60],
							"uv": {
								"east": {"uv": [35, 46], "uv_size": [0.5, 0.5]},
								"west": {"uv": [46, 35], "uv_size": [0.5, 0.5]},
								"up": {"uv": [36, 46], "uv_size": [0.5, 0.5]}
							}
						},
						{
							"origin": [0.79904, 1.18301, -25.75],
							"size": [0.25, 0.25, 4],
							"pivot": [1.04904, 1.18301, -23.75],
							"rotation": [0, 0, 60],
							"uv": {
								"east": {"uv": [30, 39], "uv_size": [4, 0.5]},
								"west": {"uv": [38, 39], "uv_size": [4, 0.5]},
								"up": {"uv": [34, 38], "uv_size": [0.5, 4]}
							}
						},
						{
							"origin": [1.14055, 1.17096, -26.10355],
							"size": [1.5, 0.35355, 0.35355],
							"inflate": -0.0001,
							"pivot": [1.14055, 1.52452, -25.75],
							"rotation": [45, 0, 60],
							"uv": {
								"east": {"uv": [46, 36], "uv_size": [0.5, 0.5]},
								"west": {"uv": [37, 46], "uv_size": [0.5, 0.5]},
								"up": {"uv": [43, 21], "uv_size": [1.5, 0.5]}
							}
						},
						{
							"origin": [1.26555, 0.84607, -28.25],
							"size": [1, 0.46194, 1.5],
							"inflate": -0.0001,
							"pivot": [1.26555, 1.30801, -26.75],
							"rotation": [10, 0, 60],
							"uv": {
								"east": {"uv": [22, 43], "uv_size": [1.5, 0.5]},
								"west": {"uv": [43, 22], "uv_size": [1.5, 0.5]},
								"up": {"uv": [29, 40], "uv_size": [1, 1.5]}
							}
						},
						{
							"origin": [1.04904, 0.93301, -26.75],
							"size": [1, 0.5, 3],
							"pivot": [1.04904, 1.18301, -22.75],
							"rotation": [0, 0, 60],
							"uv": {
								"east": {"uv": [40, 26], "uv_size": [3, 0.5]},
								"south": {"uv": [44, 39], "uv_size": [1, 0.5]},
								"west": {"uv": [30, 40], "uv_size": [3, 0.5]},
								"up": {"uv": [29, 24], "uv_size": [1, 3]}
							}
						},
						{
							"origin": [0.79904, 0.93301, -5.75],
							"size": [1.5, 0.5, 2],
							"pivot": [1.04904, 1.18301, -5.75],
							"rotation": [0, 0, 60],
							"uv": {
								"north": {"uv": [43, 23], "uv_size": [1.5, 0.5]},
								"east": {"uv": [42, 14], "uv_size": [2, 0.5]},
								"west": {"uv": [42, 15], "uv_size": [2, 0.5]},
								"up": {"uv": [29, 27], "uv_size": [1.5, 2]}
							}
						},
						{
							"origin": [1.14055, 1.17096, -3.75],
							"size": [1.5, 0.35355, 0.35355],
							"inflate": -0.0001,
							"pivot": [1.14055, 1.52452, -3.75],
							"rotation": [-45, 0, 60],
							"uv": {
								"east": {"uv": [46, 37], "uv_size": [0.5, 0.5]},
								"west": {"uv": [38, 46], "uv_size": [0.5, 0.5]},
								"up": {"uv": [24, 43], "uv_size": [1.5, 0.5]}
							}
						},
						{
							"origin": [1.26555, 0.84607, -2.75],
							"size": [1, 0.46194, 1.5],
							"inflate": -0.0001,
							"pivot": [1.26555, 1.30801, -2.75],
							"rotation": [-10, 0, 60],
							"uv": {
								"east": {"uv": [43, 24], "uv_size": [1.5, 0.5]},
								"west": {"uv": [43, 25], "uv_size": [1.5, 0.5]},
								"up": {"uv": [33, 40], "uv_size": [1, 1.5]}
							}
						},
						{
							"origin": [1.04904, 1.18301, -3.75],
							"size": [1, 0.25, 1],
							"pivot": [1.04904, 1.18301, -6.75],
							"rotation": [0, 0, 60],
							"uv": {
								"east": {"uv": [40, 44], "uv_size": [1, 0.5]},
								"west": {"uv": [44, 40], "uv_size": [1, 0.5]},
								"up": {"uv": [14, 42], "uv_size": [1, 1]}
							}
						}
					]
				},
				{
					"name": "rotate_1",
					"parent": "Vicissitude",
					"pivot": [-0.98654, 1.29126, -13.75],
					"rotation": [53, 0, -60],
					"cubes": [
						{
							"origin": [-1.11154, 1.29126, -13.75],
							"size": [0.25, 0.25, 5],
							"inflate": -0.001,
							"uv": {
								"east": {"uv": [29, 29], "uv_size": [5, 0.5]},
								"south": {"uv": [46, 38], "uv_size": [0.5, 0.5]},
								"west": {"uv": [30, 22], "uv_size": [5, 0.5]},
								"up": {"uv": [16, 30], "uv_size": [0.5, 5]},
								"down": {"uv": [17, 35], "uv_size": [0.5, -5]}
							}
						},
						{
							"origin": [-2.36154, 1.29126, -13.75],
							"size": [0.25, 0.25, 5],
							"inflate": -0.001,
							"uv": {
								"east": {"uv": [30, 23], "uv_size": [5, 0.5]},
								"south": {"uv": [39, 46], "uv_size": [0.5, 0.5]},
								"west": {"uv": [24, 30], "uv_size": [5, 0.5]},
								"up": {"uv": [18, 30], "uv_size": [0.5, 5]},
								"down": {"uv": [29, 35], "uv_size": [0.5, -5]}
							}
						}
					]
				},
				{
					"name": "strench_1",
					"parent": "rotate_1",
					"pivot": [-0.98654, 1.29126, -8.75],
					"cubes": [
						{
							"origin": [-1.07404, 1.32876, -11.5],
							"size": [0.175, 0.175, 5],
							"uv": {
								"east": {"uv": [30, 24], "uv_size": [5, 0.5]},
								"west": {"uv": [30, 25], "uv_size": [5, 0.5]},
								"up": {"uv": [30, 30], "uv_size": [0.5, 5]},
								"down": {"uv": [23, 36], "uv_size": [0.5, -5]}
							}
						},
						{
							"origin": [-2.32404, 1.32876, -11.5],
							"size": [0.175, 0.175, 5],
							"uv": {
								"east": {"uv": [30, 26], "uv_size": [5, 0.5]},
								"west": {"uv": [24, 31], "uv_size": [5, 0.5]},
								"up": {"uv": [31, 30], "uv_size": [0.5, 5]},
								"down": {"uv": [19, 37], "uv_size": [0.5, -5]}
							}
						}
					]
				},
				{
					"name": "pannel_1",
					"parent": "Vicissitude",
					"pivot": [-1.04904, 1.18301, -23.75],
					"rotation": [22.5, 0, -60],
					"cubes": [
						{
							"origin": [-2.04904, 0.93301, -23.75],
							"size": [1, 0.5, 18],
							"uv": {
								"north": {"uv": [41, 44], "uv_size": [1, 0.5]},
								"east": {"uv": [22, 10], "uv_size": [18, 0.5]},
								"west": {"uv": [22, 11], "uv_size": [18, 0.5]},
								"up": {"uv": [8, 0], "uv_size": [1, 18]},
								"down": {"uv": [9, 18], "uv_size": [1, -18]}
							}
						},
						{
							"origin": [-2.04904, 12.03962, -10.28984],
							"size": [1, 0.35355, 0.35355],
							"inflate": 0.001,
							"pivot": [-1.04904, 1.43301, -21.25],
							"rotation": [-45, 0, 0],
							"uv": {
								"east": {"uv": [46, 39], "uv_size": [0.5, 0.5]},
								"south": {"uv": [42, 44], "uv_size": [1, 0.5]},
								"west": {"uv": [40, 46], "uv_size": [0.5, 0.5]},
								"up": {"uv": [44, 42], "uv_size": [1, 0.5]}
							}
						},
						{
							"origin": [-2.29904, 12.03962, -12.78984],
							"size": [1.5, 0.35355, 0.35355],
							"pivot": [-1.04904, 1.43301, -23.75],
							"rotation": [-45, 0, 0],
							"uv": {
								"north": {"uv": [26, 43], "uv_size": [1.5, 0.5]},
								"east": {"uv": [46, 40], "uv_size": [0.5, 0.5]},
								"south": {"uv": [43, 26], "uv_size": [1.5, 0.5]},
								"west": {"uv": [41, 46], "uv_size": [0.5, 0.5]},
								"up": {"uv": [43, 27], "uv_size": [1.5, 0.5]},
								"down": {"uv": [28, 43.5], "uv_size": [1.5, -0.5]}
							}
						}
					]
				},
				{
					"name": "guide_1_illuminated",
					"parent": "pannel_1",
					"pivot": [-1.04904, 1.18301, -23.75],
					"cubes": [
						{
							"origin": [-1.67404, 0.80801, -21.75],
							"size": [0.25, 0.25, 14],
							"pivot": [-1.54904, 0.93301, -14.75],
							"rotation": [0, 0, 45],
							"uv": {
								"north": {"uv": [46, 41], "uv_size": [0.5, 0.5]},
								"south": {"uv": [42, 46], "uv_size": [0.5, 0.5]},
								"west": {"uv": [28, 18], "uv_size": [14, 0.5]},
								"down": {"uv": [2, 42], "uv_size": [0.5, -14]}
							}
						}
					]
				},
				{
					"name": "rotate_2",
					"parent": "Vicissitude",
					"pivot": [0.98654, 1.29126, -13.75],
					"rotation": [53, 0, 60],
					"cubes": [
						{
							"origin": [0.86154, 1.29126, -13.75],
							"size": [0.25, 0.25, 5],
							"inflate": -0.001,
							"uv": {
								"east": {"uv": [31, 27], "uv_size": [5, 0.5]},
								"south": {"uv": [46, 42], "uv_size": [0.5, 0.5]},
								"west": {"uv": [31, 28], "uv_size": [5, 0.5]},
								"up": {"uv": [20, 32], "uv_size": [0.5, 5]},
								"down": {"uv": [24, 37], "uv_size": [0.5, -5]}
							}
						},
						{
							"origin": [2.11154, 1.29126, -13.75],
							"size": [0.25, 0.25, 5],
							"inflate": -0.001,
							"uv": {
								"east": {"uv": [32, 30], "uv_size": [5, 0.5]},
								"south": {"uv": [43, 46], "uv_size": [0.5, 0.5]},
								"west": {"uv": [32, 31], "uv_size": [5, 0.5]},
								"up": {"uv": [25, 32], "uv_size": [0.5, 5]},
								"down": {"uv": [26, 37], "uv_size": [0.5, -5]}
							}
						}
					]
				},
				{
					"name": "strench_2",
					"parent": "rotate_2",
					"pivot": [0.98654, 1.29126, -8.75],
					"cubes": [
						{
							"origin": [0.89904, 1.32876, -11.5],
							"size": [0.175, 0.175, 5],
							"uv": {
								"east": {"uv": [32, 32], "uv_size": [5, 0.5]},
								"west": {"uv": [32, 33], "uv_size": [5, 0.5]},
								"up": {"uv": [27, 32], "uv_size": [0.5, 5]},
								"down": {"uv": [28, 37], "uv_size": [0.5, -5]}
							}
						},
						{
							"origin": [2.14904, 1.32876, -11.5],
							"size": [0.175, 0.175, 5],
							"uv": {
								"east": {"uv": [34, 29], "uv_size": [5, 0.5]},
								"west": {"uv": [32, 34], "uv_size": [5, 0.5]},
								"up": {"uv": [0, 33], "uv_size": [0.5, 5]},
								"down": {"uv": [1, 38], "uv_size": [0.5, -5]}
							}
						}
					]
				},
				{
					"name": "pannel_2",
					"parent": "Vicissitude",
					"pivot": [1.04904, 1.18301, -23.75],
					"rotation": [22.5, 0, 60],
					"cubes": [
						{
							"origin": [1.04904, 0.93301, -23.75],
							"size": [1, 0.5, 18],
							"uv": {
								"north": {"uv": [43, 44], "uv_size": [1, 0.5]},
								"east": {"uv": [22, 12], "uv_size": [18, 0.5]},
								"west": {"uv": [22, 13], "uv_size": [18, 0.5]},
								"up": {"uv": [10, 0], "uv_size": [1, 18]},
								"down": {"uv": [11, 18], "uv_size": [1, -18]}
							}
						},
						{
							"origin": [1.04904, 12.03962, -10.28984],
							"size": [1, 0.35355, 0.35355],
							"inflate": 0.001,
							"pivot": [1.04904, 1.43301, -21.25],
							"rotation": [-45, 0, 0],
							"uv": {
								"east": {"uv": [46, 43], "uv_size": [0.5, 0.5]},
								"south": {"uv": [44, 43], "uv_size": [1, 0.5]},
								"west": {"uv": [44, 46], "uv_size": [0.5, 0.5]},
								"up": {"uv": [44, 44], "uv_size": [1, 0.5]}
							}
						},
						{
							"origin": [0.79904, 12.03962, -12.78984],
							"size": [1.5, 0.35355, 0.35355],
							"pivot": [1.04904, 1.43301, -23.75],
							"rotation": [-45, 0, 0],
							"uv": {
								"north": {"uv": [43, 28], "uv_size": [1.5, 0.5]},
								"east": {"uv": [46, 44], "uv_size": [0.5, 0.5]},
								"south": {"uv": [43, 29], "uv_size": [1.5, 0.5]},
								"west": {"uv": [45, 46], "uv_size": [0.5, 0.5]},
								"up": {"uv": [30, 43], "uv_size": [1.5, 0.5]},
								"down": {"uv": [32, 43.5], "uv_size": [1.5, -0.5]}
							}
						}
					]
				},
				{
					"name": "guide_2_illuminated",
					"parent": "pannel_2",
					"pivot": [1.04904, 1.18301, -23.75],
					"cubes": [
						{
							"origin": [1.42404, 0.80801, -21.75],
							"size": [0.25, 0.25, 14],
							"pivot": [1.54904, 0.93301, -14.75],
							"rotation": [0, 0, -45],
							"uv": {
								"north": {"uv": [46, 45], "uv_size": [0.5, 0.5]},
								"east": {"uv": [28, 19], "uv_size": [14, 0.5]},
								"south": {"uv": [46, 46], "uv_size": [0.5, 0.5]},
								"down": {"uv": [3, 42], "uv_size": [0.5, -14]}
							}
						}
					]
				},
				{
					"name": "rotate_3",
					"parent": "Vicissitude",
					"pivot": [0.98654, -1.29126, -13.75],
					"rotation": [-53, 0, -60],
					"cubes": [
						{
							"origin": [0.86154, -1.54126, -13.75],
							"size": [0.25, 0.25, 5],
							"inflate": -0.001,
							"uv": {
								"east": {"uv": [35, 22], "uv_size": [5, 0.5]},
								"south": {"uv": [0, 47], "uv_size": [0.5, 0.5]},
								"west": {"uv": [35, 23], "uv_size": [5, 0.5]},
								"up": {"uv": [16, 35], "uv_size": [0.5, 5]},
								"down": {"uv": [17, 40], "uv_size": [0.5, -5]}
							}
						},
						{
							"origin": [2.11154, -1.54126, -13.75],
							"size": [0.25, 0.25, 5],
							"inflate": -0.001,
							"uv": {
								"east": {"uv": [35, 24], "uv_size": [5, 0.5]},
								"south": {"uv": [47, 0], "uv_size": [0.5, 0.5]},
								"west": {"uv": [35, 25], "uv_size": [5, 0.5]},
								"up": {"uv": [18, 35], "uv_size": [0.5, 5]},
								"down": {"uv": [29, 40], "uv_size": [0.5, -5]}
							}
						}
					]
				},
				{
					"name": "strench_3",
					"parent": "rotate_3",
					"pivot": [0.98654, -1.29126, -8.75],
					"cubes": [
						{
							"origin": [0.89904, -1.50376, -11.5],
							"size": [0.175, 0.175, 5],
							"uv": {
								"east": {"uv": [35, 26], "uv_size": [5, 0.5]},
								"west": {"uv": [30, 35], "uv_size": [5, 0.5]},
								"up": {"uv": [35, 35], "uv_size": [0.5, 5]},
								"down": {"uv": [11, 41], "uv_size": [0.5, -5]}
							}
						},
						{
							"origin": [2.14904, -1.50376, -11.5],
							"size": [0.175, 0.175, 5],
							"uv": {
								"east": {"uv": [36, 27], "uv_size": [5, 0.5]},
								"west": {"uv": [36, 28], "uv_size": [5, 0.5]},
								"up": {"uv": [12, 36], "uv_size": [0.5, 5]},
								"down": {"uv": [13, 41], "uv_size": [0.5, -5]}
							}
						}
					]
				},
				{
					"name": "pannel_3",
					"parent": "Vicissitude",
					"pivot": [1.04904, -1.18301, -23.75],
					"rotation": [-22.5, 0, -60],
					"cubes": [
						{
							"origin": [1.04904, -1.43301, -23.75],
							"size": [1, 0.5, 18],
							"uv": {
								"north": {"uv": [0, 45], "uv_size": [1, 0.5]},
								"east": {"uv": [22, 14], "uv_size": [18, 0.5]},
								"west": {"uv": [22, 15], "uv_size": [18, 0.5]},
								"up": {"uv": [12, 0], "uv_size": [1, 18]},
								"down": {"uv": [13, 18], "uv_size": [1, -18]}
							}
						},
						{
							"origin": [1.04904, -12.39317, -10.28984],
							"size": [1, 0.35355, 0.35355],
							"inflate": 0.001,
							"pivot": [1.04904, -1.43301, -21.25],
							"rotation": [45, 0, 0],
							"uv": {
								"east": {"uv": [1, 47], "uv_size": [0.5, 0.5]},
								"south": {"uv": [1, 45], "uv_size": [1, 0.5]},
								"west": {"uv": [47, 1], "uv_size": [0.5, 0.5]},
								"down": {"uv": [2, 45.5], "uv_size": [1, -0.5]}
							}
						},
						{
							"origin": [0.79904, -12.39317, -12.78984],
							"size": [1.5, 0.35355, 0.35355],
							"pivot": [1.04904, -1.43301, -23.75],
							"rotation": [45, 0, 0],
							"uv": {
								"north": {"uv": [43, 32], "uv_size": [1.5, 0.5]},
								"east": {"uv": [2, 47], "uv_size": [0.5, 0.5]},
								"south": {"uv": [43, 33], "uv_size": [1.5, 0.5]},
								"west": {"uv": [47, 2], "uv_size": [0.5, 0.5]},
								"up": {"uv": [43, 34], "uv_size": [1.5, 0.5]},
								"down": {"uv": [43, 35.5], "uv_size": [1.5, -0.5]}
							}
						}
					]
				},
				{
					"name": "guide_3_illuminated",
					"parent": "pannel_3",
					"pivot": [1.04904, -1.18301, -23.75],
					"cubes": [
						{
							"origin": [1.42404, -1.05801, -21.75],
							"size": [0.25, 0.25, 14],
							"pivot": [1.54904, -0.93301, -14.75],
							"rotation": [0, 0, 45],
							"uv": {
								"north": {"uv": [3, 47], "uv_size": [0.5, 0.5]},
								"east": {"uv": [28, 20], "uv_size": [14, 0.5]},
								"south": {"uv": [47, 3], "uv_size": [0.5, 0.5]},
								"up": {"uv": [21, 28], "uv_size": [0.5, 14]}
							}
						}
					]
				},
				{
					"name": "rotate_4",
					"parent": "Vicissitude",
					"pivot": [-0.98654, -1.29126, -13.75],
					"rotation": [-53, 0, 60],
					"cubes": [
						{
							"origin": [-1.11154, -1.54126, -13.75],
							"size": [0.25, 0.25, 5],
							"inflate": -0.001,
							"uv": {
								"east": {"uv": [30, 36], "uv_size": [5, 0.5]},
								"south": {"uv": [47, 4], "uv_size": [0.5, 0.5]},
								"west": {"uv": [36, 35], "uv_size": [5, 0.5]},
								"up": {"uv": [14, 36], "uv_size": [0.5, 5]},
								"down": {"uv": [15, 41], "uv_size": [0.5, -5]}
							}
						},
						{
							"origin": [-2.36154, -1.54126, -13.75],
							"size": [0.25, 0.25, 5],
							"inflate": -0.001,
							"uv": {
								"east": {"uv": [36, 36], "uv_size": [5, 0.5]},
								"south": {"uv": [47, 5], "uv_size": [0.5, 0.5]},
								"west": {"uv": [37, 2], "uv_size": [5, 0.5]},
								"up": {"uv": [23, 36], "uv_size": [0.5, 5]},
								"down": {"uv": [37, 8], "uv_size": [0.5, -5]}
							}
						}
					]
				},
				{
					"name": "strench_4",
					"parent": "rotate_4",
					"pivot": [-0.98654, -1.29126, -8.75],
					"cubes": [
						{
							"origin": [-1.07404, -1.50376, -11.5],
							"size": [0.175, 0.175, 5],
							"uv": {
								"east": {"uv": [24, 37], "uv_size": [5, 0.5]},
								"west": {"uv": [30, 37], "uv_size": [5, 0.5]},
								"up": {"uv": [19, 37], "uv_size": [0.5, 5]},
								"down": {"uv": [20, 42], "uv_size": [0.5, -5]}
							}
						},
						{
							"origin": [-2.32404, -1.50376, -11.5],
							"size": [0.175, 0.175, 5],
							"uv": {
								"east": {"uv": [37, 30], "uv_size": [5, 0.5]},
								"west": {"uv": [37, 31], "uv_size": [5, 0.5]},
								"up": {"uv": [36, 37], "uv_size": [0.5, 5]},
								"down": {"uv": [37, 42], "uv_size": [0.5, -5]}
							}
						}
					]
				},
				{
					"name": "pannel_4",
					"parent": "Vicissitude",
					"pivot": [-1.04904, -1.18301, -23.75],
					"rotation": [-22.5, 0, 60],
					"cubes": [
						{
							"origin": [-2.04904, -1.43301, -23.75],
							"size": [1, 0.5, 18],
							"uv": {
								"north": {"uv": [45, 2], "uv_size": [1, 0.5]},
								"east": {"uv": [22, 16], "uv_size": [18, 0.5]},
								"west": {"uv": [22, 17], "uv_size": [18, 0.5]},
								"up": {"uv": [14, 0], "uv_size": [1, 18]},
								"down": {"uv": [15, 18], "uv_size": [1, -18]}
							}
						},
						{
							"origin": [-2.04904, -12.39317, -10.28984],
							"size": [1, 0.35355, 0.35355],
							"inflate": 0.001,
							"pivot": [-1.04904, -1.43301, -21.25],
							"rotation": [45, 0, 0],
							"uv": {
								"east": {"uv": [47, 6], "uv_size": [0.5, 0.5]},
								"south": {"uv": [3, 45], "uv_size": [1, 0.5]},
								"west": {"uv": [7, 47], "uv_size": [0.5, 0.5]},
								"down": {"uv": [45, 3.5], "uv_size": [1, -0.5]}
							}
						},
						{
							"origin": [-2.29904, -12.39317, -12.78984],
							"size": [1.5, 0.35355, 0.35355],
							"pivot": [-1.04904, -1.43301, -23.75],
							"rotation": [45, 0, 0],
							"uv": {
								"north": {"uv": [43, 36], "uv_size": [1.5, 0.5]},
								"east": {"uv": [47, 7], "uv_size": [0.5, 0.5]},
								"south": {"uv": [38, 43], "uv_size": [1.5, 0.5]},
								"west": {"uv": [8, 47], "uv_size": [0.5, 0.5]},
								"up": {"uv": [40, 43], "uv_size": [1.5, 0.5]},
								"down": {"uv": [43, 41.5], "uv_size": [1.5, -0.5]}
							}
						}
					]
				},
				{
					"name": "guide_4_illuminated",
					"parent": "pannel_4",
					"pivot": [-1.04904, -1.18301, -23.75],
					"cubes": [
						{
							"origin": [-1.67404, -1.05801, -21.75],
							"size": [0.25, 0.25, 14],
							"pivot": [-1.54904, -0.93301, -14.75],
							"rotation": [0, 0, -45],
							"uv": {
								"north": {"uv": [47, 8], "uv_size": [0.5, 0.5]},
								"south": {"uv": [9, 47], "uv_size": [0.5, 0.5]},
								"west": {"uv": [28, 21], "uv_size": [14, 0.5]},
								"up": {"uv": [22, 28], "uv_size": [0.5, 14]}
							}
						}
					]
				}
			]
		}
	]
}