{
	"format_version": "1.8.0",
	"animations": {
		"static_idle": {
			"loop": true,
			"bones": {
				"righthand": {
					"rotation": [96.07, 8.95, -179.05],
					"position": [-6.5, -14.3, -1.7],
					"scale": [1, 1.5, 1]
				},
				"lefthand": {
					"rotation": [96.9594, -29.1425, -146.85684],
					"position": [8.4187, -11.62, -12.02],
					"scale": [1, 1.5, 1]
				},
				"constraint": {
					"rotation": [0.2, 0.2, 0.4],
					"position": [0.1, 0.1, 0.1]
				}
			}
		},
		"reload_tactical": {
			"animation_length": 2.375,
			"bones": {
				"righthand": {
					"rotation": [96.07, 8.95, -179.05],
					"position": [-6.5, -14.3, -1.7],
					"scale": [1, 1.5, 1]
				},
				"lefthand": {
					"rotation": {
						"0.0": {
							"post": [96.9594, -29.1425, -146.85684],
							"lerp_mode": "catmullrom"
						},
						"0.25": {
							"post": [95.39387, -30.56434, -179.20989],
							"lerp_mode": "catmullrom"
						},
						"0.4167": {
							"post": [98.96449, -47.22222, -150.05965],
							"lerp_mode": "catmullrom"
						},
						"0.5833": {
							"post": [113.96449, -47.22222, -150.05965],
							"lerp_mode": "catmullrom"
						},
						"1.375": {
							"post": [113.96449, -47.22222, -150.05965],
							"lerp_mode": "catmullrom"
						},
						"1.5417": {
							"post": [97.96449, -47.22222, -150.05965],
							"lerp_mode": "catmullrom"
						},
						"1.75": {
							"post": [97.96449, -47.22222, -150.05965],
							"lerp_mode": "catmullrom"
						},
						"1.9583": {
							"post": [94.15496, -29.62715, -141.14499],
							"lerp_mode": "catmullrom"
						},
						"2.2083": [96.9594, -29.1425, -146.85684]
					},
					"position": {
						"0.0": {
							"post": [8.4187, -11.62, -12.02],
							"lerp_mode": "catmullrom"
						},
						"0.25": {
							"post": [8.4187, -11.62, -12.02],
							"lerp_mode": "catmullrom"
						},
						"0.4583": {
							"post": [8.42, -14.32, -8.32],
							"lerp_mode": "catmullrom"
						},
						"0.625": {
							"post": [7.42, -16.62, -8.32],
							"lerp_mode": "catmullrom"
						},
						"1.5417": {
							"post": [7.42, -16.62, -8.32],
							"lerp_mode": "catmullrom"
						},
						"1.75": {
							"post": [7.42, -16.62, -8.32],
							"lerp_mode": "catmullrom"
						},
						"1.9583": [8.4187, -11.62, -12.02]
					},
					"scale": [1, 1.5, 1]
				},
				"constraint": {
					"rotation": {
						"0.0": [0.2, 0.2, 0.2],
						"1.1667": [0.1, 0.1, 0.1],
						"2.3333": [0, 0, 0]
					},
					"position": {
						"0.0": [0.15, 0.05, 0.25],
						"1.1667": [0.1, 0, 0.1],
						"2.3333": [0, 0, 0]
					}
				},
				"root": {
					"rotation": {
						"0.0": [0, 0, 0],
						"0.125": {
							"pre": [-1.98577, -2.438, 9.38538],
							"post": [-1.98577, -2.438, 9.38538],
							"lerp_mode": "catmullrom"
						},
						"0.25": {
							"post": [-7.04678, -4.87372, 3.72471],
							"lerp_mode": "catmullrom"
						},
						"0.4167": {
							"post": [-14.75, -7.5, -36],
							"lerp_mode": "catmullrom"
						},
						"0.5833": [-14.75, -5, -40],
						"0.625": [-13.62, -2.5, -40],
						"0.6667": [-12.5, 0, -24],
						"0.75": {
							"pre": [-13.17, -5, -31.27],
							"post": [-13.17, -5, -31.27],
							"lerp_mode": "catmullrom"
						},
						"0.875": {
							"post": [-14.75, 0, -28],
							"lerp_mode": "catmullrom"
						},
						"1.0": {
							"post": [-14.87, -2.5, -30.76],
							"lerp_mode": "catmullrom"
						},
						"1.25": {
							"post": [-14.75, -5, -17.25],
							"lerp_mode": "catmullrom"
						},
						"1.4167": [-14.75, -2.5, -24.53],
						"1.4583": [-14.75, 0, -19],
						"1.5": [-14.75, 0, -11],
						"1.5833": [-15.11, -0.67, -16.55],
						"1.7083": {
							"pre": [-14.75658, -4.19231, -21.30432],
							"post": [-14.75658, -4.19231, -21.30432],
							"lerp_mode": "catmullrom"
						},
						"1.7917": {
							"post": [-7.38, -0.95, -15.47],
							"lerp_mode": "catmullrom"
						},
						"1.9167": {
							"post": [0.25, -0.25, 4],
							"lerp_mode": "catmullrom"
						},
						"2.125": {
							"post": [0, 0, 0],
							"lerp_mode": "catmullrom"
						},
						"2.375": [0, 0, 0]
					},
					"position": {
						"0.0": [0, 0, 0],
						"0.125": {
							"pre": [0.23, -0.63, 0],
							"post": [0.23, -0.63, 0],
							"lerp_mode": "catmullrom"
						},
						"0.2917": {
							"post": [0.5, -0.5, -1],
							"lerp_mode": "catmullrom"
						},
						"0.4167": {
							"post": [0, 0.5, 1],
							"lerp_mode": "catmullrom"
						},
						"0.5417": [0, 0.45, 0.6],
						"0.5833": [0, -0.15, 0.6],
						"0.625": [0.6, -0.73, 0.2],
						"0.7083": {
							"pre": [1.11, -0.35, 0.6],
							"post": [1.11, -0.35, 0.6],
							"lerp_mode": "catmullrom"
						},
						"0.7917": {
							"post": [0.4, 0.225, 0.6],
							"lerp_mode": "catmullrom"
						},
						"0.9583": {
							"post": [0.53, 0.3, 0.59],
							"lerp_mode": "catmullrom"
						},
						"1.1667": {
							"post": [0.775, -0.605, 0.6],
							"lerp_mode": "catmullrom"
						},
						"1.3333": {
							"post": [0.53, -0.25, 0.85],
							"lerp_mode": "catmullrom"
						},
						"1.4583": [0.53, -0.35, 0.85],
						"1.5": [-0.07, 0.15, 0.85],
						"1.625": {
							"pre": [-0.07, -0.175, 0.85],
							"post": [-0.07, -0.175, 0.85],
							"lerp_mode": "catmullrom"
						},
						"1.7917": {
							"post": [0, -0.675, -1.425],
							"lerp_mode": "catmullrom"
						},
						"2.0": {
							"post": [0, 0.1, 0.55],
							"lerp_mode": "catmullrom"
						},
						"2.25": [0, 0, 0]
					}
				},
				"mag_and_lefthand": {
					"rotation": {
						"0.0": [0, 0, 0],
						"0.5833": [0, 0, 0],
						"0.6667": [-3.25648, 4.91338, -25.93157],
						"0.75": [-3.53834, 7.53817, -38.08302],
						"1.1667": [-3.09482, 8.18741, -36.11311],
						"1.25": [-1.65, 0, -21.72],
						"1.3333": [-0.21, 1.6, -7.33],
						"1.375": [-0.21, 1.6, -7.33],
						"1.4583": [-0.14, 1.07, -4.89],
						"1.5": [0, 0, 0]
					},
					"position": {
						"0.0": [0, 0, 0],
						"0.5833": [0, 0, 0],
						"0.625": [0.56, -1.51, -0.12],
						"0.6667": [1.52, -3.02, -0.25],
						"0.75": {
							"pre": [4.3, -8.175, 0],
							"post": [4.3, -8.175, 0],
							"lerp_mode": "catmullrom"
						},
						"0.875": {
							"post": [2.3, -25.18, 0],
							"lerp_mode": "catmullrom"
						},
						"1.1667": [3.16, -3.2, 0],
						"1.25": [1.415, -2.85, 0],
						"1.3333": [0.51, -2.5, 0],
						"1.375": [0.51, -2.5, 0],
						"1.4583": [0.34, -1.67, 0],
						"1.5": [0, 0, 0]
					}
				},
				"mag_release": {
					"position": {
						"0.5833": [0, 0, 0],
						"0.6667": [0.25, 0, 0],
						"0.875": [0, 0, 0],
						"1.4167": [0, 0, 0],
						"1.5": [0.25, 0, 0],
						"1.7083": [0, 0, 0]
					}
				},
				"camera": {
					"rotation": {
						"0.0": {
							"post": [0, 0, 0],
							"lerp_mode": "catmullrom"
						},
						"0.1667": {
							"post": [0.66, 0.02, 0.16],
							"lerp_mode": "catmullrom"
						},
						"0.3333": {
							"post": [0.12, 1.64, -0.91],
							"lerp_mode": "catmullrom"
						},
						"0.5": {
							"post": [-2, 1.75, -2],
							"lerp_mode": "catmullrom"
						},
						"0.5833": {
							"post": [-1.75, 1.5, -0.5],
							"lerp_mode": "catmullrom"
						},
						"0.625": {
							"post": [-0.86, 1.11, -1.59],
							"lerp_mode": "catmullrom"
						},
						"0.6667": {
							"post": [0, 0.75, 0.25],
							"lerp_mode": "catmullrom"
						},
						"0.75": {
							"post": [-0.32, 1.1, -0.26],
							"lerp_mode": "catmullrom"
						},
						"0.8333": {
							"post": [-0.75, 1, -1],
							"lerp_mode": "catmullrom"
						},
						"1.0": {
							"post": [-0.5, 0.5, -0.5],
							"lerp_mode": "catmullrom"
						},
						"1.2083": {
							"post": [-1, 0, 1.5],
							"lerp_mode": "catmullrom"
						},
						"1.3333": {
							"post": [-0.75, 0.25, 1],
							"lerp_mode": "catmullrom"
						},
						"1.4583": {
							"post": [-0.34, 0.16, 1.72],
							"lerp_mode": "catmullrom"
						},
						"1.5": {
							"post": [-2.59, 0.66, 0.72],
							"lerp_mode": "catmullrom"
						},
						"1.5417": {
							"post": [-1.84, 0.91, -0.53],
							"lerp_mode": "catmullrom"
						},
						"1.5833": {
							"post": [-1.59, 0.66, 0.47],
							"lerp_mode": "catmullrom"
						},
						"1.7083": {
							"post": [-1.09, 0.41, 0.22],
							"lerp_mode": "catmullrom"
						},
						"1.875": {
							"post": [0.25, 0, -0.75],
							"lerp_mode": "catmullrom"
						},
						"2.0417": {
							"post": [0.25, -0.25, 0.25],
							"lerp_mode": "catmullrom"
						},
						"2.2083": {
							"post": [0, 0, 0],
							"lerp_mode": "catmullrom"
						},
						"2.375": {
							"post": [0, 0, 0],
							"lerp_mode": "catmullrom"
						}
					}
				}
			}
		},
		"static_bolt_caught": {
			"loop": true,
			"bones": {
				"bolt_release": {
					"rotation": [0, 0, 12.5]
				},
				"bolt": {
					"position": [0, 0, 4.7]
				}
			}
		},
		"inspect": {
			"animation_length": 7.1667,
			"bones": {
				"root": {
					"rotation": {
						"0.0": {
							"post": [0, 0, 0],
							"lerp_mode": "catmullrom"
						},
						"0.2": {
							"post": [-1.04207, -5.72963, 11.12444],
							"lerp_mode": "catmullrom"
						},
						"0.3333": {
							"post": [-1, -12.5, -15],
							"lerp_mode": "catmullrom"
						},
						"0.4667": {
							"post": [-1.07035, -12.84005, -23.52631],
							"lerp_mode": "catmullrom"
						},
						"0.6333": [-9.57236, -12.20963, -18.49348],
						"0.6667": [-9.57236, -12.20963, -6.74348],
						"0.8": {
							"pre": [-9.57, -12.21, -7.84],
							"post": [-9.57, -12.21, -7.84],
							"lerp_mode": "catmullrom"
						},
						"0.9333": {
							"post": [-9.57236, -12.20963, -22.74348],
							"lerp_mode": "catmullrom"
						},
						"1.1333": {
							"post": [-9.57236, -12.20963, -20.74348],
							"lerp_mode": "catmullrom"
						},
						"1.3333": {
							"post": [-9.57236, -12.20963, -22.24348],
							"lerp_mode": "catmullrom"
						},
						"1.5333": {
							"post": [-9.57236, -12.20963, -41.49348],
							"lerp_mode": "catmullrom"
						},
						"1.7667": {
							"post": [-9.57236, -12.20963, -21.99348],
							"lerp_mode": "catmullrom"
						},
						"1.8333": [-9.57236, -12.20963, -19.99348],
						"1.8667": [-12.82236, -12.20963, -28.24348],
						"1.9667": {
							"pre": [-12.1, -12.21, -33],
							"post": [-12.1, -12.21, -33],
							"lerp_mode": "catmullrom"
						},
						"2.1": {
							"post": [-9.57236, -12.20963, -21.99348],
							"lerp_mode": "catmullrom"
						},
						"2.3": {
							"post": [3.80669, -33.61204, 6.14258],
							"lerp_mode": "catmullrom"
						},
						"2.5333": {
							"post": [22, -62, -36],
							"lerp_mode": "catmullrom"
						},
						"2.7667": {
							"post": [29.16505, -62.78811, -52.65837],
							"lerp_mode": "catmullrom"
						},
						"3.0667": {
							"post": [13.94169, -65.22362, -33.00611],
							"lerp_mode": "catmullrom"
						},
						"3.3667": {
							"post": [-1.93538, -69.80388, -15.93583],
							"lerp_mode": "catmullrom"
						},
						"4.0": {
							"post": [0, -87.75, 10.75],
							"lerp_mode": "catmullrom"
						},
						"4.5667": {
							"post": [0, -86.25, 7.75],
							"lerp_mode": "catmullrom"
						},
						"4.7333": {
							"post": [-15.8145, -43.55574, 15.03929],
							"lerp_mode": "catmullrom"
						},
						"4.9667": {
							"post": [-39.8941, 21.18347, 61.99144],
							"lerp_mode": "catmullrom"
						},
						"5.3": [-40.39, 22.51, 60.71],
						"5.3667": [-41.62124, 15.70257, 57.45703],
						"5.5": {
							"pre": [-41.08257, 5.68082, 59.69791],
							"post": [-41.08257, 5.68082, 59.69791],
							"lerp_mode": "catmullrom"
						},
						"5.7": {
							"post": [-40.73, 12.62, 55.04],
							"lerp_mode": "catmullrom"
						},
						"5.9333": {
							"post": [-40.39, 22.51, 55.96],
							"lerp_mode": "catmullrom"
						},
						"5.9667": [-40.39, 22.51, 53.71],
						"6.0": [-37.88701, 26.93274, 54.18614],
						"6.1": [-40.39, 22.51, 53.96],
						"6.3333": {
							"pre": [-17.47, 15.86, 47.38],
							"post": [-17.47, 15.86, 47.38],
							"lerp_mode": "catmullrom"
						},
						"6.5333": {
							"post": [6.28335, -2.22488, 4.89952],
							"lerp_mode": "catmullrom"
						},
						"6.7": {
							"post": [-0.11701, -0.07781, -3.18542],
							"lerp_mode": "catmullrom"
						},
						"6.9": {
							"post": [0, 0, 0],
							"lerp_mode": "catmullrom"
						},
						"7.1667": [0, 0, 0]
					},
					"position": {
						"0.0": {
							"post": [0, 0, 0],
							"lerp_mode": "catmullrom"
						},
						"0.1667": {
							"post": [0, -0.5, 0],
							"lerp_mode": "catmullrom"
						},
						"0.2667": {
							"post": [0, 1, 0],
							"lerp_mode": "catmullrom"
						},
						"0.4333": {
							"post": [0.025, 0.925, 0],
							"lerp_mode": "catmullrom"
						},
						"0.6333": [0.025, -0.075, 0],
						"0.6667": [-0.775, -0.625, 0],
						"0.7667": {
							"pre": [-0.47, -1.2, 0],
							"post": [-0.47, -1.2, 0],
							"lerp_mode": "catmullrom"
						},
						"0.8667": {
							"post": [0.03, 0.28, 0],
							"lerp_mode": "catmullrom"
						},
						"1.0333": {
							"post": [0.03, 0.155, 0],
							"lerp_mode": "catmullrom"
						},
						"1.1667": {
							"post": [0.03, 0.06, 0],
							"lerp_mode": "catmullrom"
						},
						"1.3333": {
							"post": [0.03, 0.06, 0],
							"lerp_mode": "catmullrom"
						},
						"1.4667": {
							"post": [-0.195, 0.46, 0],
							"lerp_mode": "catmullrom"
						},
						"1.6": {
							"post": [-0.19, -0.14, 0],
							"lerp_mode": "catmullrom"
						},
						"1.7": {
							"post": [-0.19, -0.065, 0],
							"lerp_mode": "catmullrom"
						},
						"1.8333": [-0.19, 0.11, 0],
						"1.8667": [-0.54, 0.24, 0],
						"2.0": {
							"pre": [-0.19, -0.065, 0],
							"post": [-0.19, -0.065, 0],
							"lerp_mode": "catmullrom"
						},
						"2.1667": {
							"post": [-0.11, -0.19, 0],
							"lerp_mode": "catmullrom"
						},
						"2.4333": {
							"post": [0.97, 1.36, 0],
							"lerp_mode": "catmullrom"
						},
						"2.6": {
							"post": [0, 2.1, 0],
							"lerp_mode": "catmullrom"
						},
						"2.8667": {
							"post": [0, 1.8, 0],
							"lerp_mode": "catmullrom"
						},
						"3.0333": [0.125, 1.9, 0],
						"3.3333": [0.13, 1.9, 0],
						"3.5": {
							"pre": [0.48, 1.615, 0],
							"post": [0.48, 1.615, 0],
							"lerp_mode": "catmullrom"
						},
						"3.9": {
							"post": [2.305, 2.45, 0],
							"lerp_mode": "catmullrom"
						},
						"4.1": {
							"post": [2.43, 2.72, 0],
							"lerp_mode": "catmullrom"
						},
						"4.5667": {
							"post": [2.19, 2.48, 0],
							"lerp_mode": "catmullrom"
						},
						"4.7667": {
							"post": [2.19, 0.78, 0],
							"lerp_mode": "catmullrom"
						},
						"4.9667": {
							"post": [1.365, 0.78, 0],
							"lerp_mode": "catmullrom"
						},
						"5.1667": [0.895, -0.345, 0],
						"5.3": [1.595, -0.845, 0],
						"5.3667": [1.3, -2.64, 0],
						"5.5": {
							"pre": [1.3, -1.29, 0],
							"post": [1.3, -1.29, 0],
							"lerp_mode": "catmullrom"
						},
						"5.6333": {
							"post": [1.29, -1.185, 0],
							"lerp_mode": "catmullrom"
						},
						"5.9333": {
							"post": [1.3, -1.29, 0],
							"lerp_mode": "catmullrom"
						},
						"5.9667": [1.4, -1.34, 0],
						"6.0": [1.525, -0.515, 0],
						"6.1333": [1.555, -1.21, 0],
						"6.3333": {
							"pre": [1.42, -1.75, -1.27],
							"post": [1.42, -1.75, -1.27],
							"lerp_mode": "catmullrom"
						},
						"6.4667": {
							"post": [0, -1.4, -3],
							"lerp_mode": "catmullrom"
						},
						"6.6333": {
							"post": [0, 0, 1],
							"lerp_mode": "catmullrom"
						},
						"6.8333": {
							"post": [0, 0, 0],
							"lerp_mode": "catmullrom"
						},
						"7.1": [0, 0, 0]
					}
				},
				"mag_and_lefthand": {
					"rotation": {
						"0.0": [0, 0, 0],
						"0.6667": {
							"pre": [0, 0, 0],
							"post": [0, 0, 0],
							"lerp_mode": "catmullrom"
						},
						"0.7333": {
							"post": [-16.21373, 1.1697, -8.61153],
							"lerp_mode": "catmullrom"
						},
						"0.8333": {
							"post": [-34.22554, -3.39694, 17.01952],
							"lerp_mode": "catmullrom"
						},
						"1.0333": {
							"post": [-35.7602, -1.55274, 8.41059],
							"lerp_mode": "catmullrom"
						},
						"1.1667": {
							"post": [-38.2602, -1.55274, 8.41059],
							"lerp_mode": "catmullrom"
						},
						"1.3667": {
							"post": [-38.2602, -1.55274, 8.41059],
							"lerp_mode": "catmullrom"
						},
						"1.5333": {
							"post": [-16.60049, -1.3166, 6.08366],
							"lerp_mode": "catmullrom"
						},
						"1.6667": [-3.75954, 1.99515, -9.58422],
						"1.7667": [-3.85862, 1.79581, -12.57923],
						"1.8333": [-2.57, 1.2, -8.39],
						"1.8667": [0, 0, 0]
					},
					"position": {
						"0.0": [0, 0, 0],
						"0.6": [0, 0, 0],
						"0.6333": [0, -1.05, 0],
						"0.6667": {
							"pre": [0, -4.2, 0],
							"post": [0, -4.2, 0],
							"lerp_mode": "catmullrom"
						},
						"0.8": {
							"post": [3, -2.4, 0],
							"lerp_mode": "catmullrom"
						},
						"0.9333": {
							"post": [4, -0.2, 0],
							"lerp_mode": "catmullrom"
						},
						"1.0667": {
							"post": [4, -0.2, 0],
							"lerp_mode": "catmullrom"
						},
						"1.2": {
							"post": [4, -0.2, 0],
							"lerp_mode": "catmullrom"
						},
						"1.3667": {
							"post": [4, -0.2, 0],
							"lerp_mode": "catmullrom"
						},
						"1.5": {
							"post": [2.75, -3.54, -0.17],
							"lerp_mode": "catmullrom"
						},
						"1.6667": [0.875, -3.3, -0.4],
						"1.7667": [1.1, -3.3, -0.4],
						"1.8333": [0.505, -2.2, -0.27],
						"1.8667": [0, 0, 0]
					}
				},
				"lefthand": {
					"rotation": {
						"0.0": {
							"post": [96.9594, -29.1425, -146.85684],
							"lerp_mode": "catmullrom"
						},
						"0.4333": {
							"post": [105.43197, -66.56502, -157.66772],
							"lerp_mode": "catmullrom"
						},
						"0.6333": {
							"post": [115.43197, -66.56502, -157.66772],
							"lerp_mode": "catmullrom"
						},
						"2.0": {
							"post": [115.43197, -66.56502, -157.66772],
							"lerp_mode": "catmullrom"
						},
						"2.2": {
							"post": [321.07157, -76.56601, -364.01873],
							"lerp_mode": "catmullrom"
						},
						"3.3": {
							"post": [180.08366, -73.23053, -222.73332],
							"lerp_mode": "catmullrom"
						},
						"3.8667": {
							"post": [180.08366, -73.23053, -222.73332],
							"lerp_mode": "catmullrom"
						},
						"4.6333": {
							"post": [346.30623, -87.77389, -389.9457],
							"lerp_mode": "catmullrom"
						},
						"4.9667": {
							"post": [84.06962, -34.41748, -173.27813],
							"lerp_mode": "catmullrom"
						},
						"6.0": {
							"post": [70.06962, -34.41748, -173.27813],
							"lerp_mode": "catmullrom"
						},
						"6.5333": {
							"post": [96.9594, -29.1425, -146.85684],
							"lerp_mode": "catmullrom"
						}
					},
					"position": {
						"0.0": {
							"post": [8.4187, -11.62, -12.02],
							"lerp_mode": "catmullrom"
						},
						"0.3": {
							"post": [6.92, -16.22, -8.22],
							"lerp_mode": "catmullrom"
						},
						"0.6333": {
							"post": [6.495, -16.22, -7.82],
							"lerp_mode": "catmullrom"
						},
						"2.0": {
							"post": [6.495, -16.22, -7.82],
							"lerp_mode": "catmullrom"
						},
						"2.4333": {
							"post": [6.5187, -11.22, -13.42],
							"lerp_mode": "catmullrom"
						},
						"4.6333": {
							"post": [6.5187, -11.22, -13.42],
							"lerp_mode": "catmullrom"
						},
						"4.9667": {
							"post": [8.4187, -10.22, -12.02],
							"lerp_mode": "catmullrom"
						},
						"6.0": {
							"post": [8.4187, -10.22, -12.02],
							"lerp_mode": "catmullrom"
						},
						"6.5333": {
							"post": [8.4187, -11.62, -12.02],
							"lerp_mode": "catmullrom"
						}
					},
					"scale": [1, 1.5, 1]
				},
				"righthand": {
					"rotation": {
						"0.0": {
							"post": [96.07, 8.95, -179.05],
							"lerp_mode": "catmullrom"
						},
						"2.0": {
							"post": [96.07, 8.95, -179.05],
							"lerp_mode": "catmullrom"
						},
						"2.5": {
							"post": [114.5979, -45.67673, -186.17139],
							"lerp_mode": "catmullrom"
						},
						"3.1667": {
							"post": [114.5979, -45.67673, -186.17139],
							"lerp_mode": "catmullrom"
						},
						"3.9": {
							"post": [128.27082, -39.99963, -197.42298],
							"lerp_mode": "catmullrom"
						},
						"4.2": {
							"post": [128.27082, -39.99963, -197.42298],
							"lerp_mode": "catmullrom"
						},
						"4.4667": {
							"post": [128.27082, -39.99963, -197.42298],
							"lerp_mode": "catmullrom"
						},
						"4.9333": {
							"post": [141.80494, -10.0236, -175.99998],
							"lerp_mode": "catmullrom"
						},
						"5.3": {
							"post": [120.08614, -2.21436, -176.76982],
							"lerp_mode": "catmullrom"
						},
						"5.4": {
							"post": [150.08614, -2.21436, -176.76982],
							"lerp_mode": "catmullrom"
						},
						"5.9667": {
							"post": [150.08614, -2.21436, -176.76982],
							"lerp_mode": "catmullrom"
						},
						"6.0333": {
							"post": [119.31582, -10.26834, -172.71238],
							"lerp_mode": "catmullrom"
						},
						"6.2333": {
							"post": [119.39778, -5.34103, -157.20769],
							"lerp_mode": "catmullrom"
						},
						"6.6667": {
							"post": [96.07, 8.95, -179.05],
							"lerp_mode": "catmullrom"
						}
					},
					"position": {
						"0.0": {
							"post": [-6.5, -14.3, -1.7],
							"lerp_mode": "catmullrom"
						},
						"2.0": {
							"post": [-6.5, -14.3, -1.7],
							"lerp_mode": "catmullrom"
						},
						"2.5": {
							"post": [-6.5, -11.2, -0.2],
							"lerp_mode": "catmullrom"
						},
						"4.2333": {
							"post": [-6.5, -11.2, -0.2],
							"lerp_mode": "catmullrom"
						},
						"4.6333": {
							"post": [-7.3, -11.7, 1.3],
							"lerp_mode": "catmullrom"
						},
						"4.9333": {
							"post": [-8.8, -10, -7.5],
							"lerp_mode": "catmullrom"
						},
						"5.3333": {
							"post": [-8.8, -10, -7.5],
							"lerp_mode": "catmullrom"
						},
						"5.4": {
							"post": [-9.3, -10.6, -5.4],
							"lerp_mode": "catmullrom"
						},
						"5.9667": {
							"post": [-9.3, -10.6, -5.4],
							"lerp_mode": "catmullrom"
						},
						"6.0333": {
							"post": [-9.16, -10.66, -7.58],
							"lerp_mode": "catmullrom"
						},
						"6.2667": {
							"post": [-10, -11.6, -7.5],
							"lerp_mode": "catmullrom"
						},
						"6.6667": {
							"post": [-6.5, -14.3, -1.7],
							"lerp_mode": "catmullrom"
						}
					},
					"scale": [1, 1.5, 1]
				},
				"camera": {
					"rotation": {
						"0.0": {
							"post": [0, 0, 0],
							"lerp_mode": "catmullrom"
						},
						"0.2333": {
							"post": [-0.14, 0.61, 0.55],
							"lerp_mode": "catmullrom"
						},
						"0.4": {
							"post": [-0.72, 0.78, -0.74],
							"lerp_mode": "catmullrom"
						},
						"0.5667": {
							"post": [-1, 0.75, -1.25],
							"lerp_mode": "catmullrom"
						},
						"0.6667": {
							"post": [0.75, 0, 1.5],
							"lerp_mode": "catmullrom"
						},
						"0.7333": {
							"post": [0.75, -0.25, -0.75],
							"lerp_mode": "catmullrom"
						},
						"0.8667": {
							"post": [-0.15, -0.77, 0.58],
							"lerp_mode": "catmullrom"
						},
						"1.1333": {
							"post": [0.25, -0.25, -0.75],
							"lerp_mode": "catmullrom"
						},
						"1.5": {
							"post": [-0.5, 0.25, 0.25],
							"lerp_mode": "catmullrom"
						},
						"1.6333": {
							"post": [0.56, 0.18, 0.6],
							"lerp_mode": "catmullrom"
						},
						"1.8": {
							"post": [0.5, 0, -0.25],
							"lerp_mode": "catmullrom"
						},
						"1.8667": {
							"post": [-0.5, 0.75, 0.75],
							"lerp_mode": "catmullrom"
						},
						"1.9": {
							"post": [-0.25, 0.5, -0.5],
							"lerp_mode": "catmullrom"
						},
						"2.0333": {
							"post": [0.25, -0.25, 0.5],
							"lerp_mode": "catmullrom"
						},
						"2.1667": {
							"post": [-0.75, -1.25, 1.5],
							"lerp_mode": "catmullrom"
						},
						"2.3": {
							"post": [-1.5, -0.5, 0.75],
							"lerp_mode": "catmullrom"
						},
						"2.6": {
							"post": [-1, -0.25, 0.5],
							"lerp_mode": "catmullrom"
						},
						"2.8333": {
							"post": [-0.5, 0.25, -0.25],
							"lerp_mode": "catmullrom"
						},
						"3.1": {
							"post": [0.16, -0.09, -0.05],
							"lerp_mode": "catmullrom"
						},
						"3.5": {
							"post": [2.55, -1.43, -0.19],
							"lerp_mode": "catmullrom"
						},
						"3.9": {
							"post": [3.5, -2.75, -7.75],
							"lerp_mode": "catmullrom"
						},
						"4.2667": {
							"post": [3.34, -2.695, -5.68],
							"lerp_mode": "catmullrom"
						},
						"4.5333": {
							"post": [4.84, -0.695, -4.43],
							"lerp_mode": "catmullrom"
						},
						"4.7333": {
							"post": [2.95, 0.37, -2.26],
							"lerp_mode": "catmullrom"
						},
						"4.9": {
							"post": [1.51, -1.18, -0.06],
							"lerp_mode": "catmullrom"
						},
						"5.1333": {
							"post": [-1.41, -0.945, 2.07],
							"lerp_mode": "catmullrom"
						},
						"5.3": {
							"post": [-1.66, -0.445, 1.57],
							"lerp_mode": "catmullrom"
						},
						"5.3333": {
							"post": [-0.93, -0.16, 3.79],
							"lerp_mode": "catmullrom"
						},
						"5.3667": {
							"post": [1.84, 0.055, -1.93],
							"lerp_mode": "catmullrom"
						},
						"5.4667": {
							"post": [0.66, 0.96, -2.17],
							"lerp_mode": "catmullrom"
						},
						"5.6": {
							"post": [-0.7, 0.57, -1.19],
							"lerp_mode": "catmullrom"
						},
						"5.7333": {
							"post": [-0.91, -0.44, -1.18],
							"lerp_mode": "catmullrom"
						},
						"5.9667": {
							"post": [0.34, 0.29, -0.68],
							"lerp_mode": "catmullrom"
						},
						"6.0": {
							"post": [-0.21, -0.03, 1.1],
							"lerp_mode": "catmullrom"
						},
						"6.0333": {
							"post": [-0.91, -0.44, -1.93],
							"lerp_mode": "catmullrom"
						},
						"6.2667": {
							"post": [-0.09, 0.25, -1.05],
							"lerp_mode": "catmullrom"
						},
						"6.4333": {
							"post": [-0.09, 0.25, 0.7],
							"lerp_mode": "catmullrom"
						},
						"6.6667": {
							"post": [0.25, 0.25, -0.75],
							"lerp_mode": "catmullrom"
						},
						"6.8333": {
							"post": [0, 0, 0.25],
							"lerp_mode": "catmullrom"
						},
						"7.0": {
							"post": [0, 0, 0],
							"lerp_mode": "catmullrom"
						},
						"7.1667": {
							"post": [0, 0, 0],
							"lerp_mode": "catmullrom"
						}
					}
				},
				"bolt": {
					"position": {
						"5.3": [0, 0, 0],
						"5.4": [0, 0, 2.7],
						"5.9667": [0, 0, 2.7],
						"6.0333": [0, 0, 0]
					}
				},
				"mag_release": {
					"position": {
						"0.6": [0, 0, 0],
						"0.6667": [0.25, 0, 0],
						"0.9": [0, 0, 0],
						"1.8": [0, 0, 0],
						"1.8667": [0.25, 0, 0],
						"2.1": [0, 0, 0]
					}
				}
			}
		},
		"inspect_empty": {
			"animation_length": 7.1667,
			"bones": {
				"root": {
					"rotation": {
						"0.0": {
							"post": [0, 0, 0],
							"lerp_mode": "catmullrom"
						},
						"0.2": {
							"post": [-1.04207, -5.72963, 11.12444],
							"lerp_mode": "catmullrom"
						},
						"0.3333": {
							"post": [-1, -12.5, -15],
							"lerp_mode": "catmullrom"
						},
						"0.4667": {
							"post": [-1.07035, -12.84005, -23.52631],
							"lerp_mode": "catmullrom"
						},
						"0.6333": [-9.57236, -12.20963, -18.49348],
						"0.6667": [-9.57236, -12.20963, -6.74348],
						"0.8": {
							"pre": [-9.57, -12.21, -7.84],
							"post": [-9.57, -12.21, -7.84],
							"lerp_mode": "catmullrom"
						},
						"0.9333": {
							"post": [-9.57236, -12.20963, -22.74348],
							"lerp_mode": "catmullrom"
						},
						"1.1333": {
							"post": [-9.57236, -12.20963, -20.74348],
							"lerp_mode": "catmullrom"
						},
						"1.3333": {
							"post": [-9.57236, -12.20963, -22.24348],
							"lerp_mode": "catmullrom"
						},
						"1.5333": {
							"post": [-9.57236, -12.20963, -41.49348],
							"lerp_mode": "catmullrom"
						},
						"1.7667": {
							"post": [-9.57236, -12.20963, -21.99348],
							"lerp_mode": "catmullrom"
						},
						"1.8333": [-9.57236, -12.20963, -19.99348],
						"1.8667": [-12.82236, -12.20963, -28.24348],
						"1.9667": {
							"pre": [-12.1, -12.21, -33],
							"post": [-12.1, -12.21, -33],
							"lerp_mode": "catmullrom"
						},
						"2.1": {
							"post": [-9.57236, -12.20963, -21.99348],
							"lerp_mode": "catmullrom"
						},
						"2.3": {
							"post": [3.80669, -33.61204, 6.14258],
							"lerp_mode": "catmullrom"
						},
						"2.5333": {
							"post": [22, -62, -36],
							"lerp_mode": "catmullrom"
						},
						"2.7667": {
							"post": [29.16505, -62.78811, -52.65837],
							"lerp_mode": "catmullrom"
						},
						"3.0667": {
							"post": [13.94169, -65.22362, -33.00611],
							"lerp_mode": "catmullrom"
						},
						"3.3667": {
							"post": [-1.93538, -69.80388, -15.93583],
							"lerp_mode": "catmullrom"
						},
						"4.0": {
							"post": [0, -87.75, 10.75],
							"lerp_mode": "catmullrom"
						},
						"4.5667": {
							"post": [0, -86.25, 7.75],
							"lerp_mode": "catmullrom"
						},
						"4.7333": {
							"post": [-15.8145, -43.55574, 15.03929],
							"lerp_mode": "catmullrom"
						},
						"4.9667": {
							"post": [-39.8941, 21.18347, 61.99144],
							"lerp_mode": "catmullrom"
						},
						"5.3": [-40.39, 22.51, 60.71],
						"5.5": {
							"pre": [-41.08257, 5.68082, 59.69791],
							"post": [-41.08257, 5.68082, 59.69791],
							"lerp_mode": "catmullrom"
						},
						"5.7": {
							"post": [-40.73, 12.62, 55.04],
							"lerp_mode": "catmullrom"
						},
						"5.9333": {
							"post": [-40.39, 22.51, 55.96],
							"lerp_mode": "catmullrom"
						},
						"6.1": [-40.39, 22.51, 53.96],
						"6.3333": {
							"pre": [-17.47, 15.86, 47.38],
							"post": [-17.47, 15.86, 47.38],
							"lerp_mode": "catmullrom"
						},
						"6.5333": {
							"post": [6.28335, -2.22488, 4.89952],
							"lerp_mode": "catmullrom"
						},
						"6.7": {
							"post": [-0.11701, -0.07781, -3.18542],
							"lerp_mode": "catmullrom"
						},
						"6.9": {
							"post": [0, 0, 0],
							"lerp_mode": "catmullrom"
						},
						"7.1667": [0, 0, 0]
					},
					"position": {
						"0.0": {
							"post": [0, 0, 0],
							"lerp_mode": "catmullrom"
						},
						"0.1667": {
							"post": [0, -0.5, 0],
							"lerp_mode": "catmullrom"
						},
						"0.2667": {
							"post": [0, 1, 0],
							"lerp_mode": "catmullrom"
						},
						"0.4333": {
							"post": [0.025, 0.925, 0],
							"lerp_mode": "catmullrom"
						},
						"0.6333": [0.025, -0.075, 0],
						"0.6667": [-0.775, -0.625, 0],
						"0.7667": {
							"pre": [-0.47, -1.2, 0],
							"post": [-0.47, -1.2, 0],
							"lerp_mode": "catmullrom"
						},
						"0.8667": {
							"post": [0.03, 0.28, 0],
							"lerp_mode": "catmullrom"
						},
						"1.0333": {
							"post": [0.03, 0.155, 0],
							"lerp_mode": "catmullrom"
						},
						"1.1667": {
							"post": [0.03, 0.06, 0],
							"lerp_mode": "catmullrom"
						},
						"1.3333": {
							"post": [0.03, 0.06, 0],
							"lerp_mode": "catmullrom"
						},
						"1.4667": {
							"post": [-0.195, 0.46, 0],
							"lerp_mode": "catmullrom"
						},
						"1.6": {
							"post": [-0.19, -0.14, 0],
							"lerp_mode": "catmullrom"
						},
						"1.7": {
							"post": [-0.19, -0.065, 0],
							"lerp_mode": "catmullrom"
						},
						"1.8333": [-0.19, 0.11, 0],
						"1.8667": [-0.54, 0.24, 0],
						"2.0": {
							"pre": [-0.19, -0.065, 0],
							"post": [-0.19, -0.065, 0],
							"lerp_mode": "catmullrom"
						},
						"2.1667": {
							"post": [-0.11, -0.19, 0],
							"lerp_mode": "catmullrom"
						},
						"2.4333": {
							"post": [0.97, 1.36, 0],
							"lerp_mode": "catmullrom"
						},
						"2.6": {
							"post": [0, 2.1, 0],
							"lerp_mode": "catmullrom"
						},
						"2.8667": {
							"post": [0, 1.8, 0],
							"lerp_mode": "catmullrom"
						},
						"3.0333": [0.125, 1.9, 0],
						"3.3333": [0.13, 1.9, 0],
						"3.5": {
							"pre": [0.48, 1.615, 0],
							"post": [0.48, 1.615, 0],
							"lerp_mode": "catmullrom"
						},
						"3.9": {
							"post": [2.305, 2.45, 0],
							"lerp_mode": "catmullrom"
						},
						"4.1": {
							"post": [2.43, 2.72, 0],
							"lerp_mode": "catmullrom"
						},
						"4.5667": {
							"post": [2.19, 2.48, 0],
							"lerp_mode": "catmullrom"
						},
						"4.7667": {
							"post": [2.19, 0.78, 0],
							"lerp_mode": "catmullrom"
						},
						"4.9667": {
							"post": [1.365, 0.78, 0],
							"lerp_mode": "catmullrom"
						},
						"5.1667": [0.895, -0.345, 0],
						"5.3": [1.595, -0.845, 0],
						"5.5": {
							"pre": [1.3, -1.29, 0],
							"post": [1.3, -1.29, 0],
							"lerp_mode": "catmullrom"
						},
						"5.6333": {
							"post": [1.29, -1.185, 0],
							"lerp_mode": "catmullrom"
						},
						"5.9333": {
							"post": [1.3, -1.29, 0],
							"lerp_mode": "catmullrom"
						},
						"6.1333": [1.555, -1.21, 0],
						"6.3333": {
							"pre": [1.42, -1.75, -1.27],
							"post": [1.42, -1.75, -1.27],
							"lerp_mode": "catmullrom"
						},
						"6.4667": {
							"post": [0, -1.4, -3],
							"lerp_mode": "catmullrom"
						},
						"6.6333": {
							"post": [0, 0, 1],
							"lerp_mode": "catmullrom"
						},
						"6.8333": {
							"post": [0, 0, 0],
							"lerp_mode": "catmullrom"
						},
						"7.1": [0, 0, 0]
					}
				},
				"mag_and_lefthand": {
					"rotation": {
						"0.0": [0, 0, 0],
						"0.6667": {
							"pre": [0, 0, 0],
							"post": [0, 0, 0],
							"lerp_mode": "catmullrom"
						},
						"0.7333": {
							"post": [-16.21373, 1.1697, -8.61153],
							"lerp_mode": "catmullrom"
						},
						"0.8333": {
							"post": [-34.22554, -3.39694, 17.01952],
							"lerp_mode": "catmullrom"
						},
						"1.0333": {
							"post": [-35.7602, -1.55274, 8.41059],
							"lerp_mode": "catmullrom"
						},
						"1.1667": {
							"post": [-38.2602, -1.55274, 8.41059],
							"lerp_mode": "catmullrom"
						},
						"1.3667": {
							"post": [-38.2602, -1.55274, 8.41059],
							"lerp_mode": "catmullrom"
						},
						"1.5333": {
							"post": [-16.60049, -1.3166, 6.08366],
							"lerp_mode": "catmullrom"
						},
						"1.6667": [-3.75954, 1.99515, -9.58422],
						"1.7667": [-3.85862, 1.79581, -12.57923],
						"1.8333": [-2.57, 1.2, -8.39],
						"1.8667": [0, 0, 0]
					},
					"position": {
						"0.0": [0, 0, 0],
						"0.6": [0, 0, 0],
						"0.6333": [0, -1.05, 0],
						"0.6667": {
							"pre": [0, -4.2, 0],
							"post": [0, -4.2, 0],
							"lerp_mode": "catmullrom"
						},
						"0.8": {
							"post": [3, -2.4, 0],
							"lerp_mode": "catmullrom"
						},
						"0.9333": {
							"post": [4, -0.2, 0],
							"lerp_mode": "catmullrom"
						},
						"1.0667": {
							"post": [4, -0.2, 0],
							"lerp_mode": "catmullrom"
						},
						"1.2": {
							"post": [4, -0.2, 0],
							"lerp_mode": "catmullrom"
						},
						"1.3667": {
							"post": [4, -0.2, 0],
							"lerp_mode": "catmullrom"
						},
						"1.5": {
							"post": [2.75, -3.54, -0.17],
							"lerp_mode": "catmullrom"
						},
						"1.6667": [0.875, -3.3, -0.4],
						"1.7667": [0.6, -3.3, -0.4],
						"1.8333": [0.255, -2.2, -0.27],
						"1.8667": [-0.3, 0, 0],
						"2.0333": [0, 0, 0]
					}
				},
				"bullet": {
					"scale": 0
				},
				"lefthand": {
					"rotation": {
						"0.0": {
							"post": [96.9594, -29.1425, -146.85684],
							"lerp_mode": "catmullrom"
						},
						"0.4333": {
							"post": [105.43197, -66.56502, -157.66772],
							"lerp_mode": "catmullrom"
						},
						"0.6333": {
							"post": [115.43197, -66.56502, -157.66772],
							"lerp_mode": "catmullrom"
						},
						"2.0": {
							"post": [115.43197, -66.56502, -157.66772],
							"lerp_mode": "catmullrom"
						},
						"2.2": {
							"post": [321.07157, -76.56601, -364.01873],
							"lerp_mode": "catmullrom"
						},
						"3.3": {
							"post": [180.08366, -73.23053, -222.73332],
							"lerp_mode": "catmullrom"
						},
						"3.8667": {
							"post": [180.08366, -73.23053, -222.73332],
							"lerp_mode": "catmullrom"
						},
						"4.6333": {
							"post": [346.30623, -87.77389, -389.9457],
							"lerp_mode": "catmullrom"
						},
						"4.9667": {
							"post": [84.06962, -34.41748, -173.27813],
							"lerp_mode": "catmullrom"
						},
						"6.0": {
							"post": [70.06962, -34.41748, -173.27813],
							"lerp_mode": "catmullrom"
						},
						"6.5333": {
							"post": [96.9594, -29.1425, -146.85684],
							"lerp_mode": "catmullrom"
						}
					},
					"position": {
						"0.0": {
							"post": [8.4187, -11.62, -12.02],
							"lerp_mode": "catmullrom"
						},
						"0.3": {
							"post": [6.92, -16.22, -8.22],
							"lerp_mode": "catmullrom"
						},
						"0.6333": {
							"post": [6.495, -16.22, -7.82],
							"lerp_mode": "catmullrom"
						},
						"2.0": {
							"post": [6.495, -16.22, -7.82],
							"lerp_mode": "catmullrom"
						},
						"2.4333": {
							"post": [6.5187, -11.22, -13.42],
							"lerp_mode": "catmullrom"
						},
						"4.6333": {
							"post": [6.5187, -11.22, -13.42],
							"lerp_mode": "catmullrom"
						},
						"4.9667": {
							"post": [8.4187, -10.22, -12.02],
							"lerp_mode": "catmullrom"
						},
						"6.0": {
							"post": [8.4187, -10.22, -12.02],
							"lerp_mode": "catmullrom"
						},
						"6.5333": {
							"post": [8.4187, -11.62, -12.02],
							"lerp_mode": "catmullrom"
						}
					},
					"scale": [1, 1.5, 1]
				},
				"gun_and_righthand": {
					"rotation": {
						"1.4667": {
							"pre": [0, 0, 0],
							"post": [0, 0, 0],
							"lerp_mode": "catmullrom"
						},
						"1.5333": {
							"post": [-1.00009, 0.74989, 0.41191],
							"lerp_mode": "catmullrom"
						},
						"1.6667": {
							"post": [1.00009, 0.74989, -0.05691],
							"lerp_mode": "catmullrom"
						},
						"2.1": {
							"post": [0, 0, -0.32],
							"lerp_mode": "catmullrom"
						},
						"2.7667": {
							"post": [0, 0, -0.32],
							"lerp_mode": "catmullrom"
						},
						"3.0": {
							"post": [0, 0, -0.32],
							"lerp_mode": "catmullrom"
						},
						"3.2": {
							"post": [0, 0, 0],
							"lerp_mode": "catmullrom"
						}
					},
					"position": {
						"1.4667": {
							"pre": [0, 0, 0],
							"post": [0, 0, 0],
							"lerp_mode": "catmullrom"
						},
						"1.5667": {
							"post": [-0.125, 0.2, 0],
							"lerp_mode": "catmullrom"
						},
						"1.7667": {
							"post": [-0.175, -0.025, 0],
							"lerp_mode": "catmullrom"
						},
						"2.6333": {
							"post": [-0.1, -0.08, 0],
							"lerp_mode": "catmullrom"
						},
						"2.9333": {
							"post": [-0.1, 0.02, 0],
							"lerp_mode": "catmullrom"
						},
						"3.1333": {
							"post": [0, 0, 0],
							"lerp_mode": "catmullrom"
						}
					}
				},
				"mag_release": {
					"position": {
						"0.6": [0, 0, 0],
						"0.6667": [0.25, 0, 0],
						"0.9": [0, 0, 0],
						"1.8": [0, 0, 0],
						"1.8667": [0.25, 0, 0],
						"2.1": [0, 0, 0]
					}
				},
				"pull2": {
					"position": {
						"4.2667": [0, 0, 0],
						"4.4": [0, 0, 3],
						"4.5": [0, 0, 3.1],
						"4.6667": [0, 0, 2.945],
						"4.8667": [0, 0, 2.88],
						"5.0": [0, 0, 3],
						"5.0333": [0, 0, 0]
					}
				},
				"righthand": {
					"rotation": {
						"0.0": {
							"post": [96.07, 8.95, -179.05],
							"lerp_mode": "catmullrom"
						},
						"2.0": {
							"post": [96.07, 8.95, -179.05],
							"lerp_mode": "catmullrom"
						},
						"2.5": {
							"post": [114.5979, -45.67673, -186.17139],
							"lerp_mode": "catmullrom"
						},
						"3.1667": {
							"post": [114.5979, -45.67673, -186.17139],
							"lerp_mode": "catmullrom"
						},
						"3.9": {
							"post": [128.27082, -39.99963, -197.42298],
							"lerp_mode": "catmullrom"
						},
						"4.2": {
							"post": [128.27082, -39.99963, -197.42298],
							"lerp_mode": "catmullrom"
						},
						"4.4667": {
							"post": [128.27082, -39.99963, -197.42298],
							"lerp_mode": "catmullrom"
						},
						"4.9333": {
							"post": [137.42326, -14.61384, -161.59878],
							"lerp_mode": "catmullrom"
						},
						"5.3": {
							"post": [120.08614, -2.21436, -176.76982],
							"lerp_mode": "catmullrom"
						},
						"5.4": {
							"post": [150.08614, -2.21436, -176.76982],
							"lerp_mode": "catmullrom"
						},
						"5.9667": {
							"post": [150.08614, -2.21436, -176.76982],
							"lerp_mode": "catmullrom"
						},
						"6.0333": {
							"post": [119.31582, -10.26834, -172.71238],
							"lerp_mode": "catmullrom"
						},
						"6.2333": {
							"post": [119.39778, -5.34103, -157.20769],
							"lerp_mode": "catmullrom"
						},
						"6.6667": {
							"post": [96.07, 8.95, -179.05],
							"lerp_mode": "catmullrom"
						}
					},
					"position": {
						"0.0": {
							"post": [-6.5, -14.3, -1.7],
							"lerp_mode": "catmullrom"
						},
						"2.0": {
							"post": [-6.5, -14.3, -1.7],
							"lerp_mode": "catmullrom"
						},
						"2.5": {
							"post": [-6.5, -11.2, -0.2],
							"lerp_mode": "catmullrom"
						},
						"4.2333": {
							"post": [-6.5, -11.2, -0.2],
							"lerp_mode": "catmullrom"
						},
						"4.6333": {
							"post": [-7.3, -11.7, 1.3],
							"lerp_mode": "catmullrom"
						},
						"4.9333": {
							"post": [-7.8, -12, -4.5],
							"lerp_mode": "catmullrom"
						},
						"5.3333": {
							"post": [-9.3, -10.6, -3.4],
							"lerp_mode": "catmullrom"
						},
						"5.4": {
							"post": [-9.3, -10.6, -3.4],
							"lerp_mode": "catmullrom"
						},
						"5.9667": {
							"post": [-9.3, -10.6, -3.4],
							"lerp_mode": "catmullrom"
						},
						"6.0333": {
							"post": [-9.3, -10.6, -3.4],
							"lerp_mode": "catmullrom"
						},
						"6.2667": {
							"post": [-10, -11.6, -7.5],
							"lerp_mode": "catmullrom"
						},
						"6.6667": {
							"post": [-6.5, -14.3, -1.7],
							"lerp_mode": "catmullrom"
						}
					},
					"scale": [1, 1.5, 1]
				},
				"camera": {
					"rotation": {
						"0.0": {
							"post": [0, 0, 0],
							"lerp_mode": "catmullrom"
						},
						"0.2333": {
							"post": [-0.14, 0.61, 0.55],
							"lerp_mode": "catmullrom"
						},
						"0.4": {
							"post": [-0.72, 0.78, -0.74],
							"lerp_mode": "catmullrom"
						},
						"0.5667": {
							"post": [-1, 0.75, -1.25],
							"lerp_mode": "catmullrom"
						},
						"0.6667": {
							"post": [0.75, 0, 1.5],
							"lerp_mode": "catmullrom"
						},
						"0.7333": {
							"post": [0.75, -0.25, -0.75],
							"lerp_mode": "catmullrom"
						},
						"0.8667": {
							"post": [-0.15, -0.77, 0.58],
							"lerp_mode": "catmullrom"
						},
						"1.1333": {
							"post": [0.25, -0.25, -0.75],
							"lerp_mode": "catmullrom"
						},
						"1.5": {
							"post": [-0.5, 0.25, 0.25],
							"lerp_mode": "catmullrom"
						},
						"1.6333": {
							"post": [0.56, 0.18, 0.6],
							"lerp_mode": "catmullrom"
						},
						"1.8": {
							"post": [0.5, 0, -0.25],
							"lerp_mode": "catmullrom"
						},
						"1.8667": {
							"post": [-0.5, 0.75, 0.75],
							"lerp_mode": "catmullrom"
						},
						"1.9": {
							"post": [-0.25, 0.5, -0.5],
							"lerp_mode": "catmullrom"
						},
						"2.0333": {
							"post": [0.25, -0.25, 0.5],
							"lerp_mode": "catmullrom"
						},
						"2.1667": {
							"post": [-0.75, -1.25, 1.5],
							"lerp_mode": "catmullrom"
						},
						"2.3": {
							"post": [-1.5, -0.5, 0.75],
							"lerp_mode": "catmullrom"
						},
						"2.6": {
							"post": [-1, -0.25, 0.5],
							"lerp_mode": "catmullrom"
						},
						"2.8333": {
							"post": [-0.5, 0.25, -0.25],
							"lerp_mode": "catmullrom"
						},
						"3.1": {
							"post": [0.16, -0.09, -0.05],
							"lerp_mode": "catmullrom"
						},
						"3.5": {
							"post": [2.55, -1.43, -0.19],
							"lerp_mode": "catmullrom"
						},
						"3.9": {
							"post": [3.5, -2.75, -7.75],
							"lerp_mode": "catmullrom"
						},
						"4.2667": {
							"post": [3.34, -2.695, -5.68],
							"lerp_mode": "catmullrom"
						},
						"4.5333": {
							"post": [4.84, -0.695, -4.43],
							"lerp_mode": "catmullrom"
						},
						"4.7333": {
							"post": [2.95, 0.37, -2.26],
							"lerp_mode": "catmullrom"
						},
						"4.9": {
							"post": [1.51, -1.18, -0.06],
							"lerp_mode": "catmullrom"
						},
						"5.1333": {
							"post": [-1.41, -0.945, 2.07],
							"lerp_mode": "catmullrom"
						},
						"5.3": {
							"post": [-1.66, -0.445, 1.57],
							"lerp_mode": "catmullrom"
						},
						"5.4667": {
							"post": [0.66, 0.96, -2.17],
							"lerp_mode": "catmullrom"
						},
						"5.6": {
							"post": [-0.7, 0.57, -1.19],
							"lerp_mode": "catmullrom"
						},
						"5.7333": {
							"post": [-0.91, -0.44, -1.18],
							"lerp_mode": "catmullrom"
						},
						"5.9667": {
							"post": [0.34, 0.29, -0.68],
							"lerp_mode": "catmullrom"
						},
						"6.2667": {
							"post": [-0.09, 0.25, -1.05],
							"lerp_mode": "catmullrom"
						},
						"6.4333": {
							"post": [-0.09, 0.25, 0.7],
							"lerp_mode": "catmullrom"
						},
						"6.6667": {
							"post": [0.25, 0.25, -0.75],
							"lerp_mode": "catmullrom"
						},
						"6.8333": {
							"post": [0, 0, 0.25],
							"lerp_mode": "catmullrom"
						},
						"7.0": {
							"post": [0, 0, 0],
							"lerp_mode": "catmullrom"
						},
						"7.1667": {
							"post": [0, 0, 0],
							"lerp_mode": "catmullrom"
						}
					}
				},
				"bullet_in_mag": {
					"scale": 0
				},
				"bolt": {
					"position": [0, 0, 4.7]
				},
				"bolt_release": {
					"rotation": [0, 0, 12.5]
				}
			},
			"sound_effects": {
				"0.1": {
					"effect": "p01_ar_mike4_inspect_lift"
				},
				"1.4": {
					"effect": "p01_ar_mike4_reload_magout"
				},
				"2.4333": {
					"effect": "p06_ar_falpha_inspect_maghit1"
				},
				"2.7": {
					"effect": "p06_ar_falpha_inspect_maghit2"
				},
				"3.1667": {
					"effect": "p01_ar_mike4_inspect_maghit"
				},
				"3.3667": {
					"effect": "p01_ar_mike4_inspect_magin"
				},
				"3.9333": {
					"effect": "p01_ar_mike4_inspect_boltpull"
				},
				"4.9333": {
					"effect": "p01_ar_mike4_inspect_end"
				},
				"4.9667": {
					"effect": "p01_ar_mike4_inspect_boltclose"
				},
				"5.2667": {
					"effect": "p01_ar_mike4_hybrid01_off_arm"
				}
			}
		},
		"static_AFG": {
			"loop": true,
			"bones": {
				"lefthand": {
					"rotation": [99.23041, -26.24139, -160.11401],
					"position": [8.46875, -10.72, -12.945],
					"scale": [1, 1.5, 1]
				}
			}
		},
		"static_VG": {
			"loop": true,
			"bones": {
				"lefthand": {
					"rotation": [100.86151, -20.44318, -185.78357],
					"position": [7.14375, -13.47, -12.595],
					"scale": [1, 1.5, 1]
				}
			}
		},
		"static_semi": {
			"loop": true,
			"bones": {
				"selector": {
					"rotation": [0, 0, 0]
				}
			}
		},
		"select_auto": {
			"animation_length": 0.6667,
			"bones": {
				"righthand": {
					"rotation": {
						"0.0": [96.07, 8.95, -179.05],
						"0.0333": [96.07, 8.95, -179.05],
						"0.0667": [96.07, 8.95, -179.05],
						"0.1": [94.65, 8.89, -175.34],
						"0.1333": [93.22, 8.83, -171.63],
						"0.1667": [91.79, 8.77, -167.92],
						"0.2": [94.85, 9.01, -173.99],
						"0.2333": [94.43, 9.18, -189.18],
						"0.2667": [94.43, 9.18, -189.18],
						"0.3": [94.71, 9.14, -187.49],
						"0.3333": [94.98, 9.11, -185.8],
						"0.3667": [95.25, 9.07, -184.11],
						"0.4": [95.53, 9.03, -182.43],
						"0.4333": [95.8, 8.99, -180.74],
						"0.4667": [96.07, 8.95, -179.05]
					},
					"position": {
						"0.0": [-6.5, -14.3, -1.7],
						"0.0333": [-6.5, -14.3, -1.7],
						"0.0667": [-6.5, -14.3, -1.7],
						"0.1": [-6.5, -14.06, -1.57],
						"0.1333": [-6.5, -13.82, -1.43],
						"0.1667": [-6.5, -13.57, -1.3],
						"0.2": [-6.5, -13.57, -1.3],
						"0.2333": [-6.5, -13.57, -1.3],
						"0.2667": [-6.5, -13.57, -1.3],
						"0.3": [-6.5, -13.57, -1.3],
						"0.3333": [-6.5, -13.57, -1.3],
						"0.3667": [-6.5, -13.76, -1.4],
						"0.4": [-6.5, -13.94, -1.5],
						"0.4333": [-6.5, -14.12, -1.6],
						"0.4667": [-6.5, -14.3, -1.7]
					},
					"scale": [1, 1.5, 1]
				},
				"lefthand": {
					"rotation": [96.96, -29.14, -146.86],
					"position": [8.42, -11.62, -12.02],
					"scale": [1, 1.5, 1]
				},
				"root": {
					"rotation": {
						"0.0": [0, 0, 0],
						"0.0333": [0.57, 0.01, 0.02],
						"0.0667": [1.35, 0.04, 0.05],
						"0.1": [1.93, 0.05, 0.06],
						"0.1333": [2.16, 0.06, 0.13],
						"0.1667": [2.19, 0.06, 0.18],
						"0.2": [2.06, 0.05, -0.05],
						"0.2333": [1.37, 0, -1.48],
						"0.2667": [0.77, -0.04, -2.73],
						"0.3": [1.09, -0.04, -2.17],
						"0.3333": [1.6, -0.02, -1.39],
						"0.3667": [1.87, -0.02, -1.91],
						"0.4": [1.83, -0.03, -2.32],
						"0.4333": [1.53, -0.02, -1.96],
						"0.4667": [1.07, -0.01, -1.33],
						"0.5": [0.59, -0.01, -0.67],
						"0.5333": [0.25, 0, -0.2],
						"0.5667": [0.09, 0, -0.01],
						"0.6": [0.03, 0, 0.03],
						"0.6333": [0.01, 0, 0.01],
						"0.6667": [0, 0, 0]
					},
					"position": {
						"0.0": [0, 0, 0],
						"0.0333": [0, -0.01, 0.02],
						"0.0667": [0, -0.03, 0.04],
						"0.1": [0, -0.05, 0.06],
						"0.1333": [0, -0.07, 0.07],
						"0.1667": [0, -0.09, 0.07],
						"0.2": [0, -0.12, 0.08],
						"0.2333": [0, -0.19, 0.08],
						"0.2667": [0, -0.25, 0.08],
						"0.3": [0, -0.27, 0.02],
						"0.3333": [0, -0.26, -0.05],
						"0.3667": [0, -0.26, -0.12],
						"0.4": [0, -0.23, -0.15],
						"0.4333": [0, -0.19, -0.12],
						"0.4667": [0, -0.13, -0.06],
						"0.5": [0, -0.07, 0],
						"0.5333": [0, -0.02, 0.04],
						"0.5667": [0, -0.01, 0.04],
						"0.6": [0, 0, 0.03],
						"0.6333": [0, 0, 0.01],
						"0.6667": [0, 0, 0]
					}
				},
				"selector": {
					"rotation": {
						"0.1667": [0, 0, 0],
						"0.2": [-7, 0, 0],
						"0.2333": [-90, 0, 0]
					}
				},
				"camera": {
					"rotation": {
						"0.1": [0, 0, 0],
						"0.1333": [0, 0, 0.13],
						"0.1667": [0, 0, 0.26],
						"0.2": [0, 0, 0.39],
						"0.2333": [0, 0, 0.17],
						"0.2667": [0, 0, -0.05],
						"0.3": [0, 0, -0.27],
						"0.3333": [0, 0, -0.13],
						"0.3667": [0, 0, 0.01],
						"0.4": [0, 0, 0.15],
						"0.4333": [0, 0, 0.1],
						"0.4667": [0, 0, 0.05],
						"0.5": [0, 0, 0]
					}
				}
			}
		},
		"static_auto": {
			"loop": true,
			"bones": {
				"selector": {
					"rotation": [-90, 0, 0]
				}
			}
		},
		"select_semi": {
			"animation_length": 0.6667,
			"bones": {
				"righthand": {
					"rotation": {
						"0.0": [96.07, 8.95, -179.05],
						"0.0333": [96.07, 8.95, -179.05],
						"0.0667": [95.9, 5.5, -181.42],
						"0.1": [95.73, 2.06, -183.78],
						"0.1333": [95.55, -1.39, -186.15],
						"0.1667": [95.55, -0.72, -186.08],
						"0.2": [95.55, -0.06, -186.02],
						"0.2333": [95.55, 0.6, -185.96],
						"0.2667": [94.54, 2.51, -182.83],
						"0.3": [93.54, 4.41, -179.7],
						"0.3333": [91.21, 8.46, -177.46],
						"0.3667": [91.21, 6.46, -177.5],
						"0.4": [91.2, 4.46, -177.54],
						"0.4333": [93.64, 6.71, -178.3],
						"0.4667": [96.07, 8.95, -179.05]
					},
					"position": {
						"0.0": [-6.5, -14.3, -1.7],
						"0.0333": [-6.5, -14.3, -1.7],
						"0.1333": [-6.35, -13.15, -1.2],
						"0.2333": [-6.35, -13.15, -1.2],
						"0.3": [-6.48, -13.48, -1.305],
						"0.3333": [-6.6, -13.8, -0.95],
						"0.4": [-6.6, -13.95, -0.95],
						"0.4667": [-6.5, -14.3, -1.7]
					},
					"scale": {
						"0.0": [1, 1.5, 1],
						"0.4333": [1, 1.5, 1]
					}
				},
				"lefthand": {
					"rotation": [96.96, -29.14, -146.86],
					"position": [8.42, -11.62, -12.02],
					"scale": [1, 1.5, 1]
				},
				"root": {
					"rotation": {
						"0.0": [0, 0, 0],
						"0.0333": [0.32, -0.02, 0.57],
						"0.0667": [0.77, -0.04, 1.29],
						"0.1": [1.15, -0.08, 1.33],
						"0.1333": [1.39, -0.14, 0.09],
						"0.1667": [1.56, -0.21, -1.83],
						"0.2": [1.67, -0.27, -3.37],
						"0.2333": [1.72, -0.3, -4.54],
						"0.2667": [1.64, -0.32, -4.73],
						"0.3": [1.36, -0.37, -3.2],
						"0.3333": [1.1, -0.42, -1.64],
						"0.3667": [1.23, -0.39, -2.2],
						"0.4": [1.34, -0.32, -2.82],
						"0.4333": [1.25, -0.25, -2.38],
						"0.4667": [1.09, -0.15, -1.6],
						"0.5": [0.91, -0.06, -0.77],
						"0.5333": [0.73, 0, -0.2],
						"0.5667": [0.53, 0.02, 0.03],
						"0.6": [0.32, 0.02, 0.06],
						"0.6333": [0.13, 0.01, 0.02],
						"0.6667": [0, 0, 0]
					},
					"position": {
						"0.0": [0, 0, 0],
						"0.0333": [0, -0.06, 0.01],
						"0.0667": [0, -0.14, 0.03],
						"0.1": [0, -0.2, 0.06],
						"0.1333": [0, -0.22, 0.13],
						"0.1667": [0, -0.22, 0.22],
						"0.2": [0, -0.22, 0.28],
						"0.2333": [0, -0.25, 0.26],
						"0.2667": [0, -0.28, 0.23],
						"0.3": [0, -0.29, 0.23],
						"0.3333": [0, -0.28, 0.22],
						"0.3667": [0, -0.28, 0.11],
						"0.4": [0, -0.26, 0],
						"0.4333": [0, -0.21, -0.01],
						"0.4667": [0, -0.15, 0.01],
						"0.5": [0, -0.09, 0.03],
						"0.5333": [0, -0.05, 0.04],
						"0.5667": [0, -0.03, 0.03],
						"0.6": [0, -0.01, 0.02],
						"0.6333": [0, -0.01, 0.01],
						"0.6667": [0, 0, 0]
					}
				},
				"selector": {
					"rotation": {
						"0.2333": [-90, 0, 0],
						"0.2667": [-58, 0, 0],
						"0.3": [0, 0, 0]
					}
				},
				"camera": {
					"rotation": {
						"0.1": [0, 0, 0],
						"0.1333": [0, 0, 0.13],
						"0.1667": [0, 0, 0.26],
						"0.2": [0, 0, 0.39],
						"0.2333": [0, 0, 0.17],
						"0.2667": [0, 0, -0.05],
						"0.3": [0, 0, -0.27],
						"0.3333": [0, 0, -0.13],
						"0.3667": [0, 0, 0.01],
						"0.4": [0, 0, 0.15],
						"0.4333": [0, 0, 0.1],
						"0.4667": [0, 0, 0.05],
						"0.5": [0, 0, 0]
					}
				}
			}
		},
		"reload_empty": {
			"animation_length": 3.125,
			"bones": {
				"righthand": {
					"rotation": {
						"0.0": [96.07, 8.95, -179.05],
						"1.5625": [96.07, 8.95, -179.05],
						"1.7857": [138.24268, -23.89989, -170.59795],
						"1.9345": [138.24268, -23.89989, -182.59795],
						"2.1577": [142.44845, -2.54746, -200.52574],
						"2.3065": [133.05851, -2.66092, -160.67319],
						"2.5298": [96.07, 8.95, -179.05]
					},
					"position": {
						"0.0": [-6.5, -14.3, -1.7],
						"1.5625": [-6.5, -14.3, -1.7],
						"1.7857": [-9.9, -10.3, -2.9],
						"1.9345": [-9.9, -10.3, -2.9],
						"2.1577": [-9.4, -10.3, -2.9],
						"2.3065": [-10.9, -11.3, 2.3],
						"2.5298": [-6.5, -14.3, -1.7]
					},
					"scale": [1, 1.5, 1]
				},
				"lefthand": {
					"rotation": {
						"0.0": {
							"post": [96.9594, -29.1425, -146.85684],
							"lerp_mode": "catmullrom"
						},
						"0.1116": {
							"post": [96.9594, -29.1425, -146.85684],
							"lerp_mode": "catmullrom"
						},
						"0.5208": {
							"post": [49.31493, -71.33992, -161.82441],
							"lerp_mode": "catmullrom"
						},
						"0.7068": {
							"post": [126.81493, -71.33992, -161.82441],
							"lerp_mode": "catmullrom"
						},
						"0.8929": {
							"post": [139.31493, -71.33992, -161.82441],
							"lerp_mode": "catmullrom"
						},
						"1.4881": {
							"post": [139.31493, -71.33992, -161.82441],
							"lerp_mode": "catmullrom"
						},
						"1.6741": {
							"post": [173.66544, -83.88768, -227.08449],
							"lerp_mode": "catmullrom"
						},
						"1.8973": [96.9594, -29.1425, -146.85684]
					},
					"position": {
						"0.0": {
							"post": [8.4187, -11.62, -12.02],
							"lerp_mode": "catmullrom"
						},
						"0.1116": {
							"post": [10.4187, -13.62, -12.02],
							"lerp_mode": "catmullrom"
						},
						"0.2976": {
							"post": [13.4187, -14.62, -2.02],
							"lerp_mode": "catmullrom"
						},
						"0.5208": {
							"post": [10.72, -39.32, -9.32],
							"lerp_mode": "catmullrom"
						},
						"0.7068": {
							"post": [7.62, -16.32, -7.72],
							"lerp_mode": "catmullrom"
						},
						"0.8929": {
							"post": [6.52, -16.82, -7.72],
							"lerp_mode": "catmullrom"
						},
						"1.4881": {
							"post": [6.52, -16.82, -7.72],
							"lerp_mode": "catmullrom"
						},
						"1.7485": [8.4187, -11.445, -12.02],
						"1.9717": [8.4187, -11.62, -12.02]
					},
					"scale": [1, 1.5, 1]
				},
				"constraint": {
					"rotation": {
						"0.0": [0.2, 0.2, 0.2],
						"1.4509": [0.1, 0.1, 0.1],
						"2.939": [0, 0, 0]
					},
					"position": {
						"0.0": [0.15, 0.05, 0.25],
						"1.4509": [0.1, 0, 0.1],
						"2.939": [0, 0, 0]
					}
				},
				"root": {
					"rotation": {
						"0.0": [0, 0, 0],
						"0.1116": {
							"pre": [-3.75, -3.25, 6.25],
							"post": [-3.75, -3.25, 6.25],
							"lerp_mode": "catmullrom"
						},
						"0.2232": {
							"post": [-7.5, -6.5, -12.5],
							"lerp_mode": "catmullrom"
						},
						"0.3348": {
							"post": [-7.76, -6.7, -24.27],
							"lerp_mode": "catmullrom"
						},
						"0.4092": [-5.45611, -8.28837, -26.78086],
						"0.5208": {
							"pre": [-6.09493, -6.07858, 25.68144],
							"post": [-6.09493, -6.07858, 25.68144],
							"lerp_mode": "catmullrom"
						},
						"0.6696": {
							"post": [-5.75144, -6.32126, 10.65244],
							"lerp_mode": "catmullrom"
						},
						"0.8185": {
							"post": [-5.61354, -6.54444, -10.18293],
							"lerp_mode": "catmullrom"
						},
						"1.0045": {
							"post": [-5.41184, -6.82327, -13.868],
							"lerp_mode": "catmullrom"
						},
						"1.1161": {
							"post": [-4.83, -7, -9.44],
							"lerp_mode": "catmullrom"
						},
						"1.1905": [-4.56, -7.06, -12.57],
						"1.2277": [-5.41184, -6.82327, -15.618],
						"1.2649": [-14.32243, -4.4248, -8.93409],
						"1.3765": {
							"pre": [-11.13484, -11.82327, -19.721],
							"post": [-11.13484, -11.82327, -19.721],
							"lerp_mode": "catmullrom"
						},
						"1.4881": {
							"post": [-12.41184, -6.82327, -20.368],
							"lerp_mode": "catmullrom"
						},
						"1.5997": {
							"post": [-3.51994, 3.17551, -6.85019],
							"lerp_mode": "catmullrom"
						},
						"1.6741": {
							"post": [-7.45423, 10.96268, 29.65414],
							"lerp_mode": "catmullrom"
						},
						"1.7485": {
							"post": [-12.5, 17.5, 44.25],
							"lerp_mode": "catmullrom"
						},
						"1.8601": {
							"post": [-13.17942, 21.85474, 43.59392],
							"lerp_mode": "catmullrom"
						},
						"1.9345": [-12.88, 19.95, 43.01],
						"1.9717": [-12.88, 19.95, 35.76],
						"2.0833": {
							"pre": [-12.88, 10.45, 28.18],
							"post": [-12.88, 10.45, 28.18],
							"lerp_mode": "catmullrom"
						},
						"2.1949": {
							"post": [-12.88, 14.95, 36.51],
							"lerp_mode": "catmullrom"
						},
						"2.2321": {
							"post": [-9.22, 3.92, 29.5],
							"lerp_mode": "catmullrom"
						},
						"2.3438": {
							"post": [1.38809, -0.43237, 34.36334],
							"lerp_mode": "catmullrom"
						},
						"2.4554": {
							"post": [10.14549, -2.94421, 20.67482],
							"lerp_mode": "catmullrom"
						},
						"2.567": {
							"post": [5.05758, -1.20722, 10.935],
							"lerp_mode": "catmullrom"
						},
						"2.6786": {
							"post": [-1, 0.75, -2.75],
							"lerp_mode": "catmullrom"
						},
						"2.8274": {
							"post": [0, 0, 1.5],
							"lerp_mode": "catmullrom"
						},
						"2.9762": {
							"post": [0, 0, 0],
							"lerp_mode": "catmullrom"
						},
						"3.125": [0, 0, 0]
					},
					"position": {
						"0.0": [0, 0, 0],
						"0.1116": {
							"pre": [0, 0.21, 0],
							"post": [0, 0.21, 0],
							"lerp_mode": "catmullrom"
						},
						"0.186": {
							"post": [0, 0.7, 0.4],
							"lerp_mode": "catmullrom"
						},
						"0.2976": {
							"post": [0.1, 0.55, -1],
							"lerp_mode": "catmullrom"
						},
						"0.4092": [0.1, 0.55, -1],
						"0.4464": [-0.7, -1.33, 1],
						"0.558": {
							"pre": [-2.6, -0.615, 0.4],
							"post": [-2.6, -0.615, 0.4],
							"lerp_mode": "catmullrom"
						},
						"0.744": {
							"post": [-2.09, 0.35, 0],
							"lerp_mode": "catmullrom"
						},
						"1.0045": {
							"post": [-1.3, 1.22, 0],
							"lerp_mode": "catmullrom"
						},
						"1.1161": {
							"post": [-1.175, 0.87, 0],
							"lerp_mode": "catmullrom"
						},
						"1.1905": [-1.175, 1.37, 0],
						"1.2277": [-1.17, 1.245, 0],
						"1.2649": [-1.445, -0.25, 0],
						"1.4137": {
							"pre": [-1.365, 0.5, 0],
							"post": [-1.365, 0.5, 0],
							"lerp_mode": "catmullrom"
						},
						"1.5625": {
							"post": [-0.77, -0.19, 0],
							"lerp_mode": "catmullrom"
						},
						"1.6369": {
							"post": [-0.49, -0.175, 0],
							"lerp_mode": "catmullrom"
						},
						"1.7857": {
							"post": [0, 1, 0],
							"lerp_mode": "catmullrom"
						},
						"1.9345": [-0.175, 1.3, 0],
						"1.9717": [0.605, -0.65, 1],
						"2.1577": {
							"pre": [0.78, -0.575, 0.85],
							"post": [0.78, -0.575, 0.85],
							"lerp_mode": "catmullrom"
						},
						"2.1949": {
							"post": [0.4, -0.06, -0.47],
							"lerp_mode": "catmullrom"
						},
						"2.4554": {
							"post": [-0.32, -1.575, -4.15],
							"lerp_mode": "catmullrom"
						},
						"2.6042": {
							"post": [0, 0, 0.6],
							"lerp_mode": "catmullrom"
						},
						"2.753": {
							"post": [0, 0, -0.1],
							"lerp_mode": "catmullrom"
						},
						"2.9018": {
							"post": [0, 0, 0],
							"lerp_mode": "catmullrom"
						},
						"3.0506": [0, 0, 0]
					}
				},
				"mag_and_lefthand": {
					"rotation": {
						"0.0": [0, 0, 0],
						"0.558": [0, 0, 0],
						"0.7068": {
							"pre": [0, 0, -65],
							"post": [0, 0, -65],
							"lerp_mode": "catmullrom"
						},
						"1.0045": {
							"post": [-5.29127, 1.92081, -37.68489],
							"lerp_mode": "catmullrom"
						},
						"1.1905": [0, 0, 0],
						"1.2277": [0, 0, 0],
						"1.2649": [0, 0, 0]
					},
					"position": {
						"0.0": [0, 0, 0],
						"0.558": [0, 0, 0],
						"0.7068": {
							"pre": [0, -9, 0],
							"post": [0, -9, 0],
							"lerp_mode": "catmullrom"
						},
						"0.8557": {
							"post": [4, -2.5, 0],
							"lerp_mode": "catmullrom"
						},
						"1.0045": {
							"post": [2.71, -2.7, -0.45],
							"lerp_mode": "catmullrom"
						},
						"1.1905": [0, -3.2, 0],
						"1.2277": [0, -2.4, 0],
						"1.2649": [0, 0, 0]
					}
				},
				"mag_and_bullet": {
					"rotation": {
						"0.4836": [0, 0, 0],
						"0.6324": [0, 0, 42.31],
						"0.7068": [0, 0, 0],
						"0.9301": [0, 0, 0]
					},
					"position": {
						"0.4836": [0, 0, 0],
						"0.558": [-1.15, -2.4, 0],
						"0.6324": [-5.07, -4.6, 0],
						"0.7068": [0, 0, 0],
						"0.9301": [0, 0, 0]
					}
				},
				"bullet_in_mag": {
					"scale": {
						"0.0": [0, 0, 0],
						"0.6324": [0, 0, 0],
						"0.7068": [1, 1, 1]
					}
				},
				"bolt": {
					"position": {
						"0.0": [0, 0, 4.7],
						"1.9345": [0, 0, 4.7],
						"1.9717": [0, 0, 4.7],
						"2.1577": [0, 0, 4.7],
						"2.2321": [0, 0, 0]
					}
				},
				"bone3": {
					"position": [0, 0, 0]
				},
				"bolt_release": {
					"rotation": {
						"0.0": [0, 0, 12.5],
						"1.8973": [0, 0, 12.5],
						"1.9345": [0, 0, 12.5],
						"1.9717": [0, 0, 0],
						"2.1577": [0, 0, 0]
					}
				},
				"camera": {
					"rotation": {
						"0.0": {
							"post": [0, 0, 0],
							"lerp_mode": "catmullrom"
						},
						"0.1116": {
							"post": [0.7, 0.11, -0.08],
							"lerp_mode": "catmullrom"
						},
						"0.2232": {
							"post": [-0.36, 0.38, 0.49],
							"lerp_mode": "catmullrom"
						},
						"0.372": {
							"post": [-2, 0.75, -0.5],
							"lerp_mode": "catmullrom"
						},
						"0.4092": {
							"post": [-0.78, 0.34, -0.44],
							"lerp_mode": "catmullrom"
						},
						"0.4464": {
							"post": [0.64, -0.12, 2.24],
							"lerp_mode": "catmullrom"
						},
						"0.558": {
							"post": [0.23, -0.02, -0.59],
							"lerp_mode": "catmullrom"
						},
						"0.6696": {
							"post": [-0.36, 0.13, 1.74],
							"lerp_mode": "catmullrom"
						},
						"0.7813": {
							"post": [-0.96, -0.09, 1.97],
							"lerp_mode": "catmullrom"
						},
						"0.8929": {
							"post": [-1.52, -0.26, 0.43],
							"lerp_mode": "catmullrom"
						},
						"1.0417": {
							"post": [-1.69, 0, 0.21],
							"lerp_mode": "catmullrom"
						},
						"1.1905": {
							"post": [-1.8, 0.3, -1.33],
							"lerp_mode": "catmullrom"
						},
						"1.2277": {
							"post": [-1.86, 0.38, -1.51],
							"lerp_mode": "catmullrom"
						},
						"1.2649": {
							"post": [-2.61, 0.88, -2.01],
							"lerp_mode": "catmullrom"
						},
						"1.3393": {
							"post": [-2.34, 0.46, -0.34],
							"lerp_mode": "catmullrom"
						},
						"1.4137": {
							"post": [-1.86, 0.13, -1.26],
							"lerp_mode": "catmullrom"
						},
						"1.5997": {
							"post": [-0.86, 1.38, -2.51],
							"lerp_mode": "catmullrom"
						},
						"1.7485": {
							"post": [-0.9, 1.32, -1.2],
							"lerp_mode": "catmullrom"
						},
						"1.9345": {
							"post": [-2.86, -0.12, 0.74],
							"lerp_mode": "catmullrom"
						},
						"1.9717": {
							"post": [-1.36, -0.62, -1.01],
							"lerp_mode": "catmullrom"
						},
						"2.0461": {
							"post": [-1.15, -0.73, 1.7],
							"lerp_mode": "catmullrom"
						},
						"2.1205": {
							"post": [-1.26, -0.65, -0.75],
							"lerp_mode": "catmullrom"
						},
						"2.2321": {
							"post": [-2.36, 0.38, 1.24],
							"lerp_mode": "catmullrom"
						},
						"2.4182": {
							"post": [-1.86, -0.12, 0.74],
							"lerp_mode": "catmullrom"
						},
						"2.567": {
							"post": [-1.36, 0.13, -0.26],
							"lerp_mode": "catmullrom"
						},
						"2.753": {
							"post": [0.5, 0, -0.25],
							"lerp_mode": "catmullrom"
						},
						"2.939": {
							"post": [0, 0, 0],
							"lerp_mode": "catmullrom"
						},
						"3.125": {
							"post": [0, 0, 0],
							"lerp_mode": "catmullrom"
						}
					}
				},
				"gun_and_righthand": {
					"rotation": {
						"0.0": [0, 0, 0],
						"0.3348": [0, 0, 0],
						"0.4092": [-0.13924, 0.4313, -1.96296],
						"0.4836": [0, 0, 0],
						"1.0045": [0, 0, -8],
						"1.1161": [0, 0, -4],
						"1.1533": [0.06382, -0.03648, -3.50547],
						"1.1905": [-0.12871, 0.06902, -4.98935],
						"1.2649": [0, 0, 0]
					}
				},
				"mag_release": {
					"position": {
						"0.2604": [0, 0, 0],
						"0.4092": [0.25, 0, 0],
						"0.6696": [0, 0, 0],
						"1.1905": [0, 0, 0],
						"1.2649": [0.25, 0, 0],
						"1.5253": [0, 0, 0]
					}
				}
			}
		},
		"draw": {
			"animation_length": 0.8,
			"bones": {
				"righthand": {
					"rotation": [96.07, 8.95, -179.05],
					"position": [-6.5, -14.3, -1.7],
					"scale": [1, 1.5, 1]
				},
				"lefthand": {
					"rotation": {
						"0.0": {
							"post": [102.90515, -61.71576, -154.86235],
							"lerp_mode": "catmullrom"
						},
						"0.1333": {
							"post": [118.90515, -61.71576, -154.86235],
							"lerp_mode": "catmullrom"
						},
						"0.3": {
							"post": [96.9594, -29.1425, -146.85684],
							"lerp_mode": "catmullrom"
						},
						"0.5333": [96.9594, -29.1425, -146.85684]
					},
					"position": {
						"0.0": [8.4187, -11.62, -12.02],
						"0.1333": [7.97, -11.17, -12.02],
						"0.4333": [8.4187, -11.62, -12.02]
					},
					"scale": [1, 1.5, 1]
				},
				"constraint": {
					"rotation": {
						"0.0": [0.2, 0.2, 0.4],
						"0.3667": [0.2, 0.2, 0.2],
						"0.8": [0.2, 0.2, 0.4]
					},
					"position": {
						"0.0": [0.1, 0.1, 0.1],
						"0.3667": [0.2, 0.2, 0.2],
						"0.8": [0.1, 0.1, 0.1]
					}
				},
				"root": {
					"rotation": {
						"0.0": {
							"post": [31, -26.5, -11.5],
							"lerp_mode": "catmullrom"
						},
						"0.2": {
							"post": [4.5, -13.10937, -3.45312],
							"lerp_mode": "catmullrom"
						},
						"0.3667": {
							"post": [0, 0.25, 4],
							"lerp_mode": "catmullrom"
						},
						"0.5": {
							"post": [0, 0, -0.75],
							"lerp_mode": "catmullrom"
						},
						"0.6333": {
							"post": [0, 0, 0.25],
							"lerp_mode": "catmullrom"
						},
						"0.8": [0, 0, 0]
					},
					"position": {
						"0.0": {
							"post": [0.55, -10.7, -1.25],
							"lerp_mode": "catmullrom"
						},
						"0.1667": {
							"post": [-0.45, -2.725, -4.25],
							"lerp_mode": "catmullrom"
						},
						"0.3333": {
							"post": [0, 0.05, 1.15],
							"lerp_mode": "catmullrom"
						},
						"0.5": {
							"post": [0, 0, 0],
							"lerp_mode": "catmullrom"
						},
						"0.7333": [0, 0, 0]
					}
				},
				"camera": {
					"rotation": {
						"0.0": {
							"post": [0, 0, 0],
							"lerp_mode": "catmullrom"
						},
						"0.1667": {
							"post": [-0.25, 0.5, -1.25],
							"lerp_mode": "catmullrom"
						},
						"0.3": {
							"post": [-0.36, 0.43, 0.83],
							"lerp_mode": "catmullrom"
						},
						"0.4667": {
							"post": [0, 0, 0],
							"lerp_mode": "catmullrom"
						},
						"0.6667": [0, 0, 0]
					}
				}
			},
			"sound_effects": {
				"0.0": {
					"effect": "p01_ar_mike4_raise"
				}
			}
		},
		"put_away": {
			"animation_length": 0.6667,
			"bones": {
				"righthand": {
					"rotation": [96.07, 8.95, -179.05],
					"position": [-6.5, -14.3, -1.7],
					"scale": [1, 1.5, 1]
				},
				"lefthand": {
					"rotation": {
						"0.0": {
							"post": [96.9594, -29.1425, -146.85684],
							"lerp_mode": "catmullrom"
						},
						"0.2667": {
							"post": [120.21343, -14.99738, -216.73901],
							"lerp_mode": "catmullrom"
						},
						"0.4333": {
							"post": [136.23516, -26.40694, -251.71153],
							"lerp_mode": "catmullrom"
						}
					},
					"position": {
						"0.0": {
							"post": [8.4187, -11.62, -12.02],
							"lerp_mode": "catmullrom"
						},
						"0.1": {
							"post": [9.42, -11.62, -12.02],
							"lerp_mode": "catmullrom"
						},
						"0.2667": {
							"post": [7.42, -8.12, -11.02],
							"lerp_mode": "catmullrom"
						},
						"0.4333": {
							"post": [6.54, -7.4, -10.96],
							"lerp_mode": "catmullrom"
						}
					},
					"scale": [1, 1.5, 1]
				},
				"root": {
					"rotation": {
						"0.0": {
							"post": [0, 0, 0],
							"lerp_mode": "catmullrom"
						},
						"0.1333": {
							"post": [0, 0, -2],
							"lerp_mode": "catmullrom"
						},
						"0.3": {
							"post": [1.87, -26.5, 16.54],
							"lerp_mode": "catmullrom"
						},
						"0.5333": [1.76, -32.88, 32.54]
					},
					"position": {
						"0.0": {
							"post": [0, 0, 0],
							"lerp_mode": "catmullrom"
						},
						"0.1": {
							"post": [0, 0, 0],
							"lerp_mode": "catmullrom"
						},
						"0.2667": {
							"post": [-0.01, -1.82, 0],
							"lerp_mode": "catmullrom"
						},
						"0.4667": [1.28, -11.82, 0]
					}
				},
				"constraint": {
					"rotation": {
						"0.0": [0.2, 0.2, 0.4],
						"0.1667": [0.8, 0.8, 0.8],
						"0.4333": [1, 1, 1]
					},
					"position": {
						"0.0": [0.1, 0.1, 0.1],
						"0.1667": [0.8, 0.8, 0.8],
						"0.4333": [1, 1, 1]
					}
				},
				"camera": {
					"rotation": {
						"0.0": {
							"post": [0, 0, 0],
							"lerp_mode": "catmullrom"
						},
						"0.1333": {
							"post": [0.5, -0.25, -1.25],
							"lerp_mode": "catmullrom"
						},
						"0.3333": {
							"post": [2.5, 0.4, -0.9],
							"lerp_mode": "catmullrom"
						},
						"0.5": {
							"post": [0, 0, 0.25],
							"lerp_mode": "catmullrom"
						},
						"0.6667": [0, 0, 0]
					}
				}
			}
		},
		"shoot": {
			"animation_length": 0.6333,
			"bones": {
				"root": {
					"rotation": {
						"0.0": {
							"post": [0, 0, 0],
							"lerp_mode": "catmullrom"
						},
						"0.0333": {
							"post": [0.75, 0, 2.1875],
							"lerp_mode": "catmullrom"
						},
						"0.0667": {
							"post": [-2.25, 0, -0.8125],
							"lerp_mode": "catmullrom"
						},
						"0.2333": {
							"post": [0.25, 0, 0.25],
							"lerp_mode": "catmullrom"
						},
						"0.4": {
							"post": [-0.125, 0, 0],
							"lerp_mode": "catmullrom"
						},
						"0.6333": [0, 0, 0]
					},
					"position": {
						"0.0": {
							"post": [0, 0, 0],
							"lerp_mode": "catmullrom"
						},
						"0.0333": {
							"post": [-0.125, -0.1, 1.125],
							"lerp_mode": "catmullrom"
						},
						"0.2": {
							"post": [0.0625, 0, -0.17187],
							"lerp_mode": "catmullrom"
						},
						"0.3": {
							"post": [0, 0, 0],
							"lerp_mode": "catmullrom"
						},
						"0.4": {
							"post": [0, 0, 0.0725],
							"lerp_mode": "catmullrom"
						},
						"0.5333": [0, 0, 0]
					}
				},
				"m4a1_bolt": {
					"position": {
						"0.0": [0, 0, 0],
						"0.0333": [0, 0, 5],
						"0.1": [0, 0, 0]
					}
				},
				"bullet_in_barrel": {
					"scale": {
						"0.0": [0, 0, 0],
						"0.1667": [0, 0, 0],
						"0.2": [1, 1, 1]
					}
				},
				"constraint": {
					"rotation": {
						"0.1667": [0.2, 0.2, 0.2],
						"0.2333": [0.1, 0.1, 0.1],
						"0.3333": [0, 0, 0]
					},
					"position": {
						"0.1667": [0.15, 0.05, 0.25],
						"0.2333": [0.1, 0, 0.1],
						"0.3333": [0, 0, 0]
					}
				},
				"camera": {
					"rotation": {
						"0.0": {
							"post": [0, 0, 0],
							"lerp_mode": "catmullrom"
						},
						"0.0333": {
							"post": [0, 0, 0.85],
							"lerp_mode": "catmullrom"
						},
						"0.1": {
							"post": [0, 0, -0.65],
							"lerp_mode": "catmullrom"
						},
						"0.1667": {
							"post": [0, 0, 0.58],
							"lerp_mode": "catmullrom"
						},
						"0.2333": {
							"post": [0, 0, -0.22],
							"lerp_mode": "catmullrom"
						},
						"0.3": {
							"post": [0, 0, 0],
							"lerp_mode": "catmullrom"
						},
						"0.3333": {
							"post": [0, 0, 0.02],
							"lerp_mode": "catmullrom"
						},
						"0.4": {
							"post": [0, 0, 0],
							"lerp_mode": "catmullrom"
						}
					}
				}
			},
			"sound_effects": {
				"0.0": {
					"effect": "weap_iw9_mike4_fire_plr_02"
				}
			}
		},
		"new": {
			"loop": true
		}
	}
}