{
	"format_version": "1.8.0",
	"animations": {
		"static_idle": {
			"loop": true,
			"bones": {
				"lefthand": {
					"rotation": [106.02503, -34.82832, -159.1409],
					"position": [7.655, -10.9625, -13.6325],
					"scale": [1, 1.5, 1]
				},
				"righthand": {
					"rotation": [95.0274, 5.97708, -179.47516],
					"position": [-6.5, -14.3, -1.7],
					"scale": [1, 1.5, 1]
				},
				"constraint": {
					"rotation": [0.1, 0.1, 0.1],
					"position": [0.1, 0.1, 0.35]
				}
			}
		},
		"put_away": {
			"loop": true,
			"animation_length": 0.4583,
			"bones": {
				"lefthand": {
					"rotation": {
						"0.0": [106.02503, -34.82832, -159.1409],
						"0.125": [132.84388, -22.75235, -190.15037],
						"0.2083": [170.21127, 15.51567, -205.25914],
						"0.2917": [163.46508, 7.90833, -237.5733]
					},
					"position": {
						"0.0": [7.655, -10.9625, -13.6325],
						"0.125": [9.2125, -9.21, -16.63],
						"0.2083": [9.21, -7.84, -16.63]
					},
					"scale": [1, 1.5, 1]
				},
				"righthand": {
					"rotation": [95.0274, 5.97708, -179.47516],
					"position": [-6.5, -14.3, -1.7],
					"scale": [1, 1.5, 1]
				},
				"root": {
					"rotation": {
						"0.0": {
							"post": [0, 0, 0],
							"lerp_mode": "catmullrom"
						},
						"0.0833": {
							"post": [-0.51171, -3.6801, -4.19401],
							"lerp_mode": "catmullrom"
						},
						"0.1667": {
							"post": [4.36882, -11.73179, -10.29382],
							"lerp_mode": "catmullrom"
						},
						"0.25": {
							"post": [11.60471, -21.56305, -3.66288],
							"lerp_mode": "catmullrom"
						},
						"0.3333": {
							"post": [16.97, -33.62, 3.38],
							"lerp_mode": "catmullrom"
						},
						"0.4167": [34.73, -44.04, -3.09]
					},
					"position": {
						"0.0": {
							"post": [0, 0, 0],
							"lerp_mode": "catmullrom"
						},
						"0.0833": {
							"post": [0, -0.49, -0.02],
							"lerp_mode": "catmullrom"
						},
						"0.1667": {
							"post": [-0.52, -1.47, -0.56],
							"lerp_mode": "catmullrom"
						},
						"0.25": {
							"post": [-0.36, -2.92, -0.84],
							"lerp_mode": "catmullrom"
						},
						"0.3333": {
							"post": [0.13, -5.86, -0.16],
							"lerp_mode": "catmullrom"
						},
						"0.4167": [1.72, -16.68, 0.16]
					}
				},
				"camera": {
					"rotation": {
						"0.0": {
							"post": [0, 0, 0],
							"lerp_mode": "catmullrom"
						},
						"0.125": {
							"post": [0.35, 0.025, -0.225],
							"lerp_mode": "catmullrom"
						},
						"0.2917": {
							"post": [0.1, 0.025, 0.075],
							"lerp_mode": "catmullrom"
						},
						"0.4167": {
							"post": [0, 0, 0],
							"lerp_mode": "catmullrom"
						}
					}
				}
			}
		},
		"reload_tactical": {
			"loop": true,
			"animation_length": 1.875,
			"bones": {
				"lefthand": {
					"rotation": {
						"0.0": [106.02503, -34.82832, -159.1409],
						"0.0417": [120.9136, -37.99063, -166.99802],
						"0.0833": [88.91744, -6.03435, -159.80194],
						"1.125": [88.92, -6.03, -159.8],
						"1.2083": [90.20206, -6.12228, -171.86769],
						"1.25": [94.70452, 18.24713, -215.21712],
						"1.4167": [94.70452, 18.24713, -215.21712],
						"1.5": [111.35164, -11.81313, -179.99446],
						"1.5833": [106.02503, -34.82832, -159.1409]
					},
					"position": {
						"0.0": [7.655, -10.9625, -13.6325],
						"0.0417": [7.155, -11.4625, -16.6325],
						"0.0833": [6.53, -17.52, -6.8825],
						"1.125": [6.53, -17.52, -6.88],
						"1.2083": [6.53, -19.77, -6.88],
						"1.25": [10.28, -26.0825, 0.745],
						"1.2917": [10.28, -26.08, 4.375],
						"1.4167": [10.28, -26.08, 4.375],
						"1.5": [9.7625, -16.34, -14.4425],
						"1.5833": [7.655, -10.9625, -13.6325]
					},
					"scale": {
						"0.0": [1, 1.5, 1],
						"1.5833": [1, 1.5, 1]
					}
				},
				"righthand": {
					"rotation": [95.0274, 5.97708, -179.47516],
					"position": [-6.5, -14.3, -1.7],
					"scale": [1, 1.5, 1]
				},
				"root": {
					"rotation": {
						"0.0": {
							"post": [0, 0, 0],
							"lerp_mode": "catmullrom"
						},
						"0.125": {
							"post": [-1.02804, 4.66072, -3.64534],
							"lerp_mode": "catmullrom"
						},
						"0.2083": {
							"post": [-9.98273, 3.73126, -8.69688],
							"lerp_mode": "catmullrom"
						},
						"0.3333": {
							"post": [-18.4213, -0.36981, -27.14874],
							"lerp_mode": "catmullrom"
						},
						"0.5": {
							"post": [-21.32966, -1.08215, -23.80346],
							"lerp_mode": "catmullrom"
						},
						"0.5833": {
							"post": [-20.42327, -2.03393, -25.78227],
							"lerp_mode": "catmullrom"
						},
						"0.625": {
							"post": [-18.46171, -1.69747, -27.4484],
							"lerp_mode": "catmullrom"
						},
						"0.8333": {
							"post": [-17.52081, -0.97402, -26.10269],
							"lerp_mode": "catmullrom"
						},
						"0.9583": {
							"post": [-14.24614, -2.12351, -23.51366],
							"lerp_mode": "catmullrom"
						},
						"1.0": {
							"post": [-14.06549, -2.90713, -26.53784],
							"lerp_mode": "catmullrom"
						},
						"1.0417": {
							"post": [-13.38643, -0.63859, -17.69846],
							"lerp_mode": "catmullrom"
						},
						"1.125": {
							"post": [-15.24563, -2.14192, -23.58925],
							"lerp_mode": "catmullrom"
						},
						"1.2083": {
							"post": [-13.92772, -3.57455, -29.26311],
							"lerp_mode": "catmullrom"
						},
						"1.2917": {
							"post": [-14.77188, -1.01612, -19.88543],
							"lerp_mode": "catmullrom"
						},
						"1.4583": {
							"post": [-1.29312, -2.75839, 9.02404],
							"lerp_mode": "catmullrom"
						},
						"1.625": [0.78, -0.17, -3.2],
						"1.6667": [0.3889, 0.15987, 0.62995],
						"1.75": [-0.00523, -0.19993, 1.50001],
						"1.875": [0, 0, 0]
					},
					"position": {
						"0.0": {
							"post": [0, 0, 0],
							"lerp_mode": "catmullrom"
						},
						"0.125": {
							"post": [-0.4, -0.6, 0.775],
							"lerp_mode": "catmullrom"
						},
						"0.2083": {
							"post": [-0.595, -0.05, 0.74],
							"lerp_mode": "catmullrom"
						},
						"0.25": {
							"post": [-0.79, 1.21, 0.53],
							"lerp_mode": "catmullrom"
						},
						"0.3333": {
							"post": [-0.8, 1.65, 0.38],
							"lerp_mode": "catmullrom"
						},
						"0.4167": {
							"post": [-0.67, 1.79, 0.365],
							"lerp_mode": "catmullrom"
						},
						"0.5": {
							"post": [-0.85, 1.325, 0.105],
							"lerp_mode": "catmullrom"
						},
						"0.5417": {
							"post": [-0.85, 1.3, 0.095],
							"lerp_mode": "catmullrom"
						},
						"0.5833": {
							"post": [-0.95, 1.61, 0.205],
							"lerp_mode": "catmullrom"
						},
						"0.625": {
							"post": [-1.04, 1.88, 0.365],
							"lerp_mode": "catmullrom"
						},
						"0.7083": {
							"post": [-0.9, 1.51438, 0.09],
							"lerp_mode": "catmullrom"
						},
						"0.8333": {
							"post": [-0.65062, 1.57125, -0.0975],
							"lerp_mode": "catmullrom"
						},
						"1.0": {
							"post": [-0.7, 1.54063, -0.125],
							"lerp_mode": "catmullrom"
						},
						"1.0417": {
							"post": [-0.825, 0.605, -0.125],
							"lerp_mode": "catmullrom"
						},
						"1.0833": {
							"post": [-0.85625, 1.6375, -0.1275],
							"lerp_mode": "catmullrom"
						},
						"1.1667": {
							"post": [-0.95, 1.02, -0.0975],
							"lerp_mode": "catmullrom"
						},
						"1.2083": {
							"post": [-0.97, 1.1425, -0.1275],
							"lerp_mode": "catmullrom"
						},
						"1.3333": {
							"post": [-0.78, 1.10813, -0.565],
							"lerp_mode": "catmullrom"
						},
						"1.5": {
							"post": [0, -1.3625, -1.775],
							"lerp_mode": "catmullrom"
						},
						"1.625": [0, -0.15, 0.375],
						"1.7083": [0, -0.025, -0.04375],
						"1.7917": [0, 0, 0.025],
						"1.875": [0, 0, 0]
					}
				},
				"additional_magazine": {
					"rotation": {
						"0.4583": [0, 0, 0],
						"0.5417": [0, 0, 0],
						"0.5833": [-0.89, 0, 0],
						"0.625": [53.22, 0, 0],
						"0.7083": [88.22, 0, 0],
						"0.75": [88.22, 0, 0],
						"1.0417": [88.22, 0, 0],
						"1.125": [88.22, 0, 0],
						"1.2083": [88.22, 0, 0],
						"1.25": [88.22, 0, 0],
						"1.2917": [88.22, 0, 0]
					},
					"position": {
						"0.4583": [0, 0, 0],
						"0.5417": [0, -2.05, 0.03],
						"0.625": [-0.68875, -4.8775, -0.13],
						"0.7083": [-1.27875, -5.23, -1.18],
						"0.75": [-1.21875, -3.7, -0.85],
						"0.8333": [-1.34375, -3.4, -0.4],
						"0.875": [-1.56875, -3.255, -0.27],
						"0.9167": [-1.56875, -3.255, -0.27],
						"0.9583": [-1.56875, -2.975, 0],
						"1.0": [-1.56875, -2.975, 0],
						"1.0417": [-1.56875, -0.675, 0],
						"1.125": [-1.56875, -0.675, 0],
						"1.2083": [-1.5, -4.805, -0.14],
						"1.25": [1.35, -11.21, 6.47],
						"1.2917": [3.29329, -10.9681, 9.2488]
					},
					"scale": 1
				},
				"mag_and_lefthand": {
					"rotation": {
						"0.0": [0, 0, 0],
						"0.0833": [-10, 0, 0],
						"0.25": [-82.5, 0, 0],
						"0.375": [-70.99572, 7.94501, -0.60786],
						"0.4583": [-70.99572, 7.94501, -0.60786],
						"0.5417": [-70.99572, 7.94501, -0.60786],
						"0.5833": [-74.73863, 5.80225, -1.94774],
						"0.625": [-39.31488, 3.65948, -3.28761],
						"0.7083": [-5.96737, -0.62604, -5.96737],
						"0.7917": [-5.96737, -0.62604, -5.96737],
						"0.8333": [-3.99454, -0.20917, -2.99271],
						"0.875": [-2.67, 0, 0],
						"0.9167": [-2.67, 0, 0],
						"0.9583": [0, 0, 0],
						"1.0": [0, 0, 0]
					},
					"position": {
						"0.0": [0, 0, 0],
						"0.0833": [2.625, -4.125, 1.8125],
						"0.1667": [2.63, -14.12, 12.81],
						"0.25": [2.63, -14.12, 12.81],
						"0.375": [1.525, -1.7, -0.2625],
						"0.4583": [1.525, -1.7, -0.2625],
						"0.5417": [1.525, -3.7, 0.3625],
						"0.5833": [1.0875, -5.7, -0.2625],
						"0.625": [0.88, -4.2025, -0.13],
						"0.7083": [0, -4.555, -0.68],
						"0.75": [0.18, -3.79, -0.64],
						"0.7917": [0.35, -3.025, -0.6],
						"0.8333": [0, -2.725, -0.275],
						"0.875": [0, -2.58, -0.27],
						"0.9167": [0, -2.58, -0.27],
						"0.9583": [0, -2.3, 0],
						"1.0": [0, -2.3, 0],
						"1.0417": [0, -0.0625, 0],
						"1.0833": [0, 0, 0]
					}
				},
				"mag_and_bullet": {
					"scale": {
						"0.0": [0, 0, 0],
						"0.2083": [0, 0, 0],
						"0.25": [1, 1, 1]
					}
				},
				"camera": {
					"rotation": {
						"0.0": {
							"post": [0, 0, 0],
							"lerp_mode": "catmullrom"
						},
						"0.1667": {
							"post": [0.74989, -0.01309, 0.99991],
							"lerp_mode": "catmullrom"
						},
						"0.4167": {
							"post": [0.24989, -0.01309, 0.99991],
							"lerp_mode": "catmullrom"
						},
						"0.4583": {
							"post": [0.75011, -0.00763, -0.25007],
							"lerp_mode": "catmullrom"
						},
						"0.5417": {
							"post": [0.74989, -0.01309, 0.99991],
							"lerp_mode": "catmullrom"
						},
						"0.625": {
							"post": [0.25011, -0.00763, -0.25007],
							"lerp_mode": "catmullrom"
						},
						"0.75": {
							"post": [0.24994, -0.012, 0.74992],
							"lerp_mode": "catmullrom"
						},
						"0.9167": {
							"post": [0.24989, -0.01309, 0.99991],
							"lerp_mode": "catmullrom"
						},
						"0.9583": {
							"post": [0.25011, -0.00763, -0.25007],
							"lerp_mode": "catmullrom"
						},
						"1.0": {
							"post": [1.0934, -0.02945, 1.37474],
							"lerp_mode": "catmullrom"
						},
						"1.0417": {
							"post": [1.74989, -0.01309, 0.99991],
							"lerp_mode": "catmullrom"
						},
						"1.125": {
							"post": [0.25011, -0.00763, -0.25007],
							"lerp_mode": "catmullrom"
						},
						"1.25": {
							"post": [0.24994, -0.012, 0.74992],
							"lerp_mode": "catmullrom"
						},
						"1.4167": {
							"post": [1.76812, -0.42179, -1.0856],
							"lerp_mode": "catmullrom"
						},
						"1.5417": {
							"post": [-0.225, 0, 0.125],
							"lerp_mode": "catmullrom"
						},
						"1.625": {
							"post": [-0.35, 0, 0.2],
							"lerp_mode": "catmullrom"
						},
						"1.7083": {
							"post": [0.25, 0, -0.25],
							"lerp_mode": "catmullrom"
						},
						"1.7917": {
							"post": [-0.075, 0, 0.075],
							"lerp_mode": "catmullrom"
						},
						"1.875": {
							"post": [0, 0, 0],
							"lerp_mode": "catmullrom"
						}
					}
				},
				"constraint": {
					"rotation": [0.1, 0.1, 0.1],
					"position": [0.1, 0.15, 0.1]
				},
				"mag_release": {
					"position": {
						"0.4583": [0, 0, 0],
						"0.5": [0.06, 0, 0],
						"0.5417": [0.13, 0, 0],
						"0.5833": [0.13, 0, 0],
						"0.625": [0.105, 0, 0],
						"0.6667": [0, 0, 0],
						"0.875": [0, 0, 0],
						"0.9167": [0.06, 0, 0],
						"0.9583": [0.13, 0, 0],
						"1.0": [0.13, 0, 0],
						"1.0417": [0.105, 0, 0],
						"1.0833": [0, 0, 0]
					}
				}
			},
			"sound_effects": {
				"0.0": {
					"effect": "tacz:spr15hb/spr15hb_reload_rattle"
				},
				"0.375": {
					"effect": "tacz:spr15hb/spr15hb_reload_magout"
				},
				"0.7917": {
					"effect": "tacz:spr15hb/spr15hb_reload_maghit"
				},
				"0.875": {
					"effect": "tacz:spr15hb/spr15hb_reload_magin"
				},
				"0.9583": {
					"effect": "tacz:spr15hb/spr15hb_reload_end"
				}
			}
		},
		"inspect": {
			"animation_length": 7.5833,
			"bones": {
				"lefthand": {
					"rotation": {
						"0.0": [106.02503, -34.82832, -159.1409],
						"0.2083": [113.94322, -57.52409, -190.84892],
						"0.4167": [126.31217, -68.40922, -204.65911],
						"1.8333": [126.31217, -68.40922, -204.65911],
						"2.0": [107.47048, -43.46086, -182.52844],
						"2.1667": [103.35063, -19.31775, -174.80188],
						"3.9167": [103.35063, -19.31775, -174.80188],
						"4.25": [98.78594, -50.49821, -139.97012],
						"4.7083": [146.06638, -81.66036, -192.02241],
						"6.5": [146.06638, -81.66036, -192.02241],
						"6.75": [106.02503, -34.82832, -159.1409]
					},
					"position": {
						"0.0": [7.655, -10.9625, -13.6325],
						"0.1667": [7.15, -14.21, -16.63],
						"0.2917": [7.15, -14.21, -10.63],
						"0.4167": [7.15, -14.21, -10.1925],
						"1.8333": [7.15, -14.21, -10.1925],
						"2.0": [11.775, -14.21, -10.19],
						"2.1667": [11.78, -37.21, 0.81],
						"3.9583": [11.78, -37.21, 0.81],
						"4.25": [7.655, -10.9625, -13.6325],
						"6.5": [7.66, -10.96, -13.63],
						"6.625": [8.41, -11.96, -13.63],
						"6.75": [7.655, -10.9625, -13.6325]
					},
					"scale": {
						"0.0": [1, 1.5, 1],
						"6.75": [1, 1.5, 1]
					}
				},
				"righthand": {
					"rotation": {
						"0.0": [95.0274, 5.97708, -179.47516],
						"0.25": [95.0274, 5.97708, -179.47516],
						"0.375": [117.68891, -1.34163, -119.82796],
						"0.4583": [117.68891, -1.34163, -119.82796],
						"0.5833": [127.68891, -1.34163, -119.82796],
						"1.5": [127.68891, -1.34163, -119.82796],
						"1.625": [127.68891, -1.34163, -119.82796],
						"1.6667": [127.68891, -1.34163, -119.82796],
						"1.75": [116.3327, 8.983, -139.89184],
						"1.9167": [95.0274, 5.97708, -179.47516]
					},
					"position": {
						"0.0": [-6.5, -14.3, -1.7],
						"0.25": [-6.5, -14.3, -1.7],
						"0.375": [-6.4375, -10.05, 1.3625],
						"0.4583": [-6.4375, -10.05, 1.3625],
						"0.5833": [-6.44, -10.05, 3.36],
						"0.8333": [-6.44, -10.05, 3.485],
						"1.0833": [-6.44, -10.05, 3.27],
						"1.5": [-6.44, -10.05, 3.36],
						"1.625": [-6.94, -10.55, 5.86],
						"1.6667": [-6.44, -10.05, 1.61],
						"1.75": [-8.44, -13.05, 1.61],
						"1.8333": [-6.47, -12.17, 2.83],
						"1.9167": [-6.5, -14.3, -1.7]
					},
					"scale": [1, 1.5, 1]
				},
				"root": {
					"rotation": {
						"0.0": {
							"post": [0, 0, 0],
							"lerp_mode": "catmullrom"
						},
						"0.125": {
							"post": [-3.69506, -0.4781, 13.18822],
							"lerp_mode": "catmullrom"
						},
						"0.3333": {
							"post": [-20.75881, 18.22227, 54.18887],
							"lerp_mode": "catmullrom"
						},
						"0.4583": {
							"post": [-24.82956, 18.54215, 56.16321],
							"lerp_mode": "catmullrom"
						},
						"0.5": {
							"post": [-26.55484, 16.25471, 52.31989],
							"lerp_mode": "catmullrom"
						},
						"0.5833": {
							"post": [-24.78724, 18.39838, 55.62646],
							"lerp_mode": "catmullrom"
						},
						"0.6667": {
							"post": [-24.97514, 17.91992, 54.38781],
							"lerp_mode": "catmullrom"
						},
						"0.75": {
							"post": [-24.84373, 18.00281, 54.43768],
							"lerp_mode": "catmullrom"
						},
						"1.0417": {
							"post": [-25.38124, 16.90679, 51.8027],
							"lerp_mode": "catmullrom"
						},
						"1.375": {
							"post": [-25.38124, 16.90679, 51.8027],
							"lerp_mode": "catmullrom"
						},
						"1.625": {
							"post": [-27.72, 17.03, 51.1],
							"lerp_mode": "catmullrom"
						},
						"1.6667": {
							"post": [-26.622, 19.77366, 56.35199],
							"lerp_mode": "catmullrom"
						},
						"1.7083": {
							"post": [-29.61791, 12.62202, 43.05818],
							"lerp_mode": "catmullrom"
						},
						"1.75": {
							"post": [-29.66537, 10.61447, 40.03781],
							"lerp_mode": "catmullrom"
						},
						"1.8333": {
							"post": [-29.66537, 10.61447, 40.03781],
							"lerp_mode": "catmullrom"
						},
						"1.9167": {
							"post": [-31.05821, -7.73224, 9.45789],
							"lerp_mode": "catmullrom"
						},
						"2.125": {
							"post": [-29.89167, -26.54774, -36.72191],
							"lerp_mode": "catmullrom"
						},
						"2.2917": {
							"post": [-25.88364, -34.56135, -45.07181],
							"lerp_mode": "catmullrom"
						},
						"2.4167": {
							"post": [-27.53419, -29.00694, -41.65613],
							"lerp_mode": "catmullrom"
						},
						"2.5417": {
							"post": [-28.37759, -28.18584, -39.89409],
							"lerp_mode": "catmullrom"
						},
						"2.875": {
							"post": [-26.39926, -30.02688, -43.95928],
							"lerp_mode": "catmullrom"
						},
						"3.2083": {
							"post": [-27.89917, -28.65876, -40.89933],
							"lerp_mode": "catmullrom"
						},
						"3.625": {
							"post": [-25.33943, -30.90076, -46.04957],
							"lerp_mode": "catmullrom"
						},
						"4.0833": {
							"post": [-34.05414, -20.60007, -26.22844],
							"lerp_mode": "catmullrom"
						},
						"4.25": {
							"post": [-18.65775, -23.80092, -10.47493],
							"lerp_mode": "catmullrom"
						},
						"4.4167": {
							"post": [-22.03949, -52.59021, -0.46992],
							"lerp_mode": "catmullrom"
						},
						"4.5417": {
							"post": [-7.85629, -54.05513, -9.98818],
							"lerp_mode": "catmullrom"
						},
						"4.6667": {
							"post": [-14.81181, -58.20625, -8.13088],
							"lerp_mode": "catmullrom"
						},
						"4.8333": {
							"post": [-14.99109, -58.47374, -7.10282],
							"lerp_mode": "catmullrom"
						},
						"5.4167": {
							"post": [-14.99109, -58.47374, -7.10282],
							"lerp_mode": "catmullrom"
						},
						"5.7083": {
							"post": [-18.70915, -66.66913, 7.17791],
							"lerp_mode": "catmullrom"
						},
						"6.4167": {
							"post": [-22.27392, -70.41803, 11.0059],
							"lerp_mode": "catmullrom"
						},
						"6.6667": {
							"post": [2.51044, -56.78982, -13.34354],
							"lerp_mode": "catmullrom"
						},
						"6.9167": {
							"post": [-6.86413, -13.01468, 12.59187],
							"lerp_mode": "catmullrom"
						},
						"7.125": [0.78, -0.17, -3.2],
						"7.1667": [0.3889, 0.15987, 0.62995],
						"7.25": [0.00175, -0.19999, -0.5],
						"7.375": [0, 0, 0]
					},
					"position": {
						"0.0": {
							"post": [0, 0, 0],
							"lerp_mode": "catmullrom"
						},
						"0.125": {
							"post": [0, -1.5625, -0.6875],
							"lerp_mode": "catmullrom"
						},
						"0.2083": {
							"post": [0.8125, 0.4975, -0.69],
							"lerp_mode": "catmullrom"
						},
						"0.2917": {
							"post": [0.88, 2.07125, -0.69],
							"lerp_mode": "catmullrom"
						},
						"0.375": {
							"post": [0.81, 2.1225, -0.69],
							"lerp_mode": "catmullrom"
						},
						"0.4583": {
							"post": [0.84, 2.41, -0.45],
							"lerp_mode": "catmullrom"
						},
						"0.5": {
							"post": [0.85688, 2.365, -0.3825],
							"lerp_mode": "catmullrom"
						},
						"0.5417": {
							"post": [0.85, 2.5225, -0.41],
							"lerp_mode": "catmullrom"
						},
						"0.5833": {
							"post": [0.84, 2.42, -0.45],
							"lerp_mode": "catmullrom"
						},
						"0.7917": {
							"post": [0.81, 2.14313, -0.69],
							"lerp_mode": "catmullrom"
						},
						"1.0": {
							"post": [0.81, 2.14313, -0.69],
							"lerp_mode": "catmullrom"
						},
						"1.1667": {
							"post": [0.81, 2.26813, -0.69],
							"lerp_mode": "catmullrom"
						},
						"1.5417": {
							"post": [0.81, 2.14313, -0.69],
							"lerp_mode": "catmullrom"
						},
						"1.625": {
							"post": [0.75, 2.02, -0.81],
							"lerp_mode": "catmullrom"
						},
						"1.6667": {
							"post": [1.02023, 2.70067, -2.14936],
							"lerp_mode": "catmullrom"
						},
						"1.8333": {
							"post": [0.51313, 1.44688, -1.03],
							"lerp_mode": "catmullrom"
						},
						"1.9167": {
							"post": [-0.2525, -1.1575, -0.42062],
							"lerp_mode": "catmullrom"
						},
						"2.0417": {
							"post": [-0.25, 2.095, -0.42],
							"lerp_mode": "catmullrom"
						},
						"2.1667": {
							"post": [-0.25, 2.3475, -0.31062],
							"lerp_mode": "catmullrom"
						},
						"2.2917": {
							"post": [-0.25, 2.00625, 0.39313],
							"lerp_mode": "catmullrom"
						},
						"2.4583": {
							"post": [-0.25, 2.3975, 0.56188],
							"lerp_mode": "catmullrom"
						},
						"2.7917": {
							"post": [-0.25, 2.4625, 0.66938],
							"lerp_mode": "catmullrom"
						},
						"3.0833": {
							"post": [-0.25, 2.3975, 0.67],
							"lerp_mode": "catmullrom"
						},
						"3.2917": {
							"post": [-0.25, 2.32188, 0.67],
							"lerp_mode": "catmullrom"
						},
						"3.4583": {
							"post": [-0.25, 2.41375, 0.67],
							"lerp_mode": "catmullrom"
						},
						"3.5833": {
							"post": [-0.25, 2.31625, 0.51375],
							"lerp_mode": "catmullrom"
						},
						"3.75": {
							"post": [-0.25, 2.49187, 0.51],
							"lerp_mode": "catmullrom"
						},
						"3.9583": {
							"post": [-0.25, 1.615, 0.51],
							"lerp_mode": "catmullrom"
						},
						"4.2083": {
							"post": [-0.325, -2.4675, -1.23],
							"lerp_mode": "catmullrom"
						},
						"4.375": {
							"post": [-0.7575, -1.595, -1.23],
							"lerp_mode": "catmullrom"
						},
						"4.5417": {
							"post": [1.05, 1.2675, -0.10625],
							"lerp_mode": "catmullrom"
						},
						"4.7917": {
							"post": [1.45, 1.83, -0.125],
							"lerp_mode": "catmullrom"
						},
						"5.375": {
							"post": [1.45, 1.83, -0.125],
							"lerp_mode": "catmullrom"
						},
						"5.7083": {
							"post": [0.555, 1.625, -0.6425],
							"lerp_mode": "catmullrom"
						},
						"5.9167": {
							"post": [0.6775, 1.68, -0.71],
							"lerp_mode": "catmullrom"
						},
						"6.4167": {
							"post": [0.39875, 1.91125, -0.77],
							"lerp_mode": "catmullrom"
						},
						"6.6667": {
							"post": [-1.045, 2.0125, -0.77],
							"lerp_mode": "catmullrom"
						},
						"6.8333": {
							"post": [-1.6025, -0.25, -1.41],
							"lerp_mode": "catmullrom"
						},
						"7.0": {
							"post": [0, -1.3625, -1.775],
							"lerp_mode": "catmullrom"
						},
						"7.125": [0, -0.15, 0.375],
						"7.2083": [0, -0.025, -0.04375],
						"7.2917": [0, 0, 0.025],
						"7.375": [0, 0, 0]
					}
				},
				"bolt": {
					"rotation": [0, 0, 0]
				},
				"camera": {
					"rotation": {
						"0.0": {
							"post": [0, 0, 0],
							"lerp_mode": "catmullrom"
						},
						"0.1667": {
							"post": [0.5, 0, -0.75],
							"lerp_mode": "catmullrom"
						},
						"0.375": {
							"post": [3.99942, -0.02399, 1.9999],
							"lerp_mode": "catmullrom"
						},
						"0.4583": {
							"post": [4.15, -0.01, 1.98],
							"lerp_mode": "catmullrom"
						},
						"0.5": {
							"post": [4.11, 0, 0.62],
							"lerp_mode": "catmullrom"
						},
						"0.5833": {
							"post": [3.94, 0.02, 2.08],
							"lerp_mode": "catmullrom"
						},
						"0.7917": {
							"post": [3.999, 0.06319, 0.75294],
							"lerp_mode": "catmullrom"
						},
						"1.5": {
							"post": [8.74923, 0.04576, 1.00233],
							"lerp_mode": "catmullrom"
						},
						"1.625": {
							"post": [8.61, 0.14, 0.2],
							"lerp_mode": "catmullrom"
						},
						"1.6667": {
							"post": [8.38, 0.17, 3.15],
							"lerp_mode": "catmullrom"
						},
						"1.7083": {
							"post": [7.72, 0.24, -2.9],
							"lerp_mode": "catmullrom"
						},
						"1.7917": {
							"post": [6.74358, 0.28073, 0.32867],
							"lerp_mode": "catmullrom"
						},
						"2.0417": {
							"post": [0, 0.37076, -0.99976],
							"lerp_mode": "catmullrom"
						},
						"2.25": {
							"post": [0.75636, 0.35761, 0.00018],
							"lerp_mode": "catmullrom"
						},
						"2.3333": {
							"post": [1.75575, 0.3925, 0.00094],
							"lerp_mode": "catmullrom"
						},
						"2.4583": {
							"post": [0.25165, 0.36094, -0.74983],
							"lerp_mode": "catmullrom"
						},
						"2.625": {
							"post": [0.75636, 0.35761, 0.00018],
							"lerp_mode": "catmullrom"
						},
						"2.9167": {
							"post": [3.76279, 0.37926, 0.99996],
							"lerp_mode": "catmullrom"
						},
						"3.3333": {
							"post": [10.76279, 0.37926, 0.99996],
							"lerp_mode": "catmullrom"
						},
						"3.9583": {
							"post": [0.76944, 0.38334, 1.99998],
							"lerp_mode": "catmullrom"
						},
						"4.2083": {
							"post": [4.205, -0.05, -0.4],
							"lerp_mode": "catmullrom"
						},
						"4.5": {
							"post": [1.96274, -0.50139, -0.83412],
							"lerp_mode": "catmullrom"
						},
						"4.7083": {
							"post": [2.75, -1.15, -1.9],
							"lerp_mode": "catmullrom"
						},
						"5.0417": {
							"post": [3.4, -1.2, -2.1],
							"lerp_mode": "catmullrom"
						},
						"5.5": {
							"post": [3.25, -0.425, -2.35],
							"lerp_mode": "catmullrom"
						},
						"5.8333": {
							"post": [5.70865, 10.40959, -2.26729],
							"lerp_mode": "catmullrom"
						},
						"6.2917": {
							"post": [5.6913, 9.41454, -2.36812],
							"lerp_mode": "catmullrom"
						},
						"6.5417": {
							"post": [1.76812, -0.42179, -1.0856],
							"lerp_mode": "catmullrom"
						},
						"6.6667": {
							"post": [-0.225, 0, 0.125],
							"lerp_mode": "catmullrom"
						},
						"6.75": {
							"post": [-0.35, 0, 0.2],
							"lerp_mode": "catmullrom"
						},
						"6.8333": {
							"post": [0.25, 0, -0.25],
							"lerp_mode": "catmullrom"
						},
						"6.9167": {
							"post": [-0.075, 0, 0.075],
							"lerp_mode": "catmullrom"
						},
						"7.0": {
							"post": [0, 0, 0],
							"lerp_mode": "catmullrom"
						}
					}
				},
				"m4a1_pull": {
					"position": {
						"0.4583": [0, 0, 0],
						"0.5833": [0, 0, 2],
						"0.8333": [0, 0, 2.125],
						"1.0833": [0, 0, 1.83],
						"1.625": [0, 0, 2],
						"1.6667": [0, 0, 0],
						"1.7083": [0, 0, 0.25],
						"1.7917": [0, 0, 0]
					}
				}
			},
			"sound_effects": {
				"0.0": {
					"effect": "tacz:spr15hb/spr15hb_inspect_raise"
				},
				"0.4167": {
					"effect": "tacz:hk416d/hk416d_inspect_bolt"
				},
				"1.4583": {
					"effect": "tacz:hk416d/hk416d_inspect_boltrelease"
				},
				"1.7083": {
					"effect": "tacz:spr15hb/spr15hb_inspect_rotate"
				},
				"4.0417": {
					"effect": "tacz:spr15hb/spr15hb_inspect_rotate2"
				},
				"5.5": {
					"effect": "tacz:spr15hb/spr15hb_inspect_rattle"
				},
				"6.0833": {
					"effect": "tacz:spr15hb/spr15hb_inspect_rattle2"
				},
				"6.8333": {
					"effect": "tacz:spr15hb/spr15hb_inspect_end"
				}
			}
		},
		"inspect_empty": {
			"animation_length": 7.5833,
			"bones": {
				"lefthand": {
					"rotation": {
						"0.0": [106.02503, -34.82832, -159.1409],
						"0.2083": [113.94322, -57.52409, -190.84892],
						"0.4167": [126.31217, -68.40922, -204.65911],
						"1.75": [126.31217, -68.40922, -204.65911],
						"1.9167": [107.47048, -43.46086, -182.52844],
						"2.0833": [103.35063, -19.31775, -174.80188],
						"3.9167": [103.35063, -19.31775, -174.80188],
						"4.25": [98.78594, -50.49821, -139.97012],
						"4.7083": [146.06638, -81.66036, -192.02241],
						"6.5": [146.06638, -81.66036, -192.02241],
						"6.75": [106.02503, -34.82832, -159.1409]
					},
					"position": {
						"0.0": [7.655, -10.9625, -13.6325],
						"0.1667": [7.15, -14.21, -16.63],
						"0.2917": [7.15, -14.21, -10.63],
						"0.4167": [7.15, -14.21, -10.1925],
						"1.75": [7.15, -14.21, -10.1925],
						"1.9167": [11.775, -14.21, -10.19],
						"2.0833": [11.78, -37.21, 0.81],
						"3.9583": [11.78, -37.21, 0.81],
						"4.25": [7.655, -10.9625, -13.6325],
						"6.5": [7.66, -10.96, -13.63],
						"6.625": [8.41, -11.96, -13.63],
						"6.75": [7.655, -10.9625, -13.6325]
					},
					"scale": {
						"0.0": [1, 1.5, 1],
						"6.75": [1, 1.5, 1]
					}
				},
				"righthand": {
					"rotation": [95.0274, 5.97708, -179.47516],
					"position": [-6.5, -14.3, -1.7],
					"scale": [1, 1.5, 1]
				},
				"root": {
					"rotation": {
						"0.0": {
							"post": [0, 0, 0],
							"lerp_mode": "catmullrom"
						},
						"0.125": {
							"post": [-3.69506, -0.4781, 13.18822],
							"lerp_mode": "catmullrom"
						},
						"0.3333": {
							"post": [-20.75881, 18.22227, 54.18887],
							"lerp_mode": "catmullrom"
						},
						"0.4583": {
							"post": [-24.82956, 18.54215, 56.16321],
							"lerp_mode": "catmullrom"
						},
						"0.625": {
							"post": [-24.97514, 17.91992, 54.38781],
							"lerp_mode": "catmullrom"
						},
						"0.75": {
							"post": [-24.84373, 18.00281, 54.43768],
							"lerp_mode": "catmullrom"
						},
						"1.0417": {
							"post": [-25.38124, 16.90679, 51.8027],
							"lerp_mode": "catmullrom"
						},
						"1.375": {
							"post": [-25.38124, 16.90679, 51.8027],
							"lerp_mode": "catmullrom"
						},
						"1.7083": {
							"post": [-28.54085, 15.05341, 47.55826],
							"lerp_mode": "catmullrom"
						},
						"1.9167": {
							"post": [-31.05821, -7.73224, 9.45789],
							"lerp_mode": "catmullrom"
						},
						"2.125": {
							"post": [-29.89167, -26.54774, -36.72191],
							"lerp_mode": "catmullrom"
						},
						"2.2917": {
							"post": [-25.88364, -34.56135, -45.07181],
							"lerp_mode": "catmullrom"
						},
						"2.4167": {
							"post": [-27.53419, -29.00694, -41.65613],
							"lerp_mode": "catmullrom"
						},
						"2.5417": {
							"post": [-28.37759, -28.18584, -39.89409],
							"lerp_mode": "catmullrom"
						},
						"2.875": {
							"post": [-26.39926, -30.02688, -43.95928],
							"lerp_mode": "catmullrom"
						},
						"3.2083": {
							"post": [-27.89917, -28.65876, -40.89933],
							"lerp_mode": "catmullrom"
						},
						"3.625": {
							"post": [-25.33943, -30.90076, -46.04957],
							"lerp_mode": "catmullrom"
						},
						"4.0833": {
							"post": [-34.05414, -20.60007, -26.22844],
							"lerp_mode": "catmullrom"
						},
						"4.25": {
							"post": [-18.65775, -23.80092, -10.47493],
							"lerp_mode": "catmullrom"
						},
						"4.4167": {
							"post": [-22.03949, -52.59021, -0.46992],
							"lerp_mode": "catmullrom"
						},
						"4.5417": {
							"post": [-7.85629, -54.05513, -9.98818],
							"lerp_mode": "catmullrom"
						},
						"4.6667": {
							"post": [-14.81181, -58.20625, -8.13088],
							"lerp_mode": "catmullrom"
						},
						"4.8333": {
							"post": [-14.99109, -58.47374, -7.10282],
							"lerp_mode": "catmullrom"
						},
						"5.4167": {
							"post": [-14.99109, -58.47374, -7.10282],
							"lerp_mode": "catmullrom"
						},
						"5.7083": {
							"post": [-18.70915, -66.66913, 7.17791],
							"lerp_mode": "catmullrom"
						},
						"6.4167": {
							"post": [-22.27392, -70.41803, 11.0059],
							"lerp_mode": "catmullrom"
						},
						"6.6667": {
							"post": [2.51044, -56.78982, -13.34354],
							"lerp_mode": "catmullrom"
						},
						"6.9167": {
							"post": [-6.86413, -13.01468, 12.59187],
							"lerp_mode": "catmullrom"
						},
						"7.125": [0.78, -0.17, -3.2],
						"7.1667": [0.3889, 0.15987, 0.62995],
						"7.25": [0.00175, -0.19999, -0.5],
						"7.375": [0, 0, 0]
					},
					"position": {
						"0.0": {
							"post": [0, 0, 0],
							"lerp_mode": "catmullrom"
						},
						"0.125": {
							"post": [0, -1.5625, -0.6875],
							"lerp_mode": "catmullrom"
						},
						"0.2083": {
							"post": [0.8125, 0.4975, -0.69],
							"lerp_mode": "catmullrom"
						},
						"0.2917": {
							"post": [0.88, 2.07125, -0.69],
							"lerp_mode": "catmullrom"
						},
						"0.375": {
							"post": [0.81, 2.1225, -0.69],
							"lerp_mode": "catmullrom"
						},
						"0.5": {
							"post": [0.85688, 2.49, -0.3825],
							"lerp_mode": "catmullrom"
						},
						"0.7917": {
							"post": [0.81, 2.14313, -0.69],
							"lerp_mode": "catmullrom"
						},
						"1.0": {
							"post": [0.81, 2.14313, -0.69],
							"lerp_mode": "catmullrom"
						},
						"1.1667": {
							"post": [0.81, 2.26813, -0.69],
							"lerp_mode": "catmullrom"
						},
						"1.5417": {
							"post": [0.81, 2.14313, -0.69],
							"lerp_mode": "catmullrom"
						},
						"1.7917": {
							"post": [0.51313, 1.44688, -1.03],
							"lerp_mode": "catmullrom"
						},
						"1.9167": {
							"post": [-0.2525, -1.1575, -0.42062],
							"lerp_mode": "catmullrom"
						},
						"2.0417": {
							"post": [-0.25, 2.095, -0.42],
							"lerp_mode": "catmullrom"
						},
						"2.1667": {
							"post": [-0.25, 2.3475, -0.31062],
							"lerp_mode": "catmullrom"
						},
						"2.2917": {
							"post": [-0.25, 2.00625, 0.39313],
							"lerp_mode": "catmullrom"
						},
						"2.4583": {
							"post": [-0.25, 2.3975, 0.56188],
							"lerp_mode": "catmullrom"
						},
						"2.7917": {
							"post": [-0.25, 2.4625, 0.66938],
							"lerp_mode": "catmullrom"
						},
						"3.0833": {
							"post": [-0.25, 2.3975, 0.67],
							"lerp_mode": "catmullrom"
						},
						"3.2917": {
							"post": [-0.25, 2.32188, 0.67],
							"lerp_mode": "catmullrom"
						},
						"3.4583": {
							"post": [-0.25, 2.41375, 0.67],
							"lerp_mode": "catmullrom"
						},
						"3.5833": {
							"post": [-0.25, 2.31625, 0.51375],
							"lerp_mode": "catmullrom"
						},
						"3.75": {
							"post": [-0.25, 2.49187, 0.51],
							"lerp_mode": "catmullrom"
						},
						"3.9583": {
							"post": [-0.25, 1.615, 0.51],
							"lerp_mode": "catmullrom"
						},
						"4.2083": {
							"post": [-0.325, -2.4675, -1.23],
							"lerp_mode": "catmullrom"
						},
						"4.375": {
							"post": [-0.7575, -1.595, -1.23],
							"lerp_mode": "catmullrom"
						},
						"4.5417": {
							"post": [1.05, 1.2675, -0.10625],
							"lerp_mode": "catmullrom"
						},
						"4.7917": {
							"post": [1.45, 1.83, -0.125],
							"lerp_mode": "catmullrom"
						},
						"5.375": {
							"post": [1.45, 1.83, -0.125],
							"lerp_mode": "catmullrom"
						},
						"5.7083": {
							"post": [0.555, 1.625, -0.6425],
							"lerp_mode": "catmullrom"
						},
						"5.9167": {
							"post": [0.6775, 1.68, -0.71],
							"lerp_mode": "catmullrom"
						},
						"6.4167": {
							"post": [0.39875, 1.91125, -0.77],
							"lerp_mode": "catmullrom"
						},
						"6.6667": {
							"post": [-1.045, 2.0125, -0.77],
							"lerp_mode": "catmullrom"
						},
						"6.8333": {
							"post": [-1.6025, -0.25, -1.41],
							"lerp_mode": "catmullrom"
						},
						"7.0": {
							"post": [0, -1.3625, -1.775],
							"lerp_mode": "catmullrom"
						},
						"7.125": [0, -0.15, 0.375],
						"7.2083": [0, -0.025, -0.04375],
						"7.2917": [0, 0, 0.025],
						"7.375": [0, 0, 0]
					}
				},
				"bolt": {
					"rotation": [0, 0, 0],
					"position": [0, 0, 4.25]
				},
				"camera": {
					"rotation": {
						"0.0": {
							"post": [0, 0, 0],
							"lerp_mode": "catmullrom"
						},
						"0.1667": {
							"post": [0.5, 0, -0.75],
							"lerp_mode": "catmullrom"
						},
						"0.375": {
							"post": [3.99942, -0.02399, 1.9999],
							"lerp_mode": "catmullrom"
						},
						"0.7917": {
							"post": [3.999, 0.06319, 0.75294],
							"lerp_mode": "catmullrom"
						},
						"1.5": {
							"post": [8.74923, 0.04576, 1.00233],
							"lerp_mode": "catmullrom"
						},
						"1.7917": {
							"post": [6.74358, 0.28073, -0.98383],
							"lerp_mode": "catmullrom"
						},
						"2.0417": {
							"post": [0, 0.37076, -0.99976],
							"lerp_mode": "catmullrom"
						},
						"2.25": {
							"post": [0.75636, 0.35761, 0.00018],
							"lerp_mode": "catmullrom"
						},
						"2.3333": {
							"post": [1.75575, 0.3925, 0.00094],
							"lerp_mode": "catmullrom"
						},
						"2.4583": {
							"post": [0.25165, 0.36094, -0.74983],
							"lerp_mode": "catmullrom"
						},
						"2.625": {
							"post": [0.75636, 0.35761, 0.00018],
							"lerp_mode": "catmullrom"
						},
						"2.9167": {
							"post": [3.76279, 0.37926, 0.99996],
							"lerp_mode": "catmullrom"
						},
						"3.3333": {
							"post": [10.76279, 0.37926, 0.99996],
							"lerp_mode": "catmullrom"
						},
						"3.9583": {
							"post": [0.76944, 0.38334, 1.99998],
							"lerp_mode": "catmullrom"
						},
						"4.2083": {
							"post": [4.205, -0.05, -0.4],
							"lerp_mode": "catmullrom"
						},
						"4.5": {
							"post": [1.96274, -0.50139, -0.83412],
							"lerp_mode": "catmullrom"
						},
						"4.7083": {
							"post": [2.75, -1.15, -1.9],
							"lerp_mode": "catmullrom"
						},
						"5.0417": {
							"post": [3.4, -1.2, -2.1],
							"lerp_mode": "catmullrom"
						},
						"5.5": {
							"post": [3.25, -0.425, -2.35],
							"lerp_mode": "catmullrom"
						},
						"5.8333": {
							"post": [5.70865, 10.40959, -2.26729],
							"lerp_mode": "catmullrom"
						},
						"6.2917": {
							"post": [5.6913, 9.41454, -2.36812],
							"lerp_mode": "catmullrom"
						},
						"6.5417": {
							"post": [1.76812, -0.42179, -1.0856],
							"lerp_mode": "catmullrom"
						},
						"6.6667": {
							"post": [-0.225, 0, 0.125],
							"lerp_mode": "catmullrom"
						},
						"6.75": {
							"post": [-0.35, 0, 0.2],
							"lerp_mode": "catmullrom"
						},
						"6.8333": {
							"post": [0.25, 0, -0.25],
							"lerp_mode": "catmullrom"
						},
						"6.9167": {
							"post": [-0.075, 0, 0.075],
							"lerp_mode": "catmullrom"
						},
						"7.0": {
							"post": [0, 0, 0],
							"lerp_mode": "catmullrom"
						}
					}
				},
				"bolt_release": {
					"rotation": [0, 0, 12.5]
				}
			},
			"sound_effects": {
				"0.0": {
					"effect": "tacz:spr15hb/spr15hb_inspect_raise"
				},
				"1.7083": {
					"effect": "tacz:spr15hb/spr15hb_inspect_rotate"
				},
				"4.0417": {
					"effect": "tacz:spr15hb/spr15hb_inspect_rotate2"
				},
				"5.5": {
					"effect": "tacz:spr15hb/spr15hb_inspect_rattle"
				},
				"6.0833": {
					"effect": "tacz:spr15hb/spr15hb_inspect_rattle2"
				},
				"6.8333": {
					"effect": "tacz:spr15hb/spr15hb_inspect_end"
				}
			}
		},
		"shoot": {
			"animation_length": 0.6667,
			"bones": {
				"root": {
					"rotation": {
						"0.0": {
							"post": [0, 0, 0],
							"lerp_mode": "catmullrom"
						},
						"0.0333": {
							"post": [0.16986, -0.11208, 1.64881],
							"lerp_mode": "catmullrom"
						},
						"0.0667": {
							"post": [-0.96137, -0.23295, -0.46862],
							"lerp_mode": "catmullrom"
						},
						"0.1": {
							"post": [-0.99135, 0.12866, 0.62246],
							"lerp_mode": "catmullrom"
						},
						"0.1667": {
							"post": [0.77838, 0.0674, -0.52417],
							"lerp_mode": "catmullrom"
						},
						"0.2333": {
							"post": [0.27498, -0.0036, 0.17499],
							"lerp_mode": "catmullrom"
						},
						"0.3667": {
							"post": [0.425, -0.2, 0.525],
							"lerp_mode": "catmullrom"
						},
						"0.5": {
							"post": [-0.07, -0.075, -0.05],
							"lerp_mode": "catmullrom"
						},
						"0.6333": {
							"post": [0, 0, 0],
							"lerp_mode": "catmullrom"
						}
					},
					"position": {
						"0.0": {
							"post": [0, 0, 0],
							"lerp_mode": "catmullrom"
						},
						"0.0333": {
							"post": [0, -0.025, 1.45],
							"lerp_mode": "catmullrom"
						},
						"0.0667": {
							"post": [0, -0.075, 1.305],
							"lerp_mode": "catmullrom"
						},
						"0.1667": {
							"post": [0, -0.175, -0.12],
							"lerp_mode": "catmullrom"
						},
						"0.2667": {
							"post": [0, -0.025, 0.1],
							"lerp_mode": "catmullrom"
						},
						"0.3667": {
							"post": [0, 0, 0],
							"lerp_mode": "catmullrom"
						}
					}
				},
				"bolt": {
					"position": {
						"0.0": [0, 0, 0],
						"0.0333": [0, 0, 6],
						"0.1": [0, 0, 0],
						"0.1667": [0, 0, 0.45],
						"0.2333": [0, 0, 0],
						"0.3": [0, 0, 0.175],
						"0.3667": [0, 0, 0]
					}
				},
				"bullet_in_barrel": {
					"scale": {
						"0.0": [0, 0, 0],
						"0.1667": [0, 0, 0],
						"0.2": [1, 1, 1]
					}
				},
				"camera": {
					"rotation": {
						"0.0": {
							"post": [0, 0, 0],
							"lerp_mode": "catmullrom"
						},
						"0.0333": {
							"post": [0, 0, 0.6],
							"lerp_mode": "catmullrom"
						},
						"0.0667": {
							"post": [0, 0, -0.4],
							"lerp_mode": "catmullrom"
						},
						"0.1333": {
							"post": [0, 0, 0.325],
							"lerp_mode": "catmullrom"
						},
						"0.2": {
							"post": [0, 0, -0.225],
							"lerp_mode": "catmullrom"
						},
						"0.2667": {
							"post": [0, 0, 0],
							"lerp_mode": "catmullrom"
						},
						"0.3667": {
							"post": [0, 0, 0],
							"lerp_mode": "catmullrom"
						}
					}
				},
				"constraint": {
					"rotation": {
						"0.1667": [0.002, 0.09, 0.006],
						"0.3333": [0, 0, 0]
					},
					"position": {
						"0.1667": [0.01, 0.01, 0.25],
						"0.3333": [0, 0, 0]
					}
				}
			}
		},
		"static_bolt_caught": {
			"loop": true,
			"bones": {
				"bolt": {
					"position": [0, 0, 4.25]
				},
				"bolt_release": {
					"rotation": [0, 0, 12.5]
				}
			}
		},
		"reload_empty": {
			"loop": "hold_on_last_frame",
			"animation_length": 2.8333,
			"bones": {
				"root": {
					"rotation": {
						"0.0": {
							"post": [0, 0, 0],
							"lerp_mode": "catmullrom"
						},
						"0.1": {
							"post": [-4.80547, -1.29091, 5.54069],
							"lerp_mode": "catmullrom"
						},
						"0.2333": {
							"post": [-9.47, -8.67, -14.405],
							"lerp_mode": "catmullrom"
						},
						"0.3": {
							"post": [-10.57213, -10.92068, -18.5666],
							"lerp_mode": "catmullrom"
						},
						"0.4333": {
							"post": [-11.06028, -10.5582, -22.33635],
							"lerp_mode": "catmullrom"
						},
						"0.4667": {
							"post": [-13.20375, -8.28016, -26.01876],
							"lerp_mode": "catmullrom"
						},
						"0.5333": {
							"post": [-11.47393, -8.89895, -28.72865],
							"lerp_mode": "catmullrom"
						},
						"0.6": {
							"post": [-10.59365, -7.27027, -22.21726],
							"lerp_mode": "catmullrom"
						},
						"0.7667": {
							"post": [-11.505, -8.11, -31.335],
							"lerp_mode": "catmullrom"
						},
						"0.9333": {
							"post": [-15.12, -10.94, -36.445],
							"lerp_mode": "catmullrom"
						},
						"1.0667": {
							"post": [-13.955, -12.08, -36.65],
							"lerp_mode": "catmullrom"
						},
						"1.1667": {
							"post": [-14, -12, -35.39],
							"lerp_mode": "catmullrom"
						},
						"1.2333": {
							"post": [-13.73872, -12.29965, -36.63136],
							"lerp_mode": "catmullrom"
						},
						"1.4": {
							"post": [-13.62927, -11.33169, -34.76689],
							"lerp_mode": "catmullrom"
						},
						"1.5": {
							"post": [-12.55, -11.53, -34.55],
							"lerp_mode": "catmullrom"
						},
						"1.5333": {
							"post": [-14.53949, -10.1061, -26.70375],
							"lerp_mode": "catmullrom"
						},
						"1.6333": {
							"post": [-12.05, -9.965, -33.05],
							"lerp_mode": "catmullrom"
						},
						"1.8667": {
							"post": [-6.18459, -2.87655, -6.23687],
							"lerp_mode": "catmullrom"
						},
						"1.9667": {
							"post": [-5.99179, -4.56674, -8.73023],
							"lerp_mode": "catmullrom"
						},
						"2.0": {
							"post": [-5.09432, -4.24553, -11.52922],
							"lerp_mode": "catmullrom"
						},
						"2.0333": {
							"post": [-5.90904, -3.03669, 1.38502],
							"lerp_mode": "catmullrom"
						},
						"2.0667": {
							"post": [-6, -3.17, 11.06],
							"lerp_mode": "catmullrom"
						},
						"2.1333": {
							"post": [-5.27396, -3.55909, 3.47821],
							"lerp_mode": "catmullrom"
						},
						"2.3333": [0.61, -1.59, 4.48],
						"2.4667": [0.78, -0.17, -3.2],
						"2.5667": [0.3889, 0.15987, 0.62995],
						"2.7": [-0.00523, -0.19993, -0.22499],
						"2.8333": [0, 0, 0]
					},
					"position": {
						"0.0": {
							"post": [0, 0, 0],
							"lerp_mode": "catmullrom"
						},
						"0.1": {
							"post": [0, -0.18, -0.845],
							"lerp_mode": "catmullrom"
						},
						"0.2667": {
							"post": [-0.67, 0.705, 0.705],
							"lerp_mode": "catmullrom"
						},
						"0.3333": {
							"post": [-0.67, 0.705, 0.68],
							"lerp_mode": "catmullrom"
						},
						"0.4333": {
							"post": [-0.67, 0.735, 0.68],
							"lerp_mode": "catmullrom"
						},
						"0.4667": {
							"post": [-0.82, 0.54, 0.605],
							"lerp_mode": "catmullrom"
						},
						"0.5": {
							"post": [-0.795, 0.415, 0.43],
							"lerp_mode": "catmullrom"
						},
						"0.5333": {
							"post": [-0.745, 0.54, 0.53],
							"lerp_mode": "catmullrom"
						},
						"0.6": {
							"post": [-0.67, 0.69, 0.68],
							"lerp_mode": "catmullrom"
						},
						"0.7": {
							"post": [-0.67, 0.815, 0.78],
							"lerp_mode": "catmullrom"
						},
						"0.7667": {
							"post": [-0.67, 0.76, 0.63],
							"lerp_mode": "catmullrom"
						},
						"0.8667": {
							"post": [-0.57, 0.77, 0.545],
							"lerp_mode": "catmullrom"
						},
						"1.0": {
							"post": [-0.445, 1.205, 0.28],
							"lerp_mode": "catmullrom"
						},
						"1.1667": {
							"post": [-0.495, 1.505, 0.055],
							"lerp_mode": "catmullrom"
						},
						"1.3": {
							"post": [-0.48, 1.27, 0.035],
							"lerp_mode": "catmullrom"
						},
						"1.4": {
							"post": [-0.49, 1.405, 0.055],
							"lerp_mode": "catmullrom"
						},
						"1.4667": {
							"post": [-0.715, 1.235, -0.02],
							"lerp_mode": "catmullrom"
						},
						"1.5333": {
							"post": [-0.59, 1.5, 0],
							"lerp_mode": "catmullrom"
						},
						"1.6": {
							"post": [-0.46, 1.39, 0.03],
							"lerp_mode": "catmullrom"
						},
						"1.6667": {
							"post": [-0.66, 1.345, 0.055],
							"lerp_mode": "catmullrom"
						},
						"1.7667": {
							"post": [-0.66, 1.045, -0.095],
							"lerp_mode": "catmullrom"
						},
						"1.8667": {
							"post": [-0.78, 0.35, 0.19],
							"lerp_mode": "catmullrom"
						},
						"2.0": {
							"post": [-0.955, 0.165, 0.65],
							"lerp_mode": "catmullrom"
						},
						"2.0333": {
							"post": [-0.94, 0.27, 0.83],
							"lerp_mode": "catmullrom"
						},
						"2.1": {
							"post": [-0.65, 0.19, 0.25],
							"lerp_mode": "catmullrom"
						},
						"2.3333": {
							"post": [0, -1.3625, -1.775],
							"lerp_mode": "catmullrom"
						},
						"2.4667": [0, -0.15, 0.375],
						"2.6333": [0, -0.025, -0.04375],
						"2.7": [0, 0, 0.025],
						"2.8333": [0, 0, 0]
					}
				},
				"additional_magazine": {
					"scale": 0
				},
				"mag_and_lefthand": {
					"rotation": {
						"0.0": [0, 0, 0],
						"0.3333": [0, 0, 0],
						"0.4333": [0, 0, 0],
						"0.4667": [0, 0, -10.75],
						"0.5667": [0, 0, -6.25],
						"0.8667": {
							"pre": [0, 0, -6.25],
							"post": [0, 0, -6.25]
						},
						"0.9333": [0, 0, -114.75],
						"1.2": [0, 0, -11.25],
						"1.2667": [6.25, 0, -13],
						"1.3333": [3, 0, -8],
						"1.4333": [3, 0, -8],
						"1.4667": [0, 0, 0],
						"1.5333": [0, 0, 0],
						"1.5667": [0, 0, 0],
						"1.7333": [0, 0, 0]
					},
					"position": {
						"0.0": [0, 0, 0],
						"0.3333": [0, 0, 0],
						"0.4333": [0, -1.625, 0],
						"0.5667": [0, -11.32, 0],
						"0.8667": {
							"pre": [0, -11.32, 0],
							"post": [11.95, -17.695, 12.75]
						},
						"0.9333": [5.67425, -7.53916, 6.44743],
						"1.0667": [0.68975, -9.66873, 3.34],
						"1.2": [1.28057, -3.81019, 0.38986],
						"1.2667": [1.25326, -3.68789, 0.39],
						"1.3333": [0.90341, -3.73871, 0.39],
						"1.4333": [0.90237, -3.75684, 0.06545],
						"1.4667": [0.11719, -3.71141, -0.15862],
						"1.5333": [0, -3.225, 0],
						"1.5667": [0, 0, 0],
						"1.6333": [0, -0.25, 0],
						"1.7333": [0, 0, 0]
					}
				},
				"lefthand": {
					"rotation": {
						"0.0": [106.02503, -34.82832, -159.1409],
						"0.1": {
							"pre": [94.23532, -43.98495, -131.98067],
							"post": [94.23532, -43.98495, -131.98067],
							"lerp_mode": "catmullrom"
						},
						"0.2333": {
							"post": [71.87, -26.54, -83.42],
							"lerp_mode": "catmullrom"
						},
						"0.3667": {
							"post": [71.87, -26.54, -83.42],
							"lerp_mode": "catmullrom"
						},
						"0.8": {
							"post": [70.90657, -58.08158, -99.27379],
							"lerp_mode": "catmullrom"
						},
						"1.0": {
							"post": [95.54407, -20.38631, -100.4574],
							"lerp_mode": "catmullrom"
						},
						"1.6667": {
							"post": [95.54407, -20.38631, -100.4574],
							"lerp_mode": "catmullrom"
						},
						"1.8667": {
							"post": [171.44893, -51.67339, -195.25571],
							"lerp_mode": "catmullrom"
						},
						"1.9667": {
							"post": [165.71266, -52.91206, -201.90583],
							"lerp_mode": "catmullrom"
						},
						"2.0": {
							"post": [179.22017, -36.66403, -202.26768],
							"lerp_mode": "catmullrom"
						},
						"2.0667": {
							"post": [179.12798, -44.16326, -202.12579],
							"lerp_mode": "catmullrom"
						},
						"2.1333": {
							"post": [164.90141, -45.65262, -181.46842],
							"lerp_mode": "catmullrom"
						},
						"2.3333": [106.02503, -34.82832, -159.1409]
					},
					"position": {
						"0.0": [7.655, -10.9625, -13.6325],
						"0.1": [7.28, -15.38, -10.485],
						"0.2333": [5.44, -18.23, -7.2],
						"0.3667": [5.44, -18.23, -7.2],
						"0.8": [5.44, -24.33, -7.2],
						"1.0": [5.44, -17.68, -8],
						"1.6667": [5.44, -17.68, -8],
						"1.8667": [9.78621, -11.06237, -5.05468],
						"1.9667": [9.75322, -11.11197, -5.05179],
						"2.0": [8.0948, -10.86618, -4.94567],
						"2.0667": [8.3626, -10.90191, -4.96717],
						"2.1333": [8.25913, -11.65239, -6.3001],
						"2.2667": [7.98703, -12.13312, -11.22769],
						"2.3333": [7.655, -10.9625, -13.6325]
					},
					"scale": {
						"0.0": [1, 1.5, 1],
						"2.3333": [1, 1.5, 1]
					}
				},
				"constraint": {
					"rotation": [0.1, 0.1, 0.1],
					"position": [0.1, 0.1, 0.35]
				},
				"bolt": {
					"position": {
						"0.0": [0, 0, 4.25],
						"2.1667": [0, 0, 4.25],
						"2.2": [0, 0, 0],
						"2.2333": [0, 0, 0.35],
						"2.3333": [0, 0, 0]
					}
				},
				"bolt_release": {
					"rotation": {
						"0.0": [0, 0, 12.5],
						"1.9667": [0, 0, 12.5],
						"2.0": [0, 0, 0]
					}
				},
				"mag_release": {
					"position": {
						"0.3333": [0, 0, 0],
						"0.4333": [0.125, 0, 0],
						"0.5667": [0, 0, 0],
						"1.5333": [0, 0, 0],
						"1.6": [0.1, 0, 0],
						"1.7333": [0, 0, 0]
					}
				},
				"righthand": {
					"rotation": [95.0274, 5.97708, -179.47516],
					"position": [-6.5, -14.3, -1.7],
					"scale": [1, 1.5, 1]
				},
				"camera": {
					"rotation": {
						"0.0": {
							"post": [0, 0, 0],
							"lerp_mode": "catmullrom"
						},
						"0.2": {
							"post": [0.7, 0.25, 0.325],
							"lerp_mode": "catmullrom"
						},
						"0.3": {
							"post": [0.56, 0, 0.6],
							"lerp_mode": "catmullrom"
						},
						"0.3667": {
							"post": [0.54, 0, 0.6],
							"lerp_mode": "catmullrom"
						},
						"0.4333": {
							"post": [0.89, 0.15, 0.45],
							"lerp_mode": "catmullrom"
						},
						"0.5": {
							"post": [0.165, -0.4, 0.775],
							"lerp_mode": "catmullrom"
						},
						"0.6333": {
							"post": [0.545, -0.23, 0.65],
							"lerp_mode": "catmullrom"
						},
						"0.8333": {
							"post": [0.565, 0.175, 0.325],
							"lerp_mode": "catmullrom"
						},
						"1.1": {
							"post": [0.215, 0, 0.2],
							"lerp_mode": "catmullrom"
						},
						"1.2667": {
							"post": [0.345, -0.075, 0.35],
							"lerp_mode": "catmullrom"
						},
						"1.4667": {
							"post": [0.22, 0, 0.35],
							"lerp_mode": "catmullrom"
						},
						"1.6": {
							"post": [0.645, 0.075, -0.45],
							"lerp_mode": "catmullrom"
						},
						"1.6667": {
							"post": [-0.25, -0.2, 0.6],
							"lerp_mode": "catmullrom"
						},
						"1.8333": {
							"post": [0.53, -0.075, -0.1],
							"lerp_mode": "catmullrom"
						},
						"1.9": {
							"post": [0.755, 0.025, -0.1],
							"lerp_mode": "catmullrom"
						},
						"1.9667": {
							"post": [0.79, 0.03, -0.1],
							"lerp_mode": "catmullrom"
						},
						"2.0": {
							"post": [1.025, 0.345, 0.25],
							"lerp_mode": "catmullrom"
						},
						"2.0667": {
							"post": [0.69, -0.1, -0.375],
							"lerp_mode": "catmullrom"
						},
						"2.1333": {
							"post": [0.68, 0.09, -0.095],
							"lerp_mode": "catmullrom"
						},
						"2.2667": {
							"post": [0.76, -0.03, 0.045],
							"lerp_mode": "catmullrom"
						},
						"2.4": {
							"post": [0.615, -0.075, -0.1],
							"lerp_mode": "catmullrom"
						},
						"2.5": {
							"post": [-0.28, -0.2, 0],
							"lerp_mode": "catmullrom"
						},
						"2.5667": {
							"post": [0.15, 0, 0.2],
							"lerp_mode": "catmullrom"
						},
						"2.6667": {
							"post": [-0.14, 0.045, -0.07],
							"lerp_mode": "catmullrom"
						},
						"2.8": {
							"post": [0, 0, 0],
							"lerp_mode": "catmullrom"
						}
					}
				}
			},
			"sound_effects": {
				"0.0": {
					"effect": "tacz:spr15hb/spr15hb_reload_empty_raise"
				},
				"0.3667": {
					"effect": "tacz:spr15hb/spr15hb_reload_magout"
				},
				"0.7": {
					"effect": "tacz:spr15hb/spr15hb_reload_xmaglrg_rattle"
				},
				"1.3333": {
					"effect": "tacz:spr15hb/spr15hb_reload_maghit"
				},
				"1.4333": {
					"effect": "tacz:spr15hb/spr15hb_reload_magin"
				},
				"1.6": {
					"effect": "tacz:spr15hb/spr15hb_reload_empty_end"
				},
				"1.9667": {
					"effect": "tacz:spr15hb/spr15hb_reload_empty_charge"
				}
			}
		},
		"draw": {
			"animation_length": 0.7843,
			"bones": {
				"root": {
					"rotation": {
						"0.0": [30.00673, -2.0705, -27.00752],
						"0.3137": {
							"pre": [1.26636, -2.72255, -1.21189],
							"post": [1.26636, -2.72255, -1.21189],
							"lerp_mode": "catmullrom"
						},
						"0.549": {
							"post": [-0.065, -0.095, 0.79],
							"lerp_mode": "catmullrom"
						},
						"0.6667": {
							"post": [0, -0.03, 0.1],
							"lerp_mode": "catmullrom"
						},
						"0.7843": [0, 0, 0]
					},
					"position": {
						"0.0": [0.0625, -3.14062, 13.32813],
						"0.1961": {
							"pre": [0.275, -1.45, -0.38438],
							"post": [0.275, -1.45, -0.38438],
							"lerp_mode": "catmullrom"
						},
						"0.3529": {
							"post": [0.09, -0.56, -1.2],
							"lerp_mode": "catmullrom"
						},
						"0.4706": {
							"post": [-0.05, -0.075, 0.265],
							"lerp_mode": "catmullrom"
						},
						"0.5882": {
							"post": [0, 0, 0],
							"lerp_mode": "catmullrom"
						},
						"0.7451": {
							"post": [0, 0, 0],
							"lerp_mode": "catmullrom"
						}
					}
				},
				"lefthand": {
					"rotation": {
						"0.0": [106.02503, -34.82832, -159.1409],
						"0.2353": [106.02503, -34.82832, -159.1409]
					},
					"position": {
						"0.0": [7.655, -22.9625, -9.6325],
						"0.2353": [7.655, -10.9625, -13.6325]
					},
					"scale": {
						"0.0": [1, 1.5, 1],
						"0.2353": [1, 1.5, 1]
					}
				},
				"righthand": {
					"rotation": [95.0274, 5.97708, -179.47516],
					"position": [-6.5, -14.3, -1.7],
					"scale": [1, 1.5, 1]
				},
				"camera": {
					"rotation": {
						"0.0": {
							"post": [0, 0, 0],
							"lerp_mode": "catmullrom"
						},
						"0.1961": {
							"post": [0.225, -0.2, -0.375],
							"lerp_mode": "catmullrom"
						},
						"0.4314": {
							"post": [-0.22, 0.15, 0.1],
							"lerp_mode": "catmullrom"
						},
						"0.5882": {
							"post": [0.03, 0, -0.02],
							"lerp_mode": "catmullrom"
						},
						"0.7451": {
							"post": [0, 0, 0],
							"lerp_mode": "catmullrom"
						}
					}
				}
			},
			"sound_effects": {
				"0.0": {
					"effect": "m4a1_raise_v2"
				}
			}
		},
		"static_semi": {
			"loop": true,
			"bones": {
				"selector": {
					"rotation": [0, 0, 0]
				}
			}
		},
		"switch_auto": {
			"animation_length": 0.6667,
			"bones": {
				"righthand": {
					"rotation": {
						"0.0": [95.0274, 5.97708, -179.47516],
						"0.0333": [96.07, 8.95, -179.05],
						"0.0667": [96.07, 8.95, -179.05],
						"0.1": [94.65, 8.89, -175.34],
						"0.1333": [93.22, 8.83, -171.63],
						"0.1667": [91.79, 8.77, -167.92],
						"0.2": [94.85, 9.01, -173.99],
						"0.2333": [94.43, 9.18, -189.18],
						"0.2667": [94.43, 9.18, -189.18],
						"0.3": [94.71, 9.14, -187.49],
						"0.3333": [94.98, 9.11, -185.8],
						"0.3667": [95.25, 9.07, -184.11],
						"0.4": [95.53, 9.03, -182.43],
						"0.4333": [95.8, 8.99, -180.74],
						"0.4667": [95.0274, 5.97708, -179.47516]
					},
					"position": {
						"0.0": [-6.5, -14.3, -1.7],
						"0.0333": [-6.5, -14.3, -1.7],
						"0.0667": [-6.5, -14.3, -1.7],
						"0.1": [-6.5, -14.06, -1.57],
						"0.1333": [-6.5, -13.82, -1.43],
						"0.1667": [-6.5, -13.57, -1.3],
						"0.2": [-6.5, -13.57, -1.3],
						"0.2333": [-6.5, -13.57, -1.3],
						"0.2667": [-6.5, -13.57, -1.3],
						"0.3": [-6.5, -13.57, -1.3],
						"0.3333": [-6.5, -13.57, -1.3],
						"0.3667": [-6.5, -13.76, -1.4],
						"0.4": [-6.5, -13.94, -1.5],
						"0.4333": [-6.5, -14.12, -1.6],
						"0.4667": [-6.5, -14.3, -1.7]
					},
					"scale": {
						"0.0": [1, 1.5, 1],
						"0.4667": [1, 1.5, 1]
					}
				},
				"lefthand": {
					"rotation": [96.96, -29.14, -146.86],
					"position": [8.42, -11.62, -12.02],
					"scale": [1, 1.5, 1]
				},
				"root": {
					"rotation": {
						"0.0": [0, 0, 0],
						"0.0333": [0.57, 0.01, 0.02],
						"0.0667": [1.35, 0.04, 0.05],
						"0.1": [1.93, 0.05, 0.06],
						"0.1333": [2.16, 0.06, 0.13],
						"0.1667": [2.19, 0.06, 0.18],
						"0.2": [2.06, 0.05, -0.05],
						"0.2333": [1.37, 0, -1.48],
						"0.2667": [0.77, -0.04, -2.73],
						"0.3": [1.09, -0.04, -2.17],
						"0.3333": [1.6, -0.02, -1.39],
						"0.3667": [1.87, -0.02, -1.91],
						"0.4": [1.83, -0.03, -2.32],
						"0.4333": [1.53, -0.02, -1.96],
						"0.4667": [1.07, -0.01, -1.33],
						"0.5": [0.59, -0.01, -0.67],
						"0.5333": [0.25, 0, -0.2],
						"0.5667": [0.09, 0, -0.01],
						"0.6": [0.03, 0, 0.03],
						"0.6333": [0.01, 0, 0.01],
						"0.6667": [0, 0, 0]
					},
					"position": {
						"0.0": [0, 0, 0],
						"0.0333": [0, -0.01, 0.02],
						"0.0667": [0, -0.03, 0.04],
						"0.1": [0, -0.05, 0.06],
						"0.1333": [0, -0.07, 0.07],
						"0.1667": [0, -0.09, 0.07],
						"0.2": [0, -0.12, 0.08],
						"0.2333": [0, -0.19, 0.08],
						"0.2667": [0, -0.25, 0.08],
						"0.3": [0, -0.27, 0.02],
						"0.3333": [0, -0.26, -0.05],
						"0.3667": [0, -0.26, -0.12],
						"0.4": [0, -0.23, -0.15],
						"0.4333": [0, -0.19, -0.12],
						"0.4667": [0, -0.13, -0.06],
						"0.5": [0, -0.07, 0],
						"0.5333": [0, -0.02, 0.04],
						"0.5667": [0, -0.01, 0.04],
						"0.6": [0, 0, 0.03],
						"0.6333": [0, 0, 0.01],
						"0.6667": [0, 0, 0]
					}
				},
				"selector": {
					"rotation": {
						"0.1667": [0, 0, 0],
						"0.2": [-7, 0, 0],
						"0.2333": [-90, 0, 0]
					}
				},
				"camera": {
					"rotation": {
						"0.1": [0, 0, 0],
						"0.1333": [0, 0, 0.13],
						"0.1667": [0, 0, 0.26],
						"0.2": [0, 0, 0.39],
						"0.2333": [0, 0, 0.17],
						"0.2667": [0, 0, -0.05],
						"0.3": [0, 0, -0.27],
						"0.3333": [0, 0, -0.13],
						"0.3667": [0, 0, 0.01],
						"0.4": [0, 0, 0.15],
						"0.4333": [0, 0, 0.1],
						"0.4667": [0, 0, 0.05],
						"0.5": [0, 0, 0]
					}
				}
			}
		},
		"switch_semi": {
			"animation_length": 0.6667,
			"bones": {
				"righthand": {
					"rotation": {
						"0.0": [95.0274, 5.97708, -179.47516],
						"0.0333": [96.07, 8.95, -179.05],
						"0.0667": [95.9, 5.5, -181.42],
						"0.1": [95.73, 2.06, -183.78],
						"0.1333": [95.55, -1.39, -186.15],
						"0.1667": [95.55, -0.72, -186.08],
						"0.2": [95.55, -0.06, -186.02],
						"0.2333": [95.55, 0.6, -185.96],
						"0.2667": [94.54, 2.51, -182.83],
						"0.3": [93.54, 4.41, -179.7],
						"0.3333": [91.21, 8.46, -177.46],
						"0.3667": [91.21, 6.46, -177.5],
						"0.4": [91.2, 4.46, -177.54],
						"0.4333": [93.64, 6.71, -178.3],
						"0.4667": [95.0274, 5.97708, -179.47516]
					},
					"position": {
						"0.0": [-6.5, -14.3, -1.7],
						"0.0333": [-6.5, -14.3, -1.7],
						"0.1333": [-6.35, -13.15, -1.2],
						"0.2333": [-6.35, -13.15, -1.2],
						"0.3": [-6.48, -13.48, -1.305],
						"0.3333": [-6.6, -13.8, -0.95],
						"0.4": [-6.6, -13.95, -0.95],
						"0.4667": [-6.5, -14.3, -1.7]
					},
					"scale": {
						"0.0": [1, 1.5, 1],
						"0.4333": [1, 1.5, 1],
						"0.4667": [1, 1.5, 1]
					}
				},
				"lefthand": {
					"rotation": [96.96, -29.14, -146.86],
					"position": [8.42, -11.62, -12.02],
					"scale": [1, 1.5, 1]
				},
				"root": {
					"rotation": {
						"0.0": [0, 0, 0],
						"0.0333": [0.32, -0.02, 0.57],
						"0.0667": [0.77, -0.04, 1.29],
						"0.1": [1.15, -0.08, 1.33],
						"0.1333": [1.39, -0.14, 0.09],
						"0.1667": [1.56, -0.21, -1.83],
						"0.2": [1.67, -0.27, -3.37],
						"0.2333": [1.72, -0.3, -4.54],
						"0.2667": [1.64, -0.32, -4.73],
						"0.3": [1.36, -0.37, -3.2],
						"0.3333": [1.1, -0.42, -1.64],
						"0.3667": [1.23, -0.39, -2.2],
						"0.4": [1.34, -0.32, -2.82],
						"0.4333": [1.25, -0.25, -2.38],
						"0.4667": [1.09, -0.15, -1.6],
						"0.5": [0.91, -0.06, -0.77],
						"0.5333": [0.73, 0, -0.2],
						"0.5667": [0.53, 0.02, 0.03],
						"0.6": [0.32, 0.02, 0.06],
						"0.6333": [0.13, 0.01, 0.02],
						"0.6667": [0, 0, 0]
					},
					"position": {
						"0.0": [0, 0, 0],
						"0.0333": [0, -0.06, 0.01],
						"0.0667": [0, -0.14, 0.03],
						"0.1": [0, -0.2, 0.06],
						"0.1333": [0, -0.22, 0.13],
						"0.1667": [0, -0.22, 0.22],
						"0.2": [0, -0.22, 0.28],
						"0.2333": [0, -0.25, 0.26],
						"0.2667": [0, -0.28, 0.23],
						"0.3": [0, -0.29, 0.23],
						"0.3333": [0, -0.28, 0.22],
						"0.3667": [0, -0.28, 0.11],
						"0.4": [0, -0.26, 0],
						"0.4333": [0, -0.21, -0.01],
						"0.4667": [0, -0.15, 0.01],
						"0.5": [0, -0.09, 0.03],
						"0.5333": [0, -0.05, 0.04],
						"0.5667": [0, -0.03, 0.03],
						"0.6": [0, -0.01, 0.02],
						"0.6333": [0, -0.01, 0.01],
						"0.6667": [0, 0, 0]
					}
				},
				"selector": {
					"rotation": {
						"0.2333": [-90, 0, 0],
						"0.2667": [-58, 0, 0],
						"0.3": [0, 0, 0]
					}
				},
				"camera": {
					"rotation": {
						"0.1": [0, 0, 0],
						"0.1333": [0, 0, 0.13],
						"0.1667": [0, 0, 0.26],
						"0.2": [0, 0, 0.39],
						"0.2333": [0, 0, 0.17],
						"0.2667": [0, 0, -0.05],
						"0.3": [0, 0, -0.27],
						"0.3333": [0, 0, -0.13],
						"0.3667": [0, 0, 0.01],
						"0.4": [0, 0, 0.15],
						"0.4333": [0, 0, 0.1],
						"0.4667": [0, 0, 0.05],
						"0.5": [0, 0, 0]
					}
				}
			}
		},
		"static_auto": {
			"loop": true,
			"bones": {
				"selector": {
					"rotation": [-90, 0, 0]
				}
			}
		}
	}
}