{
	"format_version": "1.8.0",
	"animations": {
		"static": {
			"loop": true,
			"bones": {
				"l2": {
					"rotation": [86.32863, -36.06724, -116.78355],
					"position": [7.2, -10.6, -6.5],
					"scale": [1, 1.5, 1]
				},
				"R2": {
					"rotation": [95, 0, -180],
					"position": [-6.2, -13.5, 8.2],
					"scale": [1, 1.5, 1]
				}
			}
		},
		"bolt_on": {
			"animation_length": 1.5,
			"bones": {
				"l2": {
					"rotation": [86.32863, -36.06724, -116.78355],
					"position": [7.2, -10.6, -6.5],
					"scale": [1, 1.5, 1]
				},
				"R2": {
					"rotation": {
						"0.0": [95, 0, -180],
						"0.45": [95, 0, -180],
						"0.6": [87.33142, 24.8463, -255.49166],
						"0.7": [114.74994, 8.79479, -195.43975],
						"0.75": [114.74994, 8.79479, -195.43975],
						"0.95": [162.45484, 20.37567, -165.64325],
						"1.05": [129.79139, -65.86783, -114.34997],
						"1.1": [129.79139, -65.86783, -114.34997],
						"1.25": [113.76829, -49.51788, -95.6298],
						"1.3": [120.16985, -5.92131, -129.87055],
						"1.45": [95, 0, -180]
					},
					"position": {
						"0.0": [-6.2, -13.5, 8.2],
						"0.45": [-6.2, -13.5, 8.2],
						"0.6": [-9.3, -11.5, 5.9],
						"0.7": [-9.1, -7.4, 4.7],
						"0.75": [-9.1, -7.4, 4.7],
						"0.9": [-9.1, -7.4, 11.7],
						"1.05": [-9.1, -6.7, 12.7],
						"1.1": [-9.1, -6.6, 6.7],
						"1.25": [-9.1, -6.6, 6.7],
						"1.35": [-9.1, -12.4, 6.7],
						"1.45": [-6.2, -13.5, 8.2]
					},
					"scale": [1, 1.5, 1]
				},
				"root": {
					"rotation": {
						"0.35": {
							"pre": [0, 0, 0],
							"post": [0, 0, 0],
							"lerp_mode": "catmullrom"
						},
						"0.5": {
							"post": [-0.16, -0.025, 2.005],
							"lerp_mode": "catmullrom"
						},
						"0.7": {
							"post": [-0.275, 0.125, 4.1],
							"lerp_mode": "catmullrom"
						},
						"0.75": {
							"post": [0.37, 0.18, 4.97],
							"lerp_mode": "catmullrom"
						},
						"0.8": {
							"post": [0.9, 0.175, 1.8],
							"lerp_mode": "catmullrom"
						},
						"0.95": {
							"post": [0.1, 0.03, 5.12],
							"lerp_mode": "catmullrom"
						},
						"1.0": {
							"post": [-0.2, -0.075, 1.8],
							"lerp_mode": "catmullrom"
						},
						"1.1": {
							"post": [0.21, -0.35, 1.75],
							"lerp_mode": "catmullrom"
						},
						"1.15": {
							"post": [0.4, -0.45, 4.7],
							"lerp_mode": "catmullrom"
						},
						"1.25": {
							"post": [0.4, -0.3, 3],
							"lerp_mode": "catmullrom"
						},
						"1.3": {
							"post": [0.005, 0.015, 0.33],
							"lerp_mode": "catmullrom"
						},
						"1.35": {
							"post": [-0.045, 0.03, 0.245],
							"lerp_mode": "catmullrom"
						},
						"1.4": {
							"post": [-0.015, 0.02, -0.105],
							"lerp_mode": "catmullrom"
						},
						"1.5": {
							"post": [0, 0, 0],
							"lerp_mode": "catmullrom"
						}
					},
					"position": {
						"0.35": {
							"pre": [0, 0, 0],
							"post": [0, 0, 0],
							"lerp_mode": "catmullrom"
						},
						"0.55": {
							"post": [0, -0.175, -0.05],
							"lerp_mode": "catmullrom"
						},
						"0.7": {
							"post": [0, -0.145, 0.22],
							"lerp_mode": "catmullrom"
						},
						"0.85": {
							"post": [0, -0.38, 0.52],
							"lerp_mode": "catmullrom"
						},
						"0.9": {
							"post": [0, -0.555, 0.8],
							"lerp_mode": "catmullrom"
						},
						"1.1": {
							"post": [0, -0.35, 0.25],
							"lerp_mode": "catmullrom"
						},
						"1.15": {
							"post": [0, -0.165, 0.3],
							"lerp_mode": "catmullrom"
						},
						"1.25": {
							"post": [0, 0, 0.4],
							"lerp_mode": "catmullrom"
						},
						"1.3": {
							"post": [0, -0.075, 0.1],
							"lerp_mode": "catmullrom"
						},
						"1.4": {
							"post": [0, -0.03, 0],
							"lerp_mode": "catmullrom"
						},
						"1.5": {
							"post": [0, 0, 0],
							"lerp_mode": "catmullrom"
						}
					}
				},
				"86x2": {
					"rotation": {
						"0.75": [0, 0, 0],
						"0.8": [0, 0, 0],
						"0.9": [0, 0, 0],
						"1.15": [-205.17205, -52.4121, -208.72524],
						"1.35": [-513.42466, -60.34607, -106.4241]
					},
					"position": {
						"0.75": [0, 0, 0],
						"0.8": [0, 1.7, -1],
						"0.9": [0, 1.7, -1],
						"1.0": {
							"pre": [-19.25, 5.95, -1],
							"post": [-19.25, 5.95, -1],
							"lerp_mode": "catmullrom"
						},
						"1.1": {
							"post": [-35.83, -3.06, -1],
							"lerp_mode": "catmullrom"
						},
						"1.2": {
							"post": [-50, -26.6, -1],
							"lerp_mode": "catmullrom"
						}
					}
				},
				"boltgroup": {
					"rotation": {
						"0.6": [0, 0, 0],
						"0.7": [0, 0, 72.5],
						"1.25": [0, 0, 72.5],
						"1.3": [0, 0, 0]
					}
				},
				"bolt": {
					"position": {
						"0.75": [0, 0, 0],
						"0.9": [0, 0, 7],
						"1.05": [0, 0, 7],
						"1.1": [0, 0, 0]
					}
				}
			},
			"sound_effects": {
				"0.55": {
					"effect": "p21_sn_mromeo_reload_empty_smags_boltback"
				},
				"0.95": {
					"effect": "p21_sn_mromeo_reload_empty_smags_boltback"
				}
			}
		},
		"reload_norm": {
			"animation_length": 4.3,
			"bones": {
				"l2": {
					"rotation": {
						"0.0": [86.32863, -36.06724, -116.78355],
						"0.15": {
							"pre": [91.08365, -34.66928, -100.81976],
							"post": [91.08365, -34.66928, -100.81976],
							"lerp_mode": "catmullrom"
						},
						"0.35": [88.28256, -26.7827, -99.25566],
						"0.6": [94.173, -22.47928, -110.11509],
						"0.8": [110.50356, -8.89243, -189.23046],
						"0.9": [102.50219, -7.97519, -205.75348],
						"0.95": [102.50219, -7.97519, -205.75348],
						"1.05": [112.33838, -4.27733, -204.21939],
						"1.1": [112.33838, -4.27733, -204.21939],
						"1.3": [94.41805, -26.03953, -115.32077],
						"1.45": [87.35, -34.03, -116.92],
						"1.6": [84.80058, -32.76724, -112.10107],
						"1.75": [85.29135, -31.31792, -147.75639],
						"1.9": [67.06082, -32.93932, -169.61097],
						"2.6": [88.62653, -36.53938, -114.02538],
						"2.75": [92.63083, -33.14139, -126.13921],
						"3.0": [96.31487, -21.70003, -122.77718],
						"3.2": [97.82371, -18.46783, -121.2941],
						"3.25": [97.82371, -18.46783, -121.2941],
						"3.45": [98.06131, -27.33293, -122.54769],
						"3.55": {
							"pre": [88.31595, -24.52533, -107.82655],
							"post": [88.31595, -24.52533, -107.82655],
							"lerp_mode": "catmullrom"
						},
						"3.75": {
							"post": [87.52017, -22.14094, -115.13376],
							"lerp_mode": "catmullrom"
						},
						"3.95": {
							"post": [86.32863, -36.06724, -116.78355],
							"lerp_mode": "catmullrom"
						}
					},
					"position": {
						"0.0": [7.2, -10.6, -6.5],
						"0.35": [7.2, -10.6, -6.5],
						"0.55": [7.2, -10.6, -6.5],
						"0.75": [8.23, -13.935, -2.4],
						"0.9": [6.85916, -14.80015, 1.6968],
						"1.0": [7.3, -14.975, 3.4],
						"1.15": [6.9, -15.975, 2.675],
						"1.3": [6.85, -14.8, 0],
						"1.4": [6.85, -14.8, 0],
						"1.5": [6.85, -16.1, 0],
						"1.6": {
							"pre": [7.15, -18.8, -0.1],
							"post": [7.15, -18.8, -0.1],
							"lerp_mode": "catmullrom"
						},
						"1.75": {
							"post": [10.34778, -19.86565, 2.5225],
							"lerp_mode": "catmullrom"
						},
						"1.9": {
							"post": [8.60041, -25.01753, 7.00973],
							"lerp_mode": "catmullrom"
						},
						"2.1": {
							"post": [3.12075, -32.38382, 15.25699],
							"lerp_mode": "catmullrom"
						},
						"2.35": {
							"post": [4.30704, -26.21805, 9.7546],
							"lerp_mode": "catmullrom"
						},
						"2.6": {
							"post": [7.21163, -19.68448, 2.66202],
							"lerp_mode": "catmullrom"
						},
						"2.75": [6.85, -16.1, -0.8],
						"2.9": [6.85, -16.415, -0.56],
						"3.05": [6.85, -16.075, -0.2],
						"3.1": [6.85, -16.075, -0.2],
						"3.2": [6.85, -15.65, -0.2],
						"3.25": [6.85, -14, 0],
						"3.4": [6.85, -14, 0],
						"3.55": {
							"pre": [7.47, -11.88, -4.06],
							"post": [7.47, -11.88, -4.06],
							"lerp_mode": "catmullrom"
						},
						"3.65": {
							"post": [7.2, -10.6, -6.5],
							"lerp_mode": "catmullrom"
						}
					},
					"scale": [1, 1.5, 1]
				},
				"R2": {
					"rotation": [95, 0, -180],
					"position": [-6.2, -13.5, 8.2],
					"scale": [1, 1.5, 1]
				},
				"root": {
					"rotation": {
						"0.0": {
							"post": [0, 0, 0],
							"lerp_mode": "catmullrom"
						},
						"0.3": {
							"post": [-18, -8.025, -34.1],
							"lerp_mode": "catmullrom"
						},
						"0.5": {
							"post": [-21.975, -6.36, -39.2],
							"lerp_mode": "catmullrom"
						},
						"0.65": {
							"post": [-21.38099, -7.19019, -39.70935],
							"lerp_mode": "catmullrom"
						},
						"0.8": {
							"post": [-19.975, -9.145, -42],
							"lerp_mode": "catmullrom"
						},
						"0.95": {
							"post": [-19.99271, -8.95426, -41.846],
							"lerp_mode": "catmullrom"
						},
						"1.0": {
							"post": [-20.04023, -9.23392, -42.99087],
							"lerp_mode": "catmullrom"
						},
						"1.05": {
							"post": [-20.4316, -8.83122, -42.3281],
							"lerp_mode": "catmullrom"
						},
						"1.15": {
							"post": [-20.83, -8.69, -42.86],
							"lerp_mode": "catmullrom"
						},
						"1.4": {
							"post": [-19.67, -8.72, -42.78],
							"lerp_mode": "catmullrom"
						},
						"1.45": {
							"post": [-19.12219, -10.18063, -46.006],
							"lerp_mode": "catmullrom"
						},
						"1.5": {
							"post": [-19.5568, -10.14526, -45.13709],
							"lerp_mode": "catmullrom"
						},
						"1.6": {
							"post": [-21.0733, -8.78725, -42.91853],
							"lerp_mode": "catmullrom"
						},
						"1.7": {
							"post": [-22.22, -8.27, -42.77],
							"lerp_mode": "catmullrom"
						},
						"1.9": {
							"post": [-22.11, -9.26, -42.78],
							"lerp_mode": "catmullrom"
						},
						"2.1": {
							"post": [-21.345, -8.85, -42.78],
							"lerp_mode": "catmullrom"
						},
						"2.35": {
							"post": [-20.135, -8.945, -42.77],
							"lerp_mode": "catmullrom"
						},
						"2.65": {
							"post": [-19.68, -9.8, -42.77],
							"lerp_mode": "catmullrom"
						},
						"2.8": {
							"post": [-20.47, -9.16, -42.77],
							"lerp_mode": "catmullrom"
						},
						"2.9": {
							"post": [-20.59664, -9.13504, -42.29634],
							"lerp_mode": "catmullrom"
						},
						"3.0": {
							"post": [-20.55, -9.58, -42.77],
							"lerp_mode": "catmullrom"
						},
						"3.2": {
							"post": [-21.17, -9.89, -42.76],
							"lerp_mode": "catmullrom"
						},
						"3.25": {
							"post": [-20.19302, -7.63874, -40.5854],
							"lerp_mode": "catmullrom"
						},
						"3.35": {
							"post": [-21.16504, -9.13677, -43.42335],
							"lerp_mode": "catmullrom"
						},
						"3.45": {
							"post": [-22.3, -8.7, -42],
							"lerp_mode": "catmullrom"
						},
						"3.65": {
							"post": [-16.02158, -4.5004, -29.62857],
							"lerp_mode": "catmullrom"
						},
						"3.75": {
							"post": [-13.14451, -1.51321, -18.07081],
							"lerp_mode": "catmullrom"
						},
						"3.95": {
							"post": [-1.4, -0.35, 0],
							"lerp_mode": "catmullrom"
						},
						"4.1": {
							"post": [1.7433, 0.31411, -1.24994],
							"lerp_mode": "catmullrom"
						},
						"4.15": {
							"post": [0.59, 0.27, 1.03],
							"lerp_mode": "catmullrom"
						},
						"4.25": {
							"post": [0, 0, 0],
							"lerp_mode": "catmullrom"
						},
						"4.3": {
							"post": [0, 0, 0],
							"lerp_mode": "catmullrom"
						}
					},
					"position": {
						"0.0": {
							"post": [0, 0, 0],
							"lerp_mode": "catmullrom"
						},
						"0.1": {
							"post": [0.23, -0.08, -0.3],
							"lerp_mode": "catmullrom"
						},
						"0.25": {
							"post": [0.475, 0, -0.6],
							"lerp_mode": "catmullrom"
						},
						"0.35": {
							"post": [0.64, -0.31, -0.67],
							"lerp_mode": "catmullrom"
						},
						"0.45": {
							"post": [0.76, -1.005, -0.67],
							"lerp_mode": "catmullrom"
						},
						"0.55": {
							"post": [0.93, -0.88, -0.66],
							"lerp_mode": "catmullrom"
						},
						"0.7": {
							"post": [0.81, -0.615, -0.66],
							"lerp_mode": "catmullrom"
						},
						"1.05": {
							"post": [0.995, -0.535, -0.66],
							"lerp_mode": "catmullrom"
						},
						"1.45": {
							"post": [0.895, -0.485, -0.65],
							"lerp_mode": "catmullrom"
						},
						"1.55": {
							"post": [1.04, -0.72, -0.65],
							"lerp_mode": "catmullrom"
						},
						"1.65": {
							"post": [1.17, -0.835, -0.65],
							"lerp_mode": "catmullrom"
						},
						"1.95": {
							"post": [1.085, -1.09, -0.65],
							"lerp_mode": "catmullrom"
						},
						"2.3": {
							"post": [1.14, -0.72, -0.64],
							"lerp_mode": "catmullrom"
						},
						"2.55": {
							"post": [0.86, -0.295, -0.64],
							"lerp_mode": "catmullrom"
						},
						"2.8": {
							"post": [0.925, -0.465, -0.63],
							"lerp_mode": "catmullrom"
						},
						"3.0": {
							"post": [1.05, -0.415, -0.62],
							"lerp_mode": "catmullrom"
						},
						"3.2": {
							"post": [1.015, -0.41, -0.62],
							"lerp_mode": "catmullrom"
						},
						"3.25": {
							"post": [1.01, -0.685, -0.62],
							"lerp_mode": "catmullrom"
						},
						"3.3": {
							"post": [1.005, -0.545, -0.62],
							"lerp_mode": "catmullrom"
						},
						"3.5": {
							"post": [0.975, -0.8, -0.6],
							"lerp_mode": "catmullrom"
						},
						"3.65": {
							"post": [0.64, -1.1, -0.54],
							"lerp_mode": "catmullrom"
						},
						"3.8": {
							"post": [0.375, -0.525, -0.5],
							"lerp_mode": "catmullrom"
						},
						"4.0": {
							"post": [-0.175, -0.7, -0.5],
							"lerp_mode": "catmullrom"
						},
						"4.15": {
							"post": [-0.075, -0.05, 0],
							"lerp_mode": "catmullrom"
						},
						"4.3": {
							"post": [0, 0, 0],
							"lerp_mode": "catmullrom"
						}
					}
				},
				"mb": {
					"rotation": {
						"0.95": [0, 0, 0],
						"1.5": [0, 0, 0],
						"1.7": {
							"pre": [-11.42978, -22.87589, -37.3633],
							"post": [-11.42978, -22.87589, -37.3633],
							"lerp_mode": "catmullrom"
						},
						"1.85": {
							"post": [-26.91426, -3.6918, -81.11768],
							"lerp_mode": "catmullrom"
						},
						"2.7": [-20, 0, 0],
						"2.85": [-7.99519, -0.27829, -1.98055],
						"3.05": [0, 0, 0],
						"3.2": [0, 0, 0],
						"3.25": [0, 0, 0]
					},
					"position": {
						"0.95": [0, 0, 0],
						"1.05": [0, -1.5, 0],
						"1.4": [0, -1.5, 0],
						"1.5": [0, -2.5, 0],
						"1.6": {
							"pre": [0.3, -4.8, -0.1],
							"post": [0.3, -4.8, -0.1],
							"lerp_mode": "catmullrom"
						},
						"1.75": {
							"post": [1.31803, -7.08468, 2.93801],
							"lerp_mode": "catmullrom"
						},
						"1.9": {
							"post": [-0.32282, -13.47502, 7.35962],
							"lerp_mode": "catmullrom"
						},
						"2.1": {
							"post": [-5.76404, -19.74024, 15.69258],
							"lerp_mode": "catmullrom"
						},
						"2.35": {
							"post": [-3.86, -13.2, 9.72],
							"lerp_mode": "catmullrom"
						},
						"2.6": {
							"post": [0.57571, -5.93398, 1.84843],
							"lerp_mode": "catmullrom"
						},
						"2.75": [0, -2.1, -0.8],
						"2.9": [0, -2.415, -0.56],
						"3.05": [0, -2.075, -0.2],
						"3.1": [0, -2.075, -0.2],
						"3.2": [0, -1.6, -0.2],
						"3.25": [0, 0, 0]
					}
				},
				"86x2": {
					"position": {
						"0.4": [0, 0, 0],
						"0.45": [0, 1, 0],
						"3.55": [0, 1, 0],
						"3.6": [0, 0, 0]
					}
				}
			},
			"sound_effects": {
				"0.0": {
					"effect": "p21_sn_mromeo_reload_raise"
				},
				"0.9": {
					"effect": "p21_sn_mromeo_reload_magout"
				},
				"2.0": {
					"effect": "p21_sn_mromeo_reload_rotate"
				},
				"2.7": {
					"effect": "p21_sn_mromeo_reload_rattle"
				},
				"2.8": {
					"effect": "p21_sn_mromeo_reload_magin"
				},
				"3.35": {
					"effect": "p21_sn_mromeo_reload_end"
				}
			}
		},
		"static_idle": {
			"loop": true,
			"bones": {
				"l2": {
					"rotation": [86.32863, -36.06724, -116.78355],
					"position": [7.2, -10.6, -6.5],
					"scale": [1, 1.5, 1]
				},
				"R2": {
					"rotation": [95, 0, -180],
					"position": [-6.2, -13.5, 8.2],
					"scale": [1, 1.5, 1]
				},
				"constraint": {
					"rotation": [0.2, 0.2, 0.4],
					"position": [0.1, 0.1, 0.1]
				}
			}
		},
		"static_bolt_caught": {
			"loop": true,
			"bones": {
				"l2": {
					"rotation": [86.32863, -36.06724, -116.78355],
					"position": [7.2, -10.6, -6.5],
					"scale": [1, 1.5, 1]
				},
				"R2": {
					"rotation": [95, 0, -180],
					"position": [-6.2, -13.5, 8.2],
					"scale": [1, 1.5, 1]
				},
				"constraint": {
					"rotation": [0.2, 0.2, 0.4],
					"position": [0.1, 0.1, 0.1]
				},
				"bullet": {
					"scale": 0
				}
			}
		},
		"draw": {
			"animation_length": 1.2,
			"bones": {
				"l2": {
					"rotation": {
						"0.0": [86.32863, -36.06724, -116.78355],
						"0.35": [86.32863, -36.06724, -116.78355],
						"0.7": [83.32863, -36.06724, -116.78355],
						"0.85": [86.32863, -36.06724, -116.78355]
					},
					"position": {
						"0.0": [7.2, -10.6, -5.1],
						"0.35": [7.2, -10.6, -5.1],
						"0.65": [7.2, -10.6, -5.1],
						"0.85": [7.2, -10.6, -6.5]
					},
					"scale": [1, 1.5, 1]
				},
				"R2": {
					"rotation": [95, 0, -180],
					"position": [-6.2, -13.5, 8.2],
					"scale": [1, 1.5, 1]
				},
				"root": {
					"rotation": {
						"0.05": {
							"pre": [-89.46435, -17.40581, -10.00718],
							"post": [-89.46435, -17.40581, -10.00718],
							"lerp_mode": "catmullrom"
						},
						"0.5": [-31.43, -5.62, -8.69],
						"0.7": [-9.925, -3.6, 0.075],
						"0.75": [-5.94, -2.475, 1.04],
						"0.8": [-1.95, -1.75, -2.395],
						"0.9": [0, -0.9, 0.9],
						"0.95": [0.04, -0.63, -0.41],
						"1.05": [0.13, -0.085, 0.035],
						"1.2": {
							"pre": [0, 0, 0],
							"post": [0, 0, 0],
							"lerp_mode": "catmullrom"
						}
					},
					"position": {
						"0.0": {
							"post": [0.95, -16.23, 13.84],
							"lerp_mode": "catmullrom"
						},
						"0.2": {
							"post": [-3.8, -7.22, 8.13],
							"lerp_mode": "catmullrom"
						},
						"0.5": {
							"post": [0, -1.4, -0.9],
							"lerp_mode": "catmullrom"
						},
						"0.65": {
							"post": [0.27, -1.005, -1.85],
							"lerp_mode": "catmullrom"
						},
						"0.75": {
							"post": [0, -0.65, -0.15],
							"lerp_mode": "catmullrom"
						},
						"0.8": {
							"post": [-0.02, -0.585, -0.455],
							"lerp_mode": "catmullrom"
						},
						"0.95": {
							"post": [0, -0.125, -0.225],
							"lerp_mode": "catmullrom"
						},
						"1.05": {
							"post": [0, -0.055, -0.1],
							"lerp_mode": "catmullrom"
						},
						"1.15": {
							"post": [0, 0, 0],
							"lerp_mode": "catmullrom"
						}
					}
				},
				"constraint": {
					"rotation": {
						"0.0": [1, 1, 1],
						"0.35": [0.2, 0.2, 0.2],
						"0.6": [0.2, 0.2, 0.4]
					},
					"position": {
						"0.0": [1, 1, 1],
						"0.35": [0.2, 0.2, 0.2],
						"0.6": [0.1, 0.1, 0.1]
					}
				}
			},
			"sound_effects": {
				"0.0": {
					"effect": "p21_sn_mromeo_reload_empty_xmags_raise"
				},
				"0.05": {
					"effect": "p21_sn_mromeo_reload_empty_xmags_end"
				},
				"0.4": {
					"effect": "p21_sn_mromeo_reload_empty_rattle2"
				}
			}
		},
		"bolt": {
			"animation_length": 1.5,
			"bones": {
				"l2": {
					"rotation": [86.32863, -36.06724, -116.78355],
					"position": [7.2, -10.6, -6.5],
					"scale": [1, 1.5, 1]
				},
				"R2": {
					"rotation": {
						"0.0": [95, 0, -180],
						"0.45": [95, 0, -180],
						"0.6": [87.33142, 24.8463, -255.49166],
						"0.7": [114.74994, 8.79479, -195.43975],
						"0.75": [114.74994, 8.79479, -195.43975],
						"0.95": [162.45484, 20.37567, -165.64325],
						"1.05": [129.79139, -65.86783, -114.34997],
						"1.1": [129.79139, -65.86783, -114.34997],
						"1.25": [113.76829, -49.51788, -95.6298],
						"1.3": [120.16985, -5.92131, -129.87055],
						"1.45": [95, 0, -180]
					},
					"position": {
						"0.0": [-6.2, -13.5, 8.2],
						"0.45": [-6.2, -13.5, 8.2],
						"0.6": [-9.3, -11.5, 5.9],
						"0.7": [-9.1, -7.4, 4.7],
						"0.75": [-9.1, -7.4, 4.7],
						"0.9": [-9.1, -7.4, 11.7],
						"1.05": [-9.1, -6.7, 12.7],
						"1.1": [-9.1, -6.6, 6.7],
						"1.25": [-9.1, -6.6, 6.7],
						"1.35": [-9.1, -12.4, 6.7],
						"1.45": [-6.2, -13.5, 8.2]
					},
					"scale": [1, 1.5, 1]
				},
				"root": {
					"rotation": {
						"0.35": {
							"pre": [0, 0, 0],
							"post": [0, 0, 0],
							"lerp_mode": "catmullrom"
						},
						"0.5": {
							"post": [-0.16, -0.025, 2.005],
							"lerp_mode": "catmullrom"
						},
						"0.7": {
							"post": [-0.275, 0.125, 4.1],
							"lerp_mode": "catmullrom"
						},
						"0.75": {
							"post": [0.37, 0.18, 4.97],
							"lerp_mode": "catmullrom"
						},
						"0.8": {
							"post": [0.9, 0.175, 1.8],
							"lerp_mode": "catmullrom"
						},
						"0.95": {
							"post": [0.1, 0.03, 5.12],
							"lerp_mode": "catmullrom"
						},
						"1.0": {
							"post": [-0.2, -0.075, 1.8],
							"lerp_mode": "catmullrom"
						},
						"1.1": {
							"post": [0.21, -0.35, 1.75],
							"lerp_mode": "catmullrom"
						},
						"1.15": {
							"post": [0.4, -0.45, 4.7],
							"lerp_mode": "catmullrom"
						},
						"1.25": {
							"post": [0.4, -0.3, 3],
							"lerp_mode": "catmullrom"
						},
						"1.3": {
							"post": [0.005, 0.015, 0.33],
							"lerp_mode": "catmullrom"
						},
						"1.35": {
							"post": [-0.045, 0.03, 0.245],
							"lerp_mode": "catmullrom"
						},
						"1.4": {
							"post": [-0.015, 0.02, -0.105],
							"lerp_mode": "catmullrom"
						},
						"1.5": {
							"post": [0, 0, 0],
							"lerp_mode": "catmullrom"
						}
					},
					"position": {
						"0.35": {
							"pre": [0, 0, 0],
							"post": [0, 0, 0],
							"lerp_mode": "catmullrom"
						},
						"0.55": {
							"post": [0, -0.175, -0.05],
							"lerp_mode": "catmullrom"
						},
						"0.7": {
							"post": [0, -0.145, 0.22],
							"lerp_mode": "catmullrom"
						},
						"0.85": {
							"post": [0, -0.38, 0.52],
							"lerp_mode": "catmullrom"
						},
						"0.9": {
							"post": [0, -0.555, 0.8],
							"lerp_mode": "catmullrom"
						},
						"1.1": {
							"post": [0, -0.35, 0.25],
							"lerp_mode": "catmullrom"
						},
						"1.15": {
							"post": [0, -0.165, 0.3],
							"lerp_mode": "catmullrom"
						},
						"1.25": {
							"post": [0, 0, 0.4],
							"lerp_mode": "catmullrom"
						},
						"1.3": {
							"post": [0, -0.075, 0.1],
							"lerp_mode": "catmullrom"
						},
						"1.4": {
							"post": [0, -0.03, 0],
							"lerp_mode": "catmullrom"
						},
						"1.5": {
							"post": [0, 0, 0],
							"lerp_mode": "catmullrom"
						}
					}
				},
				"bullet": {
					"rotation": {
						"0.75": [0, 0, 0],
						"0.8": [0, 0, 0],
						"0.9": [0, 0, 0],
						"1.15": [-205.17205, -52.4121, -208.72524],
						"1.35": [-513.42466, -60.34607, -106.4241]
					},
					"position": {
						"0.75": [0, 0, 0],
						"0.8": [0, 1.7, -1],
						"0.9": [0, 1.7, -1],
						"1.0": {
							"pre": [-19.25, 5.95, -1],
							"post": [-19.25, 5.95, -1],
							"lerp_mode": "catmullrom"
						},
						"1.1": {
							"post": [-35.83, -3.06, -1],
							"lerp_mode": "catmullrom"
						},
						"1.2": {
							"post": [-50, -26.6, -1],
							"lerp_mode": "catmullrom"
						}
					}
				},
				"boltgroup": {
					"rotation": {
						"0.6": [0, 0, 0],
						"0.7": [0, 0, 72.5],
						"1.25": [0, 0, 72.5],
						"1.3": [0, 0, 0]
					}
				},
				"bolt": {
					"position": {
						"0.75": [0, 0, 0],
						"0.9": [0, 0, 7],
						"1.05": [0, 0, 7],
						"1.1": [0, 0, 0]
					}
				},
				"bullettip": {
					"scale": 0
				}
			},
			"sound_effects": {
				"0.55": {
					"effect": "p21_sn_mromeo_reload_empty_smags_boltback"
				},
				"0.95": {
					"effect": "p21_sn_mromeo_reload_empty_smags_boltback"
				}
			}
		},
		"reload_tactical": {
			"animation_length": 4.3,
			"bones": {
				"l2": {
					"rotation": {
						"0.0": [86.32863, -36.06724, -116.78355],
						"0.15": {
							"pre": [91.08365, -34.66928, -100.81976],
							"post": [91.08365, -34.66928, -100.81976],
							"lerp_mode": "catmullrom"
						},
						"0.35": [88.28256, -26.7827, -99.25566],
						"0.6": [94.173, -22.47928, -110.11509],
						"0.8": [110.50356, -8.89243, -189.23046],
						"0.9": [102.50219, -7.97519, -205.75348],
						"0.95": [102.50219, -7.97519, -205.75348],
						"1.05": [112.33838, -4.27733, -204.21939],
						"1.1": [112.33838, -4.27733, -204.21939],
						"1.3": [94.41805, -26.03953, -115.32077],
						"1.45": [87.35, -34.03, -116.92],
						"1.6": [84.80058, -32.76724, -112.10107],
						"1.75": [85.29135, -31.31792, -147.75639],
						"1.9": [67.06082, -32.93932, -169.61097],
						"2.6": [88.62653, -36.53938, -114.02538],
						"2.75": [92.63083, -33.14139, -126.13921],
						"3.0": [96.31487, -21.70003, -122.77718],
						"3.2": [97.82371, -18.46783, -121.2941],
						"3.25": [97.82371, -18.46783, -121.2941],
						"3.45": [98.06131, -27.33293, -122.54769],
						"3.55": {
							"pre": [88.31595, -24.52533, -107.82655],
							"post": [88.31595, -24.52533, -107.82655],
							"lerp_mode": "catmullrom"
						},
						"3.75": {
							"post": [87.52017, -22.14094, -115.13376],
							"lerp_mode": "catmullrom"
						},
						"3.95": {
							"post": [86.32863, -36.06724, -116.78355],
							"lerp_mode": "catmullrom"
						}
					},
					"position": {
						"0.0": [7.2, -10.6, -6.5],
						"0.35": [7.2, -10.6, -6.5],
						"0.55": [7.2, -10.6, -6.5],
						"0.75": [8.23, -13.935, -2.4],
						"0.9": [6.85916, -14.80015, 1.6968],
						"1.0": [7.3, -14.975, 3.4],
						"1.15": [6.9, -15.975, 2.675],
						"1.3": [6.85, -14.8, 0],
						"1.4": [6.85, -14.8, 0],
						"1.5": [6.85, -16.1, 0],
						"1.6": {
							"pre": [7.15, -18.8, -0.1],
							"post": [7.15, -18.8, -0.1],
							"lerp_mode": "catmullrom"
						},
						"1.75": {
							"post": [10.34778, -19.86565, 2.5225],
							"lerp_mode": "catmullrom"
						},
						"1.9": {
							"post": [8.60041, -25.01753, 7.00973],
							"lerp_mode": "catmullrom"
						},
						"2.1": {
							"post": [3.12075, -32.38382, 15.25699],
							"lerp_mode": "catmullrom"
						},
						"2.35": {
							"post": [4.30704, -26.21805, 9.7546],
							"lerp_mode": "catmullrom"
						},
						"2.6": {
							"post": [7.21163, -19.68448, 2.66202],
							"lerp_mode": "catmullrom"
						},
						"2.75": [6.85, -16.1, -0.8],
						"2.9": [6.85, -16.415, -0.56],
						"3.05": [6.85, -16.075, -0.2],
						"3.1": [6.85, -16.075, -0.2],
						"3.2": [6.85, -15.65, -0.2],
						"3.25": [6.85, -14, 0],
						"3.4": [6.85, -14, 0],
						"3.55": {
							"pre": [7.47, -11.88, -4.06],
							"post": [7.47, -11.88, -4.06],
							"lerp_mode": "catmullrom"
						},
						"3.65": {
							"post": [7.2, -10.6, -6.5],
							"lerp_mode": "catmullrom"
						}
					},
					"scale": [1, 1.5, 1]
				},
				"R2": {
					"rotation": [95, 0, -180],
					"position": [-6.2, -13.5, 8.2],
					"scale": [1, 1.5, 1]
				},
				"root": {
					"rotation": {
						"0.0": {
							"post": [0, 0, 0],
							"lerp_mode": "catmullrom"
						},
						"0.3": {
							"post": [-18, -8.025, -34.1],
							"lerp_mode": "catmullrom"
						},
						"0.5": {
							"post": [-21.975, -6.36, -39.2],
							"lerp_mode": "catmullrom"
						},
						"0.65": {
							"post": [-21.38099, -7.19019, -39.70935],
							"lerp_mode": "catmullrom"
						},
						"0.8": {
							"post": [-19.975, -9.145, -42],
							"lerp_mode": "catmullrom"
						},
						"0.95": {
							"post": [-19.99271, -8.95426, -41.846],
							"lerp_mode": "catmullrom"
						},
						"1.0": {
							"post": [-20.04023, -9.23392, -42.99087],
							"lerp_mode": "catmullrom"
						},
						"1.05": {
							"post": [-20.4316, -8.83122, -42.3281],
							"lerp_mode": "catmullrom"
						},
						"1.15": {
							"post": [-20.83, -8.69, -42.86],
							"lerp_mode": "catmullrom"
						},
						"1.4": {
							"post": [-19.67, -8.72, -42.78],
							"lerp_mode": "catmullrom"
						},
						"1.45": {
							"post": [-19.12219, -10.18063, -46.006],
							"lerp_mode": "catmullrom"
						},
						"1.5": {
							"post": [-19.5568, -10.14526, -45.13709],
							"lerp_mode": "catmullrom"
						},
						"1.6": {
							"post": [-21.0733, -8.78725, -42.91853],
							"lerp_mode": "catmullrom"
						},
						"1.7": {
							"post": [-22.22, -8.27, -42.77],
							"lerp_mode": "catmullrom"
						},
						"1.9": {
							"post": [-22.11, -9.26, -42.78],
							"lerp_mode": "catmullrom"
						},
						"2.1": {
							"post": [-21.345, -8.85, -42.78],
							"lerp_mode": "catmullrom"
						},
						"2.35": {
							"post": [-20.135, -8.945, -42.77],
							"lerp_mode": "catmullrom"
						},
						"2.65": {
							"post": [-19.68, -9.8, -42.77],
							"lerp_mode": "catmullrom"
						},
						"2.8": {
							"post": [-20.47, -9.16, -42.77],
							"lerp_mode": "catmullrom"
						},
						"2.9": {
							"post": [-20.59664, -9.13504, -42.29634],
							"lerp_mode": "catmullrom"
						},
						"3.0": {
							"post": [-20.55, -9.58, -42.77],
							"lerp_mode": "catmullrom"
						},
						"3.2": {
							"post": [-21.17, -9.89, -42.76],
							"lerp_mode": "catmullrom"
						},
						"3.25": {
							"post": [-20.19302, -7.63874, -40.5854],
							"lerp_mode": "catmullrom"
						},
						"3.35": {
							"post": [-21.16504, -9.13677, -43.42335],
							"lerp_mode": "catmullrom"
						},
						"3.45": {
							"post": [-22.3, -8.7, -42],
							"lerp_mode": "catmullrom"
						},
						"3.65": {
							"post": [-16.02158, -4.5004, -29.62857],
							"lerp_mode": "catmullrom"
						},
						"3.75": {
							"post": [-13.14451, -1.51321, -18.07081],
							"lerp_mode": "catmullrom"
						},
						"3.95": {
							"post": [-1.4, -0.35, 0],
							"lerp_mode": "catmullrom"
						},
						"4.1": {
							"post": [1.7433, 0.31411, -1.24994],
							"lerp_mode": "catmullrom"
						},
						"4.15": {
							"post": [0.59, 0.27, 1.03],
							"lerp_mode": "catmullrom"
						},
						"4.25": {
							"post": [0, 0, 0],
							"lerp_mode": "catmullrom"
						},
						"4.3": {
							"post": [0, 0, 0],
							"lerp_mode": "catmullrom"
						}
					},
					"position": {
						"0.0": {
							"post": [0, 0, 0],
							"lerp_mode": "catmullrom"
						},
						"0.1": {
							"post": [0.23, -0.08, -0.3],
							"lerp_mode": "catmullrom"
						},
						"0.25": {
							"post": [0.475, 0, -0.6],
							"lerp_mode": "catmullrom"
						},
						"0.35": {
							"post": [0.64, -0.31, -0.67],
							"lerp_mode": "catmullrom"
						},
						"0.45": {
							"post": [0.76, -1.005, -0.67],
							"lerp_mode": "catmullrom"
						},
						"0.55": {
							"post": [0.93, -0.88, -0.66],
							"lerp_mode": "catmullrom"
						},
						"0.7": {
							"post": [0.81, -0.615, -0.66],
							"lerp_mode": "catmullrom"
						},
						"1.05": {
							"post": [0.995, -0.535, -0.66],
							"lerp_mode": "catmullrom"
						},
						"1.45": {
							"post": [0.895, -0.485, -0.65],
							"lerp_mode": "catmullrom"
						},
						"1.55": {
							"post": [1.04, -0.72, -0.65],
							"lerp_mode": "catmullrom"
						},
						"1.65": {
							"post": [1.17, -0.835, -0.65],
							"lerp_mode": "catmullrom"
						},
						"1.95": {
							"post": [1.085, -1.09, -0.65],
							"lerp_mode": "catmullrom"
						},
						"2.3": {
							"post": [1.14, -0.72, -0.64],
							"lerp_mode": "catmullrom"
						},
						"2.55": {
							"post": [0.86, -0.295, -0.64],
							"lerp_mode": "catmullrom"
						},
						"2.8": {
							"post": [0.925, -0.465, -0.63],
							"lerp_mode": "catmullrom"
						},
						"3.0": {
							"post": [1.05, -0.415, -0.62],
							"lerp_mode": "catmullrom"
						},
						"3.2": {
							"post": [1.015, -0.41, -0.62],
							"lerp_mode": "catmullrom"
						},
						"3.25": {
							"post": [1.01, -0.685, -0.62],
							"lerp_mode": "catmullrom"
						},
						"3.3": {
							"post": [1.005, -0.545, -0.62],
							"lerp_mode": "catmullrom"
						},
						"3.5": {
							"post": [0.975, -0.8, -0.6],
							"lerp_mode": "catmullrom"
						},
						"3.65": {
							"post": [0.64, -1.1, -0.54],
							"lerp_mode": "catmullrom"
						},
						"3.8": {
							"post": [0.375, -0.525, -0.5],
							"lerp_mode": "catmullrom"
						},
						"4.0": {
							"post": [-0.175, -0.7, -0.5],
							"lerp_mode": "catmullrom"
						},
						"4.15": {
							"post": [-0.075, -0.05, 0],
							"lerp_mode": "catmullrom"
						},
						"4.3": {
							"post": [0, 0, 0],
							"lerp_mode": "catmullrom"
						}
					}
				},
				"mb": {
					"rotation": {
						"0.95": [0, 0, 0],
						"1.5": [0, 0, 0],
						"1.7": {
							"pre": [-11.42978, -22.87589, -37.3633],
							"post": [-11.42978, -22.87589, -37.3633],
							"lerp_mode": "catmullrom"
						},
						"1.85": {
							"post": [-26.91426, -3.6918, -81.11768],
							"lerp_mode": "catmullrom"
						},
						"2.7": [-20, 0, 0],
						"2.85": [-7.99519, -0.27829, -1.98055],
						"3.05": [0, 0, 0],
						"3.2": [0, 0, 0],
						"3.25": [0, 0, 0]
					},
					"position": {
						"0.95": [0, 0, 0],
						"1.05": [0, -1.5, 0],
						"1.4": [0, -1.5, 0],
						"1.5": [0, -2.5, 0],
						"1.6": {
							"pre": [0.3, -4.8, -0.1],
							"post": [0.3, -4.8, -0.1],
							"lerp_mode": "catmullrom"
						},
						"1.75": {
							"post": [1.31803, -7.08468, 2.93801],
							"lerp_mode": "catmullrom"
						},
						"1.9": {
							"post": [-0.32282, -13.47502, 7.35962],
							"lerp_mode": "catmullrom"
						},
						"2.1": {
							"post": [-5.76404, -19.74024, 15.69258],
							"lerp_mode": "catmullrom"
						},
						"2.35": {
							"post": [-3.86, -13.2, 9.72],
							"lerp_mode": "catmullrom"
						},
						"2.6": {
							"post": [0.57571, -5.93398, 1.84843],
							"lerp_mode": "catmullrom"
						},
						"2.75": [0, -2.1, -0.8],
						"2.9": [0, -2.415, -0.56],
						"3.05": [0, -2.075, -0.2],
						"3.1": [0, -2.075, -0.2],
						"3.2": [0, -1.6, -0.2],
						"3.25": [0, 0, 0]
					}
				},
				"bullet": {
					"position": {
						"0.4": [0, 0, 0],
						"0.45": [0, 1, 0],
						"3.55": [0, 1, 0],
						"3.6": [0, 0, 0]
					}
				},
				"mag_release": {
					"rotation": {
						"0.95": [0, 0, 0],
						"1.05": [-20, 0, 0],
						"1.3": [-20, 0, 0],
						"1.5": [0, 0, 0]
					}
				},
				"constraint": {
					"rotation": {
						"0.0": [0, 0, 0],
						"4.0": [0, 0, 0],
						"4.25": [0.2, 0.2, 0.4]
					},
					"position": {
						"0.0": [0.02, 0.02, 0.02],
						"4.0": [0.02, 0.02, 0.02],
						"4.25": [0.1, 0.1, 0.1]
					}
				}
			},
			"sound_effects": {
				"0.0": {
					"effect": "p21_sn_mromeo_reload_raise"
				},
				"0.9": {
					"effect": "p21_sn_mromeo_reload_magout"
				},
				"2.0": {
					"effect": "p21_sn_mromeo_reload_rotate"
				},
				"2.7": {
					"effect": "p21_sn_mromeo_reload_rattle"
				},
				"2.8": {
					"effect": "p21_sn_mromeo_reload_magin"
				},
				"3.35": {
					"effect": "p21_sn_mromeo_reload_end"
				}
			}
		},
		"reload_empty": {
			"animation_length": 5.05,
			"bones": {
				"l2": {
					"rotation": {
						"0.0": [86.32863, -36.06724, -116.78355],
						"1.15": [86.32863, -36.06724, -116.78355],
						"1.25": [90.83, -33.34, -123.27],
						"1.4": [101.83528, -22.7573, -138.00684],
						"1.6": [101.84, -22.76, -138.01],
						"1.7": [99.5184, -29.33524, -132.657],
						"1.8": [95.93692, -26.75469, -125.27219],
						"2.0": [86.08864, -17.86539, -124.56211],
						"2.1": [95.09249, -13.51404, -156.55137],
						"2.15": [99.23947, -5.39998, -169.9513],
						"2.25": [98.89, -2.7, -145.47],
						"2.5": [75.74723, -3.57965, -150.13423],
						"2.75": [68.3015, -17.97107, -97.73732],
						"2.95": [101.79881, -45.04619, -115.9712],
						"3.2": [102.33, -36.07, -116.78],
						"3.3": [91.0109, -7.11572, -118.57318],
						"3.4": [87.0109, -7.11572, -118.57318],
						"3.6": [86.32863, -36.06724, -116.78355]
					},
					"position": {
						"0.0": [7.2, -10.6, -6.5],
						"1.15": [7.2, -10.6, -6.5],
						"1.25": [7.19, -11.95, -4.49],
						"1.4": [7.18045, -14.71275, 1.17677],
						"1.5": [7.18, -14.81, 2.18],
						"1.6": [7.18045, -15.51275, 1.87677],
						"1.7": [6.94, -15.44, 1.14],
						"1.8": [6.76, -15.24, 0.29],
						"1.9": [6.7, -15.175, 0],
						"2.0": [7.04, -15.5, -0.12],
						"2.05": [8.72021, -17.11543, -0.71696],
						"2.1": [10.17168, -17.5629, -0.18139],
						"2.2": [11.21, -20.28, 0.29],
						"2.3": [11.73, -24.55, 5.11],
						"2.55": [11.95026, -35.59381, 17.22945],
						"2.6": [12.85026, -35.59381, 17.22945],
						"2.65": [12.45284, -30.53455, 11.59684],
						"2.75": [6.2198, -27.31595, 1.7129],
						"2.85": [6.55, -20.305, -1.22],
						"2.95": [6.71952, -17.00127, -1.26196],
						"3.05": [6.70856, -16.7066, -0.88333],
						"3.15": [6.71, -16.885, -0.755],
						"3.2": [6.70856, -16.7066, -0.68333],
						"3.25": [6.7, -15.74, 0.96],
						"3.3": [6.7, -14.775, 1.4],
						"3.4": [6.7, -14.775, 1.4],
						"3.65": [7.2, -10.6, -6.5]
					},
					"scale": [1, 1.5, 1]
				},
				"R2": {
					"rotation": {
						"0.0": [95, 0, -180],
						"0.15": [95, 0, -180],
						"0.35": [112.60559, 10.23939, -197.53751],
						"0.45": [140.15979, -5.32497, -162.72971],
						"0.5": [126.15979, -5.32497, -162.72971],
						"0.6": [137.92465, 2.04196, -154.55196],
						"0.75": [137.92465, 2.04196, -154.55196],
						"0.95": [95, 0, -180],
						"3.75": [95, 0, -180],
						"3.95": [91.30213, -50.35353, -78.8483],
						"4.0": [91.30213, -50.35353, -78.8483],
						"4.1": [91.30213, -50.35353, -78.8483],
						"4.2": [91.30213, -50.35353, -78.8483],
						"4.25": [109.19347, -15.85828, -136.28736],
						"4.5": [95, 0, -180],
						"4.55": [95, 0, -180]
					},
					"position": {
						"0.0": [-6.2, -13.5, 8.2],
						"0.15": [-6.2, -13.5, 8.2],
						"0.25": [-9.01969, -13.11787, 6.42467],
						"0.35": [-9.24994, -12.68008, 4.64879],
						"0.4": [-10.51896, -10.50238, 4.554],
						"0.45": [-10.21219, -8.06557, 4.44688],
						"0.5": [-10.17599, -8.25365, 4.8389],
						"0.6": [-10.23153, -7.7652, 11.17064],
						"0.75": [-10.23153, -7.7652, 11.17064],
						"0.95": [-6.2, -13.5, 8.2],
						"3.75": [-6.2, -13.5, 8.2],
						"3.95": [-9.63153, -7.1652, 11.57064],
						"4.0": [-9.63153, -7.1652, 11.57064],
						"4.1": [-9.81219, -7.36557, 4.84688],
						"4.2": [-9.91219, -7.16557, 5.04688],
						"4.25": [-9.24994, -10.58008, 5.24879],
						"4.3": [-10.58, -12.69, 5.68],
						"4.4": [-9.42, -14.79, 6.12],
						"4.5": [-6.4, -13.8, 7.7],
						"4.55": [-6.2, -13.5, 8.2]
					},
					"scale": [1, 1.5, 1]
				},
				"root": {
					"rotation": {
						"0.1": {
							"pre": [0, 0, 0],
							"post": [0, 0, 0],
							"lerp_mode": "catmullrom"
						},
						"0.2": {
							"post": [0.9, -0.225, 0.725],
							"lerp_mode": "catmullrom"
						},
						"0.35": {
							"post": [2.2, -0.65, 7.55],
							"lerp_mode": "catmullrom"
						},
						"0.45": {
							"post": [2.81, -0.435, 10.535],
							"lerp_mode": "catmullrom"
						},
						"0.5": {
							"post": [2.345, -0.61, 10.4],
							"lerp_mode": "catmullrom"
						},
						"0.55": {
							"post": [2.395, -0.47, 9.98],
							"lerp_mode": "catmullrom"
						},
						"0.6": {
							"post": [2.12, -0.535, 5.895],
							"lerp_mode": "catmullrom"
						},
						"0.7": {
							"post": [1.875, -0.505, 8.62],
							"lerp_mode": "catmullrom"
						},
						"0.8": {
							"post": [1.635, -0.47, 6.685],
							"lerp_mode": "catmullrom"
						},
						"0.85": {
							"post": [0.825, -0.4, 6.25],
							"lerp_mode": "catmullrom"
						},
						"1.0": {
							"post": [-1.87, -0.17, 2.685],
							"lerp_mode": "catmullrom"
						},
						"1.1": {
							"post": [-2.33, -0.13, -0.3],
							"lerp_mode": "catmullrom"
						},
						"1.2": {
							"post": [-2.91, -0.08, -4.305],
							"lerp_mode": "catmullrom"
						},
						"1.35": {
							"post": [-7.8697, 0.36663, -17.30331],
							"lerp_mode": "catmullrom"
						},
						"1.45": {
							"post": [-10, 0.74, -25.065],
							"lerp_mode": "catmullrom"
						},
						"1.55": {
							"post": [-10.17, 0.82, -27.66],
							"lerp_mode": "catmullrom"
						},
						"1.65": {
							"post": [-9.99, 0.8, -27.07],
							"lerp_mode": "catmullrom"
						},
						"1.7": {
							"post": [-10.24, 0.79, -26.7],
							"lerp_mode": "catmullrom"
						},
						"1.85": {
							"post": [-10.01, 0.73, -26.86],
							"lerp_mode": "catmullrom"
						},
						"1.95": {
							"post": [-10.125, 0.72, -27.025],
							"lerp_mode": "catmullrom"
						},
						"2.0": {
							"post": [-10.42, 0.78, -27.92],
							"lerp_mode": "catmullrom"
						},
						"2.05": {
							"post": [-10.74, 0.835, -31.17],
							"lerp_mode": "catmullrom"
						},
						"2.15": {
							"post": [-11.05, 0.865, -29.885],
							"lerp_mode": "catmullrom"
						},
						"2.25": {
							"post": [-11.02, 0.83, -30.92],
							"lerp_mode": "catmullrom"
						},
						"2.35": {
							"post": [-10.645, 0.77, -30.755],
							"lerp_mode": "catmullrom"
						},
						"2.5": {
							"post": [-11.165, 0.67, -27.555],
							"lerp_mode": "catmullrom"
						},
						"2.65": {
							"post": [-12.145, 0.595, -26.43],
							"lerp_mode": "catmullrom"
						},
						"2.85": {
							"post": [-12.84, 0.605, -28.43],
							"lerp_mode": "catmullrom"
						},
						"3.05": {
							"post": [-12.58, 0.71, -29.33],
							"lerp_mode": "catmullrom"
						},
						"3.2": {
							"post": [-12.75, 0.74, -30.315],
							"lerp_mode": "catmullrom"
						},
						"3.25": {
							"post": [-13.37, 0.615, -28.045],
							"lerp_mode": "catmullrom"
						},
						"3.35": {
							"post": [-12.82, 0.74, -29.345],
							"lerp_mode": "catmullrom"
						},
						"3.5": {
							"post": [-8.3, 0.29, -18.29],
							"lerp_mode": "catmullrom"
						},
						"3.7": {
							"post": [-0.15, -0.4, 3.4],
							"lerp_mode": "catmullrom"
						},
						"3.8": {
							"post": [2.33, -0.69, 8.355],
							"lerp_mode": "catmullrom"
						},
						"3.9": {
							"post": [2.68, -0.785, 7.56],
							"lerp_mode": "catmullrom"
						},
						"4.05": {
							"post": [1.98, -0.7, 7.35],
							"lerp_mode": "catmullrom"
						},
						"4.1": {
							"post": [2.29, -0.86, 9.63],
							"lerp_mode": "catmullrom"
						},
						"4.15": {
							"post": [2.67, -1.05, 7.845],
							"lerp_mode": "catmullrom"
						},
						"4.2": {
							"post": [2.63, -1.075, 6.44],
							"lerp_mode": "catmullrom"
						},
						"4.25": {
							"post": [2.13, -0.755, 2.24],
							"lerp_mode": "catmullrom"
						},
						"4.35": {
							"post": [1.7, -0.805, 3.925],
							"lerp_mode": "catmullrom"
						},
						"4.45": {
							"post": [1.59, -0.82, 3.13],
							"lerp_mode": "catmullrom"
						},
						"4.55": {
							"post": [0.9, -0.725, 0.45],
							"lerp_mode": "catmullrom"
						},
						"4.65": {
							"post": [-0.77, -0.37, -2.03],
							"lerp_mode": "catmullrom"
						},
						"4.75": {
							"post": [-1.335, -0.1, -0.445],
							"lerp_mode": "catmullrom"
						},
						"4.8": {
							"post": [-0.975, -0.02, -1.34],
							"lerp_mode": "catmullrom"
						},
						"4.85": {
							"post": [-0.35, 0.025, 0.5],
							"lerp_mode": "catmullrom"
						},
						"4.95": {
							"post": [-0.02, -0.015, -0.17],
							"lerp_mode": "catmullrom"
						},
						"5.05": {
							"post": [0, 0, 0],
							"lerp_mode": "catmullrom"
						}
					},
					"position": {
						"0.1": {
							"pre": [0, 0, 0],
							"post": [0, 0, 0],
							"lerp_mode": "catmullrom"
						},
						"0.3": {
							"post": [-0.075, 0.05, -0.3],
							"lerp_mode": "catmullrom"
						},
						"0.35": {
							"post": [-0.09, 0.025, -0.31],
							"lerp_mode": "catmullrom"
						},
						"0.45": {
							"post": [-0.1, 0.175, -0.275],
							"lerp_mode": "catmullrom"
						},
						"0.5": {
							"post": [-0.075, -0.005, -0.44],
							"lerp_mode": "catmullrom"
						},
						"0.65": {
							"post": [0, 0.1, -0.1],
							"lerp_mode": "catmullrom"
						},
						"0.8": {
							"post": [0.05, 0.1, -0.4],
							"lerp_mode": "catmullrom"
						},
						"0.95": {
							"post": [0.02, -0.22, -0.6],
							"lerp_mode": "catmullrom"
						},
						"1.2": {
							"post": [-0.08, -0.3, -0.645],
							"lerp_mode": "catmullrom"
						},
						"1.35": {
							"post": [-0.1, -0.325, -0.35],
							"lerp_mode": "catmullrom"
						},
						"1.55": {
							"post": [-0.14, -0.46, 0.385],
							"lerp_mode": "catmullrom"
						},
						"1.65": {
							"post": [-0.15, -0.5, 0.125],
							"lerp_mode": "catmullrom"
						},
						"1.95": {
							"post": [-0.1, -0.41, 0.195],
							"lerp_mode": "catmullrom"
						},
						"2.1": {
							"post": [0.3, -0.875, 0.27],
							"lerp_mode": "catmullrom"
						},
						"2.25": {
							"post": [0.375, -0.5, 0.31],
							"lerp_mode": "catmullrom"
						},
						"2.4": {
							"post": [0.175, -0.25, 0.3],
							"lerp_mode": "catmullrom"
						},
						"2.6": {
							"post": [0.025, -0.115, 0.14],
							"lerp_mode": "catmullrom"
						},
						"2.8": {
							"post": [-0.125, -0.225, 0.33],
							"lerp_mode": "catmullrom"
						},
						"2.95": {
							"post": [-0.15, -0.25, 0.4],
							"lerp_mode": "catmullrom"
						},
						"3.1": {
							"post": [-0.16, -0.295, 0.375],
							"lerp_mode": "catmullrom"
						},
						"3.25": {
							"post": [-0.11, -0.3, 0.365],
							"lerp_mode": "catmullrom"
						},
						"3.35": {
							"post": [-0.11, -0.225, 0.355],
							"lerp_mode": "catmullrom"
						},
						"3.45": {
							"post": [-0.2, -0.175, 0.425],
							"lerp_mode": "catmullrom"
						},
						"3.6": {
							"post": [-0.34, -0.295, 0.06],
							"lerp_mode": "catmullrom"
						},
						"3.75": {
							"post": [-0.3, -0.825, 0],
							"lerp_mode": "catmullrom"
						},
						"3.9": {
							"post": [-0.1, -1.075, -0.005],
							"lerp_mode": "catmullrom"
						},
						"4.0": {
							"post": [-0.06, -1.19, 0.005],
							"lerp_mode": "catmullrom"
						},
						"4.1": {
							"post": [-0.04, -1.22, -0.38],
							"lerp_mode": "catmullrom"
						},
						"4.2": {
							"post": [0, -1.14, 0.09],
							"lerp_mode": "catmullrom"
						},
						"4.3": {
							"post": [0, -1.005, 0],
							"lerp_mode": "catmullrom"
						},
						"4.4": {
							"post": [0, -1.2, 0],
							"lerp_mode": "catmullrom"
						},
						"4.5": {
							"post": [0, -1.13, 0.04],
							"lerp_mode": "catmullrom"
						},
						"4.6": {
							"post": [0, -0.73, -0.5],
							"lerp_mode": "catmullrom"
						},
						"4.7": {
							"post": [0, -0.155, -0.52],
							"lerp_mode": "catmullrom"
						},
						"4.8": {
							"post": [0, -0.05, 0],
							"lerp_mode": "catmullrom"
						},
						"4.9": {
							"post": [0, 0, -0.045],
							"lerp_mode": "catmullrom"
						},
						"5.05": {
							"post": [0, 0, 0],
							"lerp_mode": "catmullrom"
						}
					}
				},
				"mb": {
					"rotation": {
						"1.55": [0, 0, 0],
						"1.65": [-5, 0, 0],
						"1.8": [-5, 0, 0],
						"1.9": [-5, 0, 0],
						"2.0": [-12.06864, 0.76664, 0.52337],
						"2.1": [-14, 0, -29.91],
						"2.35": [-35.77921, -21.52231, -56.88874],
						"2.5": [-6.73492, 17.00179, -100.88425],
						"2.6": [-6.73492, 17.00179, -100.88425],
						"2.7": [3.11595, 10.9927, -25.36112],
						"2.95": [-27, 0, 0],
						"3.05": [-19, 0, 0],
						"3.2": [-19, 0, 0],
						"3.3": [0, 0, 0]
					},
					"position": {
						"1.55": [0, 0, 0],
						"1.65": [0, -1.05, -0.15],
						"1.8": [0, -1.05, -0.15],
						"1.9": [0, -1.05, -0.15],
						"2.0": [-0.005, -1.15, -0.22],
						"2.05": [0.25, -2.85, -0.65],
						"2.1": [1.1, -5.3, -1.3],
						"2.2": [3.81109, -9.47673, -1.37712],
						"2.3": [3.97406, -15.12322, -1.18795],
						"2.45": [0.36108, -33.6572, -0.15184],
						"2.5": [0.36108, -33.6572, -0.15184],
						"2.6": [6.15026, -20.81881, 17.22945],
						"2.75": [-0.4802, -12.54095, 1.7129],
						"2.85": [-0.15, -5.53, -1.22],
						"2.95": [0.20856, -2.2316, -0.78333],
						"3.05": [0.08356, -1.9316, -0.75833],
						"3.15": [0.01, -2.105, -0.68],
						"3.2": [0.00856, -1.9316, -0.58333],
						"3.25": [0, -0.97, -0.09],
						"3.3": [0, 0, 0]
					},
					"scale": {
						"2.35": [1, 1, 1],
						"2.4": {
							"pre": [1, 1, 1],
							"post": [0, 0, 0]
						},
						"2.6": {
							"pre": [0, 0, 0],
							"post": [0, 0, 0]
						},
						"2.65": [1, 1, 1]
					}
				},
				"bullet": {
					"rotation": {
						"0.45": [0, 0, 0],
						"0.5": [0, 0, 0],
						"0.6": [0, 0, 0],
						"0.85": [-205.17205, -52.4121, -208.72524],
						"1.05": [-513.42466, -60.34607, -106.4241],
						"2.3": [-513.42466, -60.34607, -106.4241],
						"2.35": [0, 0, 0]
					},
					"position": {
						"0.45": [0, 0, 0],
						"0.5": [0, 1.7, -1],
						"0.6": [0, 1.7, -1],
						"0.7": {
							"pre": [-19.25, 5.95, -1],
							"post": [-19.25, 5.95, -1],
							"lerp_mode": "catmullrom"
						},
						"0.8": {
							"post": [-35.83, -3.06, -1],
							"lerp_mode": "catmullrom"
						},
						"0.9": {
							"post": [-50, -26.6, -1],
							"lerp_mode": "catmullrom"
						},
						"2.3": {
							"post": [-50, -26.6, -1],
							"lerp_mode": "catmullrom"
						},
						"2.35": [0, 0, 0],
						"2.65": [0, 1, 0]
					},
					"scale": {
						"0.0": [1, 1, 1],
						"0.8": [1, 1, 1],
						"0.9": [0, 0, 0],
						"2.6": [0, 0, 0],
						"2.65": [1, 1, 1]
					}
				},
				"boltgroup": {
					"rotation": {
						"0.35": [0, 0, 0],
						"0.45": [0, 0, 72.5],
						"4.2": [0, 0, 72.5],
						"4.25": [0, 0, 0]
					}
				},
				"bolt": {
					"position": {
						"0.5": [0, 0, 0],
						"0.6": [0, 0, 7],
						"4.0": [0, 0, 7],
						"4.1": [0, 0, 0]
					}
				},
				"mag_release": {
					"rotation": {
						"1.4": [0, 0, 0],
						"1.5": [-20, 0, 0],
						"1.85": [-20, 0, 0],
						"2.05": [0, 0, 0]
					}
				},
				"constraint": {
					"rotation": {
						"0.0": [0, 0, 0],
						"4.75": [0, 0, 0],
						"5.0": [0.2, 0.2, 0.4]
					},
					"position": {
						"0.0": [0.02, 0.02, 0.02],
						"4.75": [0.02, 0.02, 0.02],
						"5.0": [0.1, 0.1, 0.1]
					}
				},
				"bullettip": {
					"scale": {
						"0.0": [0, 0, 0],
						"2.6": [0, 0, 0],
						"2.65": [1, 1, 1]
					}
				}
			},
			"sound_effects": {
				"0.25": {
					"effect": "p21_sn_mromeo_reload_empty_boltback"
				},
				"0.7": {
					"effect": "p21_sn_mromeo_reload_empty_grab"
				},
				"1.4": {
					"effect": "p21_sn_mromeo_reload_empty_magout"
				},
				"2.3": {
					"effect": "p21_sn_mromeo_reload_empty_rattle"
				},
				"2.75": {
					"effect": "iw8_phys_mag_drop_br_metal_dirt_04"
				},
				"2.85": {
					"effect": "p21_sn_mromeo_reload_empty_magin"
				},
				"3.15": {
					"effect": "p21_sn_mromeo_reload_empty_rattle2"
				},
				"3.8": {
					"effect": "p21_sn_mromeo_reload_end"
				},
				"3.9": {
					"effect": "p21_sn_mromeo_reload_empty_boltclose"
				}
			}
		},
		"inspect": {
			"animation_length": 7.1,
			"bones": {
				"l2": {
					"rotation": {
						"0.0": {
							"post": [86.32863, -36.06724, -116.78355],
							"lerp_mode": "catmullrom"
						},
						"0.2": {
							"post": [84.32863, -36.06724, -116.78355],
							"lerp_mode": "catmullrom"
						},
						"0.55": {
							"post": [88.63613, -27.47114, -87.91617],
							"lerp_mode": "catmullrom"
						},
						"0.8": {
							"post": [85.22707, -26.29349, -92.12428],
							"lerp_mode": "catmullrom"
						},
						"1.15": [115.94963, -6.48376, -179.73509],
						"1.3": [115.94963, -6.48376, -179.73509],
						"1.55": {
							"pre": [85.50126, -21.03925, -101.71392],
							"post": [85.50126, -21.03925, -101.71392],
							"lerp_mode": "catmullrom"
						},
						"1.65": {
							"post": [84.85559, -23.11235, -92.20768],
							"lerp_mode": "catmullrom"
						},
						"1.75": {
							"post": [85.99242, -24.89899, -85.63944],
							"lerp_mode": "catmullrom"
						},
						"1.85": {
							"post": [94.17228, -37.67617, -91.27163],
							"lerp_mode": "catmullrom"
						},
						"2.05": {
							"post": [90.47616, -21.97457, -73.44231],
							"lerp_mode": "catmullrom"
						},
						"2.25": {
							"post": [91.09595, -19.41776, -69.46427],
							"lerp_mode": "catmullrom"
						},
						"2.65": {
							"post": [92.67625, -22.45179, -67.79834],
							"lerp_mode": "catmullrom"
						},
						"2.8": {
							"post": [94.01683, -22.19067, -79.46448],
							"lerp_mode": "catmullrom"
						},
						"2.95": {
							"post": [94.73604, -22.2862, -105.82692],
							"lerp_mode": "catmullrom"
						},
						"3.2": [91.81, -25.39, -105.6],
						"3.35": [91.81, -25.39, -105.6],
						"3.5": [90.2019, -33.07997, -104.2137],
						"3.65": [87.4709, -13.26721, -102.00431],
						"3.85": [87.4709, -13.26721, -102.00431],
						"4.1": [86.32863, -36.06724, -116.78355],
						"4.35": [76.90154, -44.45344, -143.61562],
						"6.15": [76.90154, -44.45344, -143.61562],
						"6.4": {
							"pre": [86.32863, -36.06724, -116.78355],
							"post": [86.32863, -36.06724, -116.78355],
							"lerp_mode": "catmullrom"
						}
					},
					"position": {
						"0.0": [7.2, -10.6, -6.5],
						"0.8": [7.2, -10.6, -6.5],
						"0.95": [7.71, -12.66, -1.24],
						"1.1": [7.1, -14.2, 2.7],
						"1.25": [6, -14.2, 2.7],
						"1.35": [6, -15, 2.7],
						"1.55": [6.5, -15.44, 0],
						"1.65": [6.5, -15.44, 0.075],
						"1.75": [6.05, -17.05, -0.475],
						"1.85": {
							"pre": [6.13015, -18.83173, -1.93681],
							"post": [6.13015, -18.83173, -1.93681],
							"lerp_mode": "catmullrom"
						},
						"2.05": {
							"post": [7.09572, -19.80794, -1.14731],
							"lerp_mode": "catmullrom"
						},
						"2.25": {
							"post": [7.09572, -20.00794, -1.14731],
							"lerp_mode": "catmullrom"
						},
						"2.65": {
							"post": [6.99572, -19.93294, -0.77231],
							"lerp_mode": "catmullrom"
						},
						"2.8": {
							"post": [7.19572, -20.05794, -0.77231],
							"lerp_mode": "catmullrom"
						},
						"2.95": {
							"post": [8, -18.775, -0.63],
							"lerp_mode": "catmullrom"
						},
						"3.05": {
							"post": [6.73, -17.27, -0.265],
							"lerp_mode": "catmullrom"
						},
						"3.15": {
							"post": [6.5, -16.25, -0.325],
							"lerp_mode": "catmullrom"
						},
						"3.25": {
							"post": [6.5, -16.285, -0.16],
							"lerp_mode": "catmullrom"
						},
						"3.4": {
							"post": [6.5, -16.075, 0],
							"lerp_mode": "catmullrom"
						},
						"3.6": {
							"post": [6.5, -15.925, 0],
							"lerp_mode": "catmullrom"
						},
						"3.65": [6.5, -14.3, 0],
						"3.85": [6.5, -14.3, 0],
						"4.1": [7.2, -10.6, -5.2],
						"4.35": [7.4, -9.3, -5.4],
						"6.15": [7.4, -9.3, -5.4],
						"6.4": [7.2, -10.6, -6.5]
					},
					"scale": [1, 1.5, 1]
				},
				"R2": {
					"rotation": {
						"0.0": [95, 0, -180],
						"4.2": [95, 0, -180],
						"4.45": [112.60559, 10.23939, -197.53751],
						"4.55": [140.15979, -5.32497, -162.72971],
						"4.6": [126.15979, -5.32497, -162.72971],
						"4.75": [129.37, -3.32, -160.5],
						"4.85": [130.44, -2.65, -159.76],
						"5.55": [130.44, -2.65, -159.76],
						"5.65": [128.3, -3.99, -161.24],
						"5.7": [126.15979, -5.32497, -162.72971],
						"5.8": [126.15979, -5.32497, -162.72971],
						"5.9": [112.60559, 10.23939, -197.53751],
						"6.05": [95, 0, -180],
						"6.1": [95, 0, -180]
					},
					"position": {
						"0.0": [-6.2, -13.5, 8.2],
						"4.2": [-6.2, -13.5, 8.2],
						"4.35": [-9.01969, -13.11787, 6.42467],
						"4.45": [-9.24994, -12.68008, 4.64879],
						"4.5": [-10.51896, -10.50238, 4.554],
						"4.55": [-10.21219, -8.06557, 4.44688],
						"4.6": [-10.17599, -8.25365, 4.8389],
						"4.75": [-10.19, -8.12, 6.56],
						"4.85": [-10.2, -8.08, 7.14],
						"5.55": [-10.2, -8.08, 7.14],
						"5.65": [-10.19, -8.17, 5.99],
						"5.7": [-10.17599, -8.25365, 4.8389],
						"5.8": [-10.17599, -8.25365, 4.8389],
						"5.9": [-9.24994, -12.68008, 4.64879],
						"6.05": [-6.2, -13.5, 8.2],
						"6.1": [-6.2, -13.5, 8.2]
					},
					"scale": [1, 1.5, 1]
				},
				"root": {
					"rotation": {
						"0.0": {
							"post": [0, 0, 0],
							"lerp_mode": "catmullrom"
						},
						"0.2": {
							"post": [-0.03, -4.97, -5.02],
							"lerp_mode": "catmullrom"
						},
						"0.45": {
							"post": [-19.63, -33.38, -39.35],
							"lerp_mode": "catmullrom"
						},
						"0.65": {
							"post": [-23.78, -44.73, -47.38],
							"lerp_mode": "catmullrom"
						},
						"0.85": {
							"post": [-21.6222, -50.11488, -50.67992],
							"lerp_mode": "catmullrom"
						},
						"1.0": {
							"post": [-18.025, -50.63, -52.36],
							"lerp_mode": "catmullrom"
						},
						"1.15": {
							"post": [-15.57, -50.43, -54],
							"lerp_mode": "catmullrom"
						},
						"1.25": {
							"post": [-14.04, -50.26, -55.57],
							"lerp_mode": "catmullrom"
						},
						"1.35": {
							"post": [-15.23448, -49.88673, -54.20564],
							"lerp_mode": "catmullrom"
						},
						"1.45": {
							"post": [-12.7222, -50.11488, -56.97992],
							"lerp_mode": "catmullrom"
						},
						"1.6": {
							"post": [-13.74, -50.18, -57.38],
							"lerp_mode": "catmullrom"
						},
						"1.7": {
							"post": [-15.12233, -49.92913, -55.55306],
							"lerp_mode": "catmullrom"
						},
						"1.85": {
							"post": [-14.25448, -50.57614, -58.98805],
							"lerp_mode": "catmullrom"
						},
						"2.0": {
							"post": [-16.285, -50.41, -57.57],
							"lerp_mode": "catmullrom"
						},
						"2.4": {
							"post": [-16.04, -50.45, -58.01],
							"lerp_mode": "catmullrom"
						},
						"2.8": {
							"post": [-15.98, -50.8, -58.38],
							"lerp_mode": "catmullrom"
						},
						"3.1": {
							"post": [-17.32, -52.02, -58.46],
							"lerp_mode": "catmullrom"
						},
						"3.15": {
							"post": [-18.60891, -51.88097, -56.92397],
							"lerp_mode": "catmullrom"
						},
						"3.35": {
							"post": [-16.115, -52.94, -58.49],
							"lerp_mode": "catmullrom"
						},
						"3.5": {
							"post": [-16.065, -53.39, -58.45],
							"lerp_mode": "catmullrom"
						},
						"3.6": {
							"post": [-16.17, -54.07, -58.84],
							"lerp_mode": "catmullrom"
						},
						"3.65": {
							"post": [-17.23779, -54.00045, -56.58729],
							"lerp_mode": "catmullrom"
						},
						"3.75": {
							"post": [-14.82389, -54.15729, -60.05228],
							"lerp_mode": "catmullrom"
						},
						"3.9": {
							"post": [-17.155, -51.1, -49.565],
							"lerp_mode": "catmullrom"
						},
						"4.05": {
							"post": [-19.145, -31.61, -22.88],
							"lerp_mode": "catmullrom"
						},
						"4.3": {
							"post": [-25.14, -5.72, 39.73],
							"lerp_mode": "catmullrom"
						},
						"4.5": {
							"post": [-27.4204, -0.01365, 50.93255],
							"lerp_mode": "catmullrom"
						},
						"4.6": {
							"post": [-26.86, 0.72, 52.07],
							"lerp_mode": "catmullrom"
						},
						"4.65": {
							"post": [-27.02809, 1.12827, 53.396],
							"lerp_mode": "catmullrom"
						},
						"4.75": {
							"post": [-27.60041, 0.32998, 53.05929],
							"lerp_mode": "catmullrom"
						},
						"5.0": {
							"post": [-27.56, 0.235, 51.33],
							"lerp_mode": "catmullrom"
						},
						"5.4": {
							"post": [-27.53, -0.375, 51.175],
							"lerp_mode": "catmullrom"
						},
						"5.65": {
							"post": [-27.7, -0.12, 51.83],
							"lerp_mode": "catmullrom"
						},
						"5.7": {
							"post": [-27.35842, 0.04598, 53.07896],
							"lerp_mode": "catmullrom"
						},
						"5.75": {
							"post": [-27.03, -0.85, 51.97],
							"lerp_mode": "catmullrom"
						},
						"5.85": {
							"post": [-27.38, 0.1, 51.525],
							"lerp_mode": "catmullrom"
						},
						"5.9": {
							"post": [-27.0593, -0.62627, 49.10625],
							"lerp_mode": "catmullrom"
						},
						"6.0": {
							"post": [-26.21963, 0.70178, 49.54507],
							"lerp_mode": "catmullrom"
						},
						"6.1": {
							"post": [-23.6704, 0.33635, 44.70755],
							"lerp_mode": "catmullrom"
						},
						"6.3": {
							"post": [-9.54, -5.1, 18.02],
							"lerp_mode": "catmullrom"
						},
						"6.5": {
							"post": [-1.1, -2.975, 0],
							"lerp_mode": "catmullrom"
						},
						"6.65": {
							"post": [0.48, -0.24, -0.86],
							"lerp_mode": "catmullrom"
						},
						"6.7": {
							"post": [0.49, 0.195, 0.045],
							"lerp_mode": "catmullrom"
						},
						"6.85": {
							"post": [0.275, -0.275, -0.55],
							"lerp_mode": "catmullrom"
						},
						"7.05": {
							"post": [0, 0, 0],
							"lerp_mode": "catmullrom"
						}
					},
					"position": {
						"0.0": {
							"post": [0, 0, 0],
							"lerp_mode": "catmullrom"
						},
						"0.25": {
							"post": [0.03, -0.26, -0.2],
							"lerp_mode": "catmullrom"
						},
						"0.6": {
							"post": [0.23, -0.15, -0.48],
							"lerp_mode": "catmullrom"
						},
						"0.75": {
							"post": [0.405, -0.58, -0.62],
							"lerp_mode": "catmullrom"
						},
						"0.95": {
							"post": [0.5, -0.3, -0.7],
							"lerp_mode": "catmullrom"
						},
						"1.15": {
							"post": [0.48, -0.33, -0.7],
							"lerp_mode": "catmullrom"
						},
						"1.35": {
							"post": [0.7, -0.4, -0.7],
							"lerp_mode": "catmullrom"
						},
						"1.55": {
							"post": [0.765, -0.475, -0.7],
							"lerp_mode": "catmullrom"
						},
						"1.7": {
							"post": [0.895, -0.525, -0.7],
							"lerp_mode": "catmullrom"
						},
						"1.85": {
							"post": [0.345, -0.775, -0.69],
							"lerp_mode": "catmullrom"
						},
						"2.15": {
							"post": [-0.095, -0.575, -0.68],
							"lerp_mode": "catmullrom"
						},
						"2.6": {
							"post": [-0.085, -0.56, -0.67],
							"lerp_mode": "catmullrom"
						},
						"2.95": {
							"post": [0.025, -1.12, -0.67],
							"lerp_mode": "catmullrom"
						},
						"3.2": {
							"post": [0.335, -1.195, -0.68],
							"lerp_mode": "catmullrom"
						},
						"3.6": {
							"post": [0.315, -1.085, -0.69],
							"lerp_mode": "catmullrom"
						},
						"3.7": {
							"post": [0.425, -1.3, -0.7],
							"lerp_mode": "catmullrom"
						},
						"3.9": {
							"post": [0.135, -1.375, -0.79],
							"lerp_mode": "catmullrom"
						},
						"4.1": {
							"post": [0.35, -1.79, -1.46],
							"lerp_mode": "catmullrom"
						},
						"4.3": {
							"post": [-0.2, -0.275, -1.6],
							"lerp_mode": "catmullrom"
						},
						"4.5": {
							"post": [-0.23, -0.265, -0.95],
							"lerp_mode": "catmullrom"
						},
						"4.65": {
							"post": [-0.23, -0.24, -0.915],
							"lerp_mode": "catmullrom"
						},
						"4.85": {
							"post": [-0.23, -0.36, -0.915],
							"lerp_mode": "catmullrom"
						},
						"5.25": {
							"post": [-0.23, -0.43, -0.935],
							"lerp_mode": "catmullrom"
						},
						"5.65": {
							"post": [-0.23, -0.385, -0.955],
							"lerp_mode": "catmullrom"
						},
						"5.8": {
							"post": [-0.23, -0.35, -0.965],
							"lerp_mode": "catmullrom"
						},
						"5.9": {
							"post": [-0.22, -0.6, -0.945],
							"lerp_mode": "catmullrom"
						},
						"6.1": {
							"post": [-0.2, -1.125, -1.075],
							"lerp_mode": "catmullrom"
						},
						"6.3": {
							"post": [-0.12, -0.96, -0.805],
							"lerp_mode": "catmullrom"
						},
						"6.55": {
							"post": [0, -0.525, -0.65],
							"lerp_mode": "catmullrom"
						},
						"6.7": {
							"post": [0.01, 0.02, -0.24],
							"lerp_mode": "catmullrom"
						},
						"6.9": {
							"post": [0, -0.025, 0],
							"lerp_mode": "catmullrom"
						},
						"7.1": {
							"post": [0, 0, 0],
							"lerp_mode": "catmullrom"
						}
					}
				},
				"mb": {
					"rotation": {
						"1.25": {
							"pre": [0, 0, 0],
							"post": [0, 0, 0],
							"lerp_mode": "catmullrom"
						},
						"1.75": {
							"post": [0, 0, 0],
							"lerp_mode": "catmullrom"
						},
						"1.85": {
							"post": [-15.14068, -7.72571, 2.0832],
							"lerp_mode": "catmullrom"
						},
						"2.05": {
							"post": [5.30867, -3.03153, 18.49973],
							"lerp_mode": "catmullrom"
						},
						"2.6": {
							"post": [4.77059, -3.82376, 27.48097],
							"lerp_mode": "catmullrom"
						},
						"2.8": {
							"post": [4.34, -2.94, 16.93],
							"lerp_mode": "catmullrom"
						},
						"2.95": {
							"post": [3.04106, -0.30571, -14.72313],
							"lerp_mode": "catmullrom"
						},
						"3.15": {
							"post": [0, 0, 0],
							"lerp_mode": "catmullrom"
						},
						"3.4": {
							"post": [0, 0, 0],
							"lerp_mode": "catmullrom"
						},
						"3.65": {
							"post": [0, 0, 0],
							"lerp_mode": "catmullrom"
						}
					},
					"position": {
						"1.25": {
							"pre": [0, 0, 0],
							"post": [0, 0, 0],
							"lerp_mode": "catmullrom"
						},
						"1.35": [0, -1.14, 0],
						"1.65": [0, -1.14, 0],
						"1.75": [-0.13, -2.74, -0.58],
						"1.85": {
							"pre": [0, -4.5, -1.2],
							"post": [0, -4.5, -1.2],
							"lerp_mode": "catmullrom"
						},
						"2.05": {
							"post": [2.00783, -5.73488, -1.46839],
							"lerp_mode": "catmullrom"
						},
						"2.25": {
							"post": [2.31458, -6.01598, -1.46495],
							"lerp_mode": "catmullrom"
						},
						"2.65": {
							"post": [2.295, -6.06, -1.08],
							"lerp_mode": "catmullrom"
						},
						"2.8": {
							"post": [2.10002, -5.92944, -0.9599],
							"lerp_mode": "catmullrom"
						},
						"2.95": {
							"post": [1, -4.75, -0.73],
							"lerp_mode": "catmullrom"
						},
						"3.05": {
							"post": [0.13, -3.07, -0.24],
							"lerp_mode": "catmullrom"
						},
						"3.15": {
							"post": [0, -1.95, -0.325],
							"lerp_mode": "catmullrom"
						},
						"3.25": {
							"post": [0, -1.985, -0.16],
							"lerp_mode": "catmullrom"
						},
						"3.4": {
							"post": [0, -1.775, 0],
							"lerp_mode": "catmullrom"
						},
						"3.6": {
							"post": [0, -1.625, 0],
							"lerp_mode": "catmullrom"
						},
						"3.65": {
							"post": [0, 0, 0],
							"lerp_mode": "catmullrom"
						}
					}
				},
				"bullet": {
					"position": {
						"0.6": [0, 0, 0],
						"0.65": [0, 1, 0],
						"3.75": [0, 1, 0],
						"4.35": [0, 1.8, -2.5],
						"4.4": [0, 1.8, -4.6],
						"4.6": [0, 1.8, -4.6],
						"4.75": [0, 1.8, -3.2],
						"4.85": [0, 1.8, -2.5],
						"5.55": [0, 1.8, -2.5],
						"5.65": [0, 1.8, -3.2],
						"5.75": [0, 1.8, -4.6],
						"5.8": [0, 1.8, -2.5],
						"5.85": [0, 0, 0]
					}
				},
				"boltgroup": {
					"rotation": {
						"4.45": [0, 0, 0],
						"4.55": [0, 0, 72.5],
						"5.8": [0, 0, 72.5],
						"5.9": [0, 0, 0]
					}
				},
				"bolt": {
					"position": {
						"4.6": [0, 0, 0],
						"4.75": [0, 0, 2.18],
						"4.85": [0, 0, 2.9],
						"5.55": [0, 0, 2.9],
						"5.65": [0, 0, 1.45],
						"5.7": [0, 0, 0]
					}
				},
				"mag_release": {
					"rotation": {
						"1.1": [0, 0, 0],
						"1.2": [-20, 0, 0],
						"1.55": [-20, 0, 0],
						"1.75": [0, 0, 0]
					}
				}
			},
			"sound_effects": {
				"0.25": {
					"effect": "p21_sn_mromeo_reload_empty_smags_raise"
				},
				"1.15": {
					"effect": "p21_sn_mromeo_reload_magout"
				},
				"1.75": {
					"effect": "p21_sn_mromeo_reload_empty_magin"
				},
				"3.1": {
					"effect": "p21_sn_mromeo_reload_rattle"
				},
				"3.3": {
					"effect": "p21_sn_mromeo_reload_smags_magin"
				},
				"3.75": {
					"effect": "p21_sn_mromeo_reload_empty_xmags_grab"
				},
				"3.8": {
					"effect": "p21_sn_mromeo_reload_empty_xmags_rattle"
				},
				"4.4": {
					"effect": "p21_sn_mromeo_reload_empty_boltback"
				},
				"5.45": {
					"effect": "p21_sn_mromeo_reload_empty_smags_boltback"
				},
				"6.0": {
					"effect": "p21_sn_mromeo_reload_xmags_end"
				},
				"6.3": {
					"effect": "p21_sn_mromeo_reload_empty_end"
				},
				"6.5": {
					"effect": "p21_sn_mromeo_reload_empty_grab"
				}
			}
		},
		"inspect_empty": {
			"animation_length": 7.1,
			"bones": {
				"l2": {
					"rotation": {
						"0.0": {
							"post": [86.32863, -36.06724, -116.78355],
							"lerp_mode": "catmullrom"
						},
						"0.2": {
							"post": [84.32863, -36.06724, -116.78355],
							"lerp_mode": "catmullrom"
						},
						"0.55": {
							"post": [88.63613, -27.47114, -87.91617],
							"lerp_mode": "catmullrom"
						},
						"0.8": {
							"post": [85.22707, -26.29349, -92.12428],
							"lerp_mode": "catmullrom"
						},
						"1.15": [115.94963, -6.48376, -179.73509],
						"1.3": [115.94963, -6.48376, -179.73509],
						"1.55": {
							"pre": [85.50126, -21.03925, -101.71392],
							"post": [85.50126, -21.03925, -101.71392],
							"lerp_mode": "catmullrom"
						},
						"1.65": {
							"post": [84.85559, -23.11235, -92.20768],
							"lerp_mode": "catmullrom"
						},
						"1.75": {
							"post": [85.99242, -24.89899, -85.63944],
							"lerp_mode": "catmullrom"
						},
						"1.85": {
							"post": [94.17228, -37.67617, -91.27163],
							"lerp_mode": "catmullrom"
						},
						"2.05": {
							"post": [90.47616, -21.97457, -73.44231],
							"lerp_mode": "catmullrom"
						},
						"2.25": {
							"post": [91.09595, -19.41776, -69.46427],
							"lerp_mode": "catmullrom"
						},
						"2.65": {
							"post": [92.67625, -22.45179, -67.79834],
							"lerp_mode": "catmullrom"
						},
						"2.8": {
							"post": [94.01683, -22.19067, -79.46448],
							"lerp_mode": "catmullrom"
						},
						"2.95": {
							"post": [94.73604, -22.2862, -105.82692],
							"lerp_mode": "catmullrom"
						},
						"3.2": [91.81, -25.39, -105.6],
						"3.35": [91.81, -25.39, -105.6],
						"3.5": [90.2019, -33.07997, -104.2137],
						"3.65": [87.4709, -13.26721, -102.00431],
						"3.85": [87.4709, -13.26721, -102.00431],
						"4.1": [86.32863, -36.06724, -116.78355],
						"4.35": [76.90154, -44.45344, -143.61562],
						"6.15": [76.90154, -44.45344, -143.61562],
						"6.4": {
							"pre": [86.32863, -36.06724, -116.78355],
							"post": [86.32863, -36.06724, -116.78355],
							"lerp_mode": "catmullrom"
						}
					},
					"position": {
						"0.0": [7.2, -10.6, -6.5],
						"0.8": [7.2, -10.6, -6.5],
						"0.95": [7.71, -12.66, -1.24],
						"1.1": [7.1, -14.2, 2.7],
						"1.25": [6, -14.2, 2.7],
						"1.35": [6, -15, 2.7],
						"1.55": [6.5, -15.44, 0],
						"1.65": [6.5, -15.44, 0.075],
						"1.75": [6.05, -17.05, -0.475],
						"1.85": {
							"pre": [6.13015, -18.83173, -1.93681],
							"post": [6.13015, -18.83173, -1.93681],
							"lerp_mode": "catmullrom"
						},
						"2.05": {
							"post": [7.09572, -19.80794, -1.14731],
							"lerp_mode": "catmullrom"
						},
						"2.25": {
							"post": [7.09572, -20.00794, -1.14731],
							"lerp_mode": "catmullrom"
						},
						"2.65": {
							"post": [6.99572, -19.93294, -0.77231],
							"lerp_mode": "catmullrom"
						},
						"2.8": {
							"post": [7.19572, -20.05794, -0.77231],
							"lerp_mode": "catmullrom"
						},
						"2.95": {
							"post": [8, -18.775, -0.63],
							"lerp_mode": "catmullrom"
						},
						"3.05": {
							"post": [6.73, -17.27, -0.265],
							"lerp_mode": "catmullrom"
						},
						"3.15": {
							"post": [6.5, -16.25, -0.325],
							"lerp_mode": "catmullrom"
						},
						"3.25": {
							"post": [6.5, -16.285, -0.16],
							"lerp_mode": "catmullrom"
						},
						"3.4": {
							"post": [6.5, -16.075, 0],
							"lerp_mode": "catmullrom"
						},
						"3.6": {
							"post": [6.5, -15.925, 0],
							"lerp_mode": "catmullrom"
						},
						"3.65": [6.5, -14.3, 0],
						"3.85": [6.5, -14.3, 0],
						"4.1": [7.2, -10.6, -5.2],
						"4.35": [7.4, -9.3, -5.4],
						"6.15": [7.4, -9.3, -5.4],
						"6.4": [7.2, -10.6, -6.5]
					},
					"scale": [1, 1.5, 1]
				},
				"R2": {
					"rotation": {
						"0.0": [95, 0, -180],
						"4.2": [95, 0, -180],
						"4.45": [112.60559, 10.23939, -197.53751],
						"4.55": [140.15979, -5.32497, -162.72971],
						"4.6": [126.15979, -5.32497, -162.72971],
						"4.75": [129.37, -3.32, -160.5],
						"4.85": [130.44, -2.65, -159.76],
						"5.55": [130.44, -2.65, -159.76],
						"5.65": [128.3, -3.99, -161.24],
						"5.7": [126.15979, -5.32497, -162.72971],
						"5.8": [126.15979, -5.32497, -162.72971],
						"5.9": [112.60559, 10.23939, -197.53751],
						"6.05": [95, 0, -180],
						"6.1": [95, 0, -180]
					},
					"position": {
						"0.0": [-6.2, -13.5, 8.2],
						"4.2": [-6.2, -13.5, 8.2],
						"4.35": [-9.01969, -13.11787, 6.42467],
						"4.45": [-9.24994, -12.68008, 4.64879],
						"4.5": [-10.51896, -10.50238, 4.554],
						"4.55": [-10.21219, -8.06557, 4.44688],
						"4.6": [-10.17599, -8.25365, 4.8389],
						"4.75": [-10.19, -8.12, 6.56],
						"4.85": [-10.2, -8.08, 7.14],
						"5.55": [-10.2, -8.08, 7.14],
						"5.65": [-10.19, -8.17, 5.99],
						"5.7": [-10.17599, -8.25365, 4.8389],
						"5.8": [-10.17599, -8.25365, 4.8389],
						"5.9": [-9.24994, -12.68008, 4.64879],
						"6.05": [-6.2, -13.5, 8.2],
						"6.1": [-6.2, -13.5, 8.2]
					},
					"scale": [1, 1.5, 1]
				},
				"root": {
					"rotation": {
						"0.0": {
							"post": [0, 0, 0],
							"lerp_mode": "catmullrom"
						},
						"0.2": {
							"post": [-0.03, -4.97, -5.02],
							"lerp_mode": "catmullrom"
						},
						"0.45": {
							"post": [-19.63, -33.38, -39.35],
							"lerp_mode": "catmullrom"
						},
						"0.65": {
							"post": [-23.78, -44.73, -47.38],
							"lerp_mode": "catmullrom"
						},
						"0.85": {
							"post": [-21.6222, -50.11488, -50.67992],
							"lerp_mode": "catmullrom"
						},
						"1.0": {
							"post": [-18.025, -50.63, -52.36],
							"lerp_mode": "catmullrom"
						},
						"1.15": {
							"post": [-15.57, -50.43, -54],
							"lerp_mode": "catmullrom"
						},
						"1.25": {
							"post": [-14.04, -50.26, -55.57],
							"lerp_mode": "catmullrom"
						},
						"1.35": {
							"post": [-15.23448, -49.88673, -54.20564],
							"lerp_mode": "catmullrom"
						},
						"1.45": {
							"post": [-12.7222, -50.11488, -56.97992],
							"lerp_mode": "catmullrom"
						},
						"1.6": {
							"post": [-13.74, -50.18, -57.38],
							"lerp_mode": "catmullrom"
						},
						"1.7": {
							"post": [-15.12233, -49.92913, -55.55306],
							"lerp_mode": "catmullrom"
						},
						"1.85": {
							"post": [-14.25448, -50.57614, -58.98805],
							"lerp_mode": "catmullrom"
						},
						"2.0": {
							"post": [-16.285, -50.41, -57.57],
							"lerp_mode": "catmullrom"
						},
						"2.4": {
							"post": [-16.04, -50.45, -58.01],
							"lerp_mode": "catmullrom"
						},
						"2.8": {
							"post": [-15.98, -50.8, -58.38],
							"lerp_mode": "catmullrom"
						},
						"3.1": {
							"post": [-17.32, -52.02, -58.46],
							"lerp_mode": "catmullrom"
						},
						"3.15": {
							"post": [-18.60891, -51.88097, -56.92397],
							"lerp_mode": "catmullrom"
						},
						"3.35": {
							"post": [-16.115, -52.94, -58.49],
							"lerp_mode": "catmullrom"
						},
						"3.5": {
							"post": [-16.065, -53.39, -58.45],
							"lerp_mode": "catmullrom"
						},
						"3.6": {
							"post": [-16.17, -54.07, -58.84],
							"lerp_mode": "catmullrom"
						},
						"3.65": {
							"post": [-17.23779, -54.00045, -56.58729],
							"lerp_mode": "catmullrom"
						},
						"3.75": {
							"post": [-14.82389, -54.15729, -60.05228],
							"lerp_mode": "catmullrom"
						},
						"3.9": {
							"post": [-17.155, -51.1, -49.565],
							"lerp_mode": "catmullrom"
						},
						"4.05": {
							"post": [-19.145, -31.61, -22.88],
							"lerp_mode": "catmullrom"
						},
						"4.3": {
							"post": [-25.14, -5.72, 39.73],
							"lerp_mode": "catmullrom"
						},
						"4.5": {
							"post": [-27.4204, -0.01365, 50.93255],
							"lerp_mode": "catmullrom"
						},
						"4.6": {
							"post": [-26.86, 0.72, 52.07],
							"lerp_mode": "catmullrom"
						},
						"4.65": {
							"post": [-27.02809, 1.12827, 53.396],
							"lerp_mode": "catmullrom"
						},
						"4.75": {
							"post": [-27.60041, 0.32998, 53.05929],
							"lerp_mode": "catmullrom"
						},
						"5.0": {
							"post": [-27.56, 0.235, 51.33],
							"lerp_mode": "catmullrom"
						},
						"5.4": {
							"post": [-27.53, -0.375, 51.175],
							"lerp_mode": "catmullrom"
						},
						"5.65": {
							"post": [-27.7, -0.12, 51.83],
							"lerp_mode": "catmullrom"
						},
						"5.7": {
							"post": [-27.35842, 0.04598, 53.07896],
							"lerp_mode": "catmullrom"
						},
						"5.75": {
							"post": [-27.03, -0.85, 51.97],
							"lerp_mode": "catmullrom"
						},
						"5.85": {
							"post": [-27.38, 0.1, 51.525],
							"lerp_mode": "catmullrom"
						},
						"5.9": {
							"post": [-27.0593, -0.62627, 49.10625],
							"lerp_mode": "catmullrom"
						},
						"6.0": {
							"post": [-26.21963, 0.70178, 49.54507],
							"lerp_mode": "catmullrom"
						},
						"6.1": {
							"post": [-23.6704, 0.33635, 44.70755],
							"lerp_mode": "catmullrom"
						},
						"6.3": {
							"post": [-9.54, -5.1, 18.02],
							"lerp_mode": "catmullrom"
						},
						"6.5": {
							"post": [-1.1, -2.975, 0],
							"lerp_mode": "catmullrom"
						},
						"6.65": {
							"post": [0.48, -0.24, -0.86],
							"lerp_mode": "catmullrom"
						},
						"6.7": {
							"post": [0.49, 0.195, 0.045],
							"lerp_mode": "catmullrom"
						},
						"6.85": {
							"post": [0.275, -0.275, -0.55],
							"lerp_mode": "catmullrom"
						},
						"7.05": {
							"post": [0, 0, 0],
							"lerp_mode": "catmullrom"
						}
					},
					"position": {
						"0.0": {
							"post": [0, 0, 0],
							"lerp_mode": "catmullrom"
						},
						"0.25": {
							"post": [0.03, -0.26, -0.2],
							"lerp_mode": "catmullrom"
						},
						"0.6": {
							"post": [0.23, -0.15, -0.48],
							"lerp_mode": "catmullrom"
						},
						"0.75": {
							"post": [0.405, -0.58, -0.62],
							"lerp_mode": "catmullrom"
						},
						"0.95": {
							"post": [0.5, -0.3, -0.7],
							"lerp_mode": "catmullrom"
						},
						"1.15": {
							"post": [0.48, -0.33, -0.7],
							"lerp_mode": "catmullrom"
						},
						"1.35": {
							"post": [0.7, -0.4, -0.7],
							"lerp_mode": "catmullrom"
						},
						"1.55": {
							"post": [0.765, -0.475, -0.7],
							"lerp_mode": "catmullrom"
						},
						"1.7": {
							"post": [0.895, -0.525, -0.7],
							"lerp_mode": "catmullrom"
						},
						"1.85": {
							"post": [0.345, -0.775, -0.69],
							"lerp_mode": "catmullrom"
						},
						"2.15": {
							"post": [-0.095, -0.575, -0.68],
							"lerp_mode": "catmullrom"
						},
						"2.6": {
							"post": [-0.085, -0.56, -0.67],
							"lerp_mode": "catmullrom"
						},
						"2.95": {
							"post": [0.025, -1.12, -0.67],
							"lerp_mode": "catmullrom"
						},
						"3.2": {
							"post": [0.335, -1.195, -0.68],
							"lerp_mode": "catmullrom"
						},
						"3.6": {
							"post": [0.315, -1.085, -0.69],
							"lerp_mode": "catmullrom"
						},
						"3.7": {
							"post": [0.425, -1.3, -0.7],
							"lerp_mode": "catmullrom"
						},
						"3.9": {
							"post": [0.135, -1.375, -0.79],
							"lerp_mode": "catmullrom"
						},
						"4.1": {
							"post": [0.35, -1.79, -1.46],
							"lerp_mode": "catmullrom"
						},
						"4.3": {
							"post": [-0.2, -0.275, -1.6],
							"lerp_mode": "catmullrom"
						},
						"4.5": {
							"post": [-0.23, -0.265, -0.95],
							"lerp_mode": "catmullrom"
						},
						"4.65": {
							"post": [-0.23, -0.24, -0.915],
							"lerp_mode": "catmullrom"
						},
						"4.85": {
							"post": [-0.23, -0.36, -0.915],
							"lerp_mode": "catmullrom"
						},
						"5.25": {
							"post": [-0.23, -0.43, -0.935],
							"lerp_mode": "catmullrom"
						},
						"5.65": {
							"post": [-0.23, -0.385, -0.955],
							"lerp_mode": "catmullrom"
						},
						"5.8": {
							"post": [-0.23, -0.35, -0.965],
							"lerp_mode": "catmullrom"
						},
						"5.9": {
							"post": [-0.22, -0.6, -0.945],
							"lerp_mode": "catmullrom"
						},
						"6.1": {
							"post": [-0.2, -1.125, -1.075],
							"lerp_mode": "catmullrom"
						},
						"6.3": {
							"post": [-0.12, -0.96, -0.805],
							"lerp_mode": "catmullrom"
						},
						"6.55": {
							"post": [0, -0.525, -0.65],
							"lerp_mode": "catmullrom"
						},
						"6.7": {
							"post": [0.01, 0.02, -0.24],
							"lerp_mode": "catmullrom"
						},
						"6.9": {
							"post": [0, -0.025, 0],
							"lerp_mode": "catmullrom"
						},
						"7.1": {
							"post": [0, 0, 0],
							"lerp_mode": "catmullrom"
						}
					}
				},
				"mb": {
					"rotation": {
						"1.25": {
							"pre": [0, 0, 0],
							"post": [0, 0, 0],
							"lerp_mode": "catmullrom"
						},
						"1.75": {
							"post": [0, 0, 0],
							"lerp_mode": "catmullrom"
						},
						"1.85": {
							"post": [-15.14068, -7.72571, 2.0832],
							"lerp_mode": "catmullrom"
						},
						"2.05": {
							"post": [5.30867, -3.03153, 18.49973],
							"lerp_mode": "catmullrom"
						},
						"2.6": {
							"post": [4.77059, -3.82376, 27.48097],
							"lerp_mode": "catmullrom"
						},
						"2.8": {
							"post": [4.34, -2.94, 16.93],
							"lerp_mode": "catmullrom"
						},
						"2.95": {
							"post": [3.04106, -0.30571, -14.72313],
							"lerp_mode": "catmullrom"
						},
						"3.15": {
							"post": [0, 0, 0],
							"lerp_mode": "catmullrom"
						},
						"3.4": {
							"post": [0, 0, 0],
							"lerp_mode": "catmullrom"
						},
						"3.65": {
							"post": [0, 0, 0],
							"lerp_mode": "catmullrom"
						}
					},
					"position": {
						"1.25": {
							"pre": [0, 0, 0],
							"post": [0, 0, 0],
							"lerp_mode": "catmullrom"
						},
						"1.35": [0, -1.14, 0],
						"1.65": [0, -1.14, 0],
						"1.75": [-0.13, -2.74, -0.58],
						"1.85": {
							"pre": [0, -4.5, -1.2],
							"post": [0, -4.5, -1.2],
							"lerp_mode": "catmullrom"
						},
						"2.05": {
							"post": [2.00783, -5.73488, -1.46839],
							"lerp_mode": "catmullrom"
						},
						"2.25": {
							"post": [2.31458, -6.01598, -1.46495],
							"lerp_mode": "catmullrom"
						},
						"2.65": {
							"post": [2.295, -6.06, -1.08],
							"lerp_mode": "catmullrom"
						},
						"2.8": {
							"post": [2.10002, -5.92944, -0.9599],
							"lerp_mode": "catmullrom"
						},
						"2.95": {
							"post": [1, -4.75, -0.73],
							"lerp_mode": "catmullrom"
						},
						"3.05": {
							"post": [0.13, -3.07, -0.24],
							"lerp_mode": "catmullrom"
						},
						"3.15": {
							"post": [0, -1.95, -0.325],
							"lerp_mode": "catmullrom"
						},
						"3.25": {
							"post": [0, -1.985, -0.16],
							"lerp_mode": "catmullrom"
						},
						"3.4": {
							"post": [0, -1.775, 0],
							"lerp_mode": "catmullrom"
						},
						"3.6": {
							"post": [0, -1.625, 0],
							"lerp_mode": "catmullrom"
						},
						"3.65": {
							"post": [0, 0, 0],
							"lerp_mode": "catmullrom"
						}
					}
				},
				"bullet": {
					"position": {
						"0.6": [0, 0, 0],
						"0.65": [0, 1, 0],
						"3.75": [0, 1, 0],
						"4.35": [0, 1.8, -2.5],
						"4.4": [0, 1.8, -4.6],
						"4.6": [0, 1.8, -4.6],
						"4.75": [0, 1.8, -3.2],
						"4.85": [0, 1.8, -2.5],
						"5.55": [0, 1.8, -2.5],
						"5.65": [0, 1.8, -3.2],
						"5.75": [0, 1.8, -4.6],
						"5.8": [0, 1.8, -2.5],
						"5.85": [0, 0, 0]
					},
					"scale": {
						"0.0": [0, 0, 0],
						"3.75": [0, 0, 0],
						"3.8": [1, 1, 1]
					}
				},
				"boltgroup": {
					"rotation": {
						"4.45": [0, 0, 0],
						"4.55": [0, 0, 72.5],
						"5.8": [0, 0, 72.5],
						"5.9": [0, 0, 0]
					}
				},
				"bolt": {
					"position": {
						"4.6": [0, 0, 0],
						"4.75": [0, 0, 2.18],
						"4.85": [0, 0, 2.9],
						"5.55": [0, 0, 2.9],
						"5.65": [0, 0, 1.45],
						"5.7": [0, 0, 0]
					}
				},
				"mag_release": {
					"rotation": {
						"1.1": [0, 0, 0],
						"1.2": [-20, 0, 0],
						"1.55": [-20, 0, 0],
						"1.75": [0, 0, 0]
					}
				},
				"bullettip": {
					"scale": 0
				}
			},
			"sound_effects": {
				"0.25": {
					"effect": "p21_sn_mromeo_reload_empty_smags_raise"
				},
				"1.15": {
					"effect": "p21_sn_mromeo_reload_magout"
				},
				"1.75": {
					"effect": "p21_sn_mromeo_reload_empty_magin"
				},
				"3.1": {
					"effect": "p21_sn_mromeo_reload_rattle"
				},
				"3.3": {
					"effect": "p21_sn_mromeo_reload_smags_magin"
				},
				"3.75": {
					"effect": "p21_sn_mromeo_reload_empty_xmags_grab"
				},
				"3.8": {
					"effect": "p21_sn_mromeo_reload_empty_xmags_rattle"
				},
				"4.4": {
					"effect": "p21_sn_mromeo_reload_empty_boltback"
				},
				"5.45": {
					"effect": "p21_sn_mromeo_reload_empty_smags_boltback"
				},
				"6.0": {
					"effect": "p21_sn_mromeo_reload_xmags_end"
				},
				"6.3": {
					"effect": "p21_sn_mromeo_reload_empty_end"
				},
				"6.5": {
					"effect": "p21_sn_mromeo_reload_empty_grab"
				}
			}
		},
		"put_away": {
			"animation_length": 0.75,
			"bones": {
				"root": {
					"rotation": {
						"0.0": [0, 0, 0],
						"0.05": [-0.85, -0.23, -0.27],
						"0.1": [-4.53, -1.25, -1.42],
						"0.15": [-10.68, -3.18, -3.32],
						"0.2": [-18.83, -5.67, -5.85],
						"0.25": [-27.15, -7.52, -8.53],
						"0.3": [-35.55, -9.16, -12.21],
						"0.35": [-44.11, -10.16, -16.05],
						"0.4": [-51.25, -7.99, -16.99],
						"0.45": [-58.25, 4.49, -9.44],
						"0.5": [-62.53, 20.1, 0.61],
						"0.55": [-63.39, 36.12, 8.34],
						"0.6": [-64.82, 44.7, 12.09],
						"0.65": [-69.68, 37.23, 8.74],
						"0.7": [-76.05, 23.54, 2.53],
						"0.75": [-80.65, 13.33, -2.1]
					},
					"position": {
						"0.0": [0, 0, 0],
						"0.05": [-0.12, -0.58, 0.03],
						"0.1": [-0.38, -1.54, 0.09],
						"0.15": [-0.66, -2.49, 0.16],
						"0.2": [-1.02, -3.6, 0.24],
						"0.25": [-1.55, -4.62, 0.28],
						"0.3": [-2.33, -5.41, 0.24],
						"0.35": [-3.26, -6.11, 0.16],
						"0.4": [-4.15, -6.85, 0.1],
						"0.45": [-5.09, -7.92, -0.38],
						"0.5": [-6.3, -9.55, 0.09],
						"0.55": [-7.17, -10.76, 1.22],
						"0.6": [-8.27, -12.31, 2.88],
						"0.65": [-9.41, -13.94, 4.72],
						"0.7": [-10.42, -15.38, 6.39],
						"0.75": [-11.12, -16.37, 7.52]
					}
				},
				"righthand": {
					"rotation": {
						"0.0": [99.92, 19.38, -168.5],
						"0.05": [99.92, 19.38, -168.5],
						"0.1": [99.92, 19.38, -168.5],
						"0.15": [99.92, 19.38, -168.5],
						"0.2": [99.92, 19.38, -168.5],
						"0.25": [100.31, 6.7, -126.63],
						"0.3": [100.71, -5.99, -84.76],
						"0.35": [101.1, -18.68, -42.89],
						"0.4": [101.49, -31.37, -1.01],
						"0.45": [134.22, -0.75, -33.36],
						"0.5": [133.46, -1.55, -35.09],
						"0.55": [132.7, -2.35, -36.82],
						"0.6": [131.94, -3.15, -38.55]
					},
					"position": {
						"0.0": [-6.8, -15.82, 0.45],
						"0.05": [-6.8, -15.82, 0.45],
						"0.1": [-6.8, -15.82, 0.45],
						"0.15": [-7.99, -14.14, 2.3],
						"0.2": [-9.18, -12.46, 4.15],
						"0.25": [-6.83, -11.64, 2.45],
						"0.3": [-4.49, -10.81, 0.76],
						"0.35": [-2.15, -9.99, -0.94],
						"0.4": [-1.99, -13.28, -8.41],
						"0.45": [-2.55, -13.43, -10.79],
						"0.5": [-2.66, -13.2, -11.16],
						"0.55": [-2.77, -12.98, -11.53],
						"0.6": [-2.88, -12.75, -11.9]
					},
					"scale": [1, 1.5, 1]
				},
				"lefthand": {
					"rotation": [107.02, -378.11, -163.85],
					"position": {
						"0.0": [8.38, -15, -12],
						"0.05": [8.38, -15.62, -10.31],
						"0.1": [8.38, -15, -8.62]
					},
					"scale": [1, 1.5, 1]
				},
				"camera": {
					"rotation": {
						"0.0": [0, 0, 0],
						"0.05": [-0.17, 0, -0.08],
						"0.1": [-0.22, 0, -0.12],
						"0.15": [-0.06, 0, -0.11],
						"0.2": [0.21, 0, -0.07],
						"0.25": [0.5, 0, 0.01],
						"0.3": [0.73, 0, 0.18],
						"0.35": [1.04, 0, 0.9],
						"0.4": [1.13, 0, 1.58],
						"0.45": [0.91, 0, 1.71],
						"0.5": [0.56, 0, 1.69],
						"0.55": [0.28, 0, 1.5],
						"0.6": [0.16, 0, 1.19],
						"0.65": [0.08, 0, 0.75],
						"0.7": [0.04, 0, 0.3],
						"0.75": [0, 0, 0]
					}
				},
				"constraint": {
					"rotation": {
						"0.0": [0.2, 0.2, 0.4],
						"0.15": [0.8, 0.8, 0.8],
						"0.45": [1, 1, 1]
					},
					"position": {
						"0.0": [0.1, 0.1, 0.1],
						"0.15": [0.8, 0.8, 0.8],
						"0.45": [1, 1, 1]
					}
				}
			},
			"sound_effects": {
				"0.0": {
					"effect": "p23_sn_alpha50_drop_rattle"
				}
			}
		},
		"shoot": {
			"animation_length": 0.85,
			"bones": {
				"root": {
					"rotation": {
						"0.0": [0, 0, 0],
						"0.0167": [-0.6, 0.16, 4.24],
						"0.0333": [-5.95, 0.32, -2.91],
						"0.05": [-7.17, 0.44, -0.42],
						"0.0667": [-7.74, 0.57, 2.44],
						"0.0833": [-7.94, 0.67, 1.5],
						"0.1": [-7.95, 0.78, -0.49],
						"0.1167": [-7.79, 0.82, -1.73],
						"0.1333": [-7.57, 0.79, -1.56],
						"0.15": [-7.24, 0.75, -0.94],
						"0.1667": [-6.87, 0.68, -0.14],
						"0.1833": [-6.52, 0.59, 0.58],
						"0.2": [-6.25, 0.49, 0.95],
						"0.2167": [-6.07, 0.37, 0.87],
						"0.2333": [-5.93, 0.21, 0.51],
						"0.25": [-5.83, 0.05, 0.03],
						"0.2667": [-5.76, -0.1, -0.41],
						"0.2833": [-5.71, -0.22, -0.66],
						"0.3": [-5.71, -0.3, -0.66],
						"0.3167": [-5.79, -0.37, -0.52],
						"0.3333": [-5.86, -0.41, -0.31],
						"0.35": [-5.89, -0.44, -0.12],
						"0.3667": [-5.8, -0.46, -0.03],
						"0.3833": [-5.56, -0.45, -0.05],
						"0.4": [-5.2, -0.42, -0.15],
						"0.4167": [-4.79, -0.38, -0.27],
						"0.4333": [-4.39, -0.34, -0.38],
						"0.45": [-4.06, -0.31, -0.43],
						"0.4667": [-3.74, -0.29, -0.38],
						"0.4833": [-3.5, -0.28, -0.26],
						"0.5": [-3.03, -0.24, -0.15],
						"0.5167": [-2.5, -0.2, -0.11],
						"0.5333": [-1.82, -0.15, -0.07],
						"0.55": [-1.09, -0.09, -0.04],
						"0.5667": [-0.44, -0.04, -0.02],
						"0.5833": [0, 0, 0],
						"0.6": [0.15, 0.01, 0.01],
						"0.6167": [0.21, 0.02, 0.01],
						"0.6333": [0.22, 0.02, 0.01],
						"0.65": [0.19, 0.02, 0.01],
						"0.6667": [0.13, 0.01, 0.01],
						"0.6833": [0.07, 0.01, 0],
						"0.7": [0.02, 0, 0],
						"0.7167": [0, 0, 0],
						"0.7333": [0, 0, 0],
						"0.75": [0, 0, 0],
						"0.7667": [0, 0, 0],
						"0.7833": [0, 0, 0],
						"0.8": [0, 0, 0],
						"0.8167": [0, 0, 0],
						"0.8333": [0, 0, 0],
						"0.85": [0, 0, 0]
					},
					"position": {
						"0.0": [0, 0, 0],
						"0.0167": [-0.14, 0.45, 3.78],
						"0.0333": [-0.14, 1.1, 3.84],
						"0.05": [-0.13, 1.14, 3.67],
						"0.0667": [-0.11, 1.16, 3.42],
						"0.0833": [-0.08, 1.18, 3.11],
						"0.1": [-0.06, 1.18, 2.8],
						"0.1167": [-0.03, 1.17, 2.49],
						"0.1333": [-0.01, 1.16, 2.22],
						"0.15": [0, 1.15, 2.02],
						"0.1667": [0.01, 1.14, 1.92],
						"0.1833": [0.01, 1.12, 1.86],
						"0.2": [0.01, 1.1, 1.83],
						"0.2167": [0.01, 1.08, 1.81],
						"0.2333": [0.01, 1.05, 1.81],
						"0.25": [0.01, 1.02, 1.8],
						"0.2667": [0, 0.98, 1.78],
						"0.2833": [0, 0.94, 1.75],
						"0.3": [0, 0.89, 1.68],
						"0.3167": [0, 0.84, 1.59],
						"0.3333": [0, 0.77, 1.47],
						"0.35": [0, 0.7, 1.34],
						"0.3667": [0, 0.62, 1.2],
						"0.3833": [0, 0.54, 1.05],
						"0.4": [0, 0.46, 0.91],
						"0.4167": [0, 0.38, 0.77],
						"0.4333": [0, 0.31, 0.64],
						"0.45": [0, 0.24, 0.52],
						"0.4667": [0, 0.17, 0.4],
						"0.4833": [0, 0.1, 0.28],
						"0.5": [0, 0.03, 0.16],
						"0.5167": [0, -0.04, 0.05],
						"0.5333": [0, -0.1, -0.05],
						"0.55": [0, -0.15, -0.14],
						"0.5667": [0, -0.19, -0.2],
						"0.5833": [0, -0.21, -0.25],
						"0.6": [0, -0.22, -0.27],
						"0.6167": [0, -0.2, -0.26],
						"0.6333": [0, -0.17, -0.23],
						"0.65": [0, -0.13, -0.19],
						"0.6667": [0, -0.09, -0.15],
						"0.6833": [0, -0.05, -0.1],
						"0.7": [0, -0.02, -0.06],
						"0.7167": [0, 0, -0.04],
						"0.7333": [0, 0.01, -0.02],
						"0.75": [0, 0.01, -0.01],
						"0.7667": [0, 0.02, -0.01],
						"0.7833": [0, 0.01, -0.01],
						"0.8": [0, 0.01, 0],
						"0.8167": [0, 0, 0],
						"0.8333": [0, 0, 0],
						"0.85": [0, 0, 0]
					}
				},
				"striker": {
					"position": {
						"0.0": [0, 0, 0],
						"0.0167": [0, 0, -0.07]
					}
				},
				"camera": {
					"rotation": {
						"0.0": [0, 0, 0.01],
						"0.0167": [0, 0, 1.43],
						"0.0333": [0, 0, -1],
						"0.05": [0, 0, -0.05],
						"0.0667": [0, 0, 1],
						"0.0833": [0, 0, 0.63],
						"0.1": [0, 0, -0.14],
						"0.1167": [0, 0, -0.6],
						"0.1333": [0, 0, -0.46],
						"0.15": [0, 0, -0.07],
						"0.1667": [0, 0, 0.34],
						"0.1833": [0, 0, 0.55],
						"0.2": [0, 0, 0.49],
						"0.2167": [0, 0, 0.31],
						"0.2333": [0, 0, 0.07],
						"0.25": [0, 0, -0.14],
						"0.2667": [0, 0, -0.25],
						"0.2833": [0, 0, -0.24],
						"0.3": [0, 0, -0.17],
						"0.3167": [0, 0, -0.06],
						"0.3333": [0, 0, 0.05],
						"0.35": [0, 0, 0.15],
						"0.3667": [0, 0, 0.2],
						"0.3833": [0, 0, 0.2],
						"0.4": [0, 0, 0.19],
						"0.4167": [0, 0, 0.16],
						"0.4333": [0, 0, 0.13],
						"0.45": [0, 0, 0.09],
						"0.4667": [0, 0, 0.05],
						"0.4833": [0, 0, 0.02],
						"0.5": [0, 0, 0.01]
					}
				},
				"constraint": {
					"rotation": {
						"0.25": [0.2, 0.2, 0.2],
						"0.3667": [0.1, 0.1, 0.1],
						"0.55": [0, 0, 0]
					},
					"position": {
						"0.25": [0.15, 0.05, 0.25],
						"0.3667": [0.1, 0, 0.1],
						"0.55": [0, 0, 0]
					}
				}
			}
		}
	}
}