{
	"format_version": "1.8.0",
	"animations": {
		"static_idle": {
			"loop": true,
			"bones": {
				"lefthand": {
					"rotation": [105.21401, -25.37935, -150.1551],
					"position": [8.03, -15.15, -4.57],
					"scale": [1, 1.5, 1]
				},
				"righthand": {
					"rotation": [95.0274, 5.97708, -179.47516],
					"position": [-6.95, -17.1, 9.825],
					"scale": [1, 1.5, 1]
				},
				"constraint": {
					"rotation": [0.1, 0.1, 0.1],
					"position": [0.1, 0.1, 0.5]
				}
			}
		},
		"reload_intro": {
			"animation_length": 1,
			"bones": {
				"lefthand": {
					"rotation": [105.21401, -25.37935, -150.1551],
					"position": [8.03, -15.15, -4.57],
					"scale": [1, 1.5, 1]
				},
				"righthand": {
					"rotation": {
						"0.0": [95.0274, 5.97708, -179.47516],
						"0.1667": [95.03, 5.98, -179.48],
						"0.3333": [96.57309, -8.58748, -92.75755],
						"0.4167": [93.04973, -8.18312, -102.85765],
						"0.4583": [93.04973, -8.18312, -102.85765],
						"0.5833": [93.04973, -8.18312, -102.85765],
						"0.7083": [93.04973, -8.18312, -102.85765],
						"0.9167": [95.03, 5.98, -179.48]
					},
					"position": {
						"0.0": [-6.95, -17.1, 9.825],
						"0.1667": [-6.95, -17.1, 9.82],
						"0.3333": [-9.235, -12.095, 1.225],
						"0.4167": [-8.69, -11.9, 0.78],
						"0.4583": [-8.69, -11.9, 0.78],
						"0.5833": [-8.69, -11.8, 5.555],
						"0.7083": [-8.69, -11.8, 5.555],
						"0.7917": [-8.745, -14.115, 8.33],
						"0.9167": [-6.95, -17.1, 9.82]
					},
					"scale": [1, 1.5, 1]
				},
				"constraint": {
					"rotation": [0.1, 0.1, 0.1],
					"position": [0.1, 0.1, 0.5]
				},
				"root": {
					"rotation": {
						"0.0": {
							"post": [0, 0, 0],
							"lerp_mode": "catmullrom"
						},
						"0.0833": {
							"post": [-2.90548, -4.30241, -5.32769],
							"lerp_mode": "catmullrom"
						},
						"0.25": {
							"post": [-4.99621, -4.2794, 1.75805],
							"lerp_mode": "catmullrom"
						},
						"0.375": {
							"post": [-6.16614, -4.16766, 5.74532],
							"lerp_mode": "catmullrom"
						},
						"0.4583": {
							"post": [-5.25703, -2.79591, 6.22114],
							"lerp_mode": "catmullrom"
						},
						"0.5417": {
							"post": [-3.51262, -3.17465, 1.03847],
							"lerp_mode": "catmullrom"
						},
						"0.625": {
							"post": [-5.44961, -3.54234, 2.67944],
							"lerp_mode": "catmullrom"
						},
						"0.75": {
							"post": [-5.34357, -3.12703, 2.57146],
							"lerp_mode": "catmullrom"
						},
						"0.8333": {
							"post": [-3.39737, -2.42997, 5.13189],
							"lerp_mode": "catmullrom"
						},
						"0.9583": {
							"post": [-2.55, -0.79, -0.27],
							"lerp_mode": "catmullrom"
						}
					},
					"position": {
						"0.0": {
							"post": [0, 0, 0],
							"lerp_mode": "catmullrom"
						},
						"0.1667": {
							"post": [0.1, -0.8, 0.395],
							"lerp_mode": "catmullrom"
						},
						"0.2917": {
							"post": [-0.19, -0.805, 0.165],
							"lerp_mode": "catmullrom"
						},
						"0.4583": {
							"post": [-0.14, -0.97, 0.28],
							"lerp_mode": "catmullrom"
						},
						"0.5417": {
							"post": [-0.11, -1.665, 0.49],
							"lerp_mode": "catmullrom"
						},
						"0.6667": {
							"post": [-0.1, -1.385, 0.455],
							"lerp_mode": "catmullrom"
						},
						"0.7917": {
							"post": [-0.09, -1.13, 0.385],
							"lerp_mode": "catmullrom"
						},
						"0.9583": {
							"post": [-0.11, -0.315, -0.685],
							"lerp_mode": "catmullrom"
						}
					}
				},
				"bolt": {
					"position": {
						"0.5": [0, 0, 0],
						"0.5833": [0, 0, 4.75],
						"0.75": [0, 0, 4.75],
						"0.8333": [0, 0, 4]
					}
				},
				"bullet_in_barrel": {
					"scale": 0
				},
				"camera": {
					"rotation": {
						"0.0": {
							"post": [0, 0, 0],
							"lerp_mode": "catmullrom"
						},
						"0.375": {
							"post": [3.425, -0.01, 0.725],
							"lerp_mode": "catmullrom"
						},
						"0.4583": {
							"post": [3.56, -0.01, 0.81],
							"lerp_mode": "catmullrom"
						},
						"0.5417": {
							"post": [2.5, -0.01, 1.68],
							"lerp_mode": "catmullrom"
						},
						"0.625": {
							"post": [3.59, -0.01, 0.28],
							"lerp_mode": "catmullrom"
						},
						"0.7083": {
							"post": [3.32, 0, 0.935],
							"lerp_mode": "catmullrom"
						},
						"0.9583": {
							"post": [1.775, 0, -0.075],
							"lerp_mode": "catmullrom"
						}
					}
				}
			},
			"sound_effects": {
				"0.0417": {
					"effect": "tacz:sks/sks_reload_raise"
				},
				"0.5833": {
					"effect": "tacz:sks/sks_charge_01"
				},
				"0.75": {
					"effect": "tacz:sks/sks_reload_xmag_end"
				}
			}
		},
		"reload_loop": {
			"animation_length": 1.1667,
			"bones": {
				"lefthand": {
					"rotation": [105.21401, -25.37935, -150.1551],
					"position": [8.03, -15.15, -4.57],
					"scale": [1, 1.5, 1]
				},
				"righthand": {
					"rotation": {
						"0.0": {
							"post": [95.0274, 5.97708, -179.47516],
							"lerp_mode": "catmullrom"
						},
						"0.0833": {
							"post": [90.10785, 20.51141, -202.48508],
							"lerp_mode": "catmullrom"
						},
						"0.2083": {
							"post": [93.67486, 25.26313, -194.17618],
							"lerp_mode": "catmullrom"
						},
						"0.3333": {
							"post": [93.67486, 25.26313, -194.17618],
							"lerp_mode": "catmullrom"
						},
						"0.4583": {
							"post": [104.46995, 21.24112, -167.27265],
							"lerp_mode": "catmullrom"
						},
						"0.6667": {
							"post": [93.67486, 25.26313, -194.17618],
							"lerp_mode": "catmullrom"
						}
					},
					"position": {
						"0.0": {
							"post": [-6.95, -17.1, 9.825],
							"lerp_mode": "catmullrom"
						},
						"0.0833": {
							"post": [-9.95, -16.1, 4.82],
							"lerp_mode": "catmullrom"
						},
						"0.2083": {
							"post": [-8.325, -13.1, 1.82],
							"lerp_mode": "catmullrom"
						},
						"0.3333": {
							"post": [-8.325, -13.1, 1.82],
							"lerp_mode": "catmullrom"
						},
						"0.4583": {
							"post": [-8.075, -13.6, 1.82],
							"lerp_mode": "catmullrom"
						},
						"0.6667": {
							"post": [-8.825, -13.1, 2.32],
							"lerp_mode": "catmullrom"
						},
						"0.8333": [-10.745, -23.115, 8.33]
					},
					"scale": [1, 1.5, 1]
				},
				"constraint": {
					"rotation": [0.1, 0.1, 0.1],
					"position": [0.1, 0.1, 0.5]
				},
				"root": {
					"rotation": {
						"0.0": {
							"post": [-2.55, -0.79, -0.27],
							"lerp_mode": "catmullrom"
						},
						"0.3333": {
							"post": [-2.55, -0.79, -0.27],
							"lerp_mode": "catmullrom"
						},
						"0.5": {
							"post": [-2.48683, -1.94445, -2.18547],
							"lerp_mode": "catmullrom"
						},
						"0.75": {
							"post": [-2.55, -0.79, -0.27],
							"lerp_mode": "catmullrom"
						},
						"0.875": {
							"post": [-2.55, -0.9775, -0.27],
							"lerp_mode": "catmullrom"
						},
						"0.9167": {
							"post": [-2.55, -0.79, -0.27],
							"lerp_mode": "catmullrom"
						},
						"1.0833": {
							"post": [-2.55, -0.79, -0.27],
							"lerp_mode": "catmullrom"
						}
					},
					"position": {
						"0.0": {
							"post": [-0.11, -0.315, -0.685],
							"lerp_mode": "catmullrom"
						},
						"0.3333": {
							"post": [-0.11, -0.315, -0.685],
							"lerp_mode": "catmullrom"
						},
						"0.5": {
							"post": [-0.11, -0.56, -0.68],
							"lerp_mode": "catmullrom"
						},
						"0.75": {
							"post": [-0.11, -0.315, -0.685],
							"lerp_mode": "catmullrom"
						},
						"0.875": {
							"post": [-0.11, -0.3775, -0.685],
							"lerp_mode": "catmullrom"
						},
						"1.0833": {
							"post": [-0.11, -0.315, -0.685],
							"lerp_mode": "catmullrom"
						}
					}
				},
				"bolt": {
					"position": [0, 0, 4]
				},
				"bullet_in_barrel": {
					"scale": 0
				},
				"bullet": {
					"position": {
						"0.3333": [0, 0, 0],
						"0.4583": [0, 0, 0]
					}
				},
				"bullet_in_mag": {
					"position": {
						"0.2917": {
							"pre": [0, 0, 0],
							"post": [0, 0, 0],
							"lerp_mode": "catmullrom"
						},
						"0.4583": {
							"post": [0, -0.34375, 0],
							"lerp_mode": "catmullrom"
						},
						"0.7083": {
							"post": [0, 0, 0],
							"lerp_mode": "catmullrom"
						},
						"0.8333": {
							"post": [0, 0.0625, 0],
							"lerp_mode": "catmullrom"
						},
						"1.0417": {
							"post": [0, 0, 0],
							"lerp_mode": "catmullrom"
						}
					}
				},
				"camera": {
					"rotation": {
						"0.0": {
							"post": [1.78, 0, -0.07],
							"lerp_mode": "catmullrom"
						},
						"0.2083": {
							"post": [2.03, 0.5, -0.07],
							"lerp_mode": "catmullrom"
						},
						"0.3333": {
							"post": [1.87, 0.56, -0.07],
							"lerp_mode": "catmullrom"
						},
						"0.4167": {
							"post": [1.77, 0.56, 0.305],
							"lerp_mode": "catmullrom"
						},
						"0.5": {
							"post": [1.66, 0.56, -0.56],
							"lerp_mode": "catmullrom"
						},
						"0.625": {
							"post": [1.535, 0.5, -0.07],
							"lerp_mode": "catmullrom"
						},
						"0.875": {
							"post": [1.78, 0, -0.07],
							"lerp_mode": "catmullrom"
						}
					}
				}
			},
			"sound_effects": {
				"0.25": {
					"effect": "maxstuff:sks_wooden/wsks_load"
				}
			}
		},
		"reload_intro_empty": {
			"animation_length": 1.625,
			"bones": {
				"lefthand": {
					"rotation": [105.21401, -25.37935, -150.1551],
					"position": [8.03, -15.15, -4.57],
					"scale": [1, 1.5, 1]
				},
				"righthand": {
					"rotation": {
						"0.0": [95.0274, 5.97708, -179.47516],
						"0.5417": {
							"pre": [95.0274, 5.97708, -179.47516],
							"post": [95.0274, 5.97708, -179.47516],
							"lerp_mode": "catmullrom"
						},
						"0.625": {
							"post": [90.10785, 20.51141, -202.48508],
							"lerp_mode": "catmullrom"
						},
						"0.75": {
							"post": [93.67486, 25.26313, -194.17618],
							"lerp_mode": "catmullrom"
						},
						"0.875": {
							"post": [93.67486, 25.26313, -194.17618],
							"lerp_mode": "catmullrom"
						},
						"1.0": {
							"post": [104.46995, 21.24112, -167.27265],
							"lerp_mode": "catmullrom"
						},
						"1.2083": {
							"post": [93.67486, 25.26313, -194.17618],
							"lerp_mode": "catmullrom"
						}
					},
					"position": {
						"0.0": [-6.95, -17.1, 9.825],
						"0.5417": {
							"pre": [-6.95, -17.1, 9.825],
							"post": [-6.95, -17.1, 9.825],
							"lerp_mode": "catmullrom"
						},
						"0.625": {
							"post": [-9.95, -16.1, 4.82],
							"lerp_mode": "catmullrom"
						},
						"0.75": {
							"post": [-7.95, -13.1, 1.82],
							"lerp_mode": "catmullrom"
						},
						"0.875": {
							"post": [-7.95, -13.1, 1.82],
							"lerp_mode": "catmullrom"
						},
						"1.0": {
							"post": [-7.7, -13.6, 1.82],
							"lerp_mode": "catmullrom"
						},
						"1.2083": {
							"post": [-8.45, -13.1, 2.32],
							"lerp_mode": "catmullrom"
						},
						"1.375": [-10.745, -23.115, 8.33]
					},
					"scale": {
						"0.0": [1, 1.5, 1],
						"0.5417": [1, 1.5, 1]
					}
				},
				"constraint": {
					"rotation": [0.1, 0.1, 0.1],
					"position": [0.1, 0.1, 0.5]
				},
				"root": {
					"rotation": {
						"0.0": {
							"post": [0, 0, 0],
							"lerp_mode": "catmullrom"
						},
						"0.1667": {
							"post": [-2.90548, -3.80241, 0.42231],
							"lerp_mode": "catmullrom"
						},
						"0.5417": {
							"post": [-2.55, -0.79, -0.27],
							"lerp_mode": "catmullrom"
						},
						"0.875": {
							"post": [-4.55178, -1.78685, -0.19064],
							"lerp_mode": "catmullrom"
						},
						"1.0417": {
							"post": [-2.48683, -1.94445, -2.18547],
							"lerp_mode": "catmullrom"
						},
						"1.2917": {
							"post": [-2.55, -0.79, -0.27],
							"lerp_mode": "catmullrom"
						},
						"1.4167": {
							"post": [-2.55, -0.9775, -0.27],
							"lerp_mode": "catmullrom"
						},
						"1.4583": {
							"post": [-2.55, -0.79, -0.27],
							"lerp_mode": "catmullrom"
						},
						"1.625": {
							"post": [-2.55, -0.79, -0.27],
							"lerp_mode": "catmullrom"
						}
					},
					"position": {
						"0.0": {
							"post": [0, 0, 0],
							"lerp_mode": "catmullrom"
						},
						"0.5417": {
							"post": [-0.11, -0.315, -0.685],
							"lerp_mode": "catmullrom"
						},
						"0.6667": {
							"post": [-0.11, -0.56, -0.68],
							"lerp_mode": "catmullrom"
						},
						"0.875": {
							"post": [-0.11, -0.56, -0.68],
							"lerp_mode": "catmullrom"
						},
						"1.0417": {
							"post": [-0.11, -0.56, -0.68],
							"lerp_mode": "catmullrom"
						},
						"1.2917": {
							"post": [-0.11, -0.315, -0.685],
							"lerp_mode": "catmullrom"
						},
						"1.4167": {
							"post": [-0.11, -0.3775, -0.685],
							"lerp_mode": "catmullrom"
						},
						"1.625": {
							"post": [-0.11, -0.315, -0.685],
							"lerp_mode": "catmullrom"
						}
					}
				},
				"camera": {
					"rotation": {
						"0.0": {
							"post": [0, 0, 0],
							"lerp_mode": "catmullrom"
						},
						"0.1667": {
							"post": [1.175, -0.01, 0.725],
							"lerp_mode": "catmullrom"
						},
						"0.2917": {
							"post": [2.25, -0.01, 0.45],
							"lerp_mode": "catmullrom"
						},
						"0.4583": {
							"post": [1.775, 0, -0.075],
							"lerp_mode": "catmullrom"
						},
						"0.5417": {
							"post": [1.78, 0, -0.07],
							"lerp_mode": "catmullrom"
						},
						"0.75": {
							"post": [2.03, 0.5, -0.07],
							"lerp_mode": "catmullrom"
						},
						"0.875": {
							"post": [1.87, 0.56, -0.07],
							"lerp_mode": "catmullrom"
						},
						"0.9583": {
							"post": [1.77, 0.56, 0.305],
							"lerp_mode": "catmullrom"
						},
						"1.0417": {
							"post": [1.66, 0.56, -0.56],
							"lerp_mode": "catmullrom"
						},
						"1.1667": {
							"post": [1.535, 0.5, -0.07],
							"lerp_mode": "catmullrom"
						},
						"1.4167": {
							"post": [1.78, 0, -0.07],
							"lerp_mode": "catmullrom"
						}
					}
				},
				"bolt": {
					"position": [0, 0, 4]
				},
				"bullet_in_mag": {
					"position": {
						"0.75": {
							"pre": [0, 0, 0],
							"post": [0, 0, 0],
							"lerp_mode": "catmullrom"
						},
						"0.9167": {
							"post": [0, -0.34375, 0],
							"lerp_mode": "catmullrom"
						},
						"1.1667": {
							"post": [0, 0, 0],
							"lerp_mode": "catmullrom"
						},
						"1.2917": {
							"post": [0, 0.0625, 0],
							"lerp_mode": "catmullrom"
						},
						"1.5": {
							"post": [0, 0, 0],
							"lerp_mode": "catmullrom"
						}
					}
				}
			},
			"sound_effects": {
				"0.0417": {
					"effect": "tacz:sks/sks_reload_raise"
				},
				"0.7917": {
					"effect": "maxstuff:sks_wooden/wsks_load"
				}
			}
		},
		"reload_end": {
			"animation_length": 0.7083,
			"bones": {
				"lefthand": {
					"rotation": [105.21401, -25.37935, -150.1551],
					"position": [8.03, -15.15, -4.57],
					"scale": [1, 1.5, 1]
				},
				"righthand": {
					"rotation": {
						"0.0": {
							"post": [117.5274, 5.97708, -179.47516],
							"lerp_mode": "catmullrom"
						},
						"0.125": {
							"post": [113.02496, 2.10991, -170.22833],
							"lerp_mode": "catmullrom"
						},
						"0.25": {
							"post": [107.5274, 5.97708, -179.47516],
							"lerp_mode": "catmullrom"
						},
						"0.2917": {
							"post": [110.0274, 5.97708, -179.47516],
							"lerp_mode": "catmullrom"
						},
						"0.3333": {
							"post": [111.80474, 5.97708, -179.47516],
							"lerp_mode": "catmullrom"
						},
						"0.4583": {
							"post": [142.5274, 5.97708, -179.47516],
							"lerp_mode": "catmullrom"
						},
						"0.7083": [95.0274, 5.97708, -179.47516]
					},
					"position": {
						"0.0": {
							"post": [-6.95, -17.1, 9.825],
							"lerp_mode": "catmullrom"
						},
						"0.0833": {
							"post": [-7.53, -15.81, 8.45],
							"lerp_mode": "catmullrom"
						},
						"0.1667": [-8.485, -12.335, 5.17],
						"0.2917": [-8.485, -12.335, 5.17],
						"0.375": {
							"pre": [-8.485, -12.835, 7.92],
							"post": [-8.485, -12.835, 7.92],
							"lerp_mode": "catmullrom"
						},
						"0.5": {
							"post": [-7.81, -17.75, 8.88],
							"lerp_mode": "catmullrom"
						},
						"0.625": {
							"post": [-7.81, -19.75, 8.88],
							"lerp_mode": "catmullrom"
						},
						"0.7083": {
							"post": [-6.95, -17.1, 9.825],
							"lerp_mode": "catmullrom"
						}
					},
					"scale": [1, 1.5, 1]
				},
				"constraint": {
					"rotation": [0.1, 0.1, 0.1],
					"position": [0.1, 0.1, 0.5]
				},
				"root": {
					"rotation": {
						"0.0": {
							"post": [-2.55, -0.79, -0.27],
							"lerp_mode": "catmullrom"
						},
						"0.125": {
							"post": [-0.6, -0.32, 0.26],
							"lerp_mode": "catmullrom"
						},
						"0.1667": {
							"post": [0, -0.5, -0.775],
							"lerp_mode": "catmullrom"
						},
						"0.25": {
							"post": [-0.00945, -0.1664, 1.77501],
							"lerp_mode": "catmullrom"
						},
						"0.2917": {
							"post": [0, 0, -1.25],
							"lerp_mode": "catmullrom"
						},
						"0.375": {
							"post": [0, 0, 0],
							"lerp_mode": "catmullrom"
						},
						"0.4583": {
							"post": [0, 0, 0],
							"lerp_mode": "catmullrom"
						}
					},
					"position": {
						"0.0": {
							"post": [-0.11, -0.315, -0.685],
							"lerp_mode": "catmullrom"
						},
						"0.1667": {
							"post": [0, -0.3, 0.25],
							"lerp_mode": "catmullrom"
						},
						"0.2917": {
							"post": [0, 0, -0.1],
							"lerp_mode": "catmullrom"
						},
						"0.375": {
							"post": [0, 0, 0.05],
							"lerp_mode": "catmullrom"
						},
						"0.4583": {
							"post": [0, 0, 0],
							"lerp_mode": "catmullrom"
						}
					}
				},
				"bolt": {
					"position": {
						"0.25": [0, 0, 4],
						"0.3333": [0, 0, 5],
						"0.375": [0, 0, 5],
						"0.4583": [0, 0, 0],
						"0.5": [0, 0, 0.5],
						"0.5833": [0, 0, 0]
					}
				},
				"camera": {
					"rotation": {
						"0.0": {
							"post": [1.775, 0, -0.075],
							"lerp_mode": "catmullrom"
						},
						"0.1667": {
							"post": [1.1, -0.25, -0.06],
							"lerp_mode": "catmullrom"
						},
						"0.25": {
							"post": [0.64, -0.2925, -0.05],
							"lerp_mode": "catmullrom"
						},
						"0.2917": {
							"post": [0.5375, -0.2525, 1.2],
							"lerp_mode": "catmullrom"
						},
						"0.375": {
							"post": [0.29, -0.1625, -1.29],
							"lerp_mode": "catmullrom"
						},
						"0.4583": {
							"post": [0.18, -0.085, 0.65],
							"lerp_mode": "catmullrom"
						},
						"0.5833": {
							"post": [0, 0, 0],
							"lerp_mode": "catmullrom"
						}
					},
					"scale": 1
				}
			},
			"sound_effects": {
				"0.0417": {
					"effect": "tacz:sks/sks_reload_xmag_end"
				},
				"0.2917": {
					"effect": "tacz:sks/sks_charge_01"
				},
				"0.4167": {
					"effect": "tacz:sks/sks_charge_02"
				}
			}
		},
		"static_bolt_caught": {
			"animation_length": 0.1,
			"bones": {
				"lefthand": {
					"rotation": [105.21401, -25.37935, -150.1551],
					"position": [8.03, -15.15, -4.57],
					"scale": [1, 1.5, 1]
				},
				"righthand": {
					"rotation": [95.0274, 5.97708, -179.47516],
					"position": [-6.95, -17.1, 9.825],
					"scale": [1, 1.5, 1]
				},
				"bullet": {
					"scale": 0
				},
				"bolt": {
					"position": [0, 0, 4]
				}
			}
		},
		"draw": {
			"animation_length": 0.7333,
			"bones": {
				"lefthand": {
					"rotation": [105.21401, -25.37935, -150.1551],
					"position": [8.03, -15.15, -4.57],
					"scale": [1, 1.5, 1]
				},
				"righthand": {
					"rotation": [95.0274, 5.97708, -179.47516],
					"position": [-6.95, -17.1, 9.825],
					"scale": [1, 1.5, 1]
				},
				"root": {
					"rotation": {
						"0.0": {
							"post": [0, -35, 57.5],
							"lerp_mode": "catmullrom"
						},
						"0.1667": {
							"post": [2.7348, -8.92512, 37.89727],
							"lerp_mode": "catmullrom"
						},
						"0.3333": {
							"post": [0.64547, -1.47247, 6.10117],
							"lerp_mode": "catmullrom"
						},
						"0.4333": {
							"post": [1.37749, -0.08367, -1.55166],
							"lerp_mode": "catmullrom"
						},
						"0.5": {
							"post": [-0.45456, -0.10457, 0.82333],
							"lerp_mode": "catmullrom"
						},
						"0.6": [-0.065, -0.44, -0.27],
						"0.7": [0, 0, 0]
					},
					"position": {
						"0.0": {
							"post": [0, -8, 2],
							"lerp_mode": "catmullrom"
						},
						"0.1667": {
							"post": [-0.14, -2.41, -0.195],
							"lerp_mode": "catmullrom"
						},
						"0.2333": {
							"post": [-0.22, -0.29, -1.425],
							"lerp_mode": "catmullrom"
						},
						"0.3333": {
							"post": [-0.125, -0.385, -1.975],
							"lerp_mode": "catmullrom"
						},
						"0.4333": {
							"post": [0, -0.305, 0.05],
							"lerp_mode": "catmullrom"
						},
						"0.5333": {
							"post": [0.05, 0, -0.15],
							"lerp_mode": "catmullrom"
						},
						"0.6333": {
							"post": [-0.025, 0, 0.05],
							"lerp_mode": "catmullrom"
						},
						"0.7333": {
							"post": [0, 0, 0],
							"lerp_mode": "catmullrom"
						}
					}
				},
				"camera": {
					"rotation": {
						"0.0": {
							"post": [0, 0, 0],
							"lerp_mode": "catmullrom"
						},
						"0.2": {
							"post": [1.00016, 0.00436, 0.75027],
							"lerp_mode": "catmullrom"
						},
						"0.4333": {
							"post": [0, 0, -0.75],
							"lerp_mode": "catmullrom"
						},
						"0.5333": {
							"post": [0, 0, 0],
							"lerp_mode": "catmullrom"
						},
						"0.6333": {
							"post": [0, 0, -0.3],
							"lerp_mode": "catmullrom"
						},
						"0.7333": {
							"post": [0, 0, 0],
							"lerp_mode": "catmullrom"
						}
					}
				}
			},
			"sound_effects": {
				"0.0": {
					"effect": "tacz:sks/sks_raise"
				}
			}
		},
		"put_away": {
			"animation_length": 0.46667,
			"bones": {
				"lefthand": {
					"rotation": {
						"0.0": [105.21401, -25.37935, -150.1551],
						"0.0667": [127.67152, -14.70086, -183.17363],
						"0.1333": [148.34013, 7.13088, -207.53996]
					},
					"position": {
						"0.0": [8.03, -15.15, -4.57],
						"0.1333": [8.805, -12.2, -4.57]
					},
					"scale": [1, 1.5, 1]
				},
				"righthand": {
					"rotation": [95.0274, 5.97708, -179.47516],
					"position": [-6.95, -17.1, 9.825],
					"scale": [1, 1.5, 1]
				},
				"root": {
					"rotation": {
						"0.0": {
							"post": [0, 0, 0],
							"lerp_mode": "catmullrom"
						},
						"0.0667": {
							"post": [-0.51171, -3.6801, -4.19401],
							"lerp_mode": "catmullrom"
						},
						"0.1667": {
							"post": [4.36882, -11.73179, -10.29382],
							"lerp_mode": "catmullrom"
						},
						"0.2667": {
							"post": [16.99835, -17.70783, -19.61271],
							"lerp_mode": "catmullrom"
						},
						"0.3333": {
							"post": [22.5, -27.4, -9.02],
							"lerp_mode": "catmullrom"
						},
						"0.4333": {
							"post": [38.74, -37.82, -13.36],
							"lerp_mode": "catmullrom"
						}
					},
					"position": {
						"0.0": {
							"post": [0, 0, 0],
							"lerp_mode": "catmullrom"
						},
						"0.0667": {
							"post": [-0.45, -0.49, 0.28],
							"lerp_mode": "catmullrom"
						},
						"0.1667": {
							"post": [-0.67, -1.47, 0.34],
							"lerp_mode": "catmullrom"
						},
						"0.2667": {
							"post": [-0.435, -3.245, 0.06],
							"lerp_mode": "catmullrom"
						},
						"0.3333": {
							"post": [0.22, -5.38, -0.15],
							"lerp_mode": "catmullrom"
						},
						"0.4333": {
							"post": [1.49, -9.585, -0.36],
							"lerp_mode": "catmullrom"
						}
					}
				},
				"camera": {
					"rotation": {
						"0.0": {
							"post": [0, 0, 0],
							"lerp_mode": "catmullrom"
						},
						"0.1": {
							"post": [0.3, 0, -0.125],
							"lerp_mode": "catmullrom"
						},
						"0.2667": {
							"post": [0.64, 0, 0.3],
							"lerp_mode": "catmullrom"
						},
						"0.3333": {
							"post": [0.5, 0, 0.15],
							"lerp_mode": "catmullrom"
						},
						"0.4333": {
							"post": [0, 0, 0],
							"lerp_mode": "catmullrom"
						}
					}
				}
			},
			"sound_effects": {
				"0.0": {
					"effect": "tacz:sks/sks_drop"
				}
			}
		},
		"inspect": {
			"animation_length": 5.9,
			"bones": {
				"lefthand": {
					"rotation": {
						"0.0": [105.21, -25.38, -150.16],
						"0.2": [105.21, -25.38, -150.16],
						"2.3667": [105.21, -25.38, -150.16],
						"2.5667": [97.71, -25.38, -150.16],
						"2.7": [88.6258, -29.45643, -169.35366],
						"5.0333": [88.63, -29.46, -169.35],
						"5.2": [105.21401, -25.37935, -150.1551]
					},
					"position": {
						"0.0": [8.03, -15.15, -4.57],
						"0.2": [8.03, -15.15, -4.57],
						"2.3667": [8.03, -15.15, -4.57],
						"2.5667": [8.03, -15.15, -4.57],
						"2.7": [8.03, -14.25, -1.62],
						"5.0333": [8.03, -14.25, -1.62],
						"5.2": [8.03, -15.15, -4.57]
					},
					"scale": [1, 1.5, 1]
				},
				"righthand": {
					"rotation": {
						"0.0": [95.0274, 5.97708, -179.47516],
						"3.5": [95.03, 5.98, -179.48],
						"3.7333": [99.00517, 3.00002, -179.81264],
						"3.9333": [99.00517, 3.00002, -179.81264],
						"4.7": [99.00517, 3.00002, -179.81264],
						"4.7667": [99.15707, -10.82623, -182.02209],
						"4.8333": [98.33, -7.46, -181.51],
						"4.9667": [95.03, 5.98, -179.48]
					},
					"position": {
						"0.0": [-6.95, -17.1, 9.825],
						"3.5": [-6.95, -17.1, 9.82],
						"3.7333": [-8.45771, -13.10012, 0.97424],
						"3.9333": [-8.45771, -13.10012, 0.97424],
						"4.1": [-8.46, -13.13, 2.89],
						"4.7": [-8.46, -13.13, 2.89],
						"4.7667": [-8.46, -13.4, 6.62],
						"4.8333": [-8.16, -16.175, 7.545],
						"4.9667": [-6.95, -17.1, 9.82]
					},
					"scale": [1, 1.5, 1]
				},
				"root": {
					"rotation": {
						"0.0": {
							"post": [0, 0, 0],
							"lerp_mode": "catmullrom"
						},
						"0.1": {
							"post": [1.685, -3.53, -6.4],
							"lerp_mode": "catmullrom"
						},
						"0.2": {
							"post": [-8.105, -6.88, -13.015],
							"lerp_mode": "catmullrom"
						},
						"0.3": {
							"post": [-19.33504, -11.36125, -18.46825],
							"lerp_mode": "catmullrom"
						},
						"0.4": {
							"post": [-20.235, -11.18, -19.17],
							"lerp_mode": "catmullrom"
						},
						"0.5": {
							"post": [-16.47805, -10.70023, -18.69523],
							"lerp_mode": "catmullrom"
						},
						"0.6": {
							"post": [-14.55312, -12.83757, -25.04784],
							"lerp_mode": "catmullrom"
						},
						"0.6333": {
							"post": [-12.72319, -13.94798, -28.53683],
							"lerp_mode": "catmullrom"
						},
						"0.7": {
							"post": [-18.7589, -12.26037, -23.3517],
							"lerp_mode": "catmullrom"
						},
						"0.8": {
							"post": [-18.42323, -13.38988, -26.55795],
							"lerp_mode": "catmullrom"
						},
						"0.9": {
							"post": [-18.53403, -12.14782, -23.01023],
							"lerp_mode": "catmullrom"
						},
						"1.2667": {
							"post": [-19.95302, -11.6677, -21.60679],
							"lerp_mode": "catmullrom"
						},
						"1.6": {
							"post": [-20.8971, -11.29848, -20.56268],
							"lerp_mode": "catmullrom"
						},
						"1.8": {
							"post": [-22.06, -14.30818, -22.51847],
							"lerp_mode": "catmullrom"
						},
						"1.9": {
							"post": [-19.85494, -15.24265, -25.33485],
							"lerp_mode": "catmullrom"
						},
						"2.0": {
							"post": [-20.36562, -14.25062, -24.93336],
							"lerp_mode": "catmullrom"
						},
						"2.1333": {
							"post": [-20.74536, -12.32337, -24.02348],
							"lerp_mode": "catmullrom"
						},
						"2.2": {
							"post": [-20.49437, -13.16317, -24.72873],
							"lerp_mode": "catmullrom"
						},
						"2.2333": {
							"post": [-15.83817, -14.81264, -34.84285],
							"lerp_mode": "catmullrom"
						},
						"2.3": {
							"post": [-19.43505, -10.15957, -17.15869],
							"lerp_mode": "catmullrom"
						},
						"2.4333": {
							"post": [-16.78089, -12.68375, -24.37088],
							"lerp_mode": "catmullrom"
						},
						"2.6": {
							"post": [-16.39522, 2.36368, 18.07177],
							"lerp_mode": "catmullrom"
						},
						"2.7333": {
							"post": [-27.53159, 25.48139, 51.06994],
							"lerp_mode": "catmullrom"
						},
						"2.9": {
							"post": [-32.85105, 45.13006, 64.54397],
							"lerp_mode": "catmullrom"
						},
						"3.0667": {
							"post": [-30.1597, 44.68871, 67.01399],
							"lerp_mode": "catmullrom"
						},
						"3.3": {
							"post": [-31.91919, 43.30722, 64.1136],
							"lerp_mode": "catmullrom"
						},
						"3.5": {
							"post": [-32.85105, 43.68006, 63.36897],
							"lerp_mode": "catmullrom"
						},
						"3.6667": {
							"post": [-35.00594, 38.83145, 61.10897],
							"lerp_mode": "catmullrom"
						},
						"3.8": {
							"post": [-43.18649, 34.14971, 49.95519],
							"lerp_mode": "catmullrom"
						},
						"3.9333": {
							"post": [-49.18948, 39.23431, 47.54701],
							"lerp_mode": "catmullrom"
						},
						"4.0667": {
							"post": [-54.98121, 44.08652, 43.41541],
							"lerp_mode": "catmullrom"
						},
						"4.2333": {
							"post": [-52.5336, 43.3197, 45.53296],
							"lerp_mode": "catmullrom"
						},
						"4.4333": {
							"post": [-52.28627, 42.25294, 46.63345],
							"lerp_mode": "catmullrom"
						},
						"4.7": {
							"post": [-52.28629, 42.16418, 45.25809],
							"lerp_mode": "catmullrom"
						},
						"4.7333": {
							"post": [-51.81258, 34.78108, 43.16269],
							"lerp_mode": "catmullrom"
						},
						"4.8": {
							"post": [-44.48512, 40.88873, 49.99879],
							"lerp_mode": "catmullrom"
						},
						"4.9": {
							"post": [-48.48914, 32.3985, 41.07692],
							"lerp_mode": "catmullrom"
						},
						"5.1": {
							"post": [-19.41003, 3.54248, 29.74843],
							"lerp_mode": "catmullrom"
						},
						"5.2333": {
							"post": [-5.13312, -1.93407, 5.57088],
							"lerp_mode": "catmullrom"
						},
						"5.3333": {
							"post": [-2.55, -0.79, -0.27],
							"lerp_mode": "catmullrom"
						},
						"5.4": {
							"post": [-1.81116, -0.97475, 0.78066],
							"lerp_mode": "catmullrom"
						},
						"5.4667": {
							"post": [-0.6, -0.32, 0.26],
							"lerp_mode": "catmullrom"
						},
						"5.5": {
							"post": [0, -0.5, -1.5],
							"lerp_mode": "catmullrom"
						},
						"5.5667": {
							"post": [-0.00945, -0.1664, 2.75001],
							"lerp_mode": "catmullrom"
						},
						"5.6333": {
							"post": [0, 0, -1.25],
							"lerp_mode": "catmullrom"
						},
						"5.7": {
							"post": [0, 0, 0],
							"lerp_mode": "catmullrom"
						},
						"5.8": {
							"post": [0, 0, 0],
							"lerp_mode": "catmullrom"
						}
					},
					"position": {
						"0.0": {
							"post": [0, 0, 0],
							"lerp_mode": "catmullrom"
						},
						"0.1": {
							"post": [0.13, -1.05, -1.075],
							"lerp_mode": "catmullrom"
						},
						"0.2": {
							"post": [0.25, -1.15, -0.975],
							"lerp_mode": "catmullrom"
						},
						"0.3": {
							"post": [0.25, 0.2, -0.1],
							"lerp_mode": "catmullrom"
						},
						"0.4333": {
							"post": [0.19, 0.415, -0.05],
							"lerp_mode": "catmullrom"
						},
						"0.5667": {
							"post": [0.175, 0.445, -0.1],
							"lerp_mode": "catmullrom"
						},
						"0.6333": {
							"post": [0.505, -0.705, -0.1],
							"lerp_mode": "catmullrom"
						},
						"0.7667": {
							"post": [0.335, -0.83, -0.1],
							"lerp_mode": "catmullrom"
						},
						"0.9333": {
							"post": [0.115, -0.665, -0.09],
							"lerp_mode": "catmullrom"
						},
						"1.2": {
							"post": [-0.17, -0.59, -0.08],
							"lerp_mode": "catmullrom"
						},
						"1.5333": {
							"post": [-0.2, -0.225, -0.01],
							"lerp_mode": "catmullrom"
						},
						"1.7667": {
							"post": [0.035, 0.23, 0.04],
							"lerp_mode": "catmullrom"
						},
						"1.9333": {
							"post": [0.08, -0.05, 0.05],
							"lerp_mode": "catmullrom"
						},
						"2.0": {
							"post": [0.1325, 0.0625, 0.05],
							"lerp_mode": "catmullrom"
						},
						"2.1": {
							"post": [-0.03625, 0.13375, 0.05],
							"lerp_mode": "catmullrom"
						},
						"2.2": {
							"post": [0.025, 0.135, 0.05],
							"lerp_mode": "catmullrom"
						},
						"2.2667": {
							"post": [0.25, -0.85, 0.05],
							"lerp_mode": "catmullrom"
						},
						"2.4333": {
							"post": [0.285, -0.805, -0.4],
							"lerp_mode": "catmullrom"
						},
						"2.6667": {
							"post": [-0.365, -1.245, -1.54],
							"lerp_mode": "catmullrom"
						},
						"2.8667": {
							"post": [-0.695, 1.52, -1.825],
							"lerp_mode": "catmullrom"
						},
						"3.0333": {
							"post": [-0.69, 0.575, -1.13],
							"lerp_mode": "catmullrom"
						},
						"3.1667": {
							"post": [-0.69, 0.305, -1.13],
							"lerp_mode": "catmullrom"
						},
						"3.3333": {
							"post": [-0.69, 0.44, -1.13],
							"lerp_mode": "catmullrom"
						},
						"3.5333": {
							"post": [-0.69, 0.55, -1.13],
							"lerp_mode": "catmullrom"
						},
						"3.6667": {
							"post": [-1, -0.08, -1.355],
							"lerp_mode": "catmullrom"
						},
						"3.8": {
							"post": [-1.315, -1.37, -0.53],
							"lerp_mode": "catmullrom"
						},
						"3.9333": {
							"post": [-1.415, -1.64, -0.745],
							"lerp_mode": "catmullrom"
						},
						"4.0667": {
							"post": [-1.56, -2.28, -0.93],
							"lerp_mode": "catmullrom"
						},
						"4.3": {
							"post": [-1.645, -2.09, -0.97],
							"lerp_mode": "catmullrom"
						},
						"4.5333": {
							"post": [-1.655, -2.025, -0.79],
							"lerp_mode": "catmullrom"
						},
						"4.7": {
							"post": [-1.44, -2.19, -0.67],
							"lerp_mode": "catmullrom"
						},
						"4.7667": {
							"post": [-1.4, -0.155, -1.02],
							"lerp_mode": "catmullrom"
						},
						"4.8667": {
							"post": [-1.31, -1.075, -0.53],
							"lerp_mode": "catmullrom"
						},
						"5.0": {
							"post": [-1.2, -1.87, -0.64],
							"lerp_mode": "catmullrom"
						},
						"5.1": {
							"post": [-0.87, -2.65, -0.95],
							"lerp_mode": "catmullrom"
						},
						"5.2333": {
							"post": [-0.44, -1.155, -0.56],
							"lerp_mode": "catmullrom"
						},
						"5.3333": {
							"post": [-0.11, -0.315, -0.81],
							"lerp_mode": "catmullrom"
						},
						"5.4": {
							"post": [0, -0.025, -0.9],
							"lerp_mode": "catmullrom"
						},
						"5.5": {
							"post": [0, -0.225, 0.725],
							"lerp_mode": "catmullrom"
						},
						"5.6": {
							"post": [0, 0, -0.1],
							"lerp_mode": "catmullrom"
						},
						"5.7": {
							"post": [0, 0, 0.05],
							"lerp_mode": "catmullrom"
						},
						"5.8": {
							"post": [0, 0, 0],
							"lerp_mode": "catmullrom"
						}
					}
				},
				"additional_magazine": {
					"scale": {
						"0.0": [0, 0, 0],
						"5.5": {
							"pre": [0, 0, 0],
							"post": [1, 1, 1]
						}
					}
				},
				"bolt": {
					"position": {
						"3.9333": [0, 0, 0],
						"4.1": [0, 0, 1.8],
						"4.7": [0, 0, 1.8],
						"4.7333": [0, 0, 0]
					}
				},
				"gun_and_righthand": {
					"rotation": {
						"0.6333": {
							"pre": [0, 0, 0],
							"post": [0, 0, 0],
							"lerp_mode": "catmullrom"
						},
						"0.7333": {
							"post": [2.7501, 0.49942, 0.02399],
							"lerp_mode": "catmullrom"
						},
						"0.9333": {
							"post": [0.05867, 0.46466, 0.02232],
							"lerp_mode": "catmullrom"
						},
						"1.2": {
							"post": [0.55327, 0.34247, 0.76678],
							"lerp_mode": "catmullrom"
						},
						"1.8667": {
							"post": [0, 0, 0],
							"lerp_mode": "catmullrom"
						}
					},
					"position": {
						"0.6333": {
							"pre": [0, 0, 0],
							"post": [0, 0, 0],
							"lerp_mode": "catmullrom"
						},
						"0.7333": {
							"post": [-0.00886, 0.76732, -0.27264],
							"lerp_mode": "catmullrom"
						},
						"0.9": {
							"post": [-0.22369, 0.83168, -0.22112],
							"lerp_mode": "catmullrom"
						},
						"1.1333": {
							"post": [-0.20445, 0.41337, 0.07483],
							"lerp_mode": "catmullrom"
						},
						"1.4": {
							"post": [-0.02936, 0.22863, 0.01016],
							"lerp_mode": "catmullrom"
						},
						"1.6667": {
							"post": [-0.09899, 0.08433, 0.09439],
							"lerp_mode": "catmullrom"
						},
						"1.8667": {
							"post": [0, 0, 0],
							"lerp_mode": "catmullrom"
						}
					}
				},
				"camera": {
					"rotation": {
						"0.0": {
							"post": [0, 0, 0],
							"lerp_mode": "catmullrom"
						},
						"0.2": {
							"post": [0.345, 0, 0],
							"lerp_mode": "catmullrom"
						},
						"0.3667": {
							"post": [1.425, 0, 0],
							"lerp_mode": "catmullrom"
						},
						"0.5333": {
							"post": [1.28, -0.17, -0.15],
							"lerp_mode": "catmullrom"
						},
						"0.6": {
							"post": [1.155, -0.55, -0.3],
							"lerp_mode": "catmullrom"
						},
						"0.6667": {
							"post": [4.31, -1.17, 1.27],
							"lerp_mode": "catmullrom"
						},
						"0.7667": {
							"post": [6.485, -2.37, -1.695],
							"lerp_mode": "catmullrom"
						},
						"0.9": {
							"post": [6.905, -3.95, -0.575],
							"lerp_mode": "catmullrom"
						},
						"1.0667": {
							"post": [5.58, -4.07, -1.55],
							"lerp_mode": "catmullrom"
						},
						"1.2667": {
							"post": [5.785, -4.05, -1.26],
							"lerp_mode": "catmullrom"
						},
						"1.5333": {
							"post": [6.535, -3.65, -1.075],
							"lerp_mode": "catmullrom"
						},
						"1.8333": {
							"post": [1.03, -0.7, -1],
							"lerp_mode": "catmullrom"
						},
						"2.1": {
							"post": [-0.385, -0.43, -1.07],
							"lerp_mode": "catmullrom"
						},
						"2.2": {
							"post": [-0.3, -0.43, -1.11],
							"lerp_mode": "catmullrom"
						},
						"2.2667": {
							"post": [1.48, -0.45, 0.785],
							"lerp_mode": "catmullrom"
						},
						"2.3667": {
							"post": [-0.365, -0.5, -1.8],
							"lerp_mode": "catmullrom"
						},
						"2.5": {
							"post": [-0.37, -0.4, -0.75],
							"lerp_mode": "catmullrom"
						},
						"2.6667": {
							"post": [-2.68, 0.23, -0.735],
							"lerp_mode": "catmullrom"
						},
						"2.8333": {
							"post": [-5.17, 0.85, 0.55],
							"lerp_mode": "catmullrom"
						},
						"3.0333": {
							"post": [-6.555, 0.85, 1.025],
							"lerp_mode": "catmullrom"
						},
						"3.5333": {
							"post": [-5.625, 0.85, 1.45],
							"lerp_mode": "catmullrom"
						},
						"3.7667": {
							"post": [-4.94, 0.85, 1.45],
							"lerp_mode": "catmullrom"
						},
						"4.0667": {
							"post": [1.925, 0.85, 0.9],
							"lerp_mode": "catmullrom"
						},
						"4.3667": {
							"post": [3.7, 0.625, 0.7],
							"lerp_mode": "catmullrom"
						},
						"4.6667": {
							"post": [3.44, 0.66, 0.6],
							"lerp_mode": "catmullrom"
						},
						"4.7333": {
							"post": [5.375, 0.625, 1.85],
							"lerp_mode": "catmullrom"
						},
						"4.8333": {
							"post": [3.65, 0.41, -0.44],
							"lerp_mode": "catmullrom"
						},
						"4.9667": {
							"post": [4.625, 0, 0.45],
							"lerp_mode": "catmullrom"
						},
						"5.1333": {
							"post": [2.93, -0.03, -0.03],
							"lerp_mode": "catmullrom"
						},
						"5.3": {
							"post": [-1.275, 0, 0],
							"lerp_mode": "catmullrom"
						},
						"5.5": {
							"post": [-0.85, 0, -0.125],
							"lerp_mode": "catmullrom"
						},
						"5.5667": {
							"post": [0.675, 0, 0.45],
							"lerp_mode": "catmullrom"
						},
						"5.6667": {
							"post": [-0.375, 0, -0.275],
							"lerp_mode": "catmullrom"
						},
						"5.7667": {
							"post": [0.2, 0, 0.15],
							"lerp_mode": "catmullrom"
						},
						"5.9": {
							"post": [0, 0, 0],
							"lerp_mode": "catmullrom"
						}
					}
				}
			},
			"sound_effects": {
				"0.0": {
					"effect": "tacz:sks/sks_reload_raise"
				},
				"2.5": {
					"effect": "tacz:sks/sks_reload_empty_rotate"
				},
				"3.9667": {
					"effect": "tacz:sks/sks_charge_01"
				},
				"4.7": {
					"effect": "tacz:sks/sks_charge_02"
				},
				"4.9667": {
					"effect": "tacz:sks/sks_reload_xmag_end"
				}
			}
		},
		"inspect_empty": {
			"animation_length": 7.8667,
			"bones": {
				"lefthand": {
					"rotation": {
						"0.0": [105.21, -25.38, -150.16],
						"0.1667": [105.21, -25.38, -150.16],
						"0.3333": [114.70155, -25.31239, -138.58301],
						"5.0667": [114.70155, -25.31239, -138.58301],
						"6.1": [114.70155, -25.31239, -138.58301],
						"6.3": [105.21401, -25.37935, -150.1551]
					},
					"position": {
						"0.0": [8.03, -15.15, -4.57],
						"0.1667": [8.03, -15.15, -4.57],
						"0.3333": [8.14151, -14.25328, -2.95608],
						"5.0667": [8.14151, -14.25328, -2.95608],
						"6.1": [8.14151, -14.25328, -2.95608],
						"6.3": [8.03, -15.15, -4.57]
					},
					"scale": [1, 1.5, 1]
				},
				"righthand": {
					"rotation": {
						"0.0": [95.0274, 5.97708, -179.47516],
						"3.2": [95.03, 5.98, -179.48],
						"3.3667": [97.3464, -7.62565, -181.19774],
						"3.4333": [97.3464, -7.62565, -181.19774],
						"3.5333": [97.31672, -5.64199, -180.94081],
						"3.5667": [97.31672, -5.64199, -180.94081],
						"3.7667": [97.31672, -5.64199, -180.94081],
						"3.9333": [96.57309, -8.58748, -92.75755],
						"4.0": [93.04973, -8.18312, -102.85765],
						"4.0667": [93.04973, -8.18312, -102.85765],
						"4.2": [93.04973, -8.18312, -102.85765],
						"4.7333": [93.04973, -8.18312, -102.85765],
						"4.8333": [93.79, -2.87, -131.59],
						"4.9": [93.79, -2.87, -131.59],
						"5.0": [95.03, 5.98, -179.48],
						"6.4": [95.03, 5.98, -179.48],
						"6.5667": [96.57309, -8.58748, -92.75755],
						"6.6333": [93.04973, -8.18312, -102.85765],
						"6.7": [93.04973, -8.18312, -102.85765],
						"6.8": [93.04973, -8.18312, -102.85765],
						"6.9333": [93.04973, -8.18312, -102.85765],
						"7.1333": [95.03, 5.98, -179.48]
					},
					"position": {
						"0.0": [-6.95, -17.1, 9.825],
						"3.2": [-6.95, -17.1, 9.82],
						"3.3667": [-8.485, -13.085, 4.945],
						"3.4333": [-8.485, -13.085, 4.945],
						"3.5333": [-8.485, -13.085, 6.17],
						"3.5667": [-8.485, -13.085, 6.17],
						"3.7333": [-9.455, -14.265, 9.395],
						"3.8": [-9.34, -13.9, 7.415],
						"3.9333": [-9.235, -12.095, 1.225],
						"4.0": [-8.69, -11.9, 0.78],
						"4.0667": [-8.69, -11.9, 0.78],
						"4.2": [-8.69, -11.8, 4.455],
						"4.7333": [-8.69, -11.8, 4.455],
						"4.8333": [-8.77, -13.3, 6.715],
						"4.9": [-8.16, -14.57, 7.955],
						"5.0": [-6.95, -17.1, 9.82],
						"6.4": [-6.95, -17.1, 9.82],
						"6.5667": [-9.235, -12.095, 1.225],
						"6.6333": [-8.69, -11.9, 0.78],
						"6.7": [-8.69, -11.9, 0.78],
						"6.8": [-8.69, -11.8, 5.555],
						"6.9333": [-8.69, -11.8, 5.555],
						"7.0333": [-8.745, -14.115, 8.33],
						"7.1333": [-6.95, -17.1, 9.82]
					},
					"scale": [1, 1.5, 1]
				},
				"root": {
					"rotation": {
						"0.0": {
							"post": [0, 0, 0],
							"lerp_mode": "catmullrom"
						},
						"0.1": {
							"post": [1.685, -3.53, -6.4],
							"lerp_mode": "catmullrom"
						},
						"0.2": {
							"post": [-8.105, -6.88, -13.015],
							"lerp_mode": "catmullrom"
						},
						"0.3": {
							"post": [-19.33504, -11.36125, -18.46825],
							"lerp_mode": "catmullrom"
						},
						"0.3667": {
							"post": [-20.235, -11.18, -19.17],
							"lerp_mode": "catmullrom"
						},
						"0.4667": {
							"post": [-16.47805, -10.70023, -18.69523],
							"lerp_mode": "catmullrom"
						},
						"0.5667": {
							"post": [-14.55312, -12.83757, -25.04784],
							"lerp_mode": "catmullrom"
						},
						"0.6": {
							"post": [-12.72319, -13.94798, -28.53683],
							"lerp_mode": "catmullrom"
						},
						"0.6667": {
							"post": [-18.7589, -12.26037, -23.3517],
							"lerp_mode": "catmullrom"
						},
						"0.7667": {
							"post": [-18.42323, -13.38988, -26.55795],
							"lerp_mode": "catmullrom"
						},
						"0.8667": {
							"post": [-18.53403, -12.14782, -23.01023],
							"lerp_mode": "catmullrom"
						},
						"1.2333": {
							"post": [-19.95302, -11.6677, -21.60679],
							"lerp_mode": "catmullrom"
						},
						"1.5667": {
							"post": [-20.70731, -11.65363, -21.51656],
							"lerp_mode": "catmullrom"
						},
						"1.9333": {
							"post": [-16.78089, -10.50875, -20.77088],
							"lerp_mode": "catmullrom"
						},
						"2.1": {
							"post": [-16.39522, 2.36368, 18.07177],
							"lerp_mode": "catmullrom"
						},
						"2.2333": {
							"post": [-27.53159, 25.48139, 51.06994],
							"lerp_mode": "catmullrom"
						},
						"2.4": {
							"post": [-32.85105, 45.13006, 64.54397],
							"lerp_mode": "catmullrom"
						},
						"2.5667": {
							"post": [-30.1597, 44.68871, 67.01399],
							"lerp_mode": "catmullrom"
						},
						"2.8": {
							"post": [-31.91919, 43.30722, 65.4886],
							"lerp_mode": "catmullrom"
						},
						"3.0": {
							"post": [-32.85105, 41.53006, 64.54397],
							"lerp_mode": "catmullrom"
						},
						"3.1333": {
							"post": [-35.65588, 38.25313, 58.62216],
							"lerp_mode": "catmullrom"
						},
						"3.3": {
							"post": [-43.18649, 34.14971, 49.95519],
							"lerp_mode": "catmullrom"
						},
						"3.4333": {
							"post": [-46.93948, 34.18431, 47.54701],
							"lerp_mode": "catmullrom"
						},
						"3.5333": {
							"post": [-48.75621, 38.31152, 46.01541],
							"lerp_mode": "catmullrom"
						},
						"3.6": {
							"post": [-47.92633, 37.23534, 48.40637],
							"lerp_mode": "catmullrom"
						},
						"3.6667": {
							"post": [-46.43835, 32.58487, 47.92599],
							"lerp_mode": "catmullrom"
						},
						"3.7667": {
							"post": [-44.79967, 36.68411, 52.08987],
							"lerp_mode": "catmullrom"
						},
						"3.9": {
							"post": [-47.84078, 34.72639, 48.63438],
							"lerp_mode": "catmullrom"
						},
						"4.0667": {
							"post": [-48.56784, 36.4876, 46.70052],
							"lerp_mode": "catmullrom"
						},
						"4.1667": {
							"post": [-45.41855, 41.78182, 50.55216],
							"lerp_mode": "catmullrom"
						},
						"4.2333": {
							"post": [-45.81556, 42.74038, 51.04951],
							"lerp_mode": "catmullrom"
						},
						"4.3": {
							"post": [-48.98, 40.11, 47.25],
							"lerp_mode": "catmullrom"
						},
						"4.4": {
							"post": [-49.23489, 41.13121, 47.44389],
							"lerp_mode": "catmullrom"
						},
						"4.5667": {
							"post": [-49.18711, 42.07983, 46.59303],
							"lerp_mode": "catmullrom"
						},
						"4.7667": {
							"post": [-50.23629, 42.16418, 45.25809],
							"lerp_mode": "catmullrom"
						},
						"4.8": {
							"post": [-49.76258, 34.78108, 43.16269],
							"lerp_mode": "catmullrom"
						},
						"4.8667": {
							"post": [-42.43512, 40.88873, 49.99879],
							"lerp_mode": "catmullrom"
						},
						"4.9667": {
							"post": [-48.48914, 32.3985, 41.07692],
							"lerp_mode": "catmullrom"
						},
						"5.0667": {
							"post": [-43.26872, 27.49021, 38.73168],
							"lerp_mode": "catmullrom"
						},
						"5.1667": {
							"post": [-35.2055, 19.98685, 36.00341],
							"lerp_mode": "catmullrom"
						},
						"5.3": {
							"post": [-26.25268, -1.76537, 10.48099],
							"lerp_mode": "catmullrom"
						},
						"5.4333": {
							"post": [-22.06, -14.30818, -17.66847],
							"lerp_mode": "catmullrom"
						},
						"5.5667": {
							"post": [-20.10803, -14.90093, -24.36157],
							"lerp_mode": "catmullrom"
						},
						"5.7333": {
							"post": [-20.36562, -14.25062, -24.93336],
							"lerp_mode": "catmullrom"
						},
						"5.8667": {
							"post": [-20.74536, -12.32337, -24.02348],
							"lerp_mode": "catmullrom"
						},
						"5.9333": {
							"post": [-20.49437, -13.16317, -24.72873],
							"lerp_mode": "catmullrom"
						},
						"6.0333": {
							"post": [-19.43505, -10.15957, -17.15869],
							"lerp_mode": "catmullrom"
						},
						"6.1333": {
							"post": [-16.2147, -10.95773, -20.90644],
							"lerp_mode": "catmullrom"
						},
						"6.2667": {
							"post": [-11.32508, -5.39898, -8.93252],
							"lerp_mode": "catmullrom"
						},
						"6.3667": {
							"post": [-2.90548, -4.30241, -5.32769],
							"lerp_mode": "catmullrom"
						},
						"6.5": {
							"post": [-4.99621, -4.2794, 1.75805],
							"lerp_mode": "catmullrom"
						},
						"6.6333": {
							"post": [-6.16614, -4.16766, 5.74532],
							"lerp_mode": "catmullrom"
						},
						"6.7333": {
							"post": [-5.25703, -2.79591, 6.22114],
							"lerp_mode": "catmullrom"
						},
						"6.8": {
							"post": [-3.51262, -3.17465, 1.03847],
							"lerp_mode": "catmullrom"
						},
						"6.9": {
							"post": [-5.44961, -3.54234, 2.67944],
							"lerp_mode": "catmullrom"
						},
						"7.0": {
							"post": [-5.34357, -3.12703, 2.57146],
							"lerp_mode": "catmullrom"
						},
						"7.1": {
							"post": [-3.39737, -2.42997, 5.13189],
							"lerp_mode": "catmullrom"
						},
						"7.2333": {
							"post": [-2.55, -0.79, -0.27],
							"lerp_mode": "catmullrom"
						},
						"7.3667": {
							"post": [-0.6, -0.32, 0.26],
							"lerp_mode": "catmullrom"
						},
						"7.4": {
							"post": [0, -0.5, -0.775],
							"lerp_mode": "catmullrom"
						},
						"7.4667": {
							"post": [-0.00945, -0.1664, 1.77501],
							"lerp_mode": "catmullrom"
						},
						"7.5333": {
							"post": [0, 0, -1.25],
							"lerp_mode": "catmullrom"
						},
						"7.6": {
							"post": [0, 0, 0],
							"lerp_mode": "catmullrom"
						},
						"7.7": {
							"post": [0, 0, 0],
							"lerp_mode": "catmullrom"
						}
					},
					"position": {
						"0.0": {
							"post": [0, 0, 0],
							"lerp_mode": "catmullrom"
						},
						"0.1": {
							"post": [0.13, -1.025, -1.075],
							"lerp_mode": "catmullrom"
						},
						"0.2": {
							"post": [0.25, -1.15, -0.975],
							"lerp_mode": "catmullrom"
						},
						"0.3": {
							"post": [0.25, 0.325, -0.1],
							"lerp_mode": "catmullrom"
						},
						"0.4": {
							"post": [0.19, 0.54, -0.05],
							"lerp_mode": "catmullrom"
						},
						"0.5333": {
							"post": [0.175, 0.395, -0.1],
							"lerp_mode": "catmullrom"
						},
						"0.6": {
							"post": [0.505, -0.88, -0.1],
							"lerp_mode": "catmullrom"
						},
						"0.7333": {
							"post": [0.335, -0.905, -0.1],
							"lerp_mode": "catmullrom"
						},
						"0.9": {
							"post": [0.115, -0.665, -0.09],
							"lerp_mode": "catmullrom"
						},
						"1.1667": {
							"post": [-0.17, -0.715, -0.08],
							"lerp_mode": "catmullrom"
						},
						"1.5": {
							"post": [-0.2, -0.55, -0.01],
							"lerp_mode": "catmullrom"
						},
						"1.9667": {
							"post": [-0.24, -0.63, -0.4],
							"lerp_mode": "catmullrom"
						},
						"2.1667": {
							"post": [-0.365, -1.47, -1.94],
							"lerp_mode": "catmullrom"
						},
						"2.3667": {
							"post": [-0.695, 0.545, -1.975],
							"lerp_mode": "catmullrom"
						},
						"2.5333": {
							"post": [-0.69, 0.25, -1.13],
							"lerp_mode": "catmullrom"
						},
						"2.6667": {
							"post": [-0.69, 0.48, -1.13],
							"lerp_mode": "catmullrom"
						},
						"2.8333": {
							"post": [-0.69, 0.44, -1.13],
							"lerp_mode": "catmullrom"
						},
						"3.0": {
							"post": [-0.69, 0.275, -1.13],
							"lerp_mode": "catmullrom"
						},
						"3.1333": {
							"post": [-1, -0.305, -1.355],
							"lerp_mode": "catmullrom"
						},
						"3.3": {
							"post": [-1.315, -1.27, -0.755],
							"lerp_mode": "catmullrom"
						},
						"3.4333": {
							"post": [-1.415, -1.465, -0.745],
							"lerp_mode": "catmullrom"
						},
						"3.5667": {
							"post": [-1.56, -2.28, -0.93],
							"lerp_mode": "catmullrom"
						},
						"3.6667": {
							"post": [-1.6, -1.85, -0.97],
							"lerp_mode": "catmullrom"
						},
						"3.8333": {
							"post": [-1.645, -2.24, -0.97],
							"lerp_mode": "catmullrom"
						},
						"4.0333": {
							"post": [-1.655, -2.025, -0.79],
							"lerp_mode": "catmullrom"
						},
						"4.1": {
							"post": [-1.64, -2.04, -0.78],
							"lerp_mode": "catmullrom"
						},
						"4.2333": {
							"post": [-1.77, -2.455, -0.76],
							"lerp_mode": "catmullrom"
						},
						"4.4": {
							"post": [-1.79, -2.33, -0.72],
							"lerp_mode": "catmullrom"
						},
						"4.7667": {
							"post": [-1.765, -2.415, -0.67],
							"lerp_mode": "catmullrom"
						},
						"4.8333": {
							"post": [-1.55, -1.205, -1.02],
							"lerp_mode": "catmullrom"
						},
						"4.9333": {
							"post": [-1.31, -1.575, -0.53],
							"lerp_mode": "catmullrom"
						},
						"5.0667": {
							"post": [-1.27, -1.58, -0.53],
							"lerp_mode": "catmullrom"
						},
						"5.2": {
							"post": [-1.2, -2.12, -0.64],
							"lerp_mode": "catmullrom"
						},
						"5.3": {
							"post": [-0.87, -3.35, -1.275],
							"lerp_mode": "catmullrom"
						},
						"5.5": {
							"post": [-0.665, -0.645, 0.04],
							"lerp_mode": "catmullrom"
						},
						"5.6667": {
							"post": [-0.095, -0.225, 0.05],
							"lerp_mode": "catmullrom"
						},
						"5.7333": {
							"post": [-0.0425, -0.1125, 0.05],
							"lerp_mode": "catmullrom"
						},
						"5.8333": {
							"post": [-0.03625, -0.04125, 0.05],
							"lerp_mode": "catmullrom"
						},
						"5.9333": {
							"post": [0.025, 0.06, 0.05],
							"lerp_mode": "catmullrom"
						},
						"6.0": {
							"post": [0.25, -1.025, 0.05],
							"lerp_mode": "catmullrom"
						},
						"6.1333": {
							"post": [0.15, -0.745, -0.04],
							"lerp_mode": "catmullrom"
						},
						"6.2667": {
							"post": [0.14, -1.815, 0.325],
							"lerp_mode": "catmullrom"
						},
						"6.4333": {
							"post": [0.1, -0.8, 0.395],
							"lerp_mode": "catmullrom"
						},
						"6.5667": {
							"post": [-0.19, -0.805, 0.165],
							"lerp_mode": "catmullrom"
						},
						"6.7333": {
							"post": [-0.14, -0.97, 0.28],
							"lerp_mode": "catmullrom"
						},
						"6.8": {
							"post": [-0.11, -1.665, 0.49],
							"lerp_mode": "catmullrom"
						},
						"6.9333": {
							"post": [-0.1, -1.385, 0.455],
							"lerp_mode": "catmullrom"
						},
						"7.0667": {
							"post": [-0.09, -1.13, 0.385],
							"lerp_mode": "catmullrom"
						},
						"7.2333": {
							"post": [-0.11, -0.315, -0.685],
							"lerp_mode": "catmullrom"
						},
						"7.4": {
							"post": [0, -0.3, 0.25],
							"lerp_mode": "catmullrom"
						},
						"7.5": {
							"post": [0, 0, -0.1],
							"lerp_mode": "catmullrom"
						},
						"7.6": {
							"post": [0, 0, 0.05],
							"lerp_mode": "catmullrom"
						},
						"7.7": {
							"post": [0, 0, 0],
							"lerp_mode": "catmullrom"
						}
					}
				},
				"additional_magazine": {
					"scale": {
						"0.0": [0, 0, 0],
						"7.6667": {
							"pre": [0, 0, 0],
							"post": [1, 1, 1]
						}
					}
				},
				"bolt": {
					"position": {
						"3.4333": [0, 0, 4],
						"3.5333": [0, 0, 4.75],
						"3.5667": [0, 0, 4.75],
						"3.6333": [0, 0, 0],
						"4.0667": [0, 0, 0],
						"4.1333": [0, 0, 4],
						"4.7333": [0, 0, 4],
						"4.8": [0, 0, 0],
						"6.7": [0, 0, 0],
						"6.8": [0, 0, 4.75],
						"6.9667": [0, 0, 4.75],
						"7.0333": [0, 0, 4]
					}
				},
				"magrelease": {
					"rotation": {
						"5.9": [0, 0, 0],
						"5.9667": [-35, 0, 0],
						"6.0": [-35, 0, 0],
						"6.0667": [0, 0, 0]
					}
				},
				"camera": {
					"rotation": {
						"0.0": {
							"post": [0, 0, 0],
							"lerp_mode": "catmullrom"
						},
						"0.2": {
							"post": [0.345, 0, 0],
							"lerp_mode": "catmullrom"
						},
						"0.3667": {
							"post": [1.425, 0, 0],
							"lerp_mode": "catmullrom"
						},
						"0.5333": {
							"post": [1.28, -0.17, -0.15],
							"lerp_mode": "catmullrom"
						},
						"0.6": {
							"post": [1.155, -0.55, -0.3],
							"lerp_mode": "catmullrom"
						},
						"0.6667": {
							"post": [4.31, -1.17, 1.27],
							"lerp_mode": "catmullrom"
						},
						"0.7667": {
							"post": [6.485, -2.37, -1.695],
							"lerp_mode": "catmullrom"
						},
						"0.9": {
							"post": [6.905, -3.95, -0.575],
							"lerp_mode": "catmullrom"
						},
						"1.0667": {
							"post": [5.58, -4.07, -1.55],
							"lerp_mode": "catmullrom"
						},
						"1.2667": {
							"post": [4.735, -4.05, -1.26],
							"lerp_mode": "catmullrom"
						},
						"1.6333": {
							"post": [6.115, -4.04, -1.2],
							"lerp_mode": "catmullrom"
						},
						"2.0333": {
							"post": [4.635, -3.65, -0.475],
							"lerp_mode": "catmullrom"
						},
						"2.4": {
							"post": [-0.22, -1.225, -0.3],
							"lerp_mode": "catmullrom"
						},
						"2.5333": {
							"post": [-1.975, -0.56, -0.47],
							"lerp_mode": "catmullrom"
						},
						"2.6667": {
							"post": [-1.435, -0.155, 0.155],
							"lerp_mode": "catmullrom"
						},
						"2.8667": {
							"post": [-2.075, 0.25, 0.9],
							"lerp_mode": "catmullrom"
						},
						"3.1": {
							"post": [-0.815, 0.325, 1.45],
							"lerp_mode": "catmullrom"
						},
						"3.4": {
							"post": [6.175, 0.325, 0.9],
							"lerp_mode": "catmullrom"
						},
						"3.5667": {
							"post": [7.63, 0.19, 0.76],
							"lerp_mode": "catmullrom"
						},
						"3.6333": {
							"post": [9.19, 0.13, 1.755],
							"lerp_mode": "catmullrom"
						},
						"3.7333": {
							"post": [7.375, 0.1, -0.1],
							"lerp_mode": "catmullrom"
						},
						"3.8667": {
							"post": [8.025, 0.14, 1.045],
							"lerp_mode": "catmullrom"
						},
						"4.0333": {
							"post": [7.085, 0.24, 0.62],
							"lerp_mode": "catmullrom"
						},
						"4.1333": {
							"post": [6.95, 0.29, 1.015],
							"lerp_mode": "catmullrom"
						},
						"4.2333": {
							"post": [7.895, 0.35, 0.41],
							"lerp_mode": "catmullrom"
						},
						"4.4": {
							"post": [6.84, 0.51, 0.81],
							"lerp_mode": "catmullrom"
						},
						"4.6": {
							"post": [7.685, 0.6, 0.47],
							"lerp_mode": "catmullrom"
						},
						"4.7667": {
							"post": [8.29, 0.66, 0.6],
							"lerp_mode": "catmullrom"
						},
						"4.8333": {
							"post": [10.225, 0.625, 1.85],
							"lerp_mode": "catmullrom"
						},
						"4.9333": {
							"post": [8.5, 0.41, -0.44],
							"lerp_mode": "catmullrom"
						},
						"5.0667": {
							"post": [9.475, 0, 0.45],
							"lerp_mode": "catmullrom"
						},
						"5.2333": {
							"post": [7.78, -0.03, -0.03],
							"lerp_mode": "catmullrom"
						},
						"5.6333": {
							"post": [2.84, -0.03, -0.65],
							"lerp_mode": "catmullrom"
						},
						"5.7667": {
							"post": [2.36, -0.03, -0.75],
							"lerp_mode": "catmullrom"
						},
						"5.9": {
							"post": [1.98, -0.03, -0.76],
							"lerp_mode": "catmullrom"
						},
						"5.9667": {
							"post": [3.21, -0.03, 0.29],
							"lerp_mode": "catmullrom"
						},
						"6.0667": {
							"post": [1.34, -0.03, -1.445],
							"lerp_mode": "catmullrom"
						},
						"6.2": {
							"post": [2.08, -0.02, -0.315],
							"lerp_mode": "catmullrom"
						},
						"6.3667": {
							"post": [1.83, -0.02, -0.37],
							"lerp_mode": "catmullrom"
						},
						"6.6": {
							"post": [3.425, -0.01, 0.725],
							"lerp_mode": "catmullrom"
						},
						"6.7": {
							"post": [3.56, -0.01, 0.81],
							"lerp_mode": "catmullrom"
						},
						"6.7667": {
							"post": [2.5, -0.01, 1.68],
							"lerp_mode": "catmullrom"
						},
						"6.8667": {
							"post": [3.59, -0.01, 0.28],
							"lerp_mode": "catmullrom"
						},
						"6.9667": {
							"post": [3.32, 0, 0.935],
							"lerp_mode": "catmullrom"
						},
						"7.1667": {
							"post": [1.775, 0, -0.075],
							"lerp_mode": "catmullrom"
						},
						"7.3667": {
							"post": [-0.525, 0, -0.125],
							"lerp_mode": "catmullrom"
						},
						"7.4333": {
							"post": [0.225, 0, 0.325],
							"lerp_mode": "catmullrom"
						},
						"7.5333": {
							"post": [-0.175, 0, -0.15],
							"lerp_mode": "catmullrom"
						},
						"7.6333": {
							"post": [0.1, 0, 0.05],
							"lerp_mode": "catmullrom"
						},
						"7.7667": {
							"post": [0, 0, 0],
							"lerp_mode": "catmullrom"
						}
					}
				}
			},
			"sound_effects": {
				"0.0": {
					"effect": "tacz:sks/sks_reload_raise"
				},
				"2.1": {
					"effect": "tacz:sks/sks_reload_empty_rotate"
				},
				"3.4667": {
					"effect": "tacz:sks/sks_charge_01"
				},
				"3.6": {
					"effect": "tacz:sks/sks_charge_02"
				},
				"4.0667": {
					"effect": "tacz:sks/sks_charge_01"
				},
				"4.7333": {
					"effect": "tacz:sks/sks_charge_02"
				},
				"6.7333": {
					"effect": "tacz:sks/sks_charge_01"
				},
				"6.9": {
					"effect": "tacz:sks/sks_reload_xmag_end"
				}
			}
		},
		"shoot": {
			"animation_length": 0.66667,
			"bones": {
				"root": {
					"rotation": {
						"0.0": {
							"post": [0, 0, 0],
							"lerp_mode": "catmullrom"
						},
						"0.0333": {
							"post": [0.24839, 0.0283, -6.49994],
							"lerp_mode": "catmullrom"
						},
						"0.0667": {
							"post": [-2.75049, 0.00873, 3.99939],
							"lerp_mode": "catmullrom"
						},
						"0.1": {
							"post": [-2.16351, -0.12391, -1.41431],
							"lerp_mode": "catmullrom"
						},
						"0.1667": {
							"post": [-0.9984, 0.06651, 0.74977],
							"lerp_mode": "catmullrom"
						},
						"0.2667": {
							"post": [0.37499, -0.00327, 0.24998],
							"lerp_mode": "catmullrom"
						},
						"0.4": {
							"post": [-0.135, 0, -0.18],
							"lerp_mode": "catmullrom"
						},
						"0.5333": {
							"post": [0.125, 0, 0],
							"lerp_mode": "catmullrom"
						},
						"0.6667": {
							"post": [0, 0, 0],
							"lerp_mode": "catmullrom"
						}
					},
					"position": {
						"0.0": {
							"post": [0, 0, 0],
							"lerp_mode": "catmullrom"
						},
						"0.0333": {
							"post": [0, -0.3, 1.65],
							"lerp_mode": "catmullrom"
						},
						"0.0667": {
							"post": [0, 0.075, 1.455],
							"lerp_mode": "catmullrom"
						},
						"0.1333": {
							"post": [0, 0.0375, -0.325],
							"lerp_mode": "catmullrom"
						},
						"0.2333": {
							"post": [0, -0.0625, -0.075],
							"lerp_mode": "catmullrom"
						},
						"0.3667": {
							"post": [0, -0.0625, 0.03125],
							"lerp_mode": "catmullrom"
						},
						"0.5333": {
							"post": [0, 0, 0],
							"lerp_mode": "catmullrom"
						},
						"0.6667": {
							"post": [0, 0, 0],
							"lerp_mode": "catmullrom"
						}
					}
				},
				"bolt": {
					"position": {
						"0.0": [0, 0, 0],
						"0.0333": [0, 0, 4.725],
						"0.0667": [0, 0, 0]
					}
				},
				"bullet_in_barrel": {
					"scale": {
						"0.0": [0, 0, 0],
						"0.2333": {
							"pre": [0, 0, 0],
							"post": [1, 1, 1]
						}
					}
				},
				"camera": {
					"rotation": {
						"0.0": {
							"post": [0, 0, 0],
							"lerp_mode": "catmullrom"
						},
						"0.0333": {
							"post": [0, 0, 1.1],
							"lerp_mode": "catmullrom"
						},
						"0.0667": {
							"post": [0, 0, -0.75],
							"lerp_mode": "catmullrom"
						},
						"0.1": {
							"post": [0, 0, 0.755],
							"lerp_mode": "catmullrom"
						},
						"0.1333": {
							"post": [0, 0, -0.39],
							"lerp_mode": "catmullrom"
						},
						"0.1667": {
							"post": [0, 0, 0.28],
							"lerp_mode": "catmullrom"
						},
						"0.2333": {
							"post": [0, 0, -0.07],
							"lerp_mode": "catmullrom"
						},
						"0.3": {
							"post": [0, 0, 0],
							"lerp_mode": "catmullrom"
						}
					}
				}
			}
		}
	}
}