{
	"format_version": "1.8.0",
	"animations": {
		"static_idle": {
			"loop": true,
			"bones": {
				"righthand": {
					"rotation": [100.03742, 4.92385, -179.12962],
					"position": [-6.8, -14.2, 7.4],
					"scale": [1, 1.5, 1]
				},
				"lefthand": {
					"rotation": [90.4533, -389.73135, -129.57361],
					"position": [7.4, -12.7, -5.5],
					"scale": [1, 1.5, 1]
				},
				"constraint": {
					"rotation": [0.2, 0.2, 0.4],
					"position": [0.1, 0.1, 0.1]
				}
			}
		},
		"draw": {
			"animation_length": 0.85,
			"bones": {
				"righthand": {
					"rotation": {
						"0.25": [100.72722, -2.77836, -170.38597],
						"0.4": [100.03742, 4.92385, -179.12962],
						"0.45": [100.03742, 4.92385, -179.12962]
					},
					"position": {
						"0.15": [-10.07, -17.7, 6.73],
						"0.25": [-8.5, -14.2, 6.4],
						"0.4": [-6.6, -14.2, 6.7],
						"0.45": [-6.8, -14.2, 7.4]
					},
					"scale": [1, 1.5, 1]
				},
				"lefthand": {
					"rotation": {
						"0.0": [57.22, -380.04, -110.23],
						"0.05": [60.82, -381.84, -112.57],
						"0.1": [66.06, -384.48, -115.98],
						"0.15": [72.13, -387.54, -119.93],
						"0.2": [78.26, -390.56, -123.88],
						"0.25": [83.64, -393.11, -127.29],
						"0.3": [87.48, -394.73, -129.62],
						"0.35": [91.14, -394.56, -130.82],
						"0.4": [90.96, -392.23, -129.6],
						"0.45": [91.07, -391.3, -129.59],
						"0.5": [90.73, -390.38, -129.58],
						"0.55": [90.45, -389.73, -129.57]
					},
					"position": {
						"0.0": [12.41636, -13.31514, 0.19717],
						"0.1": [12.47747, -11.47752, -2.89416],
						"0.2": [7.4, -12.7, -5.5]
					},
					"scale": [1, 1.5, 1]
				},
				"root": {
					"rotation": {
						"0.0": [22.5, -22.5, 32.5],
						"0.05": [20.06, -18.7, 31.22],
						"0.1": [16.81, -14.77, 27.74],
						"0.15": [13.95, -14.79, 18.79],
						"0.2": [10.39, -13.75, 10.06],
						"0.25": [4.22, -5.52, 8.04],
						"0.3": [-0.89, 2.46, 7.09],
						"0.35": [-1.11, 3.39, 4.02],
						"0.4": [0.15, 2.42, 0.27],
						"0.45": [1.11, 1.43, -2],
						"0.5": [0.39, 0.29, 2.28],
						"0.55": [0.04, 0.2, -1.89],
						"0.6": [0.01, 0.16, -0.83],
						"0.65": [0.03, 0.12, 0.67],
						"0.7": [0.02, 0.09, 0.71],
						"0.75": [0.01, 0.05, 0.5],
						"0.8": [0.01, 0.02, 0.2],
						"0.85": [0, 0, 0]
					},
					"position": {
						"0.0": [-5, -14, 0],
						"0.05": [-4.77, -12.25, -0.1],
						"0.1": [-4.41, -9.74, -0.25],
						"0.15": [-3.79, -7.23, -0.38],
						"0.2": [-2.68, -4.71, -0.51],
						"0.25": [-1.31, -2.18, -0.63],
						"0.3": [-0.3, -0.4, -0.6],
						"0.35": [0.01, 0.1, -0.37],
						"0.4": [0.07, 0.06, -0.01],
						"0.45": [0.03, -0.18, 0.33],
						"0.5": [0.01, -0.3, 0.5],
						"0.55": [0.02, -0.18, 0.14],
						"0.6": [-0.01, -0.07, -0.32],
						"0.65": [-0.01, -0.03, -0.29],
						"0.7": [0, -0.01, -0.13],
						"0.75": [0, 0, 0]
					}
				},
				"camera": {
					"rotation": {
						"0.0": [0, 0, 0],
						"0.05": [0.24, -0.01, 0.01],
						"0.1": [0.55, -0.05, 0.1],
						"0.15": [0.88, -0.18, 0.43],
						"0.2": [1.1, -0.3, 0.7],
						"0.25": [1.08, -0.3, 0.66],
						"0.3": [0.98, -0.28, 0.53],
						"0.35": [0.85, -0.24, 0.39],
						"0.4": [0.7, -0.2, 0.3],
						"0.45": [0.26, -0.1, 0.37],
						"0.5": [-0.1, 0, 0.4],
						"0.55": [0.2, 0.1, -0.3],
						"0.6": [0.12, 0.06, -0.14],
						"0.65": [0, 0, 0.1],
						"0.7": [-0.01, -0.01, 0.07],
						"0.75": [0, 0, 0]
					}
				}
			},
			"sound_effects": {
				"0.05": {
					"effect": "ar_akilo_drop"
				},
				"0.4": {
					"effect": "ar_akilo_raise_shoulder"
				}
			}
		},
		"put_away": {
			"loop": "hold_on_last_frame",
			"animation_length": 0.4667,
			"bones": {
				"righthand": {
					"rotation": [100.03742, 4.92385, -179.12962],
					"position": [-6.8, -14.2, 7.4],
					"scale": [1, 1.5, 1]
				},
				"lefthand": {
					"rotation": {
						"0.0": [90.45, -389.73, -129.57],
						"0.0333": [125.75, -383.9, -174.6],
						"0.0667": [135.6, -376.74, -192.58],
						"0.1": [144.23, -367.72, -211.05],
						"0.1333": [150.15, -361.22, -224.03]
					},
					"position": {
						"0.0": [7.4, -12.7, -5.5],
						"0.0333": [8.55822, -11.32984, -5.84564],
						"0.0667": [8.73, -10.05, -4.84],
						"0.1": [8.79, -9.09, -3.82],
						"0.1333": [8.82, -8.4, -3.1]
					},
					"scale": [1, 1.5, 1]
				},
				"root": {
					"rotation": {
						"0.0": [0, 0, 0],
						"0.0333": [-0.47, -1.28, -1.35],
						"0.0667": [-0.64, -3.66, -2.19],
						"0.1": [-0.13, -6.1, -1.43],
						"0.1333": [0.72, -9.1, 0.04],
						"0.1667": [1.8, -12.38, 1.96],
						"0.2": [2.75, -14.8, 3.7],
						"0.2333": [3.83, -17.28, 5.74],
						"0.2667": [5.02, -20.11, 7.96],
						"0.3": [6.24, -23.59, 10.25],
						"0.3333": [7.57, -28.02, 12.73],
						"0.3667": [9, -33.18, 15.42],
						"0.4": [10.4, -38.56, 18.03],
						"0.4333": [11.64, -43.66, 20.29],
						"0.4667": [12.74, -48.81, 22.19]
					},
					"position": {
						"0.0": [0, 0, 0],
						"0.0333": [-0.21, -0.18, 0.14],
						"0.0667": [-0.45, -0.49, 0.28],
						"0.1": [-0.56, -0.77, 0.33],
						"0.1333": [-0.64, -1.11, 0.35],
						"0.1667": [-0.67, -1.47, 0.34],
						"0.2": [-0.67, -1.72, 0.3],
						"0.2333": [-0.65, -1.98, 0.23],
						"0.2667": [-0.58, -2.27, 0.15],
						"0.3": [-0.43, -2.62, 0.06],
						"0.3333": [-0.22, -3.06, -0.04],
						"0.3667": [0.06, -3.56, -0.15],
						"0.4": [0.42, -4.1, -0.26],
						"0.4333": [0.92, -4.65, -0.33],
						"0.4667": [1.49, -5.13, -0.36]
					}
				},
				"camera": {
					"rotation": {
						"0.0": [0, 0, 0],
						"0.0333": [0.05, 0, -0.04],
						"0.0667": [0.13, 0, -0.09],
						"0.1": [0.22, 0, -0.13],
						"0.1333": [0.3, 0, -0.12],
						"0.1667": [0.43, 0, 0],
						"0.2": [0.56, 0, 0.18],
						"0.2333": [0.64, 0, 0.3],
						"0.2667": [0.65, 0, 0.3],
						"0.3": [0.62, 0, 0.26],
						"0.3333": [0.57, 0, 0.2],
						"0.4667": [0, 0, 0]
					}
				}
			}
		},
		"reload_tactical": {
			"animation_length": 2.3,
			"bones": {
				"lefthand": {
					"rotation": {
						"0.0": [90.4533, -389.73135, -129.57361],
						"0.0667": [90.4533, -389.73135, -129.57361],
						"0.3667": [90.4533, -389.73135, -129.57361],
						"0.6667": [102.72797, -387.10059, -155.03276],
						"1.4667": [120.65, -379.22, -202.94],
						"1.5": [134.07, -374.68, -205.69],
						"1.5333": [126.67, -370.97, -216.14],
						"1.5667": [116.1, -371.86, -218.01],
						"1.6": [114.22, -374.46, -213.02],
						"1.6333": [112.35, -378.31, -205.36],
						"1.6667": [110.54, -382.98, -195.88],
						"1.7": [108.84, -388.06, -185.48],
						"1.7333": [107.3, -393.13, -175.02],
						"1.7667": [105.97, -397.76, -165.39],
						"1.8": [104.92, -401.54, -157.46],
						"1.8333": [86.9925, -403.925, -134.9325],
						"1.8667": [90.4533, -389.73135, -129.57361],
						"1.9": [90.4533, -389.73135, -129.57361]
					},
					"position": {
						"0.0": [7.4, -12.7, -5.5],
						"0.0667": [7.4, -12.7, -5.5],
						"0.3667": [6.58, -15.78, -1.89],
						"0.6667": [5.9, -17.72, -0.72],
						"1.4667": [5.9, -17.72, -0.72],
						"1.5": [5.96, -21.66, -2.29],
						"1.5333": [6.36, -25.16, -1.9],
						"1.5667": [7.59, -28.72, -0.07],
						"1.6": [9.93, -31.21, 3.61],
						"1.6333": [12.84, -33.4, 8.16],
						"1.6667": [14.33, -33.2, 9.95],
						"1.7": [13.86, -30.94, 8.31],
						"1.7333": [12.59, -27.24, 5.02],
						"1.7667": [10.95, -22.96, 1.06],
						"1.8": [9.37, -18.98, -2.57],
						"1.8333": [8.29, -16.14, -4.88],
						"1.8667": [7.4, -12.7, -5.5],
						"1.9": [7.4, -12.7, -5.5]
					},
					"scale": [1, 1.5, 1]
				},
				"righthand": {
					"rotation": [100.03742, 4.92385, -179.12962],
					"position": [-6.8, -14.2, 7.4],
					"scale": [1, 1.5, 1]
				},
				"root": {
					"rotation": {
						"0.0": [0, 0, 0],
						"0.0333": [0.25, -0.11, 0.32],
						"0.0667": [0.54, -0.29, 0.67],
						"0.1": [0.26, -0.59, 0.26],
						"0.1333": [-0.61, -0.88, -1.28],
						"0.1667": [-2.05, -1.28, -3.59],
						"0.2": [-4.49, -2.2, -6.32],
						"0.2333": [-8.73, -4.14, -9.9],
						"0.2667": [-13.97, -6.59, -13.91],
						"0.3": [-18.24, -8.43, -16.8],
						"0.3333": [-21.51, -9.16, -17.46],
						"0.3667": [-23.24, -9.14, -17.23],
						"0.4": [-24.32, -9.26, -18.86],
						"0.4333": [-24.7, -9.32, -20.66],
						"0.4667": [-24.59, -9.39, -21.49],
						"0.5": [-24.26, -9.46, -22.15],
						"0.5333": [-24.06, -9.59, -22.57],
						"0.5667": [-24.15, -9.83, -22.79],
						"0.6": [-24.39, -10.12, -22.77],
						"0.6333": [-24.68, -10.32, -22.37],
						"0.6667": [-25.24, -10.23, -20.41],
						"0.7": [-25.79, -10.27, -18.69],
						"0.7333": [-26.12, -10.65, -18.61],
						"0.7667": [-26.4, -11.23, -19.13],
						"0.8": [-26.38, -11.98, -20.4],
						"0.8333": [-24.33, -15.22, -28.89],
						"0.8667": [-26.63, -13.94, -26.75],
						"0.9": [-28.65, -12.9, -25.38],
						"0.9333": [-27.68, -14.27, -29.44],
						"0.9667": [-25.75, -16.46, -35.52],
						"1.0": [-24.35, -18.01, -40.09],
						"1.0333": [-24.13, -18.19, -41.47],
						"1.0667": [-24.45, -17.73, -41.34],
						"1.1": [-24.79, -17.36, -41.21],
						"1.1333": [-25.48, -17.52, -42.38],
						"1.1667": [-25.14, -17.64, -43.34],
						"1.2": [-24.51, -17.78, -44.48],
						"1.2333": [-24.02, -17.9, -45.13],
						"1.2667": [-23.47, -18.03, -45.85],
						"1.3": [-22.96, -18.17, -47.07],
						"1.3333": [-21.79, -18.66, -54.33],
						"1.3667": [-23.5, -17.71, -47.62],
						"1.4": [-24.99, -17.03, -41.24],
						"1.4333": [-24.35, -17.82, -43.68],
						"1.4667": [-23.02, -19.08, -48.66],
						"1.5": [-22.04, -19.64, -51.08],
						"1.5333": [-22.15, -18.79, -47.97],
						"1.5667": [-22.6, -17.23, -42.3],
						"1.6": [-22.19, -15.9, -37.79],
						"1.6333": [-20.49, -15.48, -37.06],
						"1.6667": [-17.93, -15.3, -37.5],
						"1.7": [-14.6, -14.25, -35],
						"1.7333": [-11.93, -12.75, -30.39],
						"1.7667": [-8.66, -10.69, -23.83],
						"1.8": [-5.28, -8.44, -16.66],
						"1.8333": [-2.27, -6.36, -10.2],
						"1.8667": [-0.1, -4.82, -5.79],
						"1.9": [1.19, -2.73, -5.47],
						"1.9333": [1.54, -2.18, -3.63],
						"1.9667": [1.82, -1.71, -1.16],
						"2.0": [1.87, -1.34, 0.45],
						"2.0333": [1.51, -1.16, 0.32],
						"2.0667": [0.92, -1.07, -0.65],
						"2.1": [0.44, -0.93, -1.26],
						"2.1333": [0.2, -0.63, -0.88],
						"2.1667": [0.08, -0.26, -0.12],
						"2.2": [0, 0, 0.41],
						"2.2333": [-0.03, 0.07, 0.41],
						"2.2667": [-0.02, 0.03, 0.18],
						"2.3": [0, 0, 0]
					},
					"position": {
						"0.0": [0, 0, 0],
						"0.0333": [-0.02, -0.05, 0],
						"0.0667": [-0.04, -0.13, 0],
						"0.1": [-0.07, -0.2, 0.01],
						"0.1333": [-0.12, -0.22, 0.06],
						"0.1667": [-0.19, -0.2, 0.18],
						"0.2": [-0.28, -0.14, 0.34],
						"0.2333": [-0.37, -0.07, 0.5],
						"0.2667": [-0.44, 0.01, 0.58],
						"0.3": [-0.51, 0.14, 0.53],
						"0.3333": [-0.56, 0.28, 0.4],
						"0.3667": [-0.6, 0.3, 0.28],
						"0.4": [-0.62, 0.2, 0.24],
						"0.4333": [-0.63, 0.03, 0.2],
						"0.4667": [-0.64, -0.17, 0.18],
						"0.5": [-0.64, -0.35, 0.15],
						"0.5333": [-0.65, -0.47, 0.13],
						"0.5667": [-0.66, -0.51, 0.11],
						"0.6": [-0.67, -0.5, 0.09],
						"0.6333": [-0.67, -0.46, 0.07],
						"0.6667": [-0.68, -0.41, 0.05],
						"0.7": [-0.68, -0.37, 0.03],
						"0.7333": [-0.67, -0.29, -0.01],
						"0.7667": [-0.65, -0.2, -0.05],
						"0.8": [-0.64, -0.14, -0.08],
						"0.8333": [-0.78, -0.21, -0.12],
						"0.8667": [-0.96, 0.14, -0.15],
						"0.9": [-1.07, 0.45, -0.19],
						"0.9333": [-1.04, 0.43, -0.21],
						"0.9667": [-0.95, 0.34, -0.22],
						"1.0": [-0.85, 0.21, -0.24],
						"1.0333": [-0.76, 0.08, -0.25],
						"1.0667": [-0.67, -0.13, -0.25],
						"1.1": [-0.58, -0.35, -0.25],
						"1.1333": [-0.51, -0.52, -0.25],
						"1.1667": [-0.43, -0.59, -0.25],
						"1.2": [-0.39, -0.57, -0.25],
						"1.2333": [-0.43, -0.53, -0.25],
						"1.2667": [-0.5, -0.47, -0.25],
						"1.3": [-0.5, -0.47, -0.25],
						"1.3333": [0.01, -1.01, -0.25],
						"1.3667": [0.17, -1.13, -0.25],
						"1.4": [0.12, -1, -0.24],
						"1.4333": [0, -0.82, -0.24],
						"1.4667": [-0.12, -0.71, -0.24],
						"1.5": [-0.26, -0.61, -0.24],
						"1.5333": [-0.41, -0.56, -0.25],
						"1.5667": [-0.58, -0.59, -0.28],
						"1.6": [-0.75, -0.68, -0.33],
						"1.6333": [-0.9, -0.79, -0.38],
						"1.6667": [-1.06, -1.02, -0.43],
						"1.7": [-1.11, -1.24, -0.54],
						"1.7333": [-1.04, -1.3, -0.75],
						"1.7667": [-0.9, -1.32, -1.02],
						"1.8": [-0.77, -1.32, -1.23],
						"1.8333": [-0.67, -1.3, -1.41],
						"1.8667": [-0.58, -1.26, -1.54],
						"1.9": [-0.47, -1.16, -1.42],
						"1.9333": [-0.33, -0.97, -0.82],
						"1.9667": [-0.19, -0.73, 0.03],
						"2.0": [-0.07, -0.51, 0.57],
						"2.0333": [-0.01, -0.29, 0.33],
						"2.0667": [0, -0.14, -0.15],
						"2.1": [0.01, -0.07, -0.15],
						"2.1333": [0, -0.03, -0.04],
						"2.1667": [0, 0, 0.04],
						"2.2": [0, 0.01, 0.04],
						"2.2333": [0, 0.01, 0.03],
						"2.2667": [0, 0, 0.01],
						"2.3": [0, 0, 0]
					}
				},
				"mag_and_bullet": {
					"scale": {
						"0.0": [0, 0, 0],
						"0.3333": [0, 0, 0],
						"0.3667": [1, 1, 1]
					}
				},
				"additional_magazine": {
					"rotation": {
						"0.7667": {
							"pre": [0, 0, 0],
							"post": [0, 0, 0],
							"lerp_mode": "catmullrom"
						},
						"0.8": {
							"post": [0.05, 0, 0.0125],
							"lerp_mode": "catmullrom"
						},
						"0.9": {
							"post": [-14.29947, -2.2908, -2.50548],
							"lerp_mode": "catmullrom"
						},
						"1.0333": {
							"post": [-27.93111, -9.50697, -15.735],
							"lerp_mode": "catmullrom"
						},
						"1.2": {
							"post": [-60.87587, -22.75816, -23.07299],
							"lerp_mode": "catmullrom"
						}
					},
					"position": {
						"0.7667": {
							"pre": [0, 0, 0],
							"post": [0, 0, 0],
							"lerp_mode": "catmullrom"
						},
						"0.8": {
							"post": [-0.0025, -0.02, 0.0075],
							"lerp_mode": "catmullrom"
						},
						"0.9667": {
							"post": [-2.7525, -15.27, -6.8925],
							"lerp_mode": "catmullrom"
						},
						"1.0667": {
							"post": [-5.19411, -23.37152, -7.92434],
							"lerp_mode": "catmullrom"
						},
						"1.2": {
							"post": [-12.75501, -28.61632, 6.37149],
							"lerp_mode": "catmullrom"
						}
					}
				},
				"constraint": {
					"rotation": {
						"0.0": [0.02, 0.02, 0.02],
						"1.6667": [0.02, 0.02, 0.02],
						"2.0": [0.2, 0.2, 0.2]
					},
					"position": {
						"0.0": [0.05, 0.05, 0.05],
						"1.6667": [0.05, 0.05, 0.05],
						"2.0": [0.1, 0.1, 0.1]
					}
				},
				"lefthand_and_mag": {
					"rotation": {
						"0.0": [0, 0, 0],
						"0.0333": [0, 0, 0],
						"0.0667": [0, 0, 0],
						"0.1": [-2.67, 0, -9.5],
						"0.1333": [-6.22, 0, -22.93],
						"0.1667": [-8, 0, -35.44],
						"0.2": [-7.3, 0, -41.82],
						"0.2333": [-5.57, 0, -48.17],
						"0.2667": [-3.39, 0, -54.03],
						"0.3": [-1.34, 0, -58.95],
						"0.3333": [0, 0, -62.5],
						"0.3667": [0, 0, -62.5],
						"0.4": [0.02, 0.59, -81.67],
						"0.4333": [2.21, 1.01, -91.28],
						"0.4667": [7.83, 0.71, -71.49],
						"0.5": [15.13, 0.15, -40.01],
						"0.5333": [19.54, -0.33, -14.83],
						"0.5667": [16.45, -0.83, -0.16],
						"0.6": [10.84, -1.03, 4.95],
						"0.6333": [8, 0, 5],
						"0.6667": [7.87, 0.17, 3.76],
						"0.7": [7.74, 0.34, 2.52],
						"0.7333": [7.83, 0.23, 3.35],
						"0.7667": [7.91, 0.11, 4.17],
						"0.8": [8, 0, 5],
						"0.8333": [4.28, -0.58, 4.9],
						"0.8667": [-1.06, -1.37, 4.24],
						"0.9": [-6.35, -2.29, 2.48],
						"0.9333": [-14.51, -4.12, -3.91],
						"0.9667": [-20.25, -5.67, -9.99],
						"1.0": [-20.34, -6.01, -11.04],
						"1.0333": [-18.96, -6.15, -11.23],
						"1.0667": [-16.98, -6.05, -10.81],
						"1.1": [-15.25, -5.67, -9.99],
						"1.1333": [-11.67, -4.82, -8.49],
						"1.1667": [-10.33, -3.97, -6.99],
						"1.2": [-11.99, -3.12, -5.49],
						"1.2333": [-15.9, -2.27, -3.99],
						"1.2667": [-16.06, -1.42, -2.5],
						"1.3": [-12.91, -0.71, -1.25],
						"1.3333": [0, 0, 0]
					},
					"position": {
						"0.0": [0, 0, 0],
						"0.0333": [0, 0, 0],
						"0.0667": [0, 0, 0],
						"0.1": [1.24, -0.32, 0.29],
						"0.1333": [2.97, -0.91, 0.75],
						"0.1667": [4.51, -2.35, 1.59],
						"0.2": [5.38, -4.45, 2.63],
						"0.2333": [6.15, -7.25, 3.97],
						"0.2667": [6.78, -10.1, 5.36],
						"0.3": [7.26, -12.36, 6.57],
						"0.3333": [7.6, -16.35, 9.88],
						"0.3667": [10.15, -10.85, 9.88],
						"0.4": [9.24, -9.44, 7.52],
						"0.4333": [7.65, -8.02, 4.07],
						"0.4667": [5.89, -6.55, 0.69],
						"0.5": [4.47, -4.99, -1.46],
						"0.5333": [3.48, -3.16, -1.8],
						"0.5667": [2.66, -1.13, -1.05],
						"0.6": [2.02, 0.72, 0.05],
						"0.6333": [1.56, 1.98, 0.77],
						"0.6667": [1.56, 1.88, 0.77],
						"0.7": [1.56, 1.78, 0.77],
						"0.7333": [1.56, 1.77, 0.77],
						"0.7667": [1.56, 1.76, 0.77],
						"0.8": [1.56, 1.74, 0.77],
						"0.8333": [1.57, 0.92, 0.33],
						"0.8667": [1.59, -0.3, -0.33],
						"0.9": [1.6, -1.64, -1.05],
						"0.9333": [1.6, -2.8, -1.7],
						"0.9667": [1.56, -3.52, -2.13],
						"1.0": [1.45, -3.62, -2.32],
						"1.0333": [1.06125, -3.19, -1.79],
						"1.0667": [0.89125, -2.59, -0.9],
						"1.1": [0.24125, -2.22, -0.53],
						"1.1333": [0.2412, -2.28, -0.38],
						"1.1667": [0.2412, -2.35, -0.47],
						"1.2": [0.2412, -2.41, -0.57],
						"1.2333": [0.23125, -2.31, -0.84],
						"1.2667": [0.23125, -2.31, -0.84],
						"1.3": [0.14, -1.1, -0.55],
						"1.3333": [0, 0, 0]
					}
				},
				"mag_release": {
					"rotation": {
						"0.6333": [0, 0, 0],
						"0.7": [-35, 0, 0],
						"0.8667": [-35, 0, 0],
						"0.9333": [0, 0, 0]
					}
				},
				"camera": {
					"rotation": {
						"0.0": [0, 0, 0],
						"0.0333": [0.04, 0.02, -0.01],
						"0.0667": [0.08, 0.05, -0.03],
						"0.1": [0.14, 0.09, -0.05],
						"0.1333": [0.24, 0.13, -0.08],
						"0.1667": [0.4, 0.19, -0.14],
						"0.2": [0.71, 0.28, -0.26],
						"0.2333": [1.13, 0.38, -0.42],
						"0.2667": [1.55, 0.49, -0.57],
						"0.3": [1.9, 0.58, -0.65],
						"0.3333": [2.15, 0.65, -0.62],
						"0.3667": [2.35, 0.7, -0.51],
						"0.4": [2.5, 0.75, -0.41],
						"0.4333": [2.61, 0.78, -0.39],
						"0.4667": [2.67, 0.8, -0.51],
						"0.5": [2.68, 0.8, -0.71],
						"0.5333": [2.66, 0.81, -0.93],
						"0.5667": [2.62, 0.83, -1.09],
						"0.6": [2.58, 0.85, -1.15],
						"0.6333": [2.5, 0.88, -1.21],
						"0.6667": [2.41, 0.92, -1.26],
						"0.7": [2.32, 0.95, -1.3],
						"0.7333": [2.26, 0.98, -1.33],
						"0.7667": [2.23, 1, -1.33],
						"0.8": [2.26, 1, -1.31],
						"0.8333": [2.91, 0.88, -0.92],
						"0.8667": [3.54, 0.71, -0.65],
						"0.9": [3.48, 0.63, -0.99],
						"0.9333": [3.22, 0.56, -1.54],
						"0.9667": [2.99, 0.5, -1.89],
						"1.0": [2.88, 0.48, -1.88],
						"1.0333": [2.77, 0.45, -1.76],
						"1.0667": [2.67, 0.44, -1.59],
						"1.1": [2.61, 0.44, -1.42],
						"1.1333": [2.63, 0.46, -1.31],
						"1.1667": [2.74, 0.51, -1.29],
						"1.2": [2.93, 0.58, -1.31],
						"1.2333": [3.16, 0.66, -1.34],
						"1.2667": [3.4, 0.74, -1.35],
						"1.3": [3.61, 0.8, -1.31],
						"1.3333": [4.45, 0.95, -0.59],
						"1.3667": [3.92, 0.96, -1.05],
						"1.4": [3.31, 0.95, -1.53],
						"1.4333": [3.31, 0.96, -1.41],
						"1.4667": [3.46, 0.96, -1.12],
						"1.5": [3.54, 0.95, -0.89],
						"1.5333": [3.49, 0.93, -0.84],
						"1.5667": [3.41, 0.91, -0.84],
						"1.6": [3.27, 0.86, -0.85],
						"1.6333": [3.04, 0.8, -0.81],
						"1.6667": [2.67, 0.7, -0.73],
						"1.7": [2.18, 0.57, -0.63],
						"1.7333": [1.68, 0.44, -0.5],
						"1.7667": [1.24, 0.32, -0.35],
						"1.8": [0.76, 0.19, -0.04],
						"1.8333": [0.34, 0.08, 0.32],
						"1.8667": [0.03, 0, 0.5],
						"1.9": [-0.18, -0.03, 0.34],
						"1.9333": [-0.28, -0.04, 0.01],
						"1.9667": [-0.31, -0.03, -0.21],
						"2.0": [-0.25, -0.03, -0.2],
						"2.0333": [-0.14, -0.02, -0.11],
						"2.0667": [-0.02, -0.01, 0.01],
						"2.1": [0.06, 0, 0.08],
						"2.1333": [0.08, 0, 0.08],
						"2.1667": [0.07, 0, 0.07],
						"2.2": [0.05, 0, 0.06],
						"2.2333": [0.03, 0, 0.03],
						"2.2667": [0.01, 0, 0.01],
						"2.3": [0, 0, 0]
					}
				}
			},
			"sound_effects": {
				"0.0": {
					"effect": "tacz:ak47/ak47_reload_empty_up"
				},
				"0.7333": {
					"effect": "tacz:hk_mp5a5/hk_mp5a5_reload_magout"
				},
				"1.0333": {
					"effect": "tacz:hk_mp5a5/hk_mp5a5_reload_magin"
				},
				"1.6667": {
					"effect": "tacz:ak47/ak47_reload_empty_shoulder"
				}
			}
		},
		"inspect": {
			"animation_length": 7.7,
			"bones": {
				"righthand": {
					"rotation": {
						"0.0": [100.03742, 4.92385, -179.12962],
						"5.05": [100.04, 4.92, -179.13],
						"5.1": [95.18, 8.03, -207.27],
						"5.15": [90.32, 11.13, -235.41],
						"5.2": [85.46, 14.24, -263.55],
						"5.25": [80.6, 17.34, -291.7],
						"5.3": [81.46, 15.52, -286.59],
						"5.35": [82.33, 13.69, -281.49],
						"5.4": [83.48, 15.37, -273.69],
						"5.45": [85.57, 27.21, -264.73],
						"5.5": [87.73, 39.25, -256.72],
						"5.55": [88.27, 41.33, -255.61],
						"5.6": [88.71, 42.35, -255.44],
						"5.65": [89.05, 42.66, -255.8],
						"5.7": [89.3, 42.63, -256.28],
						"5.75": [89.47, 42.59, -256.45],
						"5.8": [89.54, 42.44, -256.27],
						"5.85": [89.51, 41.93, -256.03],
						"5.9": [89.4, 41.25, -255.77],
						"5.95": [89.24, 40.57, -255.58],
						"6.0": [89.07, 40.08, -255.52],
						"6.05": [89.08, 39.86, -255.45],
						"6.1": [89.26, 39.64, -255.27],
						"6.15": [89.5, 39.43, -255.06],
						"6.2": [89.69, 39.25, -254.92],
						"6.25": [89.72, 39.12, -254.92],
						"6.3": [89.47, 39.06, -255.16],
						"6.35": [88.84, 39.1, -255.73],
						"6.4": [87.73, 39.25, -256.72],
						"6.45": [66.67, 43.46, -275.1],
						"6.5": [95.92, 47.93, -235.06],
						"6.55": [117.79, 39.14, -206.23],
						"6.6": [132.44, 25.43, -178.18],
						"6.65": [103.95, -9.46, -144.34],
						"6.7": [98.11, -16.77, -140.05],
						"6.75": [97.11, -15.41, -145.09],
						"6.8": [102.24, 2.39, -165.97],
						"6.85": [107.32, 19.15, -185.91],
						"6.9": [105.92, 17.49, -186.92],
						"6.95": [102.57, 10.42, -182.65],
						"7.0": [100.03742, 4.92385, -179.12962]
					},
					"position": {
						"0.0": [-6.8, -14.2, 7.4],
						"5.05": [-6.3, -14.2, 7.4],
						"5.1": [-8.01, -13.35, 5.48],
						"5.15": [-8.85, -12.74, 3.08],
						"5.2": [-9.43, -11.68, 3.3],
						"5.25": [-9.05, -11.17, 2.35],
						"5.3": [-9.05, -11.1, 2.11],
						"5.35": [-9.05, -11.02, 1.88],
						"5.4": [-9.05, -11.03, 2.21],
						"5.45": [-9.05, -11.05, 2.75],
						"5.5": [-9.05, -11.07, 3.15],
						"5.55": [-9.05, -11.09, 3.27],
						"5.6": [-9.05, -11.1, 3.26],
						"5.65": [-9.05, -11.11, 3.25],
						"5.7": [-9.05, -11.12, 3.26],
						"5.75": [-9.05, -11.12, 3.27],
						"5.8": [-9.05, -11.12, 3.27],
						"5.85": [-9.05, -11.11, 3.28],
						"5.9": [-9.05, -11.11, 3.3],
						"5.95": [-9.05, -11.12, 3.32],
						"6.0": [-9.05, -11.12, 3.36],
						"6.05": [-9.05, -11.13, 3.4],
						"6.1": [-9.05, -11.14, 3.43],
						"6.15": [-9.05, -11.14, 3.43],
						"6.2": [-9.05, -11.14, 3.39],
						"6.25": [-9.05, -11.14, 3.35],
						"6.3": [-9.05, -11.13, 3.31],
						"6.35": [-9.05, -11.13, 3.26],
						"6.4": [-9.05, -11.13, 3.22],
						"6.45": [-9.05, -11.44, 4.08],
						"6.5": [-9.81, -11.69, 3.81],
						"6.55": [-10.34, -11.97, 4.31],
						"6.6": [-10.57, -11.94, 3.26],
						"6.65": [-8.8, -9.74, 2.28],
						"6.7": [-8.72, -9.44, 1.93],
						"6.75": [-8.8, -9.74, 2.28],
						"6.8": [-9.1, -11.43, 2.8],
						"6.85": [-8.82, -12.79, 2],
						"6.9": [-8.06, -13.4, 3.8],
						"6.95": [-7.04, -13.88, 5.9],
						"7.0": [-6.8, -14.2, 7.4]
					},
					"scale": [1, 1.5, 1]
				},
				"lefthand": {
					"rotation": {
						"0.0": [90.4533, -389.73135, -129.57361],
						"0.15": [108.12763, -408.44328, -187.84224],
						"0.3": [99.03115, -410.32616, -175.88398],
						"1.5": [99.03, -410.33, -175.88],
						"1.55": [100.84, -403.04, -181.84],
						"1.6": [103.46, -392.64, -190.33],
						"1.65": [106.31, -382.34, -198.62],
						"1.75": [115.56394, -355.23367, -219.6111],
						"1.85": [125.38208, -355.81641, -216.65153],
						"1.95": [123.85876, -356.5603, -214.79789],
						"2.05": [119.40098, -373.78197, -208.72665],
						"2.1": [111.80256, -366.89223, -195.46899],
						"2.25": [104.97284, -355.46758, -191.74261],
						"2.4": [110.05473, -355.63742, -191.11203],
						"2.75": [110.05473, -355.63742, -191.11203],
						"2.9": [108.49, -354.88, -191.9],
						"3.0": [109.1233, -358.76128, -180.52526],
						"4.0": [109.1233, -358.76128, -180.52526],
						"4.1": [115.79932, -356.8725, -209.45764],
						"4.75": [115.79932, -356.8725, -209.45764],
						"4.95": [111.59, -376.59, -161.53],
						"5.05": [72.4533, -389.73135, -129.57361],
						"5.3": [69.4533, -389.73135, -129.57361],
						"6.95": [71.4533, -389.73135, -129.57361],
						"7.1": [90.4533, -389.73135, -129.57361]
					},
					"position": {
						"0.0": [7.4, -12.7, -5.5],
						"0.15": [14.3, -27.8, -3.8],
						"0.3": [9.9, -45.2, 22.9],
						"1.5": [9.9, -45.2, 22.9],
						"1.55": [8.99, -36.38, 15.62],
						"1.6": [8.09, -27.57, 8.33],
						"1.65": [7.18, -18.75, 1.05],
						"1.75": [7.35, -16.5, -0.5],
						"1.95": [7.35, -16.5, -0.5],
						"2.05": [7.35, -16.975, -0.1],
						"2.25": [7.31, -16.92, 0.255],
						"2.9": [7.31, -16.92, 0.255],
						"3.0": [8.54, -16.78, -0.6],
						"4.0": [8.54, -16.78, -0.6],
						"4.1": [7.65, -17.1, -0.275],
						"4.75": [7.65, -17.1, -0.275],
						"4.9": [7.91, -15.06, -4.48],
						"5.05": [8.1, -12.1, -8.5],
						"6.95": [8.1, -12.1, -8.5],
						"7.1": [7.4, -12.7, -5.5]
					},
					"scale": [1, 1.5, 1]
				},
				"root": {
					"rotation": {
						"0.0": [0, 0, 0],
						"0.05": [-0.62, 0.43, -0.94],
						"0.1": [-1.68, 0.82, -2.72],
						"0.15": [-3.95, -0.36, -7.56],
						"0.2": [-8.54, -4.6, -18.61],
						"0.25": [-14.33, -10.41, -32.73],
						"0.3": [-18.77, -14.74, -42.66],
						"0.35": [-20.73, -16.13, -44.45],
						"0.4": [-21.35, -16.04, -42.06],
						"0.45": [-21.53, -15.87, -40.06],
						"0.5": [-21.34, -15.94, -40.19],
						"0.55": [-20.72, -15.92, -40.72],
						"0.6": [-20.26, -16.24, -41.03],
						"0.65": [-20.22, -16.64, -40.95],
						"0.7": [-20.25, -17.18, -40.76],
						"0.75": [-20.33, -17.81, -40.51],
						"0.8": [-20.42, -18.47, -40.27],
						"0.85": [-20.5, -19.1, -40.09],
						"0.9": [-20.53, -19.65, -40.05],
						"0.95": [-20.52, -20.59, -40.36],
						"1.0": [-20.45, -21.43, -40.94],
						"1.05": [-20.31, -22.22, -41.47],
						"1.1": [-19.9, -23.44, -41.99],
						"1.15": [-19.5, -24.31, -42.51],
						"1.2": [-19.41, -24.38, -43.02],
						"1.25": [-19.4, -24.2, -43.57],
						"1.3": [-19.4, -24.04, -43.96],
						"1.35": [-19.47, -24.11, -44.03],
						"1.4": [-19.61, -24.27, -43.96],
						"1.45": [-19.64, -24.31, -43.9],
						"1.5": [-19.4, -24.04, -43.96],
						"1.55": [-18.2, -23.17, -45.14],
						"1.6": [-16.62, -21.87, -46.48],
						"1.65": [-15.99, -20.15, -45.35],
						"1.7": [-17.21, -17.52, -39.08],
						"1.75": [-19.37, -14.47, -30.34],
						"1.8": [-21.04, -12.52, -24.55],
						"1.85": [-21.69, -14.72, -30.29],
						"1.9": [-22.85, -15.52, -32.06],
						"1.95": [-23.93, -16.04, -33.1],
						"2.0": [-23.93, -16.04, -33.1],
						"2.05": [-23.82, -18.75, -38.32],
						"2.1": [-25.34, -16.99, -36.54],
						"2.15": [-26.69, -14.89, -34.23],
						"2.2": [-26.07, -14.81, -34.6],
						"2.25": [-25.15, -14.84, -35.23],
						"2.3": [-25.17, -14.01, -34.85],
						"2.35": [-25.42, -12.86, -34.14],
						"2.4": [-25.65, -11.93, -33.23],
						"2.45": [-25.76, -11.55, -32.25],
						"2.5": [-25.87, -11.31, -31.02],
						"2.55": [-25.95, -11.17, -29.94],
						"2.6": [-26.02, -11.06, -29.42],
						"2.65": [-26.04, -11.01, -29.55],
						"2.7": [-26.04, -11.01, -30.02],
						"2.75": [-26.04, -11.03, -30.67],
						"2.8": [-26.03, -11.06, -31.37],
						"2.85": [-26.02, -11.09, -31.98],
						"2.9": [-26.02, -11.09, -32.35],
						"2.95": [-26.03, -11.08, -32.45],
						"3.0": [-26.04, -11.07, -32.48],
						"3.05": [-26.06, -11.05, -32.44],
						"3.1": [-26.07, -11.03, -32.36],
						"3.15": [-26.09, -11.01, -32.27],
						"3.2": [-26.1, -10.99, -32.16],
						"3.25": [-26.11, -10.96, -32.07],
						"3.3": [-26.11, -10.94, -32.01],
						"3.35": [-26.1, -10.91, -32.01],
						"3.4": [-26.1, -10.89, -32.04],
						"3.45": [-26.1, -10.87, -32.12],
						"3.5": [-26.12, -10.84, -32.22],
						"3.55": [-26.14, -10.82, -32.34],
						"3.6": [-26.15, -10.79, -32.47],
						"3.65": [-26.16, -10.77, -32.6],
						"3.7": [-26.15, -10.74, -32.71],
						"3.75": [-26.13, -10.72, -32.8],
						"3.8": [-26.08, -10.69, -32.86],
						"3.85": [-26.01, -10.66, -32.88],
						"3.9": [-25.9, -10.63, -32.84],
						"3.95": [-25.76, -10.6, -32.73],
						"4.0": [-24.68, -10.24, -31.08],
						"4.05": [-23.25, -9.88, -28.89],
						"4.1": [-22.18, -10.23, -28.68],
						"4.15": [-21.77, -12.08, -32.58],
						"4.2": [-21.72, -14.66, -38.45],
						"4.25": [-21.84, -16.35, -42.44],
						"4.3": [-22.09, -16.28, -42.57],
						"4.35": [-22.51, -15.34, -40.82],
						"4.4": [-23.02, -14.59, -39.21],
						"4.45": [-24.38, -14.76, -38.72],
						"4.5": [-25.01, -14.56, -37.23],
						"4.55": [-20.36, -9.81, -25.97],
						"4.6": [-19.38, -12.98, -35.76],
						"4.65": [-22.53, -10.51, -29.94],
						"4.7": [-22.52, -11.57, -32.43],
						"4.75": [-22.36, -11.69, -32.99],
						"4.8": [-22.97, -9.33, -28.93],
						"4.85": [-23.83, -5.72, -22.15],
						"4.9": [-24.36, -1.68, -11.65],
						"4.95": [-24.18, 3.11, 5.86],
						"5.0": [-23.66, 8.33, 27.1],
						"5.05": [-23.47, 12.24, 43.26],
						"5.1": [-25.38, 14.44, 52.36],
						"5.15": [-26.57, 14.68, 54.28],
						"5.2": [-27.94, 14.71, 55.66],
						"5.25": [-29.01, 14.71, 56.61],
						"5.3": [-29.59, 14.74, 57.12],
						"5.35": [-29.89, 14.81, 57.05],
						"5.4": [-30.69, 15.17, 56.97],
						"5.45": [-31.32, 15.4, 56.65],
						"5.5": [-31.32, 15.22, 56.27],
						"5.55": [-31.15, 14.88, 55.74],
						"5.6": [-30.94, 14.55, 55.29],
						"5.65": [-30.79, 14.41, 55.15],
						"5.7": [-30.73, 14.5, 55.34],
						"5.75": [-30.68, 14.69, 55.74],
						"5.8": [-30.64, 14.94, 56.25],
						"5.85": [-30.62, 15.19, 56.75],
						"5.9": [-30.61, 15.39, 57.15],
						"5.95": [-30.63, 15.49, 57.34],
						"6.0": [-30.7, 15.46, 57.26],
						"6.05": [-30.8, 15.35, 57],
						"6.1": [-30.92, 15.19, 56.63],
						"6.15": [-31.05, 15.01, 56.24],
						"6.2": [-31.16, 14.83, 55.89],
						"6.25": [-31.25, 14.71, 55.68],
						"6.3": [-31.31, 14.63, 55.8],
						"6.35": [-31.33, 14.6, 56.13],
						"6.4": [-31.42, 14.31, 55.95],
						"6.45": [-32.27, 11.64, 51.6],
						"6.5": [-32.72, 9.6, 47.39],
						"6.55": [-33.22, 7.15, 42.23],
						"6.6": [-33.57, 5.33, 38.62],
						"6.65": [-33.55, 4.74, 39.6],
						"6.7": [-33.06, 2.25, 33.02],
						"6.75": [-31.68, 1.35, 30.92],
						"6.8": [-29.66, 0.47, 28.95],
						"6.85": [-26.67, -0.08, 27.51],
						"6.9": [-19.21, 0.12, 27.94],
						"6.95": [-11.7, 0.59, 26.88],
						"7.0": [-8.76, 0.62, 22.16],
						"7.05": [-6.74, 0.56, 15.58],
						"7.1": [-4.93, 0.46, 9.54],
						"7.15": [-2.23, 0.23, 1.97],
						"7.2": [0, 0, -3],
						"7.25": [3, -0.05, 0.4],
						"7.3": [1.5, -0.03, 1.02],
						"7.35": [0, 0, 1.64],
						"7.4": [0, 0, 0.82],
						"7.45": [0, 0, 0],
						"7.5": [0, 0, 0],
						"7.55": [0, 0, 0],
						"7.6": [0, 0, 0]
					},
					"position": {
						"0.0": [0, 0, 0],
						"0.05": [-0.08, -0.25, 0.01],
						"0.1": [-0.19, -0.56, 0.03],
						"0.15": [-0.3, -0.65, 0],
						"0.2": [-0.41, -0.28, -0.12],
						"0.25": [-0.52, 0.32, -0.29],
						"0.3": [-0.6, 0.8, -0.4],
						"0.35": [-0.62, 1.09, -0.38],
						"0.4": [-0.6, 1.2, -0.3],
						"0.45": [-0.6, 1.21, -0.29],
						"0.5": [-0.6, 1.19, -0.29],
						"0.55": [-0.6, 1.21, -0.28],
						"0.6": [-0.6, 1.24, -0.27],
						"0.65": [-0.6, 1.3, -0.27],
						"0.7": [-0.6, 1.38, -0.3],
						"0.75": [-0.6, 1.49, -0.36],
						"0.8": [-0.6, 1.64, -0.43],
						"0.85": [-0.6, 1.8, -0.52],
						"0.9": [-0.6, 1.96, -0.62],
						"0.95": [-0.6, 2.08, -0.72],
						"1.0": [-0.6, 2.21, -0.83],
						"1.05": [-0.6, 2.34, -0.95],
						"1.1": [-0.6, 2.45, -1.05],
						"1.15": [-0.6, 2.53, -1.12],
						"1.2": [-0.6, 2.58, -1.17],
						"1.25": [-0.6, 2.61, -1.2],
						"1.3": [-0.6, 2.61, -1.21],
						"1.35": [-0.6, 2.59, -1.22],
						"1.4": [-0.6, 2.53, -1.22],
						"1.45": [-0.61, 2.36, -1.28],
						"1.5": [-0.6, 1.8, -1.22],
						"1.55": [-0.6, 0.78, -1.08],
						"1.6": [-0.58, -0.52, -0.85],
						"1.65": [-0.45, -1.39, -0.43],
						"1.7": [-0.1, -1.45, 0.38],
						"1.75": [0.36, -1.09, 1.38],
						"1.8": [0.7, -0.8, 2.1],
						"1.85": [0.7, -0.9, 2.1],
						"1.9": [0.69, -0.81, 2.1],
						"1.95": [0.7, -0.7, 2.1],
						"2.0": [0.85, -0.7, 2.1],
						"2.05": [1, -0.7, 2.1],
						"2.1": [0.97, -0.91, 2.1],
						"2.15": [0.47, -1, 2.1],
						"2.2": [-0.05, -1.1, 2.1],
						"2.25": [-0.28, -1.4, 2.1],
						"2.3": [-0.26, -1.52, 2.1],
						"2.35": [-0.2, -1.6, 2.1],
						"2.4": [-0.16, -1.59, 2.1],
						"2.45": [-0.12, -1.54, 2.1],
						"2.5": [-0.12, -1.5, 2.1],
						"2.55": [-0.15, -1.48, 2.1],
						"2.6": [-0.19, -1.47, 2.1],
						"2.65": [-0.23, -1.45, 2.1],
						"2.7": [-0.28, -1.43, 2.1],
						"2.75": [-0.33, -1.41, 2.1],
						"2.8": [-0.37, -1.4, 2.1],
						"2.85": [-0.4, -1.4, 2.1],
						"2.9": [-0.41, -1.4, 2.1],
						"2.95": [-0.41, -1.4, 2.1],
						"3.0": [-0.42, -1.41, 2.1],
						"3.05": [-0.43, -1.41, 2.1],
						"3.1": [-0.43, -1.42, 2.1],
						"3.15": [-0.44, -1.43, 2.1],
						"3.2": [-0.45, -1.44, 2.1],
						"3.25": [-0.45, -1.45, 2.1],
						"3.3": [-0.46, -1.46, 2.1],
						"3.35": [-0.46, -1.47, 2.1],
						"3.4": [-0.47, -1.48, 2.1],
						"3.45": [-0.47, -1.48, 2.1],
						"3.5": [-0.47, -1.49, 2.1],
						"3.55": [-0.47, -1.5, 2.1],
						"3.6": [-0.47, -1.51, 2.1],
						"3.65": [-0.47, -1.51, 2.1],
						"3.7": [-0.46, -1.52, 2.1],
						"3.75": [-0.46, -1.52, 2.1],
						"3.8": [-0.45, -1.52, 2.1],
						"3.85": [-0.44, -1.52, 2.1],
						"3.9": [-0.43, -1.52, 2.1],
						"3.95": [-0.42, -1.51, 2.1],
						"4.0": [-0.4, -1.5, 2.1],
						"4.05": [-0.17, -1.34, 2.1],
						"4.1": [0.16, -1.11, 2.1],
						"4.15": [0.39, -0.92, 2.1],
						"4.2": [0.45, -0.78, 2.1],
						"4.25": [0.4, -0.7, 2.1],
						"4.3": [0.35, -0.64, 2.1],
						"4.35": [0.3, -0.6, 2.1],
						"4.4": [0.3, -0.54, 2.1],
						"4.45": [0.3, -0.5, 2.1],
						"4.5": [0.2, -0.5, 2.1],
						"4.55": [0.24, -0.61, 2.1],
						"4.6": [0.3, -0.8, 2.1],
						"4.65": [0.29, -0.93, 2.12],
						"4.7": [0.27, -1.1, 2.14],
						"4.75": [0.3, -1.43, 2.1],
						"4.8": [0.39, -2.1, 1.95],
						"4.85": [0.53, -2.94, 1.74],
						"4.9": [0.7, -3.56, 1.5],
						"4.95": [0.94, -3.63, 1.21],
						"5.0": [1.18, -3.7, 0.93],
						"5.05": [1.43, -3.76, 0.64],
						"5.1": [1.61, -3.6, 0.47],
						"5.15": [1.76, -3.36, 0.35],
						"5.2": [1.87, -3.19, 0.31],
						"5.25": [1.95, -3.17, 0.37],
						"5.3": [2, -3.23, 0.52],
						"5.35": [2.03, -3.35, 0.68],
						"5.4": [2.04, -3.65, 0.98],
						"5.45": [2.03, -3.97, 1.23],
						"5.5": [2.02, -4.16, 1.21],
						"5.55": [2, -4.26, 1.14],
						"5.6": [1.97, -4.26, 1.15],
						"5.65": [1.92, -4.24, 1.18],
						"5.7": [1.88, -4.21, 1.21],
						"5.75": [1.84, -4.17, 1.24],
						"5.8": [1.81, -4.13, 1.27],
						"5.85": [1.8, -4.1, 1.29],
						"5.9": [1.8, -4.06, 1.3],
						"5.95": [1.8, -4.03, 1.32],
						"6.0": [1.81, -3.99, 1.34],
						"6.05": [1.82, -3.95, 1.35],
						"6.1": [1.83, -3.92, 1.36],
						"6.15": [1.83, -3.9, 1.36],
						"6.2": [1.83, -3.87, 1.35],
						"6.25": [1.84, -3.84, 1.32],
						"6.3": [1.84, -3.82, 1.29],
						"6.35": [1.84, -3.81, 1.26],
						"6.4": [1.84, -3.84, 1.24],
						"6.45": [1.84, -4.38, 1.23],
						"6.5": [1.84, -4.14, 1.23],
						"6.55": [1.84, -4.26, 1.24],
						"6.6": [1.84, -4.57, 1.24],
						"6.65": [1.86, -5.83, 1.23],
						"6.7": [1.88, -5.31, 1.21],
						"6.75": [1.86, -5.5, 0.92],
						"6.8": [1.81, -5.71, 0.44],
						"6.85": [1.73, -5.57, -0.17],
						"6.9": [1.6, -5.25, -1.06],
						"6.95": [1.36, -4.88, -2.62],
						"7.0": [1.08, -4.2, -4],
						"7.05": [0.8, -2.71, -4.52],
						"7.1": [0.52, -1.23, -4.04],
						"7.15": [0.23, -0.6, -1.48],
						"7.2": [0, -0.3, 0.95],
						"7.25": [-0.03, -0.09, 0.7],
						"7.3": [0, 0.02, -0.14],
						"7.35": [0, 0.07, -0.03],
						"7.4": [0, 0.12, 0.08],
						"7.45": [0, 0.08, 0.05],
						"7.5": [0, 0.04, 0.03],
						"7.55": [0, 0, 0]
					}
				},
				"additional_magazine": {
					"scale": {
						"7.65": {
							"pre": [0, 0, 0],
							"post": [1, 1, 1]
						}
					}
				},
				"lefthand_and_mag": {
					"rotation": {
						"1.85": [0, 0, 0],
						"2.05": [0, 0, 0],
						"2.1": [-15.96, -2.38, -24.31],
						"2.15": [-21.47, -1.54, -34.55],
						"2.2": [-15.17, 2.84, -37.16],
						"2.25": [-14.09, 5.06, -36.59],
						"2.3": [-14.92, 6.52, -35.04],
						"2.35": [-14.98, 7.3, -33.24],
						"2.4": [-15.1, 7.85, -31.03],
						"2.45": [-15.17, 8.07, -29.2],
						"2.5": [-15.17, 8.06, -28.8],
						"2.55": [-15.14, 8.01, -28.68],
						"2.6": [-15.11, 7.9, -28.69],
						"2.65": [-15.07, 7.72, -28.66],
						"2.7": [-15.03, 7.46, -28.43],
						"2.75": [-15, 7.12, -27.84],
						"2.8": [-14.99, 6.67, -26.72],
						"2.85": [-16.36, 2.97, -21.6],
						"2.9": [-15.16, 1.05, -9.17],
						"2.95": [-9.28, 4.04, 9.35],
						"3.0": [-1.08, 9.07, 32.68],
						"3.05": [5.57, 13.8, 51.69],
						"3.1": [10.39, 19.58, 66.7],
						"3.15": [12.39, 23.87, 73.57],
						"3.2": [12.39, 24.85, 73.96],
						"3.25": [11.43, 24.79, 71.44],
						"3.3": [10.62, 24.67, 69.27],
						"3.35": [10.31, 24.8, 68.53],
						"3.4": [10.17, 24.85, 68.19],
						"3.45": [9.84, 24.91, 67.56],
						"3.5": [9.71, 25.02, 67.1],
						"3.55": [9.79, 25.1, 67.12],
						"3.6": [9.93, 25.21, 67.24],
						"3.65": [10.11, 25.34, 67.41],
						"3.7": [10.31, 25.46, 67.57],
						"3.75": [10.5, 25.56, 67.65],
						"3.8": [10.67, 25.61, 67.6],
						"3.85": [10.8, 25.61, 67.35],
						"3.9": [10.94, 25.04, 64.61],
						"3.95": [11.07, 24.48, 61.87],
						"4.0": [10.31, 16.85, 21.65],
						"4.05": [11.46, 9.14, -19.76],
						"4.1": [21.58, 7.7, -32.91],
						"4.15": [27.03, 7.27, -34.77],
						"4.2": [7.57041, 2.13473, -13.86077],
						"4.3": [-4.92959, 2.13473, -13.86077],
						"4.4": [-9.67959, 2.13473, -13.86077],
						"4.5": [4.19541, 2.13473, -13.86077],
						"4.55": [0, 0, 0]
					},
					"position": {
						"1.85": [0, 0, 0],
						"1.9": [0, -0.15, 0],
						"1.95": [0, -0.3, 0],
						"2.0": [0, -0.45, 0],
						"2.05": [0, -0.6, 0],
						"2.1": [1.4, -4.45, -1.4],
						"2.15": [1.97, -6.63, -1.93],
						"2.2": [2.6, -7.38, -1.51],
						"2.25": [3.14, -6.51, -0.39],
						"2.3": [3.72, -5.19, 0.63],
						"2.35": [4.2, -4.02, 1.39],
						"2.4": [4.64, -2.81, 1.9],
						"2.45": [4.91, -1.99, 2.02],
						"2.5": [5.04, -1.73, 2.02],
						"2.55": [5.11, -1.68, 1.92],
						"2.6": [5.13, -1.71, 1.85],
						"2.65": [5.12, -1.79, 1.84],
						"2.7": [5.07, -1.94, 1.83],
						"2.75": [5.01, -2.09, 1.85],
						"2.8": [4.95, -2.2, 1.9],
						"2.85": [4.79, -2.2, 2.17],
						"2.9": [4.75, -2.2, 2.4],
						"2.95": [5.46, -2.73, 2.16],
						"3.0": [6.82, -3.4, 1.79],
						"3.05": [8.15, -4.1, 1.3],
						"3.1": [8.52, -4.6, 0.64],
						"3.15": [8.55, -4.9, 0.1],
						"3.2": [8.55, -4.87, 0.04],
						"3.25": [8.5, -4.72, 0.13],
						"3.3": [8.45, -4.6, 0.2],
						"3.35": [8.39, -4.58, 0.21],
						"3.4": [8.35, -4.6, 0.2],
						"3.45": [8.36, -4.6, 0.22],
						"3.5": [8.35, -4.6, 0.2],
						"3.55": [8.34, -4.59, 0.17],
						"3.6": [8.32, -4.58, 0.14],
						"3.65": [8.3, -4.57, 0.09],
						"3.7": [8.28, -4.56, 0.05],
						"3.75": [8.25, -4.55, 0.01],
						"3.8": [8.21, -4.55, -0.03],
						"3.85": [8.16, -4.55, -0.05],
						"3.9": [7.92, -4.62, -0.03],
						"3.95": [7.68, -4.7, 0],
						"4.0": [4.28, -5.79, 0.75],
						"4.05": [0.97, -6.63, 1.31],
						"4.1": [0.62, -6.01, 0.69],
						"4.15": [1.1, -4.8, -0.1],
						"4.2": [0.22189, -2.31864, -0.20917],
						"4.3": [0.22, -1.82, 0.04],
						"4.4": [0.22, -1.82, -0.21],
						"4.5": [0.22, -1.82, 0.04],
						"4.55": [0, 0, 0]
					}
				},
				"magrelease": {
					"rotation": {
						"1.7": [0, 0, 0],
						"1.75": [-20, 0, 0],
						"2.2": [-20, 0, 0],
						"2.25": [0, 0, 0],
						"4.5": [0, 0, 0],
						"4.55": [-20, 0, 0],
						"4.65": [0, 0, 0]
					}
				},
				"bullet_in_barrel": {
					"position": {
						"5.3": [0, 0.08, 0],
						"5.35": [0, 0.08, 0.4],
						"5.4": [0, 0.08, 0.98],
						"5.45": [0, 0.08, 1.58],
						"5.5": [0, 0.08, 2],
						"5.55": [0, 0.08, 2.23],
						"5.6": [0, 0.08, 2.26],
						"5.65": [0, 0.08, 2.25],
						"5.7": [0, 0.08, 2.25],
						"5.75": [0, 0.08, 2.24],
						"5.8": [0, 0.08, 2.21],
						"5.85": [0, 0.08, 2.18],
						"5.9": [0, 0.08, 2.17],
						"5.95": [0, 0.08, 2.17],
						"6.0": [0, 0.08, 2.18],
						"6.05": [0, 0.08, 2.2],
						"6.1": [0, 0.08, 2.21],
						"6.15": [0, 0.08, 2.2],
						"6.2": [0, 0.08, 2.16],
						"6.25": [0, 0.08, 2.12],
						"6.3": [0, 0.08, 2.08],
						"6.35": [0, 0.08, 2.04],
						"6.4": [0, 0.08, 2],
						"6.45": [0, 0.08, 0]
					}
				},
				"bolt": {
					"position": {
						"5.35": [0, 0, 0],
						"5.4": [0, 0, 0.58],
						"5.45": [0, 0, 1.39],
						"5.5": [0, 0, 2],
						"5.55": [0, 0, 2.23],
						"5.6": [0, 0, 2.26],
						"5.65": [0, 0, 2.25],
						"5.7": [0, 0, 2.25],
						"5.75": [0, 0, 2.24],
						"5.8": [0, 0, 2.21],
						"5.85": [0, 0, 2.18],
						"5.9": [0, 0, 2.17],
						"5.95": [0, 0, 2.17],
						"6.0": [0, 0, 2.18],
						"6.05": [0, 0, 2.2],
						"6.1": [0, 0, 2.21],
						"6.15": [0, 0, 2.2],
						"6.2": [0, 0, 2.16],
						"6.25": [0, 0, 2.12],
						"6.3": [0, 0, 2.08],
						"6.35": [0, 0, 2.04],
						"6.4": [0, 0, 2],
						"6.45": [0, 0, 0]
					}
				},
				"bullet": {
					"scale": {
						"0.0": [0, 0, 0],
						"7.35": {
							"pre": [0, 0, 0],
							"post": [1, 1, 1]
						}
					}
				},
				"camera": {
					"rotation": {
						"0.0": [0, 0, 0],
						"0.05": [0.46, 0.14, -0.11],
						"0.1": [1.1, 0.33, -0.27],
						"0.15": [1.72, 0.5, -0.45],
						"0.2": [2.14, 0.6, -0.61],
						"0.25": [2.56, 0.68, -0.8],
						"0.3": [2.92, 0.75, -0.98],
						"0.35": [3.18, 0.8, -1.1],
						"0.4": [3.26, 0.77, -1.15],
						"0.45": [3.21, 0.69, -1.14],
						"0.5": [3.14, 0.66, -1.12],
						"0.55": [3.13, 0.8, -1.1],
						"0.6": [3.08, 1.15, -1.09],
						"0.65": [2.99, 1.65, -1.07],
						"0.7": [3.09, 2.26, -1.07],
						"0.75": [3.59, 2.93, -1.1],
						"0.8": [4.41, 3.52, -1.17],
						"0.85": [5.56, 4.17, -1.27],
						"0.9": [6.86, 4.87, -1.38],
						"0.95": [8.16, 5.58, -1.48],
						"1.0": [9.3, 6.27, -1.55],
						"1.05": [11, 7.52, -1.58],
						"1.1": [12.55, 8.76, -1.57],
						"1.15": [13.61, 9.68, -1.55],
						"1.2": [14.02, 10.07, -1.55],
						"1.25": [14.32, 10.41, -1.55],
						"1.3": [14.41, 10.6, -1.55],
						"1.35": [14.19, 10.53, -1.55],
						"1.4": [13.55, 10.08, -1.55],
						"1.45": [12.54, 9.26, -1.56],
						"1.5": [11.11, 8.06, -1.57],
						"1.55": [9.43, 6.66, -1.58],
						"1.6": [7.7, 5.22, -1.58],
						"1.65": [6.1, 3.91, -1.58],
						"1.7": [4.82, 2.93, -1.55],
						"1.75": [3.01, 1.78, -1.42],
						"1.8": [1.73, 1.19, -1.23],
						"1.85": [0.9, 0.8, -1.1],
						"1.9": [0.63, 0.61, -1.12],
						"1.95": [0.67, 0.57, -1.22],
						"2.0": [0.85, 0.57, -1.25],
						"2.05": [1, 0.5, -1.1],
						"2.1": [1.5, -0.3, 1.2],
						"2.15": [1.12, -0.43, -0.85],
						"2.2": [0.7, -0.5, -2.95],
						"2.25": [0.66, -0.61, -2.26],
						"2.3": [0.9, -0.8, -1.1],
						"2.35": [1.18, -0.97, -1.06],
						"2.4": [1.57, -1.19, -1.21],
						"2.45": [1.97, -1.42, -1.42],
						"2.5": [2.3, -1.6, -1.55],
						"2.55": [2.54, -1.74, -1.58],
						"2.6": [2.73, -1.85, -1.58],
						"2.65": [2.88, -1.94, -1.56],
						"2.7": [3, -2, -1.55],
						"2.75": [3.06, -1.98, -1.54],
						"2.8": [3.08, -1.89, -1.51],
						"2.85": [3.08, -1.86, -1.51],
						"2.9": [3.09, -2, -1.55],
						"2.95": [3.11, -2.31, -1.64],
						"3.0": [3.14, -2.76, -1.77],
						"3.05": [3.17, -3.26, -1.91],
						"3.1": [3.19, -3.74, -2.04],
						"3.15": [3.2, -4.1, -2.12],
						"3.2": [3.2, -4.34, -2.16],
						"3.25": [3.18, -4.51, -2.17],
						"3.3": [3.16, -4.64, -2.15],
						"3.35": [3.13, -4.73, -2.13],
						"3.4": [3.11, -4.8, -2.12],
						"3.45": [3.1, -4.84, -2.12],
						"3.5": [3.09, -4.86, -2.12],
						"3.55": [3.07, -4.86, -2.12],
						"3.6": [3.06, -4.85, -2.12],
						"3.65": [3.04, -4.83, -2.12],
						"3.7": [3, -4.8, -2.12],
						"3.75": [2.97, -4.82, -2.13],
						"3.8": [2.94, -4.89, -2.13],
						"3.85": [2.91, -4.94, -2.13],
						"3.9": [2.85, -4.94, -2.13],
						"3.95": [2.75, -4.81, -2.13],
						"4.0": [2.6, -4.5, -2.12],
						"4.05": [2.31, -3.78, -2.11],
						"4.1": [1.91, -2.74, -2.1],
						"4.15": [1.49, -1.6, -2.08],
						"4.2": [1.09, -0.55, -2.05],
						"4.25": [0.8, 0.2, -2],
						"4.3": [0.61, 0.59, -1.95],
						"4.35": [0.47, 0.76, -1.9],
						"4.4": [0.38, 0.8, -1.83],
						"4.45": [0.36, 0.78, -1.72],
						"4.5": [0.4, 0.8, -1.55],
						"4.55": [1.5, 0.8, 0.02],
						"4.6": [1.14, 0.8, -1.12],
						"4.65": [0.7, 0.8, -2.33],
						"4.7": [0.84, 0.85, -1.89],
						"4.75": [1.1, 0.8, -1.2],
						"4.8": [1.12, 0.58, -1.22],
						"4.85": [1.12, 0.27, -1.4],
						"4.9": [1.3, 0, -1.55],
						"4.95": [1.67, -0.14, -1.57],
						"5.0": [2.19, -0.24, -1.57],
						"5.05": [2.71, -0.33, -1.56],
						"5.1": [3.1, -0.4, -1.55],
						"5.15": [3.26, -0.44, -1.55],
						"5.2": [3.32, -0.47, -1.55],
						"5.25": [3.35, -0.48, -1.55],
						"5.3": [3.39, -0.49, -1.55],
						"5.35": [3.5, -0.5, -1.55],
						"5.4": [4.19, -0.51, -1.54],
						"5.45": [4.71, -0.5, -1.52],
						"5.5": [4.51, -0.5, -1.51],
						"5.55": [4.08, -0.5, -1.49],
						"5.6": [3.79, -0.49, -1.47],
						"5.65": [3.8, -0.49, -1.45],
						"5.7": [3.9, -0.48, -1.43],
						"5.75": [4.04, -0.48, -1.41],
						"5.8": [4.16, -0.47, -1.38],
						"5.85": [4.22, -0.46, -1.35],
						"5.9": [4.22, -0.45, -1.33],
						"5.95": [4.2, -0.45, -1.3],
						"6.0": [4.16, -0.44, -1.27],
						"6.05": [4.12, -0.43, -1.24],
						"6.1": [4.07, -0.42, -1.2],
						"6.15": [4.02, -0.42, -1.17],
						"6.2": [3.96, -0.41, -1.14],
						"6.25": [3.9, -0.4, -1.12],
						"6.3": [3.85, -0.4, -1.1],
						"6.35": [3.51, -0.4, -1.1],
						"6.4": [3.27, -0.41, -1.06],
						"6.45": [3.73, -0.42, -0.44],
						"6.5": [3.14, -0.43, -0.74],
						"6.55": [2.49, -0.43, -1.11],
						"6.6": [2.38, -0.43, -0.99],
						"6.65": [3.27, -0.4, -1.02],
						"6.7": [2.08, -0.42, -0.27],
						"6.75": [1.65, -0.45, -1.8],
						"6.8": [2.05, -0.43, -1.52],
						"6.85": [2.55, -0.4, -0.89],
						"6.9": [2.85, -0.33, -0.13],
						"6.95": [2.92, -0.26, 0.52],
						"7.0": [2.59, -0.22, 0.67],
						"7.05": [1.97, -0.18, 0.57],
						"7.1": [0.95, -0.08, 0.19],
						"7.15": [0.03, 0, 0],
						"7.2": [-0.15, 0, 1.6],
						"7.25": [-0.06, 0, 0.53],
						"7.3": [0.05, 0, -0.64],
						"7.35": [0.05, 0, -0.58],
						"7.4": [0.02, 0, -0.2],
						"7.45": [0, 0, 0.09],
						"7.5": [0, 0, 0.13],
						"7.55": [0, 0, 0.11],
						"7.6": [0, 0, 0.07],
						"7.65": [0, 0, 0.03],
						"7.7": [0, 0, 0]
					}
				},
				"mag_release": {
					"rotation": {
						"1.85": [0, 0, 0],
						"1.95": [-17.5, 0, 0],
						"2.1": [-17.5, 0, 0],
						"2.2": [0, 0, 0],
						"4.5": [0, 0, 0],
						"4.55": [-17.5, 0, 0],
						"4.7": [-9.45, 0, 0],
						"4.8": [0, 0, 0]
					}
				}
			},
			"sound_effects": {
				"0.0": {
					"effect": "tacz:ak47/ak47_inspect_up"
				},
				"1.65": {
					"effect": "tacz:ak47/ak47_inspect_raise_grab"
				},
				"2.0": {
					"effect": "tacz:hk_mp5a5/hk_mp5a5_reload_magout"
				},
				"2.6": {
					"effect": "tacz:ak47/ak47_inspect_mvt"
				},
				"4.05": {
					"effect": "tacz:ak47/ak47_inspect_magbump"
				},
				"4.5": {
					"effect": "tacz:hk_mp5a5/hk_mp5a5_reload_magin"
				},
				"4.7": {
					"effect": "tacz:ak47/ak47_inspect_turn"
				},
				"5.15": {
					"effect": "tacz:ak47/ak47_inspect_pull"
				},
				"6.25": {
					"effect": "tacz:ak47/ak47_inspect_magbump"
				},
				"6.3": {
					"effect": "tacz:ak47/ak47_inspect_release"
				},
				"6.65": {
					"effect": "tacz:ak47/ak47_inspect_hit"
				},
				"6.9": {
					"effect": "tacz:ak47/ak47_inspect_over"
				}
			}
		},
		"inspect_empty": {
			"animation_length": 8.15,
			"bones": {
				"righthand": {
					"rotation": {
						"0.0": [100.03742, 4.92385, -179.12962],
						"5.0": [100.04, 4.92, -179.13],
						"5.05": [97.09, -1.21, -153.71],
						"5.1": [94.15, -7.33, -128.29],
						"5.15": [91.2, -13.46, -102.88],
						"5.2": [88.26, -19.59, -77.46],
						"5.25": [89.34, -16.59, -77.44],
						"5.3": [90.42, -13.59, -77.42],
						"5.35": [91.5, -10.59, -77.39],
						"5.4": [91.92, -16.56, -77.09],
						"5.45": [92.5, -45.25, -77.06],
						"5.5": [94.37, -43.71, -81.15],
						"5.55": [97.08, -38.36, -87.23],
						"5.6": [99.49, -31.75, -92.71],
						"5.65": [100.45, -26.44, -94.97],
						"5.7": [96.44, -19.68, -86.41],
						"5.75": [91.34, -14.79, -75.41],
						"5.8": [90.54, -10.82, -73.73],
						"5.85": [90.93, -40.08, -75.52],
						"5.9": [91.3, -37.29, -77.31],
						"5.95": [91.82, -30.64, -79.86],
						"6.0": [92.37, -22.32, -82.52],
						"6.05": [92.81, -14.52, -84.6],
						"6.1": [93.01, -9.41, -85.42],
						"6.15": [92.25, -5.17, -80.89],
						"6.2": [91.31, -9.79, -75.29],
						"6.25": [92.03, -50.02, -76.62],
						"6.3": [93.95, -51.79, -79.35],
						"6.35": [96.46, -48.66, -82.87],
						"6.4": [98.1, -46.08, -85.2],
						"6.45": [98.15, -46, -85.34],
						"6.5": [97.54, -46.32, -84.61],
						"6.55": [96.75, -46.76, -83.6],
						"6.6": [96.23, -47.05, -82.94],
						"6.65": [96.05, -47.11, -82.77],
						"6.7": [95.78, -47.18, -82.55],
						"6.75": [95.46, -47.25, -82.32],
						"6.8": [95.16, -47.31, -82.12],
						"6.85": [94.95, -47.35, -81.98],
						"6.9": [94.89, -47.35, -81.96],
						"6.95": [95.05, -47.31, -82.08],
						"7.0": [95.47, -47.21, -82.39],
						"7.05": [96.23, -47.05, -82.94],
						"7.1": [113.33, -43.46, -95.1],
						"7.15": [112.4, -35.88, -108.65],
						"7.2": [109.56, -25.01, -127.57],
						"7.25": [105.85, -13.1, -148.12],
						"7.3": [102.33, -2.37, -166.55],
						"7.35": [100.04, 4.92, -179.13]
					},
					"position": {
						"0.0": [-6.8, -14.2, 7.4],
						"5.0": [-6.3, -14.2, 7.4],
						"5.05": [-8.01, -13.35, 5.48],
						"5.1": [-8.85, -12.28, 3.5175],
						"5.15": [-9.43, -11.23, 2.175],
						"5.2": [-9.05, -10.47, 1.85],
						"5.25": [-9.05, -10.47, 1.85],
						"5.3": [-9.05, -10.47, 1.85],
						"5.35": [-9.05, -10.47, 1.85],
						"5.4": [-9.05, -10.61, 4.01],
						"5.45": [-9.05, -10.74, 6.18],
						"5.5": [-9.13, -10.87, 6.16],
						"5.55": [-10.64, -10.24, 6.65],
						"5.6": [-10.5, -9.97, 5.79],
						"5.65": [-10.08, -9.7, 4.53],
						"5.7": [-9.7, -9.57, 3.44],
						"5.75": [-9.05, -10.18, 1.85],
						"5.8": [-9, -10.42, 3.84],
						"5.85": [-9.04, -10.59, 6],
						"5.9": [-9.04, -10.59, 5.8],
						"5.95": [-9.04, -11.38, 7.09],
						"6.0": [-9.04, -11.09, 5.34],
						"6.05": [-9.05, -10.2, 3.59],
						"6.1": [-9.05, -10.47, 1.85],
						"6.15": [-9.05, -10.47, 1.85],
						"6.2": [-9.05, -10.47, 1.85],
						"6.25": [-9.05, -10.49, 6.39],
						"6.3": [-9.05, -10.49, 6.39],
						"6.35": [-9.05, -10.49, 6.39],
						"6.4": [-9.05, -10.49, 6.39],
						"6.45": [-9.05, -10.49, 6.39],
						"6.5": [-9.05, -10.49, 6.39],
						"6.55": [-9.05, -10.49, 6.39],
						"6.6": [-9.05, -10.49, 6.39],
						"6.65": [-9.05, -10.49, 6.39],
						"6.7": [-9.05, -10.49, 6.39],
						"6.75": [-9.05, -10.49, 6.39],
						"6.8": [-9.05, -10.49, 6.39],
						"6.85": [-9.05, -10.49, 6.39],
						"6.9": [-9.05, -10.49, 6.39],
						"6.95": [-9.05, -10.49, 6.39],
						"7.0": [-9.05, -10.49, 6.39],
						"7.05": [-9.05, -10.49, 6.39],
						"7.1": [-8.96, -11.94, 6.16],
						"7.15": [-8.63, -12.38, 6.0325],
						"7.2": [-8.14, -12.89, 6.035],
						"7.25": [-7.61, -13.42, 6.4375],
						"7.3": [-7.13, -13.88, 6.74],
						"7.35": [-6.8, -14.2, 7.4]
					},
					"scale": [1, 1.5, 1]
				},
				"lefthand": {
					"rotation": {
						"0.0": [90.4533, -389.73135, -129.57361],
						"0.15": [108.12763, -408.44328, -187.84224],
						"0.3": [99.03115, -410.32616, -175.88398],
						"1.5": [99.03, -410.33, -175.88],
						"1.55": [100.84, -403.04, -181.84],
						"1.6": [103.46, -392.64, -190.33],
						"1.65": [106.31, -382.34, -198.62],
						"1.75": [115.56394, -355.23367, -219.6111],
						"1.85": [125.38208, -355.81641, -216.65153],
						"1.95": [123.85876, -356.5603, -214.79789],
						"2.05": [119.40098, -373.78197, -208.72665],
						"2.1": [111.80256, -366.89223, -195.46899],
						"2.25": [104.97284, -355.46758, -191.74261],
						"2.4": [110.05473, -355.63742, -191.11203],
						"2.75": [110.05473, -355.63742, -191.11203],
						"2.9": [108.49, -354.88, -191.9],
						"3.0": [109.1233, -358.76128, -180.52526],
						"4.0": [109.1233, -358.76128, -180.52526],
						"4.1": [115.79932, -356.8725, -209.45764],
						"4.75": [115.79932, -356.8725, -209.45764],
						"4.95": [111.59, -376.59, -161.53],
						"5.05": [72.4533, -389.73135, -129.57361],
						"5.3": [69.4533, -389.73135, -129.57361],
						"7.3": [71.4533, -389.73135, -129.57361],
						"7.45": [90.4533, -389.73135, -129.57361]
					},
					"position": {
						"0.0": [7.4, -12.7, -5.5],
						"0.15": [14.3, -27.8, -3.8],
						"0.3": [9.9, -45.2, 22.9],
						"1.5": [9.9, -45.2, 22.9],
						"1.55": [8.99, -36.38, 15.62],
						"1.6": [8.09, -27.57, 8.33],
						"1.65": [7.18, -18.75, 1.05],
						"1.75": [7.35, -16.5, -0.5],
						"1.95": [7.35, -16.5, -0.5],
						"2.05": [7.35, -16.975, -0.1],
						"2.25": [7.31, -16.92, 0.255],
						"2.9": [7.31, -16.92, 0.255],
						"3.0": [8.54, -16.78, -0.6],
						"4.0": [8.54, -16.78, -0.6],
						"4.1": [7.65, -17.1, -0.275],
						"4.75": [7.65, -17.1, -0.275],
						"4.9": [7.91, -15.06, -4.48],
						"5.05": [8.1, -12.1, -8.5],
						"7.3": [8.1, -12.1, -8.5],
						"7.45": [7.4, -12.7, -5.5]
					},
					"scale": [1, 1.5, 1]
				},
				"root": {
					"rotation": {
						"0.0": [0, 0, 0],
						"0.05": [-0.62, 0.43, -0.94],
						"0.1": [-1.68, 0.82, -2.72],
						"0.15": [-3.95, -0.36, -7.56],
						"0.2": [-8.54, -4.6, -18.61],
						"0.25": [-14.33, -10.41, -32.73],
						"0.3": [-18.77, -14.74, -42.66],
						"0.35": [-20.73, -16.13, -44.45],
						"0.4": [-21.35, -16.04, -42.06],
						"0.45": [-21.53, -15.87, -40.06],
						"0.5": [-21.34, -15.94, -40.19],
						"0.55": [-20.72, -15.92, -40.72],
						"0.6": [-20.26, -16.24, -41.03],
						"0.65": [-20.22, -16.64, -40.95],
						"0.7": [-20.25, -17.18, -40.76],
						"0.75": [-20.33, -17.81, -40.51],
						"0.8": [-20.42, -18.47, -40.27],
						"0.85": [-20.5, -19.1, -40.09],
						"0.9": [-20.53, -19.65, -40.05],
						"0.95": [-20.52, -20.59, -40.36],
						"1.0": [-20.45, -21.43, -40.94],
						"1.05": [-20.31, -22.22, -41.47],
						"1.1": [-19.9, -23.44, -41.99],
						"1.15": [-19.5, -24.31, -42.51],
						"1.2": [-19.41, -24.38, -43.02],
						"1.25": [-19.4, -24.2, -43.57],
						"1.3": [-19.4, -24.04, -43.96],
						"1.35": [-19.47, -24.11, -44.03],
						"1.4": [-19.61, -24.27, -43.96],
						"1.45": [-19.64, -24.31, -43.9],
						"1.5": [-19.4, -24.04, -43.96],
						"1.55": [-18.2, -23.17, -45.14],
						"1.6": [-16.62, -21.87, -46.48],
						"1.65": [-15.99, -20.15, -45.35],
						"1.7": [-17.21, -17.52, -39.08],
						"1.75": [-19.37, -14.47, -30.34],
						"1.8": [-21.04, -12.52, -24.55],
						"1.85": [-21.69, -14.72, -30.29],
						"1.9": [-22.85, -15.52, -32.06],
						"1.95": [-23.93, -16.04, -33.1],
						"2.0": [-23.93, -16.04, -33.1],
						"2.05": [-23.82, -18.75, -38.32],
						"2.1": [-25.34, -16.99, -36.54],
						"2.15": [-26.69, -14.89, -34.23],
						"2.2": [-26.07, -14.81, -34.6],
						"2.25": [-25.15, -14.84, -35.23],
						"2.3": [-25.17, -14.01, -34.85],
						"2.35": [-25.42, -12.86, -34.14],
						"2.4": [-25.65, -11.93, -33.23],
						"2.45": [-25.76, -11.55, -32.25],
						"2.5": [-25.87, -11.31, -31.02],
						"2.55": [-25.95, -11.17, -29.94],
						"2.6": [-26.02, -11.06, -29.42],
						"2.65": [-26.04, -11.01, -29.55],
						"2.7": [-26.04, -11.01, -30.02],
						"2.75": [-26.04, -11.03, -30.67],
						"2.8": [-26.03, -11.06, -31.37],
						"2.85": [-26.02, -11.09, -31.98],
						"2.9": [-26.02, -11.09, -32.35],
						"2.95": [-26.03, -11.08, -32.45],
						"3.0": [-26.04, -11.07, -32.48],
						"3.05": [-26.06, -11.05, -32.44],
						"3.1": [-26.07, -11.03, -32.36],
						"3.15": [-26.09, -11.01, -32.27],
						"3.2": [-26.1, -10.99, -32.16],
						"3.25": [-26.11, -10.96, -32.07],
						"3.3": [-26.11, -10.94, -32.01],
						"3.35": [-26.1, -10.91, -32.01],
						"3.4": [-26.1, -10.89, -32.04],
						"3.45": [-26.1, -10.87, -32.12],
						"3.5": [-26.12, -10.84, -32.22],
						"3.55": [-26.14, -10.82, -32.34],
						"3.6": [-26.15, -10.79, -32.47],
						"3.65": [-26.16, -10.77, -32.6],
						"3.7": [-26.15, -10.74, -32.71],
						"3.75": [-26.13, -10.72, -32.8],
						"3.8": [-26.08, -10.69, -32.86],
						"3.85": [-26.01, -10.66, -32.88],
						"3.9": [-25.9, -10.63, -32.84],
						"3.95": [-25.76, -10.6, -32.73],
						"4.0": [-24.68, -10.24, -31.08],
						"4.05": [-23.25, -9.88, -28.89],
						"4.1": [-22.18, -10.23, -28.68],
						"4.15": [-21.77, -12.08, -32.58],
						"4.2": [-21.72, -14.66, -38.45],
						"4.25": [-21.84, -16.35, -42.44],
						"4.3": [-22.09, -16.28, -42.57],
						"4.35": [-22.51, -15.34, -40.82],
						"4.4": [-23.02, -14.59, -39.21],
						"4.45": [-24.38, -14.76, -38.72],
						"4.5": [-25.01, -14.56, -37.23],
						"4.55": [-20.36, -9.81, -25.97],
						"4.6": [-19.38, -12.98, -35.76],
						"4.65": [-22.53, -10.51, -29.94],
						"4.7": [-22.52, -11.57, -32.43],
						"4.75": [-22.36, -11.69, -32.99],
						"4.8": [-22.7, -9.09, -28.43],
						"4.85": [-23.29, -5.25, -21.17],
						"4.9": [-24.36, -1.68, -11.65],
						"4.95": [-26.49, 0.98, 1.25],
						"5.0": [-29.12, 3.37, 16.4],
						"5.05": [-30.82, 5.9, 29.9],
						"5.1": [-30.88, 8.21, 38.24],
						"5.15": [-30.23, 10.76, 45.83],
						"5.2": [-29.43, 13.07, 52.14],
						"5.25": [-29.01, 14.71, 56.61],
						"5.3": [-29.48, 15.39, 58.5],
						"5.35": [-30.4, 15.1, 56.95],
						"5.4": [-31.43, 15.67, 56.6],
						"5.45": [-32.15, 16.11, 56.11],
						"5.5": [-31.81, 15.86, 55.6],
						"5.55": [-31.17, 15.46, 55.32],
						"5.6": [-30.61, 15.2, 56.35],
						"5.65": [-30.64, 14.3, 55.57],
						"5.7": [-30.79, 13.54, 54.72],
						"5.75": [-30.87, 13.61, 54.71],
						"5.8": [-30.97, 13.92, 54.9],
						"5.85": [-31.08, 14.24, 55.08],
						"5.9": [-31.19, 14.37, 55.06],
						"5.95": [-31.59, 13.31, 53.3],
						"6.0": [-31.3, 14.58, 54.85],
						"6.05": [-30.98, 15.86, 56.57],
						"6.1": [-30.9, 15.78, 56.8],
						"6.15": [-30.91, 15.29, 56.62],
						"6.2": [-31.14, 14.88, 56.17],
						"6.25": [-33.29, 14.47, 53.28],
						"6.3": [-32.87, 15.67, 55.15],
						"6.35": [-32.19, 16.74, 57.18],
						"6.4": [-32.14, 16.49, 56.99],
						"6.45": [-32.22, 15.82, 56.19],
						"6.5": [-32.31, 15.27, 55.58],
						"6.55": [-32.36, 15.1, 55.49],
						"6.6": [-32.42, 15.02, 55.53],
						"6.65": [-32.45, 14.97, 55.63],
						"6.7": [-32.4, 14.88, 55.72],
						"6.75": [-32.3, 14.84, 55.79],
						"6.8": [-32.14, 14.84, 55.94],
						"6.85": [-31.95, 14.84, 56.11],
						"6.9": [-31.75, 14.82, 56.24],
						"6.95": [-31.58, 14.75, 56.29],
						"7.0": [-31.46, 14.59, 56.21],
						"7.05": [-31.42, 14.31, 55.95],
						"7.1": [-32.47, 10.07, 50.5],
						"7.15": [-31.72, 7.7, 45.46],
						"7.2": [-30.57, 4.69, 38.71],
						"7.25": [-28.93, 1.84, 32.1],
						"7.3": [-26.67, -0.08, 27.51],
						"7.35": [-19.25, -0.37, 26.84],
						"7.4": [-11.7, 0.59, 26.88],
						"7.45": [-8.76, 0.62, 22.16],
						"7.5": [-6.74, 0.56, 15.58],
						"7.55": [-4.93, 0.46, 9.54],
						"7.6": [-2.23, 0.23, 1.97],
						"7.65": [0, 0, -3],
						"7.7": [3, -0.05, 0.4],
						"7.75": [1.5, -0.03, 1.02],
						"7.8": [0, 0, 1.64],
						"7.85": [0, 0, 0.82],
						"7.9": [0, 0, 0],
						"7.95": [0, 0, 0],
						"8.0": [0, 0, 0],
						"8.05": [0, 0, 0]
					},
					"position": {
						"0.0": [0, 0, 0],
						"0.05": [-0.08, -0.25, 0.01],
						"0.1": [-0.19, -0.56, 0.03],
						"0.15": [-0.3, -0.65, 0],
						"0.2": [-0.41, -0.28, -0.12],
						"0.25": [-0.52, 0.32, -0.29],
						"0.3": [-0.6, 0.8, -0.4],
						"0.35": [-0.62, 1.09, -0.38],
						"0.4": [-0.6, 1.2, -0.3],
						"0.45": [-0.6, 1.21, -0.29],
						"0.5": [-0.6, 1.19, -0.29],
						"0.55": [-0.6, 1.21, -0.28],
						"0.6": [-0.6, 1.24, -0.27],
						"0.65": [-0.6, 1.3, -0.27],
						"0.7": [-0.6, 1.38, -0.3],
						"0.75": [-0.6, 1.49, -0.36],
						"0.8": [-0.6, 1.64, -0.43],
						"0.85": [-0.6, 1.8, -0.52],
						"0.9": [-0.6, 1.96, -0.62],
						"0.95": [-0.6, 2.08, -0.72],
						"1.0": [-0.6, 2.21, -0.83],
						"1.05": [-0.6, 2.34, -0.95],
						"1.1": [-0.6, 2.45, -1.05],
						"1.15": [-0.6, 2.53, -1.12],
						"1.2": [-0.6, 2.58, -1.17],
						"1.25": [-0.6, 2.61, -1.2],
						"1.3": [-0.6, 2.61, -1.21],
						"1.35": [-0.6, 2.59, -1.22],
						"1.4": [-0.6, 2.53, -1.22],
						"1.45": [-0.61, 2.36, -1.28],
						"1.5": [-0.6, 1.8, -1.22],
						"1.55": [-0.6, 0.78, -1.08],
						"1.6": [-0.58, -0.52, -0.85],
						"1.65": [-0.45, -1.39, -0.43],
						"1.7": [-0.1, -1.45, 0.38],
						"1.75": [0.36, -1.09, 1.38],
						"1.8": [0.7, -0.8, 2.1],
						"1.85": [0.7, -0.9, 2.1],
						"1.9": [0.69, -0.81, 2.1],
						"1.95": [0.7, -0.7, 2.1],
						"2.0": [0.85, -0.7, 2.1],
						"2.05": [1, -0.7, 2.1],
						"2.1": [0.97, -0.91, 2.1],
						"2.15": [0.47, -1, 2.1],
						"2.2": [-0.05, -1.1, 2.1],
						"2.25": [-0.28, -1.4, 2.1],
						"2.3": [-0.26, -1.52, 2.1],
						"2.35": [-0.2, -1.6, 2.1],
						"2.4": [-0.16, -1.59, 2.1],
						"2.45": [-0.12, -1.54, 2.1],
						"2.5": [-0.12, -1.5, 2.1],
						"2.55": [-0.15, -1.48, 2.1],
						"2.6": [-0.19, -1.47, 2.1],
						"2.65": [-0.23, -1.45, 2.1],
						"2.7": [-0.28, -1.43, 2.1],
						"2.75": [-0.33, -1.41, 2.1],
						"2.8": [-0.37, -1.4, 2.1],
						"2.85": [-0.4, -1.4, 2.1],
						"2.9": [-0.41, -1.4, 2.1],
						"2.95": [-0.41, -1.4, 2.1],
						"3.0": [-0.42, -1.41, 2.1],
						"3.05": [-0.43, -1.41, 2.1],
						"3.1": [-0.43, -1.42, 2.1],
						"3.15": [-0.44, -1.43, 2.1],
						"3.2": [-0.45, -1.44, 2.1],
						"3.25": [-0.45, -1.45, 2.1],
						"3.3": [-0.46, -1.46, 2.1],
						"3.35": [-0.46, -1.47, 2.1],
						"3.4": [-0.47, -1.48, 2.1],
						"3.45": [-0.47, -1.48, 2.1],
						"3.5": [-0.47, -1.49, 2.1],
						"3.55": [-0.47, -1.5, 2.1],
						"3.6": [-0.47, -1.51, 2.1],
						"3.65": [-0.47, -1.51, 2.1],
						"3.7": [-0.46, -1.52, 2.1],
						"3.75": [-0.46, -1.52, 2.1],
						"3.8": [-0.45, -1.52, 2.1],
						"3.85": [-0.44, -1.52, 2.1],
						"3.9": [-0.43, -1.52, 2.1],
						"3.95": [-0.42, -1.51, 2.1],
						"4.0": [-0.4, -1.5, 2.1],
						"4.05": [-0.17, -1.34, 2.1],
						"4.1": [0.16, -1.11, 2.1],
						"4.15": [0.39, -0.92, 2.1],
						"4.2": [0.45, -0.78, 2.1],
						"4.25": [0.4, -0.7, 2.1],
						"4.3": [0.35, -0.64, 2.1],
						"4.35": [0.3, -0.6, 2.1],
						"4.4": [0.3, -0.54, 2.1],
						"4.45": [0.3, -0.5, 2.1],
						"4.5": [0.2, -0.5, 2.1],
						"4.55": [0.24, -0.61, 2.1],
						"4.6": [0.3, -0.8, 2.1],
						"4.65": [0.29, -0.93, 2.12],
						"4.7": [0.27, -1.1, 2.14],
						"4.75": [0.3, -1.43, 2.1],
						"4.8": [0.39, -2.1, 1.97],
						"4.85": [0.53, -2.94, 1.78],
						"4.9": [0.7, -3.56, 1.5],
						"4.95": [0.94, -3.63, 1.04],
						"5.0": [1.18, -3.7, 0.58],
						"5.05": [1.43, -3.76, 0.12],
						"5.1": [1.61, -3.68, 0.07],
						"5.15": [1.76, -3.54, 0.2],
						"5.2": [1.87, -3.47, 0.31],
						"5.25": [1.95, -3.51, 0.31],
						"5.3": [2, -3.62, 0.29],
						"5.35": [2.03, -3.74, 0.29],
						"5.4": [2.04, -4.13, 0.44],
						"5.45": [2.03, -4.34, 0.49],
						"5.5": [2.21, -4.33, 0.5],
						"5.55": [2.38, -4.28, 0.53],
						"5.6": [2.36, -4.2, 0.61],
						"5.65": [2.25, -4.15, 0.72],
						"5.7": [2.09, -4.23, 0.85],
						"5.75": [1.95, -4.37, 0.96],
						"5.8": [1.94, -4.66, 1.05],
						"5.85": [1.82, -4.79, 1.07],
						"5.9": [1.71, -4.86, 1.07],
						"5.95": [1.88, -4.71, 0.99],
						"6.0": [1.9, -4.71, 0.96],
						"6.05": [1.89, -4.68, 0.98],
						"6.1": [1.85, -4.57, 1.1],
						"6.15": [1.78, -4.43, 1.27],
						"6.2": [1.74, -4.36, 1.39],
						"6.25": [1.78, -4.66, 1.36],
						"6.3": [1.81, -4.51, 1.32],
						"6.35": [1.82, -4.32, 1.28],
						"6.4": [1.79, -4.3, 1.25],
						"6.45": [1.74, -4.31, 1.22],
						"6.5": [1.71, -4.29, 1.2],
						"6.55": [1.71, -4.26, 1.2],
						"6.6": [1.71, -4.22, 1.2],
						"6.65": [1.72, -4.17, 1.21],
						"6.7": [1.74, -4.12, 1.21],
						"6.75": [1.75, -4.07, 1.22],
						"6.8": [1.77, -4.02, 1.23],
						"6.85": [1.78, -3.99, 1.23],
						"6.9": [1.8, -3.92, 1.24],
						"6.95": [1.81, -3.86, 1.24],
						"7.0": [1.83, -3.83, 1.24],
						"7.05": [1.84, -3.84, 1.24],
						"7.1": [1.84, -4.38, 1.23],
						"7.15": [1.84, -4.14, 1.23],
						"7.2": [1.84, -4.93, 0.93],
						"7.25": [1.81, -5.71, 0.44],
						"7.3": [1.74, -5.64, -0.18],
						"7.35": [1.6, -5.25, -1.06],
						"7.4": [1.36, -4.88, -2.62],
						"7.45": [1.08, -4.2, -4],
						"7.5": [0.8, -2.71, -4.52],
						"7.55": [0.52, -1.23, -4.04],
						"7.6": [0.23, -0.6, -1.48],
						"7.65": [0, -0.3, 0.95],
						"7.7": [-0.03, -0.09, 0.7],
						"7.75": [0, 0.02, -0.14],
						"7.8": [0, 0.07, -0.03],
						"7.85": [0, 0.12, 0.08],
						"7.9": [0, 0.08, 0.05],
						"7.95": [0, 0.04, 0.03],
						"8.0": [0, 0, 0]
					}
				},
				"additional_magazine": {
					"scale": {
						"0.0": [0, 0, 0],
						"2.2": [0, 0, 0],
						"7.3": [0, 0, 0],
						"8.05": {
							"pre": [0, 0, 0],
							"post": [1, 1, 1]
						}
					}
				},
				"lefthand_and_mag": {
					"rotation": {
						"1.85": [0, 0, 0],
						"2.05": [0, 0, 0],
						"2.1": [-15.96, -2.38, -24.31],
						"2.15": [-21.47, -1.54, -34.55],
						"2.2": [-15.17, 2.84, -37.16],
						"2.25": [-14.09, 5.06, -36.59],
						"2.3": [-14.92, 6.52, -35.04],
						"2.35": [-14.98, 7.3, -33.24],
						"2.4": [-15.1, 7.85, -31.03],
						"2.45": [-15.17, 8.07, -29.2],
						"2.5": [-15.17, 8.06, -28.8],
						"2.55": [-15.14, 8.01, -28.68],
						"2.6": [-15.11, 7.9, -28.69],
						"2.65": [-15.07, 7.72, -28.66],
						"2.7": [-15.03, 7.46, -28.43],
						"2.75": [-15, 7.12, -27.84],
						"2.8": [-14.99, 6.67, -26.72],
						"2.85": [-16.36, 2.97, -21.6],
						"2.9": [-15.16, 1.05, -9.17],
						"2.95": [-9.28, 4.04, 9.35],
						"3.0": [-1.08, 9.07, 32.68],
						"3.05": [5.57, 13.8, 51.69],
						"3.1": [10.39, 19.58, 66.7],
						"3.15": [12.39, 23.87, 73.57],
						"3.2": [12.39, 24.85, 73.96],
						"3.25": [11.43, 24.79, 71.44],
						"3.3": [10.62, 24.67, 69.27],
						"3.35": [10.31, 24.8, 68.53],
						"3.4": [10.17, 24.85, 68.19],
						"3.45": [9.84, 24.91, 67.56],
						"3.5": [9.71, 25.02, 67.1],
						"3.55": [9.79, 25.1, 67.12],
						"3.6": [9.93, 25.21, 67.24],
						"3.65": [10.11, 25.34, 67.41],
						"3.7": [10.31, 25.46, 67.57],
						"3.75": [10.5, 25.56, 67.65],
						"3.8": [10.67, 25.61, 67.6],
						"3.85": [10.8, 25.61, 67.35],
						"3.9": [10.94, 25.04, 64.61],
						"3.95": [11.07, 24.48, 61.87],
						"4.0": [10.31, 16.85, 21.65],
						"4.05": [11.46, 9.14, -19.76],
						"4.1": [21.58, 7.7, -32.91],
						"4.15": [27.03, 7.27, -34.77],
						"4.2": [7.57041, 2.13473, -13.86077],
						"4.3": [-4.92959, 2.13473, -13.86077],
						"4.4": [-9.67959, 2.13473, -13.86077],
						"4.5": [4.19541, 2.13473, -13.86077],
						"4.55": [0, 0, 0]
					},
					"position": {
						"1.85": [0, 0, 0],
						"1.9": [0, -0.15, 0],
						"1.95": [0, -0.3, 0],
						"2.0": [0, -0.45, 0],
						"2.05": [0, -0.6, 0],
						"2.1": [1.4, -4.45, -1.4],
						"2.15": [1.97, -6.63, -1.93],
						"2.2": [2.6, -7.38, -1.51],
						"2.25": [3.14, -6.51, -0.39],
						"2.3": [3.72, -5.19, 0.63],
						"2.35": [4.2, -4.02, 1.39],
						"2.4": [4.64, -2.81, 1.9],
						"2.45": [4.91, -1.99, 2.02],
						"2.5": [5.04, -1.73, 2.02],
						"2.55": [5.11, -1.68, 1.92],
						"2.6": [5.13, -1.71, 1.85],
						"2.65": [5.12, -1.79, 1.84],
						"2.7": [5.07, -1.94, 1.83],
						"2.75": [5.01, -2.09, 1.85],
						"2.8": [4.95, -2.2, 1.9],
						"2.85": [4.79, -2.2, 2.17],
						"2.9": [4.75, -2.2, 2.4],
						"2.95": [5.46, -2.73, 2.16],
						"3.0": [6.82, -3.4, 1.79],
						"3.05": [8.15, -4.1, 1.3],
						"3.1": [8.52, -4.6, 0.64],
						"3.15": [8.55, -4.9, 0.1],
						"3.2": [8.55, -4.87, 0.04],
						"3.25": [8.5, -4.72, 0.13],
						"3.3": [8.45, -4.6, 0.2],
						"3.35": [8.39, -4.58, 0.21],
						"3.4": [8.35, -4.6, 0.2],
						"3.45": [8.36, -4.6, 0.22],
						"3.5": [8.35, -4.6, 0.2],
						"3.55": [8.34, -4.59, 0.17],
						"3.6": [8.32, -4.58, 0.14],
						"3.65": [8.3, -4.57, 0.09],
						"3.7": [8.28, -4.56, 0.05],
						"3.75": [8.25, -4.55, 0.01],
						"3.8": [8.21, -4.55, -0.03],
						"3.85": [8.16, -4.55, -0.05],
						"3.9": [7.92, -4.62, -0.03],
						"3.95": [7.68, -4.7, 0],
						"4.0": [4.28, -5.79, 0.75],
						"4.05": [0.97, -6.63, 1.31],
						"4.1": [0.62, -6.01, 0.69],
						"4.15": [1.1, -4.8, -0.1],
						"4.2": [0.22189, -2.31864, -0.20917],
						"4.3": [0.22, -1.82, 0.04],
						"4.4": [0.22, -1.82, -0.21],
						"4.5": [0.22, -1.82, 0.04],
						"4.55": [0, 0, 0]
					}
				},
				"magrelease": {
					"rotation": {
						"1.7": [0, 0, 0],
						"1.75": [-20, 0, 0],
						"2.2": [-20, 0, 0],
						"2.25": [0, 0, 0],
						"4.5": [0, 0, 0],
						"4.55": [-20, 0, 0],
						"4.65": [0, 0, 0]
					}
				},
				"bolt": {
					"position": {
						"5.35": [0, 0, 0],
						"5.45": [0, 0, 5.075],
						"5.5": [0, 0, 4.675],
						"5.55": [0, 0, 0],
						"5.6": [0, 0, 0.1],
						"5.65": [0, 0, 0],
						"5.75": [0, 0, 0],
						"5.85": [0, 0, 4.675],
						"5.9": [0, 0, 4.675],
						"5.95": [0, 0, 0],
						"6.05": [0, 0, 0.1],
						"6.1": [0, 0, 0],
						"6.2": [0, 0, 0],
						"6.25": [0, 0, 5.675],
						"7.05": [0, 0, 5.675],
						"7.1": [0, 0, 0],
						"7.15": [0, 0, 0.325],
						"7.2": [0, 0, 0]
					}
				},
				"camera": {
					"rotation": {
						"0.0": [0, 0, 0],
						"0.05": [0.46, 0.14, -0.11],
						"0.1": [1.1, 0.33, -0.27],
						"0.15": [1.72, 0.5, -0.45],
						"0.2": [2.14, 0.6, -0.61],
						"0.25": [2.56, 0.68, -0.8],
						"0.3": [2.92, 0.75, -0.98],
						"0.35": [3.18, 0.8, -1.1],
						"0.4": [3.26, 0.77, -1.15],
						"0.45": [3.21, 0.69, -1.14],
						"0.5": [3.14, 0.66, -1.12],
						"0.55": [3.13, 0.8, -1.1],
						"0.6": [3.08, 1.15, -1.09],
						"0.65": [2.99, 1.65, -1.07],
						"0.7": [3.09, 2.26, -1.07],
						"0.75": [3.59, 2.93, -1.1],
						"0.8": [4.41, 3.52, -1.17],
						"0.85": [5.56, 4.17, -1.27],
						"0.9": [6.86, 4.87, -1.38],
						"0.95": [8.16, 5.58, -1.48],
						"1.0": [9.3, 6.27, -1.55],
						"1.05": [11, 7.52, -1.58],
						"1.1": [12.55, 8.76, -1.57],
						"1.15": [13.61, 9.68, -1.55],
						"1.2": [14.02, 10.07, -1.55],
						"1.25": [14.32, 10.41, -1.55],
						"1.3": [14.41, 10.6, -1.55],
						"1.35": [14.19, 10.53, -1.55],
						"1.4": [13.55, 10.08, -1.55],
						"1.45": [12.54, 9.26, -1.56],
						"1.5": [11.11, 8.06, -1.57],
						"1.55": [9.43, 6.66, -1.58],
						"1.6": [7.7, 5.22, -1.58],
						"1.65": [6.1, 3.91, -1.58],
						"1.7": [4.82, 2.93, -1.55],
						"1.75": [3.01, 1.78, -1.42],
						"1.8": [1.73, 1.19, -1.23],
						"1.85": [0.9, 0.8, -1.1],
						"1.9": [0.63, 0.61, -1.12],
						"1.95": [0.67, 0.57, -1.22],
						"2.0": [0.85, 0.57, -1.25],
						"2.05": [1, 0.5, -1.1],
						"2.1": [1.5, -0.3, 1.2],
						"2.15": [1.12, -0.43, -0.85],
						"2.2": [0.7, -0.5, -2.95],
						"2.25": [0.66, -0.61, -2.26],
						"2.3": [0.9, -0.8, -1.1],
						"2.35": [1.18, -0.97, -1.06],
						"2.4": [1.57, -1.19, -1.21],
						"2.45": [1.97, -1.42, -1.42],
						"2.5": [2.3, -1.6, -1.55],
						"2.55": [2.54, -1.74, -1.58],
						"2.6": [2.73, -1.85, -1.58],
						"2.65": [2.88, -1.94, -1.56],
						"2.7": [3, -2, -1.55],
						"2.75": [3.06, -1.98, -1.54],
						"2.8": [3.08, -1.89, -1.51],
						"2.85": [3.08, -1.86, -1.51],
						"2.9": [3.09, -2, -1.55],
						"2.95": [3.11, -2.31, -1.64],
						"3.0": [3.14, -2.76, -1.77],
						"3.05": [3.17, -3.26, -1.91],
						"3.1": [3.19, -3.74, -2.04],
						"3.15": [3.2, -4.1, -2.12],
						"3.2": [3.2, -4.34, -2.16],
						"3.25": [3.18, -4.51, -2.17],
						"3.3": [3.16, -4.64, -2.15],
						"3.35": [3.13, -4.73, -2.13],
						"3.4": [3.11, -4.8, -2.12],
						"3.45": [3.1, -4.84, -2.12],
						"3.5": [3.09, -4.86, -2.12],
						"3.55": [3.07, -4.86, -2.12],
						"3.6": [3.06, -4.85, -2.12],
						"3.65": [3.04, -4.83, -2.12],
						"3.7": [3, -4.8, -2.12],
						"3.75": [2.97, -4.82, -2.13],
						"3.8": [2.94, -4.89, -2.13],
						"3.85": [2.91, -4.94, -2.13],
						"3.9": [2.85, -4.94, -2.13],
						"3.95": [2.75, -4.81, -2.13],
						"4.0": [2.6, -4.5, -2.12],
						"4.05": [2.31, -3.78, -2.11],
						"4.1": [1.91, -2.74, -2.1],
						"4.15": [1.49, -1.6, -2.08],
						"4.2": [1.09, -0.55, -2.05],
						"4.25": [0.8, 0.2, -2],
						"4.3": [0.61, 0.59, -1.95],
						"4.35": [0.47, 0.76, -1.9],
						"4.4": [0.38, 0.8, -1.83],
						"4.45": [0.36, 0.78, -1.72],
						"4.5": [0.4, 0.8, -1.55],
						"4.55": [1.5, 0.8, 0.02],
						"4.6": [1.14, 0.8, -1.12],
						"4.65": [0.7, 0.8, -2.33],
						"4.7": [0.84, 0.85, -1.89],
						"4.75": [1.1, 0.8, -1.2],
						"4.8": [1.12, 0.58, -1.22],
						"4.85": [1.12, 0.27, -1.4],
						"4.9": [1.3, 0, -1.55],
						"4.95": [1.67, -0.14, -1.57],
						"5.0": [2.19, -0.24, -1.57],
						"5.05": [2.71, -0.33, -1.56],
						"5.1": [3.1, -0.4, -1.55],
						"5.15": [3.28, -0.44, -1.54],
						"5.2": [3.41, -0.47, -1.53],
						"5.25": [3.47, -0.48, -1.51],
						"5.3": [3.5, -0.49, -1.52],
						"5.35": [3.5, -0.5, -1.55],
						"5.4": [3.25, -0.51, -1.88],
						"5.45": [2.97, -0.5, -2.06],
						"5.5": [3.19, -0.49, -0.81],
						"5.55": [4.17, -0.49, -1.79],
						"5.6": [4.52, -0.49, -1.46],
						"5.65": [4.67, -0.49, -1.06],
						"5.7": [4.43, -0.49, -1.16],
						"5.75": [4.03, -0.48, -1.41],
						"5.8": [3.63, -0.47, -1.72],
						"5.85": [3.32, -0.46, -1.84],
						"5.9": [3.46, -0.45, -0.69],
						"5.95": [4.47, -0.45, -1.75],
						"6.0": [4.57, -0.45, -1.65],
						"6.05": [4.56, -0.44, -1.39],
						"6.1": [4.47, -0.43, -1.22],
						"6.15": [4.2, -0.42, -1.32],
						"6.2": [3.85, -0.41, -1.52],
						"6.25": [3.7, -0.4, -1.58],
						"6.3": [4.76, -0.4, -0.61],
						"6.35": [4.2, -0.4, -1.14],
						"6.4": [3.56, -0.4, -1.69],
						"6.45": [3.61, -0.4, -1.53],
						"6.5": [3.84, -0.4, -1.16],
						"6.55": [3.97, -0.4, -0.91],
						"6.6": [3.9, -0.4, -0.94],
						"6.65": [3.75, -0.4, -1.05],
						"6.7": [3.59, -0.4, -1.19],
						"6.75": [3.45, -0.4, -1.27],
						"6.8": [3.3, -0.4, -1.26],
						"6.85": [3.18, -0.4, -1.19],
						"6.9": [3.11, -0.4, -1.13],
						"6.95": [3.1, -0.4, -1.13],
						"7.0": [3.15, -0.41, -1.14],
						"7.05": [3.27, -0.41, -1.06],
						"7.1": [4.14, -0.42, -0.14],
						"7.15": [3.69, -0.42, -0.44],
						"7.2": [3.07, -0.42, -0.86],
						"7.25": [2.72, -0.42, -1.01],
						"7.3": [2.55, -0.4, -0.89],
						"7.35": [2.76, -0.33, -0.19],
						"7.4": [2.92, -0.26, 0.52],
						"7.45": [2.59, -0.22, 0.67],
						"7.5": [1.97, -0.18, 0.57],
						"7.55": [0.95, -0.08, 0.19],
						"7.6": [0.03, 0, 0],
						"7.65": [-0.15, 0, 1.6],
						"7.7": [-0.06, 0, 0.53],
						"7.75": [0.05, 0, -0.64],
						"7.8": [0.05, 0, -0.58],
						"7.85": [0.02, 0, -0.2],
						"7.9": [0, 0, 0.09],
						"7.95": [0, 0, 0.13],
						"8.0": [0, 0, 0.11],
						"8.05": [0, 0, 0.07],
						"8.1": [0, 0, 0.03],
						"8.15": [0, 0, 0]
					}
				},
				"bullet": {
					"scale": {
						"0.0": [0, 0, 0],
						"7.8": {
							"pre": [0, 0, 0],
							"post": [1, 1, 1]
						}
					}
				},
				"mag_release": {
					"rotation": {
						"1.85": [0, 0, 0],
						"1.95": [-17.5, 0, 0],
						"2.1": [-17.5, 0, 0],
						"2.2": [0, 0, 0]
					}
				}
			},
			"sound_effects": {
				"0.0": {
					"effect": "tacz:ak47/ak47_inspect_up"
				},
				"1.65": {
					"effect": "tacz:ak47/ak47_inspect_raise_grab"
				},
				"2.0": {
					"effect": "tacz:hk_mp5a5/hk_mp5a5_reload_magout"
				},
				"2.6": {
					"effect": "tacz:ak47/ak47_inspect_mvt"
				},
				"4.05": {
					"effect": "tacz:ak47/ak47_inspect_magbump"
				},
				"4.5": {
					"effect": "tacz:hk_mp5a5/hk_mp5a5_reload_magin"
				},
				"4.7": {
					"effect": "tacz:ak47/ak47_inspect_turn"
				},
				"5.25": {
					"effect": "tacz:ak47/ak47_inspect_empty_chamber"
				},
				"6.8": {
					"effect": "tacz:ak47/ak47_inspect_empty_release"
				},
				"7.3": {
					"effect": "tacz:ak47/ak47_inspect_over"
				}
			}
		},
		"reload_empty": {
			"animation_length": 3.1,
			"bones": {
				"righthand": {
					"rotation": {
						"1.6": [91.04, 4.92, -179.13],
						"1.65": [100.06, 9.92, -179.04],
						"1.7": [109.07, 14.92, -178.94],
						"1.75": [116.06, 25.43, -201.52],
						"1.8": [123.04, 35.95, -224.1],
						"1.85": [100.92, 38.04, -250.3],
						"1.9": [78.8, 40.14, -276.5],
						"1.95": [80.8, 40.14, -276.5],
						"2.0": [69.8, 40.14, -276.5],
						"2.05": [73.6, 40.48, -275.27],
						"2.1": [71.41, 39.98, -277.11],
						"2.15": [69.23, 39.47, -278.95],
						"2.2": [73.23, 39.47, -278.95],
						"2.25": [73.23, 39.47, -278.95],
						"2.3": [73.23, 39.47, -278.95],
						"2.35": [73.23, 39.47, -278.95],
						"2.4": [73.23, 39.47, -278.95],
						"2.45": [89.17, 28.13, -228.04],
						"2.5": [105.1, 16.79, -177.14],
						"2.55": [102.57, 10.86, -178.13],
						"2.6": [100.04, 4.92, -179.13]
					},
					"position": {
						"1.6": [-6.8, -14.2, 8.5],
						"1.65": [-8.05, -14.2, 8.5],
						"1.7": [-9.3, -14.2, 8.5],
						"1.75": [-9.3, -14.2, 4.2],
						"1.8": [-9.3, -14.2, -0.1],
						"1.85": [-9.05, -12.75, -0.85],
						"1.9": [-8.8, -11.3, -1.6],
						"1.95": [-8.8, -11.3, -1.7],
						"2.0": [-8.7, -11.3, 3.1],
						"2.05": [-8.6, -11.3, 3.2],
						"2.1": [-8.52, -11.3, 2.7],
						"2.15": [-8.6, -11.3, 3],
						"2.2": [-9.8, -11.3, 9.5],
						"2.25": [-9.8, -14.2, 13.4],
						"2.3": [-9.91, -14.41, 13.91],
						"2.35": [-10.02, -14.31, 13.99],
						"2.4": [-9.8, -14.2, 13.4],
						"2.45": [-9.19, -14.2, 12.18],
						"2.5": [-8.3, -14.2, 10.4],
						"2.55": [-7.41, -14.2, 8.62],
						"2.6": [-6.8, -14.2, 7.4]
					},
					"scale": [1, 1.5, 1]
				},
				"lefthand": {
					"rotation": {
						"0.0": [90.4533, -389.73135, -129.57361],
						"0.05": [90.4533, -389.73135, -129.57361],
						"0.35": [90.4533, -389.73135, -129.57361],
						"0.65": [102.72797, -387.10059, -155.03276],
						"1.45": [120.65, -379.22, -202.94],
						"1.5": [126.67, -370.97, -216.14],
						"1.55": [116.1, -371.86, -218.01],
						"1.6": [112.35, -378.31, -205.36],
						"1.65": [110.54, -382.98, -195.88],
						"1.7": [107.3, -393.13, -175.02],
						"1.75": [105.97, -397.76, -165.39],
						"1.8": [86.9925, -403.925, -134.9325],
						"1.85": [90.4533, -389.73135, -129.57361],
						"1.9": [90.4533, -389.73135, -129.57361]
					},
					"position": {
						"0.0": [7.4, -12.7, -5.5],
						"0.05": [7.4, -12.7, -5.5],
						"0.35": [6.58, -15.78, -1.89],
						"0.65": [5.9, -17.72, -0.72],
						"1.45": [5.9, -17.72, -0.72],
						"1.5": [6.36, -25.16, -1.9],
						"1.55": [7.59, -28.72, -0.07],
						"1.6": [12.84, -33.4, 8.16],
						"1.65": [14.33, -33.2, 9.95],
						"1.7": [12.59, -27.24, 5.02],
						"1.75": [10.95, -22.96, 1.06],
						"1.8": [8.29, -16.14, -4.88],
						"1.85": [7.4, -12.7, -5.5],
						"1.9": [7.4, -12.7, -5.5]
					},
					"scale": [1, 1.5, 1]
				},
				"root": {
					"rotation": {
						"0.0": [0, 0, 0],
						"0.05": [0.54, -0.29, 0.67],
						"0.1": [0.26, -0.59, 0.26],
						"0.15": [-2.05, -1.28, -3.59],
						"0.2": [-4.49, -2.2, -6.32],
						"0.25": [-13.97, -6.59, -13.91],
						"0.3": [-18.24, -8.43, -16.8],
						"0.35": [-23.24, -9.14, -17.23],
						"0.4": [-24.32, -9.26, -18.86],
						"0.45": [-24.59, -9.39, -21.49],
						"0.5": [-24.26, -9.46, -22.15],
						"0.55": [-24.15, -9.83, -22.79],
						"0.6": [-24.39, -10.12, -22.77],
						"0.65": [-25.24, -10.23, -20.41],
						"0.7": [-25.79, -10.27, -18.69],
						"0.75": [-26.4, -11.23, -19.13],
						"0.8": [-26.38, -11.98, -20.4],
						"0.85": [-26.63, -13.94, -26.75],
						"0.9": [-28.65, -12.9, -25.38],
						"0.95": [-25.75, -16.46, -35.52],
						"1.0": [-24.35, -18.01, -40.09],
						"1.05": [-24.45, -17.73, -41.34],
						"1.1": [-24.79, -17.36, -41.21],
						"1.15": [-25.14, -17.64, -43.34],
						"1.2": [-24.51, -17.78, -44.48],
						"1.25": [-23.47, -18.03, -45.85],
						"1.3": [-22.96, -18.17, -47.07],
						"1.35": [-23.5, -17.71, -47.62],
						"1.4": [-24.99, -17.03, -41.24],
						"1.45": [-23.02, -19.08, -48.66],
						"1.5": [-22.04, -19.64, -51.08],
						"1.65": [-22.6, -17.23, -42.3],
						"1.7": [-22.19, -15.9, -37.79],
						"1.75": [-17.93, -15.3, -37.5],
						"1.8": [-14.6, -14.25, -35],
						"1.85": [-8.66, -10.69, -23.83],
						"1.9": [-5.28, -8.44, -16.66],
						"1.95": [1.82, -1.71, -1.16],
						"2.0": [1.74613, -1.49786, 5.44904],
						"2.05": [0.92, -1.07, -0.65],
						"2.1": [0.51938, -0.88811, -6.26045],
						"2.15": [0.08, -0.26, -0.12],
						"2.2": [0, 0, 0.41],
						"2.25": [-0.02, 0.03, 0.18],
						"2.3": [0, 0, 0]
					},
					"position": {
						"0.0": [0, 0, 0],
						"0.05": [-0.04, -0.13, 0],
						"0.1": [-0.07, -0.2, 0.01],
						"0.15": [-0.19, -0.2, 0.18],
						"0.2": [-0.28, -0.14, 0.34],
						"0.25": [-0.44, 0.01, 0.58],
						"0.3": [-0.51, 0.14, 0.53],
						"0.35": [-0.6, 0.3, 0.28],
						"0.4": [-0.62, 0.2, 0.24],
						"0.45": [-0.64, -0.17, 0.18],
						"0.5": [-0.64, -0.35, 0.15],
						"0.55": [-0.66, -0.51, 0.11],
						"0.6": [-0.67, -0.5, 0.09],
						"0.65": [-0.68, -0.41, 0.05],
						"0.7": [-0.68, -0.37, 0.03],
						"0.75": [-0.65, -0.2, -0.05],
						"0.8": [-0.64, -0.14, -0.08],
						"0.85": [-0.96, 0.14, -0.15],
						"0.9": [-1.07, 0.45, -0.19],
						"0.95": [-0.95, 0.34, -0.22],
						"1.0": [-0.85, 0.21, -0.24],
						"1.05": [-0.67, -0.13, -0.25],
						"1.1": [-0.58, -0.35, -0.25],
						"1.15": [-0.43, -0.59, -0.25],
						"1.2": [-0.39, -0.57, -0.25],
						"1.25": [-0.5, -0.47, -0.25],
						"1.3": [-0.5, -0.47, -0.25],
						"1.35": [0.17, -1.13, -0.25],
						"1.4": [0.12, -1, -0.24],
						"1.45": [-0.12, -0.71, -0.24],
						"1.5": [-0.26, -0.61, -0.24],
						"1.65": [-0.58, -0.59, -0.28],
						"1.7": [-0.75, -0.68, -0.33],
						"1.75": [-1.06, -1.02, -0.43],
						"1.8": [-1.11, -1.24, -0.54],
						"1.85": [-0.9, -1.32, -1.02],
						"1.9": [-0.77, -1.32, -1.23],
						"1.95": [-0.19, -0.73, 0.03],
						"2.0": [-0.07, -0.51, 0.57],
						"2.05": [0, -0.14, -0.15],
						"2.1": [0.01, -0.07, -0.15],
						"2.15": [0, 0, 0.04],
						"2.2": [0, 0.01, 0.04],
						"2.25": [0, 0, 0.01],
						"2.3": [0, 0, 0]
					}
				},
				"mag_and_bullet": {
					"scale": {
						"0.0": [0, 0, 0],
						"0.35": [1, 1, 1]
					}
				},
				"additional_magazine": {
					"rotation": {
						"0.75": {
							"pre": [0, 0, 0],
							"post": [0, 0, 0],
							"lerp_mode": "catmullrom"
						},
						"0.8": {
							"post": [0.05, 0, 0.0125],
							"lerp_mode": "catmullrom"
						},
						"0.9": {
							"post": [-14.29947, -2.2908, -2.50548],
							"lerp_mode": "catmullrom"
						},
						"1.05": {
							"post": [-27.93111, -9.50697, -15.735],
							"lerp_mode": "catmullrom"
						},
						"1.2": {
							"post": [-60.87587, -22.75816, -23.07299],
							"lerp_mode": "catmullrom"
						}
					},
					"position": {
						"0.75": {
							"pre": [0, 0, 0],
							"post": [0, 0, 0],
							"lerp_mode": "catmullrom"
						},
						"0.8": {
							"post": [-0.0025, -0.02, 0.0075],
							"lerp_mode": "catmullrom"
						},
						"0.95": {
							"post": [-2.7525, -15.27, -6.8925],
							"lerp_mode": "catmullrom"
						},
						"1.05": {
							"post": [-5.19411, -23.37152, -7.92434],
							"lerp_mode": "catmullrom"
						},
						"1.2": {
							"post": [-12.75501, -28.61632, 6.37149],
							"lerp_mode": "catmullrom"
						}
					}
				},
				"bolt": {
					"position": {
						"1.95": [0, 0, 0],
						"2.0": [0, 0, 3.45],
						"2.1": [0, 0, 3.45],
						"2.2": [0, 0, 0],
						"2.25": [0, 0, 0.1],
						"2.35": [0, 0, 0]
					}
				},
				"magrelease": {
					"rotation": {
						"0.4": [0, 0, 0],
						"0.45": [-20, 0, 0],
						"0.55": [-29, 0, 0],
						"0.65": [-21, 0, 0],
						"0.75": [0, 0, 0],
						"1.2": [0, 0, 0],
						"1.25": [-20, 0, 0],
						"1.35": [0, 0, 0]
					}
				},
				"constraint": {
					"rotation": {
						"0.0": [0, 0, 0],
						"2.9": [0, 0, 0],
						"3.05": [0.2, 0.2, 0.4]
					},
					"position": {
						"0.0": [0.02, 0.02, 0.02],
						"2.9": [0.02, 0.02, 0.02],
						"3.05": [0.1, 0.1, 0.1]
					}
				},
				"lefthand_and_mag": {
					"rotation": {
						"0.0": [0, 0, 0],
						"0.05": [0, 0, 0],
						"0.1": [-2.67, 0, -9.5],
						"0.15": [-8, 0, -35.44],
						"0.2": [-7.3, 0, -41.82],
						"0.25": [-3.39, 0, -54.03],
						"0.3": [-1.34, 0, -58.95],
						"0.35": [0, 0, -62.5],
						"0.4": [0.02, 0.59, -81.67],
						"0.45": [7.83, 0.71, -71.49],
						"0.5": [15.13, 0.15, -40.01],
						"0.55": [16.45, -0.83, -0.16],
						"0.6": [10.84, -1.03, 4.95],
						"0.65": [7.87, 0.17, 3.76],
						"0.7": [7.74, 0.34, 2.52],
						"0.75": [7.91, 0.11, 4.17],
						"0.8": [8, 0, 5],
						"0.85": [-1.06, -1.37, 4.24],
						"0.9": [-6.35, -2.29, 2.48],
						"0.95": [-20.25, -5.67, -9.99],
						"1.0": [-20.34, -6.01, -11.04],
						"1.05": [-16.98, -6.05, -10.81],
						"1.1": [-15.25, -5.67, -9.99],
						"1.15": [-10.33, -3.97, -6.99],
						"1.2": [-11.99, -3.12, -5.49],
						"1.25": [-16.06, -1.42, -2.5],
						"1.3": [-12.91, -0.71, -1.25],
						"1.35": [0, 0, 0]
					},
					"position": {
						"0.0": [0, 0, 0],
						"0.05": [0, 0, 0],
						"0.1": [1.24, -0.32, 0.29],
						"0.15": [4.51, -2.35, 1.59],
						"0.2": [5.38, -4.45, 2.63],
						"0.25": [6.78, -10.1, 5.36],
						"0.3": [7.26, -12.36, 6.57],
						"0.35": [10.15, -10.85, 9.88],
						"0.4": [9.24, -9.44, 7.52],
						"0.45": [5.89, -6.55, 0.69],
						"0.5": [4.47, -4.99, -1.46],
						"0.55": [2.66, -1.13, -1.05],
						"0.6": [2.02, 0.72, 0.05],
						"0.65": [1.56, 1.88, 0.77],
						"0.7": [1.56, 1.78, 0.77],
						"0.75": [1.56, 1.76, 0.77],
						"0.8": [1.56, 1.74, 0.77],
						"0.85": [1.59, -0.3, -0.33],
						"0.9": [1.6, -1.64, -1.05],
						"0.95": [1.56, -3.52, -2.13],
						"1.0": [1.45, -3.62, -2.32],
						"1.05": [0.89125, -2.59, -0.9],
						"1.1": [0.24125, -2.22, -0.53],
						"1.15": [0.2412, -2.35, -0.47],
						"1.2": [0.2412, -2.41, -0.57],
						"1.25": [0.23125, -2.31, -0.84],
						"1.3": [0.14, -1.1, -0.55],
						"1.35": [0, 0, 0]
					}
				},
				"camera": {
					"rotation": {
						"0.0": [0, 0, 0],
						"0.05": [0.14, 0.06, -0.05],
						"0.1": [0.35, 0.13, -0.12],
						"0.15": [0.57, 0.22, -0.2],
						"0.2": [0.75, 0.3, -0.28],
						"0.25": [0.89, 0.37, -0.36],
						"0.3": [1.01, 0.44, -0.45],
						"0.35": [1.1, 0.51, -0.53],
						"0.4": [1.16, 0.55, -0.6],
						"0.45": [1.12, 0.6, -0.73],
						"0.5": [0.96, 0.55, -0.75],
						"0.55": [0.28, 0.08, -0.12],
						"0.6": [0.17, -0.06, -0.58],
						"0.65": [0.19, -0.12, -1.07],
						"0.7": [0.42, -0.13, -0.94],
						"0.75": [0.68, -0.1, -0.7],
						"0.8": [0.74, -0.07, -0.7],
						"0.85": [0.74, 0, -0.75],
						"0.9": [0.72, 0.08, -0.76],
						"0.95": [0.69, 0.18, -0.77],
						"1.0": [0.62, 0.27, -0.77],
						"1.05": [0.48, 0.33, -0.78],
						"1.1": [0.31, 0.38, -0.77],
						"1.15": [0.19, 0.42, -0.72],
						"1.2": [0.19, 0.5, -0.25],
						"1.25": [0.74, 0.5, -1.23],
						"1.3": [0.58, 0.5, -1.04],
						"1.35": [0.42, 0.5, -0.75],
						"1.4": [0.53, 0.5, -0.74],
						"1.45": [0.73, 0.5, -0.79],
						"1.5": [0.91, 0.5, -0.81],
						"1.55": [1.12, 0.51, -0.79],
						"1.6": [1.25, 0.5, -0.67],
						"1.65": [1.21, 0.48, -0.49],
						"1.7": [1.1, 0.43, -0.25],
						"1.75": [1, 0.34, -0.02],
						"1.8": [0.91, 0.15, 0.15],
						"1.85": [0.81, -0.09, 0.31],
						"1.9": [0.75, -0.28, 0.43],
						"1.95": [0.76, -0.36, 0.5],
						"2.0": [0.79, -0.39, 0.53],
						"2.05": [0.79, -0.4, 0.5],
						"2.1": [0.23, -0.3, 0],
						"2.15": [0.38, -0.29, 0.17],
						"2.2": [0.58, -0.3, 0.5],
						"2.25": [0.65, -0.4, 1.25],
						"2.3": [1.21, -0.4, -0.15],
						"2.35": [1.09, -0.4, 0.16],
						"2.4": [0.9, -0.4, 0.63],
						"2.45": [1.01, -0.42, 0.61],
						"2.5": [0.98, -0.4, 0.43],
						"2.55": [0.77, -0.34, 0.32],
						"2.6": [0.44, -0.25, 0.17],
						"2.65": [0.205, -0.15, 0.02],
						"2.7": [0.0725, -0.06, -0.1],
						"2.75": [0.0525, 0, 0.04],
						"2.8": [0, 0, 0]
					}
				}
			},
			"sound_effects": {
				"0.0": {
					"effect": "tacz:ak47/ak47_reload_empty_up"
				},
				"0.8": {
					"effect": "tacz:hk_mp5a5/hk_mp5a5_reload_magout"
				},
				"1.25": {
					"effect": "tacz:hk_mp5a5/hk_mp5a5_reload_magin"
				},
				"1.8": {
					"effect": "tacz:ak47/ak47_reload_empty_chamber"
				},
				"1.9": {
					"effect": "tacz:ak47/ak47_reload_empty_shoulder"
				},
				"2.15": {
					"effect": "tacz:ak47/ak47_reload_empty_mvt"
				}
			}
		},
		"shoot": {
			"animation_length": 0.6667,
			"bones": {
				"root": {
					"rotation": {
						"0.0": {
							"post": [0, 0, 0],
							"lerp_mode": "catmullrom"
						},
						"0.0333": {
							"post": [0.16986, -0.11208, 2.14881],
							"lerp_mode": "catmullrom"
						},
						"0.0667": {
							"post": [-0.96137, -0.23295, -1.21862],
							"lerp_mode": "catmullrom"
						},
						"0.1": {
							"post": [-0.99135, 0.12866, 1.12246],
							"lerp_mode": "catmullrom"
						},
						"0.1667": {
							"post": [0.77838, 0.0674, -0.52417],
							"lerp_mode": "catmullrom"
						},
						"0.2333": {
							"post": [0.27498, -0.0036, 0.17499],
							"lerp_mode": "catmullrom"
						},
						"0.3667": {
							"post": [0.425, -0.2, 0.525],
							"lerp_mode": "catmullrom"
						},
						"0.5": {
							"post": [-0.07, -0.075, -0.05],
							"lerp_mode": "catmullrom"
						},
						"0.6333": {
							"post": [0, 0, 0],
							"lerp_mode": "catmullrom"
						}
					},
					"position": {
						"0.0": {
							"post": [0, 0, 0],
							"lerp_mode": "catmullrom"
						},
						"0.0333": {
							"post": [0, -0.025, 1.7],
							"lerp_mode": "catmullrom"
						},
						"0.0667": {
							"post": [0, -0.075, 1.555],
							"lerp_mode": "catmullrom"
						},
						"0.1667": {
							"post": [0, -0.175, -0.12],
							"lerp_mode": "catmullrom"
						},
						"0.2667": {
							"post": [0, -0.025, 0.1],
							"lerp_mode": "catmullrom"
						},
						"0.3667": {
							"post": [0, 0, 0],
							"lerp_mode": "catmullrom"
						}
					}
				},
				"bolt": {
					"position": {
						"0.0": [0, 0, 0],
						"0.0333": [0, 0, 4],
						"0.1": [0, 0, 0],
						"0.1667": [0, 0, 0.45],
						"0.2333": [0, 0, 0],
						"0.3": [0, 0, 0.175],
						"0.3667": [0, 0, 0]
					}
				},
				"camera": {
					"rotation": {
						"0.0": {
							"post": [0, 0, 0],
							"lerp_mode": "catmullrom"
						},
						"0.0333": {
							"post": [0, 0, 0.6],
							"lerp_mode": "catmullrom"
						},
						"0.0667": {
							"post": [0, 0, -0.4],
							"lerp_mode": "catmullrom"
						},
						"0.1333": {
							"post": [0, 0, 0.325],
							"lerp_mode": "catmullrom"
						},
						"0.2": {
							"post": [0, 0, -0.225],
							"lerp_mode": "catmullrom"
						},
						"0.2667": {
							"post": [0, 0, 0],
							"lerp_mode": "catmullrom"
						},
						"0.3667": {
							"post": [0, 0, 0],
							"lerp_mode": "catmullrom"
						}
					}
				},
				"constraint": {
					"rotation": {
						"0.1667": [0.002, 0.05, 0.006],
						"0.3333": [0, 0, 0]
					},
					"position": {
						"0.1667": [0.01, 0.01, 0.25],
						"0.3333": [0, 0, 0]
					}
				}
			}
		}
	}
}