{
  "ammo": "tacz:300blk",
  "ammo_amount": 20,
  "extended_mag_ammo_amount": [
    30,
    45,
    60
  ],
  "bolt": "closed_bolt",
  "rpm": 800,
  "script": "tacz:xmag_reload_logic",
  "script_param": {
    "reload_feed": 1.17,
    "reload_cooldown": 1.71,
    "empty_feed": 2,
    "empty_cooldown": 2.46,
    "reload_xmag_1_feed": 1.33,
    "reload_xmag_1_cooldown": 2,
    "empty_xmag_1_feed": 2.13,
    "empty_xmag_1_cooldown": 2.58,
    "reload_xmag_2_feed": 1.8,
    "reload_xmag_2_cooldown": 2.33,
    "empty_xmag_2_feed": 2.33,
    "empty_xmag_2_cooldown": 2.97,
    "reload_xmag_3_feed": 2.17,
    "reload_xmag_3_cooldown": 2.77,
    "empty_xmag_3_feed": 3.33,
    "empty_xmag_3_cooldown": 4.13
  },
  "bullet": {
    "life": 0.9,
    "bullet_amount": 1,
    "damage": 8.5,
    "tracer_count_interval": 0,
    "extra_damage": {
      "armor_ignore": 0.2,
      "head_shot_multiplier": 1.5,
      "damage_adjust": [
        {"distance": 35, "damage": 8.5},
        {"distance": 60, "damage": 6},
        {"distance": "infinite", "damage": 4}
      ]
    },
    "speed": 285,
    "gravity": 0.16,
    "knockback": 0,
    "friction": 0.015,
    "ignite": false,
    "pierce": 1
  },
  "reload": {
    "type": "magazine",
    "feed": {
      "empty": 2.07,
      "tactical": 1.4
    },
    "cooldown": {
      "empty": 2.63,
      "tactical": 2
    }
  },
  "draw_time": 0.47,
  "put_away_time": 0.53,
  "aim_time": 0.1,
  "sprint_time": 0.17,
  "weight": 2.5,
  "movement_speed": {
    "base": 0.0,
    "aim": -0.1,
    "reload": -0.1
  },
  "fire_mode": [
    "auto",
    "semi"
  ],
 "fire_mode_adjust": {
    // 全自动状态的数值调整，如无调整可不写
    "auto": {
      // 加算，全自动模式的开火数值调整，如无调整可不写
      "damage": 0,
      "rpm": 0,
      "speed": 0,
      "knockback": 0,
      "armor_ignore": 0,
      "head_shot_multiplier": 0,
      "aim_inaccuracy": 0,
      "other_inaccuracy": 0
    },
    // 半自动状态的数值调整，如无调整可不写
    "semi": {
      // 加算，半自动模式的开火数值调整，如无调整可不写
      "damage": 9,
      "rpm": -400,
      "speed": 20,
      "knockback": 0.1,
      "armor_ignore": 0.1,
      "head_shot_multiplier": 0.1,
      "aim_inaccuracy": -0.1,
      "other_inaccuracy": -0.5
    }
    // 多连发状态的数值调整，如无调整可不写
    // "burst": {
      // 加算，多连发模式的开火数值调整，如无调整可不写
      // "damage": 0,
      // "rpm": 0,
      // "speed": 0,
      // "knockback": 0,
      // "armor_ignore": 0,
      // "head_shot_multiplier": 0,
      // "aim_inaccuracy": 0,
      // "other_inaccuracy": 0
    // }
  },
  // 多连续发数据，仅多连发会调用
  "burst_data": {
    // 是否连续射击
    "continuous_shoot": true,
    // 连发数
    "count": 3,
    // 组内连发的射速
    "bpm": 900,
    // 每组连发之间的时间间隔（上一组结束时间到下一组开始的时间间隔），单位秒
    "min_interval": 0.3
  },
  "crawl_recoil_multiplier": 0.5,

  "recoil": {
    "pitch": [
      {"time": 0, "value": [0.725, 0.725]},
      {"time": 0.15, "value": [0.725, 0.725]},
      {"time": 0.5, "value": [-0.325, -0.325]},
      {"time": 0.65, "value": [0, 0]}
    ],
    "yaw": [
      {"time": 0, "value": [-0.45, 0.2]},
      {"time": 0.15, "value": [-0.45, 0.2]},
      {"time": 0.5, "value": [0, 0]}
    ]
  },
  "inaccuracy": {
    "stand": 4.75,
    "move": 5,
    "sneak": 4.25,
    "lie": 3.75,
    "aim": 0.1
  },
  // 近战相关
  "melee": {
    // 枪械距离参数，用来延升近战攻击范围
    // 会与刺刀等配件的距离做加和
    "distance": 1,
    // 使用时的冷却时间
    "cooldown": 0.6,
    // 默认近战数据，会被配件的数据替换掉
    "default": {
      // 动画类型：没有枪托的为 melee_push，有枪托的为 melee_stock
      "animation_type": "melee_stock",
      // 刺刀距离参数，枪械里还有个刺刀攻击距离参数，两者做加和
      "distance": 1,
      // 刺刀范围角度
      "range_angle": 30,
      // 伤害值
      "damage": 2,
      // 击退效果
      "knockback": 0.5,
      // 前摇时长，单位：秒
      "prep": 0.1
    }
  },
  "allow_attachment_types": [
    "scope",
    "stock",
    "grip",
    "laser",
    "muzzle",
    "extended_mag"
  ],
  "exclusive_attachments": {
  }
}