{
  "ammo": "tacz:9mm",
  "rpm": 900,
  "bullet": {
    "life": 0.6,
    "bullet_amount": 1,
    "damage": 7,
    "tracer_count_interval": 0,
    "extra_damage": {
      "armor_ignore": 0.20,
      "head_shot_multiplier": 1.30,
      "damage_adjust": [
        {"distance": 15, "damage": 7},
        {"distance": 35, "damage": 5},
        {"distance": "infinite", "damage": 4}
      ]
    },
    "speed": 180,
    "gravity": 0.15,
    "knockback": 0,
    "friction": 0.025,
    "ignite": false,
    "pierce": 0
  },
  "ammo_amount": 18,
  "extended_mag_ammo_amount": [
    23,
    27,
    33
  ],
  "bolt": "closed_bolt",
  "reload": {
    "type": "magazine",
    "feed": {
      "empty": 3.3,
      "tactical": 2.17
    },
    "cooldown": {
      "empty": 4,
      "tactical": 3.13
    }
  },
  "draw_time": 0.4,
  "put_away_time": 0.5,
  "aim_time": 0.6,
  "sprint_time": 0.28,
  "weight": 3.0,
  "movement_speed": {
    "base": 0.0,
    "aim": 0,
    "reload": 0.1
  },
 "melee": {
    // 枪械距离参数，用来延升近战攻击范围
    // 会与刺刀等配件的距离做加和
    "distance": 2,
    // 使用时的冷却时间
    // 会与刺刀等配件的冷却时间做加和
    "cooldown": 0.7,
    // 默认近战数据，会被配件的数据替换掉
    "default": {
      // 动画类型：没有枪托的为 melee_push，有枪托的为 melee_stock
      "animation_type": "melee_push",
      // 刺刀距离参数，枪械里还有个刺刀攻击距离参数，两者做加和
      "distance": 1,
      // 刺刀范围角度
      "range_angle": 50,
      // 刺刀冷却时间，枪械里还有个刺刀冷却时间参数，两者做加和
      "cooldown": 0,
      // 伤害值
      "damage": 5,
      // 击退效果
      "knockback": 1.5,
      // 前摇时长，单位：秒
      "prep": 0.3
    }
  },
  "crawl_recoil_multiplier": 0.75,
  "fire_mode": [
    "semi",
    "burst"
  ],
  "burst_data": {
    "bpm":900,
    "continuous_shoot": true,
    "count": 3,
    "min_interval": 0.5
  },
  "fire_mode_adjust": {
    // 全自动状态的数值调整，如无调整可不写
    "auto": {
      // 加算，全自动模式的开火数值调整，如无调整可不写
      "damage": 0,
      "rpm": 0,
      "speed": 0,
      "knockback": 0,
      "armor_ignore": 0,
      "head_shot_multiplier": 0,
      "aim_inaccuracy": 0,
      "other_inaccuracy": 0
    },
    // 半自动状态的数值调整，如无调整可不写
    "semi": {
      // 加算，半自动模式的开火数值调整，如无调整可不写
      "damage": 3.5,
      "rpm": 0,
      "speed": 0,
      "knockback": 0.1,
      "armor_ignore": 0.1,
      "head_shot_multiplier": 0.1,
      "aim_inaccuracy": -0.05,
      "other_inaccuracy": -0.5
    },
    // 多连发状态的数值调整，如无调整可不写
     "burst": {
      // 加算，多连发模式的开火数值调整，如无调整可不写
       "damage": 0,
       "rpm": 0,
       "speed": 0,
       "knockback": 0,
       "armor_ignore": 0,
       "head_shot_multiplier": 0,
       "aim_inaccuracy": 0,
       "other_inaccuracy": 0
     }
  },
  "allow_attachment_types": [
   "extended_mag",
   "muzzle",
   "laser",
   "stock"
  ],
  "recoil": {
    "pitch": [
      {"time": 0, "value": [0.375, 0.375]},
      {"time": 0.25, "value": [0.375, 0.375]},
      {"time": 0.5, "value": [-0.125, -0.125]},
      {"time": 0.7, "value": [0.05, 0.05]},
      {"time": 1.0, "value": [0, 0]}
    ],
    "yaw": [
      {"time": 0, "value": [-0.45, 0.15]},
      {"time": 0.25, "value": [-0.45, 0.15]},
      {"time": 1, "value": [0, 0]}
    ]
  },
  "inaccuracy": {
    "stand": 12.5,
    "move": 18.75,
    "sneak": 10.5,
    "lie": 8,
    "aim": 0.2
  },
  "gunsmithlib_extension":{
    "shield": {
        "block_vanilla_damage_angle":100,
        "block_bullet_damage_angle": 100,
        "condition": "when_not_aiming",
        "disable_shield_when_reloading": false
        }
    }
}