{
  "ammo": "tacz:9mm",
  "rpm": 1200,
  "script": "tacz:xmag_reload_logic",
   "script_param": {
    "reload_feed": 1.67,
    "reload_cooldown": 2.53,
    "empty_feed": 2.03,
    "empty_cooldown": 2.76,
    "reload_xmag_1_feed": 1.9,
    "reload_xmag_1_cooldown": 2.7,
    "empty_xmag_1_feed": 2.47,
    "empty_xmag_1_cooldown": 3.2,
    "reload_xmag_2_feed": 2.07,
    "reload_xmag_2_cooldown": 3,
    "empty_xmag_2_feed": 2.63,
    "empty_xmag_2_cooldown": 3.6,
    "reload_xmag_3_feed": 2.07,
    "reload_xmag_3_cooldown": 3,
    "empty_xmag_3_feed": 2.63,
    "empty_xmag_3_cooldown": 3.6
  },
  "bullet": {
    "life": 0.8,
    "bullet_amount": 1,
    "damage": 6,
    "tracer_count_interval": 0,
    "extra_damage": {
      "armor_ignore": 0.2,
      "head_shot_multiplier": 1.25,
      "damage_adjust": [
        {"distance": 15, "damage": 6},
        {"distance": 36, "damage": 4.5},
        {"distance": 50, "damage": 4.0},
        {"distance": "infinite", "damage": 3.5}
      ]
    },
    "speed": 150,
    "gravity": 0.15,
    "knockback": 0,
    "friction": 0.02,
    "ignite": false,
    "pierce": 1
  },
  "ammo_amount": 15,
  "extended_mag_ammo_amount": [
    33,
    50,
    100
  ],
  "bolt": "closed_bolt",
  "reload": {
    "type": "magazine",
    "feed": {
      "empty": 2.03,
      "tactical": 1.67
    },
    "cooldown": {
      "empty": 2.47,
      "tactical": 2.2
    }
  },
  "draw_time": 0.37,
  "put_away_time": 0.27,
  "sprint_time": 0.2,
  "aim_time": 0.1,
  "weight": 2.7,
  "movement_speed": {
    "base": 0.0,
    "aim": -0.1,
    "reload": 0
  },
  "crawl_recoil_multiplier": 0.75,
  "fire_mode": [
    "auto",
    "burst",
    "semi"
  ],
  "burst_data": {
    "continuous_shoot": false,
    "count": 2,
    "bpm": 900,
    "min_interval": 0.3
  },
  "allow_attachment_types": [
    "scope",
    "stock",
    "grip",
    "laser",
    "muzzle",
    "extended_mag"
  ],
  "builtin_attachments": {
    "stock": "tacz:oem_stock_light"
  },
  "recoil": {
    "pitch": [
      {"time": 0, "value": [0.15, 0.15]},
      {"time": 0.12, "value": [0.15, 0.15]},
      {"time": 0.3, "value": [-0.2, -0.2]},
      {"time": 0.45, "value": [0, 0]}
    ],
    "yaw": [
      {"time": 0, "value": [-0.65, 0.5]},
      {"time": 0.12, "value": [-0.65, 0.5]},
      {"time": 0.3, "value": [0, 0]}
    ]
  },
  "inaccuracy": {
    "stand": 3.5,
    "move": 4.5,
    "sneak": 2.5,
    "lie": 2,
    "aim": 0.175
  },
  "melee": {
    "distance": 1,
    "cooldown": 0.6,
    "default": {
      "animation_type": "melee_push",
      "distance": 1,
      "range_angle": 40,
      "cooldown": 0.2,
      "damage": 1,
      "knockback": 0.4,
      "prep": 0.1
    }
  }
}