{
	"format_version": "1.8.0",
	"animations": {
		"static_idle": {
			"animation_length": 0.6875,
			"bones": {
				"barrel_1": {
					"rotation": {
						"0.0": [0, 0, 0],
						"0.6875": [0, 0, 360]
					}
				},
				"lefthand": {
					"rotation": {
						"0.0": [118.8492, 8.77489, 104.65279],
						"0.3125": [118.8492, 8.77489, 104.65279]
					},
					"position": [7, -8, -1],
					"scale": [1, 1.5, 1]
				},
				"righthand": {
					"rotation": [109.36918, -16.59607, -7.52545],
					"position": [-6, -11, 12],
					"scale": [1, 1.5, 1]
				}
			}
		},
		"draw": {
			"animation_length": 2.1,
			"bones": {
				"root": {
					"rotation": {
						"0.05": {
							"pre": [27.63626, -12.39732, 1.96667],
							"post": [27.63626, -12.39732, 1.96667],
							"lerp_mode": "catmullrom"
						},
						"0.4": {
							"post": [18.10484, -16.709, 1.64115],
							"lerp_mode": "catmullrom"
						},
						"0.75": {
							"post": [-4.28446, -3.0823, 5.70013],
							"lerp_mode": "catmullrom"
						},
						"1.0": {
							"post": [-2.93983, -1.1144, 5.20444],
							"lerp_mode": "catmullrom"
						},
						"1.1": {
							"post": [0.90314, -1.29549, 0.97824],
							"lerp_mode": "catmullrom"
						},
						"1.15": {
							"post": [1.01, -1.16, -0.39],
							"lerp_mode": "catmullrom"
						},
						"1.25": {
							"post": [0.7, -0.76, 1.725],
							"lerp_mode": "catmullrom"
						},
						"1.4": {
							"post": [-0.06693, 0.15151, -0.28733],
							"lerp_mode": "catmullrom"
						},
						"1.6": {
							"post": [0, 0, 0],
							"lerp_mode": "catmullrom"
						}
					},
					"position": {
						"0.05": {
							"pre": [-6.8, -8.2, 6.7],
							"post": [-6.8, -8.2, 6.7],
							"lerp_mode": "catmullrom"
						},
						"0.75": {
							"post": [-0.45, 0.175, 0.675],
							"lerp_mode": "catmullrom"
						},
						"1.05": {
							"post": [-0.33, -0.38, 0.64],
							"lerp_mode": "catmullrom"
						},
						"1.15": {
							"post": [-0.31, -1.165, 0.51],
							"lerp_mode": "catmullrom"
						},
						"1.25": {
							"post": [-0.27, -0.655, 0.35],
							"lerp_mode": "catmullrom"
						},
						"1.45": {
							"post": [-0.06, -0.04, 0.025],
							"lerp_mode": "catmullrom"
						},
						"1.6": {
							"post": [0, 0, 0],
							"lerp_mode": "catmullrom"
						}
					}
				},
				"lefthand": {
					"rotation": [118.8492, 8.77489, 104.65279],
					"position": [7, -8, -1],
					"scale": [1, 1.5, 1]
				},
				"barrel_1": {
					"rotation": {
						"0.55": [0, 0, 0],
						"0.7": [0, 0, 0],
						"0.9": {
							"pre": [0, 0, 24.08],
							"post": [0, 0, 24.08],
							"lerp_mode": "catmullrom"
						},
						"1.2": {
							"post": [0, 0, 120],
							"lerp_mode": "catmullrom"
						},
						"1.4": [0, 0, 240],
						"1.75": [0, 0, 360],
						"2.05": [0, 0, 480]
					}
				},
				"righthand": {
					"rotation": [109.36918, -16.59607, -7.52545],
					"position": [-6, -11, 12],
					"scale": [1, 1.5, 1]
				},
				"camera": {
					"rotation": {
						"0.0": {
							"post": [0, 0, 0],
							"lerp_mode": "catmullrom"
						},
						"0.25": {
							"post": [-0.3, -0.05, 0.125],
							"lerp_mode": "catmullrom"
						},
						"0.5": {
							"post": [1.535, -0.425, 0.85],
							"lerp_mode": "catmullrom"
						},
						"0.65": {
							"post": [2.175, -0.45, 1.3],
							"lerp_mode": "catmullrom"
						},
						"0.85": {
							"post": [2.55, -0.275, 0.85],
							"lerp_mode": "catmullrom"
						},
						"1.1": {
							"post": [1.03, -0.2, 0],
							"lerp_mode": "catmullrom"
						},
						"1.2": {
							"post": [-0.45, 0.05, 0.325],
							"lerp_mode": "catmullrom"
						},
						"1.3": {
							"post": [0.325, 0, -0.375],
							"lerp_mode": "catmullrom"
						},
						"1.45": {
							"post": [-0.075, 0, 0.075],
							"lerp_mode": "catmullrom"
						},
						"1.6": {
							"post": [0, 0, 0],
							"lerp_mode": "catmullrom"
						}
					}
				}
			},
			"sound_effects": {
				"0.05": {
					"effect": "tacz:minigun/minigun_draw"
				}
			}
		},
		"shoot": {
			"loop": true,
			"animation_length": 1.1667,
			"bones": {
				"bolt": {
					"position": {
						"0.0": [0, 0, 0],
						"0.0333": [0, 0, 3.995],
						"0.1": [0, 0, 0]
					}
				},
				"charge_handle": {
					"position": {
						"0.0": [0, 0, 0],
						"0.0333": [0, 0, 0.5],
						"0.0833": [0, 0, 0]
					}
				},
				"charge_l": {
					"rotation": {
						"0.0167": [0, 0, 0],
						"0.0667": [0, -17, 0],
						"0.1167": [0, 0, 0],
						"0.1833": [0, 0, 0],
						"0.25": [0, -8, 0],
						"0.3167": [0, 0, 0]
					}
				},
				"charge_r": {
					"rotation": {
						"0.0": [0, 0, 0],
						"0.05": [0, 10.65, 0],
						"0.1": [0, 0, 0],
						"0.1667": [0, 0, 0],
						"0.2333": [0, 7.05, 0],
						"0.3": [0, 0, 0]
					}
				},
				"barrel_1": {
					"rotation": {
						"0.0": [0, 0, 0],
						"0.5167": [0, 0, 273.77],
						"1.1667": [0, 0, 360]
					}
				},
				"root": {
					"rotation": {
						"0.0": {
							"post": [0, 0, 0],
							"lerp_mode": "catmullrom"
						},
						"0.0333": {
							"post": [0.9375, -0.5, 0.625],
							"lerp_mode": "catmullrom"
						},
						"0.0667": {
							"post": [0.46, 0.5, -0.29],
							"lerp_mode": "catmullrom"
						},
						"0.1": {
							"post": [-0.125, -0.25, 0.5],
							"lerp_mode": "catmullrom"
						},
						"0.1333": {
							"post": [-0.1, 0.28, -0.15],
							"lerp_mode": "catmullrom"
						},
						"0.1667": {
							"post": [0, 0, 0],
							"lerp_mode": "catmullrom"
						}
					},
					"position": {
						"0.0": {
							"post": [0, 0, 0],
							"lerp_mode": "catmullrom"
						},
						"0.0333": {
							"post": [-0.0625, 0.125, 0.6875],
							"lerp_mode": "catmullrom"
						},
						"0.1": {
							"post": [0.0625, -0.0625, 0.505],
							"lerp_mode": "catmullrom"
						},
						"0.1667": {
							"post": [0, 0, 0],
							"lerp_mode": "catmullrom"
						}
					}
				},
				"camera": {
					"rotation": {
						"0.0": [0, 0, 0],
						"0.0333": {
							"pre": [0, 0, -1],
							"post": [0, 0, -1],
							"lerp_mode": "catmullrom"
						},
						"0.0667": {
							"post": [0, 0, 1],
							"lerp_mode": "catmullrom"
						},
						"0.1": {
							"post": [0, 0, -0.5],
							"lerp_mode": "catmullrom"
						},
						"0.1333": {
							"post": [0, 0, 0],
							"lerp_mode": "catmullrom"
						},
						"0.1667": [0, 0, 0]
					}
				},
				"muzzle_illuminated": {
					"scale": {
						"0.0": [1, 1, 2],
						"1.1333": [1, 1, 1]
					}
				}
			}
		},
		"reload_tactical": {
			"animation_length": 6.5833,
			"bones": {
				"barrel_1": {
					"rotation": {
						"0.0": [0, 0, 0],
						"0.6667": [0, 0, 113],
						"0.7917": [0, 0, 86.14],
						"0.9167": [0, 0, 101.75],
						"1.0417": [0, 0, 110.575],
						"1.1667": [0, 0, 134.575],
						"1.3333": [0, 0, 122.575],
						"1.625": [0, 0, 123.24],
						"1.7083": [0, 0, 111.45],
						"1.7917": [0, 0, 133.71],
						"1.875": [0, 0, 118.135],
						"1.9583": [0, 0, 125.89],
						"2.0417": [0, 0, 124.19],
						"3.2083": [0, 0, 126.875],
						"3.4583": [0, 0, 122.575],
						"3.9167": [0, 0, 122.575],
						"4.0833": [0, 0, 110],
						"4.2917": [0, 0, 131.575],
						"4.4167": [0, 0, 118.575],
						"4.5417": [0, 0, 122.575],
						"4.6667": [0, 0, 126.575],
						"4.7917": [0, 0, 122.575],
						"5.1667": [0, 0, 122.575],
						"5.5417": [0, 0, 137.575],
						"6.0833": [0, 0, 261.565],
						"6.5833": [0, 0, 480]
					}
				},
				"lefthand": {
					"rotation": {
						"0.0": [118.8492, 8.77489, 104.65279],
						"0.3333": [118.8492, 8.77489, 104.65279]
					},
					"position": [7, -8, -1],
					"scale": [1, 1.5, 1]
				},
				"righthand": {
					"rotation": {
						"0.0": [109.36918, -16.59607, -7.52545],
						"0.2083": [109.36918, -16.59607, -7.52545],
						"0.5": [109.94807, -21.30895, -9.30806],
						"0.75": [129.95, -21.31, -9.31],
						"3.5833": [129.95, -21.31, -9.31],
						"4.0833": [129.95, -21.31, -9.31],
						"4.4583": [121.80501, -4.95521, 2.38877],
						"4.6667": [115.90273, -13.99028, -0.3415],
						"4.9167": [115.90273, -13.99028, -0.3415],
						"5.0833": [109.36918, -16.59607, -7.52545]
					},
					"position": {
						"0.0": [-6, -11, 12],
						"0.2083": [-6, -11, 12],
						"0.5": [-13, -19, 4],
						"0.75": [-8, -24, 4],
						"3.5833": [-8, -24, 4],
						"4.0833": [-8, -24, 4],
						"4.4583": [-13.4, -20, 4],
						"4.6667": [-11.8, -19.67, 4],
						"4.9167": [-11.8, -19.67, 4],
						"5.0833": [-6, -11, 12]
					},
					"scale": [1, 1.5, 1]
				},
				"root": {
					"rotation": {
						"0.0": [0, 0, 0],
						"0.2083": {
							"pre": [-3.30816, -6.55161, -3.15758],
							"post": [-3.30816, -6.55161, -3.15758],
							"lerp_mode": "catmullrom"
						},
						"0.3333": {
							"post": [-11.99539, -6.2465, 5.47107],
							"lerp_mode": "catmullrom"
						},
						"0.4583": {
							"post": [-24.07317, -0.97391, 16.72222],
							"lerp_mode": "catmullrom"
						},
						"0.625": {
							"post": [-32.28365, 5.59754, 33.12545],
							"lerp_mode": "catmullrom"
						},
						"0.75": {
							"post": [-32.44664, 5.36815, 34.6821],
							"lerp_mode": "catmullrom"
						},
						"0.9583": {
							"post": [-26.455, 3.795, 36.3],
							"lerp_mode": "catmullrom"
						},
						"1.25": {
							"post": [-26.73, 4.075, 36.79],
							"lerp_mode": "catmullrom"
						},
						"1.4583": {
							"post": [-31.38661, 6.16105, 36.86302],
							"lerp_mode": "catmullrom"
						},
						"1.5833": {
							"post": [-31.60382, 7.93459, 36.69084],
							"lerp_mode": "catmullrom"
						},
						"1.7083": {
							"post": [-32.63207, 11.82249, 30.73597],
							"lerp_mode": "catmullrom"
						},
						"1.875": {
							"post": [-30.70608, 6.77067, 26.8789],
							"lerp_mode": "catmullrom"
						},
						"2.0": [-32.4996, 5.69075, 24.87734],
						"2.2083": {
							"pre": [-32.2332, 0.82372, 21.39393],
							"post": [-32.2332, 0.82372, 21.39393],
							"lerp_mode": "catmullrom"
						},
						"2.7083": {
							"post": [-32.2332, 0.82372, 21.39393],
							"lerp_mode": "catmullrom"
						},
						"3.0833": {
							"post": [-32.10033, -7.82121, 24.61059],
							"lerp_mode": "catmullrom"
						},
						"3.2917": {
							"post": [-35.60858, -4.23639, 28.98919],
							"lerp_mode": "catmullrom"
						},
						"3.5417": {
							"post": [-35.49636, -7.36114, 24.53425],
							"lerp_mode": "catmullrom"
						},
						"3.7917": {
							"post": [-29.0552, -10.26337, 21.41042],
							"lerp_mode": "catmullrom"
						},
						"4.0417": [-30.13, -6.68, 25.63],
						"4.0833": [-36.12, -8.55, 25.51],
						"4.2083": [-36.12, -6.75, 25.51],
						"4.4167": [-35.57, -3.83, 22.38],
						"4.5417": [-35.57, -3.83, 22.38],
						"4.6667": [-34.25638, -2.26178, 22.29036],
						"4.7917": [-34.2537, -4.64619, 27.92775],
						"4.9167": [-32.4433, -4.69407, 28.78744],
						"5.0833": [-32.4996, -9.30925, 25.09734],
						"5.3333": [-27.555, -8.17, 17.42],
						"5.7083": [-2.77467, -6.47288, 5.91111],
						"5.8333": [-1.20016, -5.6579, 3.74312],
						"5.9583": {
							"pre": [1.76605, -3.2563, 4.9369],
							"post": [1.76605, -3.2563, 4.9369],
							"lerp_mode": "catmullrom"
						},
						"6.0417": {
							"post": [1.78811, -2.65564, 4.66491],
							"lerp_mode": "catmullrom"
						},
						"6.0833": {
							"post": [0.8, -0.92, 3.05],
							"lerp_mode": "catmullrom"
						},
						"6.1667": {
							"post": [-0.30298, 0.34027, -1.56498],
							"lerp_mode": "catmullrom"
						},
						"6.3333": {
							"post": [0.2321, 0.0577, 2.25602],
							"lerp_mode": "catmullrom"
						},
						"6.5417": {
							"post": [0, 0, 0],
							"lerp_mode": "catmullrom"
						}
					},
					"position": {
						"0.0": [0, 0, 0],
						"0.2083": {
							"pre": [3.25, -1.13, -1.83],
							"post": [3.25, -1.13, -1.83],
							"lerp_mode": "catmullrom"
						},
						"0.4583": {
							"post": [5.905, 1.92, -3.895],
							"lerp_mode": "catmullrom"
						},
						"0.5": {
							"post": [7.58, 3.51, -5.215],
							"lerp_mode": "catmullrom"
						},
						"0.625": {
							"post": [8.74, 3.245, -5.795],
							"lerp_mode": "catmullrom"
						},
						"0.75": {
							"post": [8.8, 1.65, -5.715],
							"lerp_mode": "catmullrom"
						},
						"0.9583": {
							"post": [8.8, 0.49, -5.69],
							"lerp_mode": "catmullrom"
						},
						"1.2083": {
							"post": [8.79, 2, -5.67],
							"lerp_mode": "catmullrom"
						},
						"1.5": {
							"post": [8.8, 2.165, -5.66],
							"lerp_mode": "catmullrom"
						},
						"1.625": {
							"post": [8.925, 2.46, -5.725],
							"lerp_mode": "catmullrom"
						},
						"1.75": {
							"post": [8.285, 0.46625, -7.63],
							"lerp_mode": "catmullrom"
						},
						"2.0": {
							"post": [8.6, 0.63, -6.65],
							"lerp_mode": "catmullrom"
						},
						"2.25": {
							"post": [8.63, 0.69, -6.65],
							"lerp_mode": "catmullrom"
						},
						"2.75": {
							"post": [8.63, 0.69, -6.65],
							"lerp_mode": "catmullrom"
						},
						"3.1667": {
							"post": [8.6, 5.875, -6.65],
							"lerp_mode": "catmullrom"
						},
						"3.4167": {
							"post": [8.6, 5.3, -6.65],
							"lerp_mode": "catmullrom"
						},
						"3.6667": {
							"post": [8.61, 5.21, -6.65],
							"lerp_mode": "catmullrom"
						},
						"3.8333": {
							"post": [8.61, 5.21, -6.65],
							"lerp_mode": "catmullrom"
						},
						"4.0417": {
							"post": [8.61, 5.22, -6.65],
							"lerp_mode": "catmullrom"
						},
						"4.0833": {
							"post": [8.61, 6.23, -6.65],
							"lerp_mode": "catmullrom"
						},
						"4.2083": {
							"post": [8.61, 5.43, -6.65],
							"lerp_mode": "catmullrom"
						},
						"4.3333": {
							"post": [8.61, 4.75, -6.65],
							"lerp_mode": "catmullrom"
						},
						"4.5417": {
							"post": [8.61, 5.06, -6.65],
							"lerp_mode": "catmullrom"
						},
						"4.7083": {
							"post": [8.61, 4.41, -6.65],
							"lerp_mode": "catmullrom"
						},
						"5.0417": {
							"post": [8.8, 3.675, -6.65],
							"lerp_mode": "catmullrom"
						},
						"5.2083": {
							"post": [8.55, 3.52, -6.645],
							"lerp_mode": "catmullrom"
						},
						"5.3333": {
							"post": [7.93, 2.62, -6.015],
							"lerp_mode": "catmullrom"
						},
						"5.4583": {
							"post": [5.525, -1.04, -4.065],
							"lerp_mode": "catmullrom"
						},
						"5.5833": {
							"post": [3.235, -5.1, -4.215],
							"lerp_mode": "catmullrom"
						},
						"5.7917": {
							"post": [2.36, -4.48, -4.4],
							"lerp_mode": "catmullrom"
						},
						"5.9583": {
							"post": [1.305, -1.125, -4.24],
							"lerp_mode": "catmullrom"
						},
						"6.0833": {
							"post": [0.79, 0.215, -2.5],
							"lerp_mode": "catmullrom"
						},
						"6.2083": {
							"post": [0.125, -0.575, 0.275],
							"lerp_mode": "catmullrom"
						},
						"6.3333": {
							"post": [0, -0.32875, -0.44],
							"lerp_mode": "catmullrom"
						},
						"6.4583": {
							"post": [0, -0.02, 0.17],
							"lerp_mode": "catmullrom"
						},
						"6.6667": {
							"post": [0, 0, 0],
							"lerp_mode": "catmullrom"
						}
					}
				},
				"chain_group": {
					"rotation": {
						"0.0": [0, 0, 0],
						"3.0417": [2.66399, -14.76689, -10.34527],
						"4.4583": [2.66399, -14.76689, -10.34527],
						"4.5833": [0, 0, 0]
					},
					"position": {
						"0.0": [0, 0, 0],
						"3.0417": [-2.2, 0, 0],
						"4.4583": [-2.2, 0, 0],
						"4.5833": [0, 0, 0]
					}
				},
				"mag_and_righthand": {
					"rotation": {
						"1.5": [0, 0, 0],
						"1.625": [-15, 0, 0],
						"1.75": [-10, 0, 0],
						"1.8333": [10, 0, 0],
						"3.0833": {
							"pre": [10, 0, 0],
							"post": [10, 0, 0],
							"lerp_mode": "catmullrom"
						},
						"3.2917": {
							"post": [-12.5, 0, 0],
							"lerp_mode": "catmullrom"
						},
						"3.5417": {
							"post": [-12.5, 0, 0],
							"lerp_mode": "catmullrom"
						},
						"3.7917": {
							"post": [-12.5, 0, 0],
							"lerp_mode": "catmullrom"
						},
						"3.9583": {
							"post": [-20, 0, 0],
							"lerp_mode": "catmullrom"
						},
						"4.0833": {
							"post": [0, 0, 0],
							"lerp_mode": "catmullrom"
						}
					},
					"position": {
						"1.5": [0, 0, 0],
						"1.625": [0, 0, 0],
						"1.8333": [0, -7, 17],
						"3.0833": {
							"pre": [0, -7, 17],
							"post": [0, -7, 17],
							"lerp_mode": "catmullrom"
						},
						"3.2917": {
							"post": [0, -7, 0],
							"lerp_mode": "catmullrom"
						},
						"3.5417": {
							"post": [0, -1, 0],
							"lerp_mode": "catmullrom"
						},
						"3.7917": {
							"post": [0, -1, 0],
							"lerp_mode": "catmullrom"
						},
						"3.9583": {
							"post": [0, -1, 0],
							"lerp_mode": "catmullrom"
						},
						"4.0833": {
							"post": [0, 0, 0],
							"lerp_mode": "catmullrom"
						}
					}
				},
				"camera": {
					"rotation": {
						"0.0": {
							"post": [0, 0, 0],
							"lerp_mode": "catmullrom"
						},
						"0.25": {
							"post": [1.495, 0, -1.815],
							"lerp_mode": "catmullrom"
						},
						"0.5": {
							"post": [-1.055, 0, -0.665],
							"lerp_mode": "catmullrom"
						},
						"0.8333": {
							"post": [-1.515, 0, -0.3],
							"lerp_mode": "catmullrom"
						},
						"1.5417": {
							"post": [-0.88, 0, -0.875],
							"lerp_mode": "catmullrom"
						},
						"1.625": {
							"post": [-0.88, 0, -0.87],
							"lerp_mode": "catmullrom"
						},
						"1.6667": {
							"post": [-0.88, 0, 0.29],
							"lerp_mode": "catmullrom"
						},
						"1.75": {
							"post": [-0.88, 0, -1.82],
							"lerp_mode": "catmullrom"
						},
						"1.8333": {
							"post": [-0.88, 0, -0.455],
							"lerp_mode": "catmullrom"
						},
						"2.0": {
							"post": [-0.88, 0, -1.15],
							"lerp_mode": "catmullrom"
						},
						"2.125": {
							"post": [-0.88, 0, -0.87],
							"lerp_mode": "catmullrom"
						},
						"3.125": {
							"post": [-0.88, 0, 0.62],
							"lerp_mode": "catmullrom"
						},
						"3.375": {
							"post": [-0.88, 0, 0.385],
							"lerp_mode": "catmullrom"
						},
						"3.8333": {
							"post": [-0.88, 0, 0.265],
							"lerp_mode": "catmullrom"
						},
						"4.0": {
							"post": [-0.88, 0, 0.425],
							"lerp_mode": "catmullrom"
						},
						"4.0417": {
							"post": [-0.88, 0, 1.585],
							"lerp_mode": "catmullrom"
						},
						"4.125": {
							"post": [-0.88, 0, -0.525],
							"lerp_mode": "catmullrom"
						},
						"4.2083": {
							"post": [-0.88, 0, 0.84],
							"lerp_mode": "catmullrom"
						},
						"4.375": {
							"post": [-0.88, 0, 0.145],
							"lerp_mode": "catmullrom"
						},
						"4.5": {
							"post": [-0.88, 0, 0.425],
							"lerp_mode": "catmullrom"
						},
						"4.6667": {
							"post": [-0.88, 0, 0.755],
							"lerp_mode": "catmullrom"
						},
						"4.75": {
							"post": [-0.88, 0, 0.22],
							"lerp_mode": "catmullrom"
						},
						"4.875": {
							"post": [-0.88, 0, 0.935],
							"lerp_mode": "catmullrom"
						},
						"5.125": {
							"post": [-0.88, 0, 1.11],
							"lerp_mode": "catmullrom"
						},
						"5.4583": {
							"post": [0.73, 0, -0.815],
							"lerp_mode": "catmullrom"
						},
						"6.0": {
							"post": [-0.665, 0, 0.34],
							"lerp_mode": "catmullrom"
						},
						"6.2083": {
							"post": [0.065, 0, -0.955],
							"lerp_mode": "catmullrom"
						},
						"6.3333": {
							"post": [-0.055, 0, 0.93],
							"lerp_mode": "catmullrom"
						},
						"6.5": {
							"post": [0, 0, 0],
							"lerp_mode": "catmullrom"
						}
					}
				}
			},
			"sound_effects": {
				"0.0": {
					"effect": "tacz:m249/m249_reload_active"
				},
				"0.5": {
					"effect": "tacz:m249/m249_reload_cloth"
				},
				"1.5": {
					"effect": "tacz:m249/m249_reload_magout"
				},
				"2.2083": {
					"effect": "tacz:m249/m249_inspect_empty_fast_mvmnt"
				},
				"3.5417": {
					"effect": "tacz:m249/m249_reload_empty_magin"
				},
				"3.9583": {
					"effect": "tacz:m249/m249_reload_empty_load_belt"
				},
				"5.1667": {
					"effect": "tacz:m249/m249_reload_end"
				},
				"5.9167": {
					"effect": "tacz:m249/m249_reload_empty_up"
				}
			}
		},
		"put_away": {
			"animation_length": 1.0625,
			"bones": {
				"barrel_1": {
					"rotation": {
						"0.0": [0, 0, 0],
						"0.25": [0, 0, 120],
						"0.375": [0, 0, 165.685],
						"0.5": [0, 0, 183.415],
						"0.625": [0, 0, 180]
					}
				},
				"lefthand": {
					"rotation": {
						"0.0": [118.8492, 8.77489, 104.65279],
						"0.3125": [118.8492, 8.77489, 104.65279]
					},
					"position": [7, -8, -1],
					"scale": [1, 1.5, 1]
				},
				"righthand": {
					"rotation": [109.36918, -16.59607, -7.52545],
					"position": [-6, -11, 12],
					"scale": [1, 1.5, 1]
				},
				"root": {
					"rotation": {
						"0.0": {
							"post": [0, 0, 0],
							"lerp_mode": "catmullrom"
						},
						"0.125": {
							"post": [0.7, -0.76, 1.725],
							"lerp_mode": "catmullrom"
						},
						"0.3125": {
							"post": [1.01, -1.16, -0.39],
							"lerp_mode": "catmullrom"
						},
						"0.5625": {
							"post": [-4.28446, -3.0823, 5.70013],
							"lerp_mode": "catmullrom"
						},
						"0.8125": {
							"post": [18.10484, -16.709, 1.64115],
							"lerp_mode": "catmullrom"
						},
						"1.0": {
							"post": [27.63626, -12.39732, 1.96667],
							"lerp_mode": "catmullrom"
						}
					},
					"position": {
						"0.0": {
							"post": [0, 0, 0],
							"lerp_mode": "catmullrom"
						},
						"0.125": {
							"post": [-0.27, -0.655, 0.35],
							"lerp_mode": "catmullrom"
						},
						"0.3125": {
							"post": [-0.31, -1.165, 0.51],
							"lerp_mode": "catmullrom"
						},
						"0.5625": {
							"post": [-0.45, -4.825, 0.675],
							"lerp_mode": "catmullrom"
						},
						"1.0": {
							"post": [-6.8, -8.2, 6.7],
							"lerp_mode": "catmullrom"
						}
					}
				},
				"camera": {
					"rotation": {
						"0.0": {
							"post": [0, 0, 0],
							"lerp_mode": "catmullrom"
						},
						"0.25": {
							"post": [0.3, 0.05, -0.125],
							"lerp_mode": "catmullrom"
						},
						"0.5": {
							"post": [-0.7, 0.225, -0.45],
							"lerp_mode": "catmullrom"
						},
						"0.8125": {
							"post": [0.1, -0.03, 0.05],
							"lerp_mode": "catmullrom"
						},
						"1.0": {
							"post": [0, 0, 0],
							"lerp_mode": "catmullrom"
						}
					}
				}
			},
			"sound_effects": {
				"0.0": {
					"effect": "tacz:m95/m95_put_away"
				}
			}
		},
		"inspect": {
			"animation_length": 13.85,
			"bones": {
				"barrel_rotate": {
					"rotation": {
						"0.0": [0, 0, 0],
						"0.2": [0, 0, 120],
						"0.45": {
							"pre": [0, 0, 240],
							"post": [0, 0, 240],
							"lerp_mode": "catmullrom"
						},
						"0.65": {
							"post": [0, 0, 335.92],
							"lerp_mode": "catmullrom"
						},
						"0.85": [0, 0, 360],
						"0.95": [0, 0, 360],
						"3.2": {
							"pre": [0, 0, 360],
							"post": [0, 0, 0]
						},
						"3.25": [0, 0, 4.82149],
						"3.3": [0, 0, 19.0621],
						"3.35": [0, 0, 42.52514],
						"3.4": [0, 0, 74.95371],
						"3.45": [0, 0, 116.03084],
						"3.5": [0, 0, 165.38067],
						"3.55": [0, 0, 222.57074],
						"3.6": [0, 0, 287.11535],
						"3.65": [0, 0, 358.48005],
						"3.7": [0, 0, 436.08703],
						"3.75": [0, 0, 519.32143],
						"3.8": [0, 0, 607.53837],
						"3.85": [0, 0, 700.07062],
						"3.9": [0, 0, 796.23648],
						"3.95": [0, 0, 895.34805],
						"4.0": [0, 0, 996.71932],
						"4.05": [0, 0, 1099.67411],
						"4.1": [0, 0, 1203.55355],
						"4.15": [0, 0, 1307.72118],
						"4.2": [0, 0, 1411.5658],
						"4.25": [0, 0, 1514.51573],
						"4.3": [0, 0, 1616.03965],
						"4.35": [0, 0, 1715.63136],
						"4.4": [0, 0, 1812.83024],
						"4.45": [0, 0, 1907.25302],
						"4.5": [0, 0, 1998.46587],
						"4.55": [0, 0, 2086.20723],
						"4.6": [0, 0, 2170.12441],
						"4.65": [0, 0, 2249.9928],
						"4.7": [0, 0, 2325.60515],
						"4.75": [0, 0, 2396.76707],
						"4.8": [0, 0, 2463.29134],
						"4.85": [0, 0, 2525.0786],
						"4.9": [0, 0, 2582.03421],
						"4.95": [0, 0, 2634.08396],
						"5.0": [0, 0, 2681.14225],
						"5.05": [0, 0, 2723.18425],
						"5.1": [0, 0, 2760.21622],
						"5.15": [0, 0, 2792.25373],
						"5.2": [0, 0, 2819.22502],
						"5.25": [0, 0, 2841.21657],
						"5.3": [0, 0, 2858.25223],
						"5.35": [0, 0, 2870.34617],
						"5.4": [0, 0, 2877.55783],
						"5.45": [0, 0, 2880],
						"5.7": [0, 0, 2880],
						"12.45": {
							"pre": [0, 0, 2880],
							"post": [0, 0, 0]
						},
						"12.6": [0, 0, 0],
						"12.75": {
							"pre": [0, 0, 24.08],
							"post": [0, 0, 24.08],
							"lerp_mode": "catmullrom"
						},
						"13.05": {
							"post": [0, 0, 120],
							"lerp_mode": "catmullrom"
						},
						"13.25": [0, 0, 240],
						"13.55": [0, 0, 360],
						"13.85": [0, 0, 480]
					}
				},
				"root": {
					"rotation": {
						"0.0": {
							"post": [0, 0, 0],
							"lerp_mode": "catmullrom"
						},
						"0.2": {
							"post": [-7.53, 2.06, 6.33],
							"lerp_mode": "catmullrom"
						},
						"0.65": {
							"post": [-46.90635, 14.39361, 40.14991],
							"lerp_mode": "catmullrom"
						},
						"0.9": {
							"post": [-53.88135, 16.79361, 47.89991],
							"lerp_mode": "catmullrom"
						},
						"1.15": {
							"post": [-50.33135, 14.39361, 44.32491],
							"lerp_mode": "catmullrom"
						},
						"1.5": {
							"post": [-52.73876, 14.33138, 43.92205],
							"lerp_mode": "catmullrom"
						},
						"1.95": {
							"post": [-51.50635, 14.39361, 44.32491],
							"lerp_mode": "catmullrom"
						},
						"2.35": {
							"post": [-50.39877, 12.46385, 47.21199],
							"lerp_mode": "catmullrom"
						},
						"2.7": {
							"post": [-50.44, 12.52, 53.02],
							"lerp_mode": "catmullrom"
						},
						"3.0": {
							"post": [-50.74, 12.8, 51.04],
							"lerp_mode": "catmullrom"
						},
						"3.2": {
							"post": [-50.98052, 13.07674, 49.58782],
							"lerp_mode": "catmullrom"
						},
						"3.35": {
							"post": [-51.05197, 13.59797, 51.00398],
							"lerp_mode": "catmullrom"
						},
						"3.75": {
							"post": [-51.6076, 13.33594, 50.56181],
							"lerp_mode": "catmullrom"
						},
						"4.05": {
							"post": [-51.53088, 12.84293, 52.03216],
							"lerp_mode": "catmullrom"
						},
						"4.45": {
							"post": [-51.88206, 13.82305, 51.48602],
							"lerp_mode": "catmullrom"
						},
						"5.05": {
							"post": [-51.91702, 11.94942, 49.18673],
							"lerp_mode": "catmullrom"
						},
						"5.25": {
							"post": [-49.68261, 8.72538, 27.85099],
							"lerp_mode": "catmullrom"
						},
						"5.45": {
							"post": [-48.85506, 4.30821, -12.882],
							"lerp_mode": "catmullrom"
						},
						"5.7": {
							"post": [-53.43252, 5.86129, -12.4471],
							"lerp_mode": "catmullrom"
						},
						"5.9": {
							"post": [-60.33268, -2.64802, -9.41123],
							"lerp_mode": "catmullrom"
						},
						"6.1": {
							"post": [-55.70822, -16.24947, -6.9095],
							"lerp_mode": "catmullrom"
						},
						"6.4": {
							"post": [-50.4389, -9.63016, -5.36891],
							"lerp_mode": "catmullrom"
						},
						"6.7": {
							"post": [-58.23507, -12.5907, -1.27345],
							"lerp_mode": "catmullrom"
						},
						"6.95": {
							"post": [-59.06358, -11.53237, -3.00883],
							"lerp_mode": "catmullrom"
						},
						"7.1": {
							"post": [-56.95, -11.53, -3.01],
							"lerp_mode": "catmullrom"
						},
						"7.35": {
							"post": [-59.09032, -7.89975, -8.47851],
							"lerp_mode": "catmullrom"
						},
						"7.5": {
							"post": [-63.79083, -8.60564, -9.18731],
							"lerp_mode": "catmullrom"
						},
						"7.65": {
							"post": [-60.27034, -10.02911, -6.22647],
							"lerp_mode": "catmullrom"
						},
						"7.9": {
							"post": [-60.78226, -11.56835, -6.01915],
							"lerp_mode": "catmullrom"
						},
						"8.15": {
							"post": [-53.06, -25.65, -18.25],
							"lerp_mode": "catmullrom"
						},
						"8.3": {
							"post": [-52.15193, -35.19132, -23.43936],
							"lerp_mode": "catmullrom"
						},
						"8.45": {
							"post": [-55.62617, -33.96184, -26.26068],
							"lerp_mode": "catmullrom"
						},
						"8.65": {
							"post": [-45.61158, -28.1773, -34.67242],
							"lerp_mode": "catmullrom"
						},
						"8.9": {
							"post": [-43.10983, -29.61027, -40.59077],
							"lerp_mode": "catmullrom"
						},
						"9.3": {
							"post": [-41.35623, -31.57189, -42.63073],
							"lerp_mode": "catmullrom"
						},
						"9.75": {
							"post": [-41.30934, -31.24285, -43.10959],
							"lerp_mode": "catmullrom"
						},
						"10.15": {
							"post": [-41.05168, -30.86506, -45.16957],
							"lerp_mode": "catmullrom"
						},
						"10.55": {
							"post": [-41.97721, -30.69337, -41.79584],
							"lerp_mode": "catmullrom"
						},
						"10.75": {
							"post": [-53.71656, -29.96107, -29.54],
							"lerp_mode": "catmullrom"
						},
						"10.95": {
							"post": [-61.62038, -22.37034, -19.70797],
							"lerp_mode": "catmullrom"
						},
						"11.1": {
							"post": [-63.62959, -10.93403, -10.76845],
							"lerp_mode": "catmullrom"
						},
						"11.4": {
							"post": [-66.74723, -14.03135, 1.11545],
							"lerp_mode": "catmullrom"
						},
						"11.7": {
							"post": [-66.74723, -14.03135, 1.11545],
							"lerp_mode": "catmullrom"
						},
						"12.05": {
							"post": [-52.42247, 0.14597, 3.55472],
							"lerp_mode": "catmullrom"
						},
						"12.4": {
							"post": [0, 0, 5],
							"lerp_mode": "catmullrom"
						},
						"12.55": {
							"post": [0, 0, 4],
							"lerp_mode": "catmullrom"
						},
						"12.7": {
							"post": [0, 0, 2],
							"lerp_mode": "catmullrom"
						},
						"12.9": {
							"post": [0, 0, 0],
							"lerp_mode": "catmullrom"
						},
						"13.1": {
							"post": [0, 0, 0],
							"lerp_mode": "catmullrom"
						}
					},
					"position": {
						"0.0": {
							"post": [0, 0, 0],
							"lerp_mode": "catmullrom"
						},
						"0.2": {
							"post": [0.665, -1.36, -0.82],
							"lerp_mode": "catmullrom"
						},
						"0.4": {
							"post": [0.65, -0.075, -2.12],
							"lerp_mode": "catmullrom"
						},
						"0.7": {
							"post": [0.25, 6.425, -4.375],
							"lerp_mode": "catmullrom"
						},
						"0.9": {
							"post": [1, 5.7, -6.075],
							"lerp_mode": "catmullrom"
						},
						"1.0": {
							"post": [1.08, 5.12, -6.105],
							"lerp_mode": "catmullrom"
						},
						"1.15": {
							"post": [1.075, 5.05, -6.175],
							"lerp_mode": "catmullrom"
						},
						"1.5": {
							"post": [1.2, 5.355, -6.07],
							"lerp_mode": "catmullrom"
						},
						"1.85": {
							"post": [1.17, 5.265, -6.05],
							"lerp_mode": "catmullrom"
						},
						"2.15": {
							"post": [1.22, 4.215, -6.1],
							"lerp_mode": "catmullrom"
						},
						"2.55": {
							"post": [1.705, 5.895, -6.12],
							"lerp_mode": "catmullrom"
						},
						"2.85": {
							"post": [1.77, 5.63, -6.13],
							"lerp_mode": "catmullrom"
						},
						"3.2": {
							"post": [1.76, 5.88, -6.13],
							"lerp_mode": "catmullrom"
						},
						"3.5": {
							"post": [1.56, 5.575, -6.13],
							"lerp_mode": "catmullrom"
						},
						"3.75": {
							"post": [1.56765, 5.76736, -6.10658],
							"lerp_mode": "catmullrom"
						},
						"4.1": {
							"post": [1.485, 5.77, -6.11],
							"lerp_mode": "catmullrom"
						},
						"4.6": {
							"post": [1.465, 5.62, -5.945],
							"lerp_mode": "catmullrom"
						},
						"5.0": {
							"post": [1.78, 6.27, -6.14],
							"lerp_mode": "catmullrom"
						},
						"5.15": {
							"post": [1.75, 5, -6.15],
							"lerp_mode": "catmullrom"
						},
						"5.25": {
							"post": [1.44, -0.09, -6.585],
							"lerp_mode": "catmullrom"
						},
						"5.35": {
							"post": [1.375, -2.525, -7.425],
							"lerp_mode": "catmullrom"
						},
						"5.45": {
							"post": [1.085, -3.285, -7.915],
							"lerp_mode": "catmullrom"
						},
						"5.65": {
							"post": [0.97005, -2.42713, -7.59487],
							"lerp_mode": "catmullrom"
						},
						"5.9": {
							"post": [1.3, 1.33638, -7.60978],
							"lerp_mode": "catmullrom"
						},
						"6.1": {
							"post": [1.43, 5.705, -6.975],
							"lerp_mode": "catmullrom"
						},
						"6.25": {
							"post": [0.74, 5.97, -6.975],
							"lerp_mode": "catmullrom"
						},
						"6.35": {
							"post": [0.66, 4.75, -7.02],
							"lerp_mode": "catmullrom"
						},
						"6.4": {
							"post": [0.6316, 2.24402, -7.11855],
							"lerp_mode": "catmullrom"
						},
						"6.45": {
							"post": [0.63, 0.88, -7.13],
							"lerp_mode": "catmullrom"
						},
						"6.55": {
							"post": [0.62, 0.075, -7.13],
							"lerp_mode": "catmullrom"
						},
						"6.7": {
							"post": [0.63218, 0.94519, -7.11783],
							"lerp_mode": "catmullrom"
						},
						"6.9": {
							"post": [0.53644, 0.91409, -7.08961],
							"lerp_mode": "catmullrom"
						},
						"7.1": {
							"post": [0.5147, -0.56652, -6.98589],
							"lerp_mode": "catmullrom"
						},
						"7.35": {
							"post": [0.46926, 5.71964, -7.75835],
							"lerp_mode": "catmullrom"
						},
						"7.5": {
							"post": [0.23784, 5.37144, -8.23419],
							"lerp_mode": "catmullrom"
						},
						"7.65": {
							"post": [0.32313, 3.81362, -8.12357],
							"lerp_mode": "catmullrom"
						},
						"7.8": {
							"post": [0.09525, 4.36452, -6.90257],
							"lerp_mode": "catmullrom"
						},
						"8.05": {
							"post": [0.11486, 4.49226, -6.20198],
							"lerp_mode": "catmullrom"
						},
						"8.3": {
							"post": [-0.19633, 8.13351, -6.7741],
							"lerp_mode": "catmullrom"
						},
						"8.55": {
							"post": [-0.09642, 6.96442, -6.68511],
							"lerp_mode": "catmullrom"
						},
						"8.85": {
							"post": [-0.11257, 7.10381, -7.12992],
							"lerp_mode": "catmullrom"
						},
						"9.25": {
							"post": [-0.24239, 6.8252, -7.04196],
							"lerp_mode": "catmullrom"
						},
						"9.65": {
							"post": [-0.27877, 6.93813, -7.02347],
							"lerp_mode": "catmullrom"
						},
						"10.0": {
							"post": [-0.27, 7.89, -6.995],
							"lerp_mode": "catmullrom"
						},
						"10.3": {
							"post": [-0.28, 7.84, -6.985],
							"lerp_mode": "catmullrom"
						},
						"10.55": {
							"post": [-0.39675, 7.29211, -6.98858],
							"lerp_mode": "catmullrom"
						},
						"10.75": {
							"post": [0.03653, 5.69181, -7.25638],
							"lerp_mode": "catmullrom"
						},
						"10.95": {
							"post": [0.45963, 8.30368, -7.48489],
							"lerp_mode": "catmullrom"
						},
						"11.1": {
							"post": [0.83148, 7.81031, -7.94703],
							"lerp_mode": "catmullrom"
						},
						"11.25": {
							"post": [0.99355, 6.06914, -8.65988],
							"lerp_mode": "catmullrom"
						},
						"11.4": {
							"post": [2.13768, 4.90785, -9.14244],
							"lerp_mode": "catmullrom"
						},
						"11.55": {
							"post": [2.48481, 5.01267, -9.15161],
							"lerp_mode": "catmullrom"
						},
						"11.7": {
							"post": [2.3933, 6.05469, -9.24278],
							"lerp_mode": "catmullrom"
						},
						"11.9": {
							"post": [2.43307, 5.56114, -7.72698],
							"lerp_mode": "catmullrom"
						},
						"12.15": {
							"post": [1.76906, 0.21886, -3.54155],
							"lerp_mode": "catmullrom"
						},
						"12.4": {
							"post": [0.70636, -0.61344, 0.05367],
							"lerp_mode": "catmullrom"
						},
						"12.55": {
							"post": [-0.24314, -0.94619, 0.08278],
							"lerp_mode": "catmullrom"
						},
						"12.75": {
							"post": [-0.15, -0.17, 0.02],
							"lerp_mode": "catmullrom"
						},
						"12.9": {
							"post": [0, 0, 0],
							"lerp_mode": "catmullrom"
						},
						"13.1": {
							"post": [0, 0, 0],
							"lerp_mode": "catmullrom"
						}
					}
				},
				"righthand": {
					"rotation": {
						"0.0": [109.36918, -16.59607, -7.52545],
						"5.4": [109.36918, -16.59607, -7.52545],
						"5.7": [96.34686, -19.78776, -84.94157],
						"6.5": [112.60595, -14.0338, -82.39176],
						"7.2": [112.60595, -14.0338, -82.39176],
						"7.5": [90.02111, 19.38644, -83.52096],
						"7.75": [90.02111, 19.38644, -83.52096],
						"7.95": [90.02042, 13.64, -83.52271],
						"8.15": [84.70165, 1.81703, -85.11054],
						"8.4": [85.9904, 14.6473, -83.96647],
						"8.6": [85.97143, 15.64485, -84.03908],
						"11.05": [85.97, 15.64, -84.04],
						"11.3": [107.28, 8.27, -86.87],
						"11.45": [110.32824, 7.22078, -87.27434],
						"11.7": [110.32824, 7.22078, -87.27434],
						"12.0": [109.36918, -16.59607, -7.52545]
					},
					"position": {
						"0.0": [-6, -11, 12],
						"5.4": [-6, -11, 12],
						"5.7": [-10.72752, -8.27834, -1.22398],
						"7.15": [-10.72752, -8.27834, -1.22398],
						"7.4": [-10.72752, -8.27834, -1.22398],
						"8.1": [-10.72752, -8.27834, -1.22398],
						"8.3": [-9.15252, -8.27834, -1.22398],
						"11.45": [-9.15252, -8.27834, -1.22398],
						"11.7": [-8.01, -7.13, -0.95],
						"12.0": [-6, -11, 12]
					},
					"scale": [1, 1.5, 1]
				},
				"lefthand": {
					"rotation": {
						"0.0": [118.8492, 8.77489, 104.65279],
						"0.55": [118.8492, 8.77489, 104.65279],
						"5.55": [118.8492, 8.77489, 104.65279],
						"5.8": [119.4, -7.67, 100.325],
						"6.0": [128.4, -7.67, 100.325],
						"6.15": [129.6871, -14.9367, 106.93913],
						"6.35": [117.83263, -11.84455, 109.54786],
						"6.65": [127.83263, -11.84455, 109.54786],
						"7.1": [127.83263, -11.84455, 109.54786],
						"7.3": [76.88204, -16.85716, 187.28187],
						"7.5": [60.39844, 46.07812, 290.81564],
						"10.9": [60.39844, 46.07812, 290.81564],
						"11.05": [73.25628, -18.29651, 190.45643],
						"11.3": [111.45435, 12.44678, 94.77494],
						"12.05": [111.45435, 12.44678, 94.77494],
						"12.25": [112.3997, 10.57857, 99.50832],
						"12.5": [118.8492, 8.77489, 104.65279]
					},
					"position": {
						"0.0": [7, -8, -1],
						"0.55": [7, -7.585, -1.43],
						"5.55": [7, -7.585, -1.43],
						"7.1": [7.625, -7.65, -1.225],
						"7.25": [12.09659, -7.30489, 3.20802],
						"7.4": [14.53, -18.75, 9.43],
						"7.5": [8.23333, -21.11729, 9.71872],
						"10.9": [8.23333, -21.11729, 9.71872],
						"11.05": [12.88521, -16.44677, 8.47505],
						"11.3": [8.04867, -7.61508, -0.81917],
						"12.05": [8.04867, -7.61508, -0.81917],
						"12.25": [7.625, -7.65, -1.225],
						"12.5": [7, -8, -1]
					},
					"scale": [1, 1.5, 1]
				},
				"camera": {
					"rotation": {
						"0.0": {
							"post": [0, 0, 0],
							"lerp_mode": "catmullrom"
						},
						"0.2": {
							"post": [0.03462, 0.14934, -1.17477],
							"lerp_mode": "catmullrom"
						},
						"0.4": {
							"post": [-0.535, 0.22, -1.75],
							"lerp_mode": "catmullrom"
						},
						"0.65": {
							"post": [1.85771, 0.29868, -2.34954],
							"lerp_mode": "catmullrom"
						},
						"0.95": {
							"post": [7.98464, 0.47291, -3.7201],
							"lerp_mode": "catmullrom"
						},
						"1.05": {
							"post": [6.10962, 0.43149, -4.82481],
							"lerp_mode": "catmullrom"
						},
						"1.25": {
							"post": [7.45, 0.56, -3.11],
							"lerp_mode": "catmullrom"
						},
						"1.45": {
							"post": [7.47, 0.73, -3.91],
							"lerp_mode": "catmullrom"
						},
						"1.65": {
							"post": [6.88453, -0.5006, -3.74835],
							"lerp_mode": "catmullrom"
						},
						"2.05": {
							"post": [2.04387, -5.10576, -1.69632],
							"lerp_mode": "catmullrom"
						},
						"2.6": {
							"post": [1.04472, -5.60568, -1.70547],
							"lerp_mode": "catmullrom"
						},
						"3.1": {
							"post": [3.28949, -4.35724, -1.64435],
							"lerp_mode": "catmullrom"
						},
						"3.25": {
							"post": [3.71, -4.01, -1.62],
							"lerp_mode": "catmullrom"
						},
						"3.35": {
							"post": [2.415, -3.78, -0.775],
							"lerp_mode": "catmullrom"
						},
						"3.55": {
							"post": [3.03336, -3.3609, -1.55635],
							"lerp_mode": "catmullrom"
						},
						"3.8": {
							"post": [2.635, -3.39, -1.61],
							"lerp_mode": "catmullrom"
						},
						"4.1": {
							"post": [3.03417, -3.61055, -1.56961],
							"lerp_mode": "catmullrom"
						},
						"5.0": {
							"post": [4.1332, -4.59724, -1.64125],
							"lerp_mode": "catmullrom"
						},
						"5.35": {
							"post": [5.15, -0.65, -1.54],
							"lerp_mode": "catmullrom"
						},
						"5.45": {
							"post": [3.59, 0.75, -0.235],
							"lerp_mode": "catmullrom"
						},
						"5.55": {
							"post": [3.25, 1.6, -2.515],
							"lerp_mode": "catmullrom"
						},
						"5.7": {
							"post": [4.41, 2.63, -0.13],
							"lerp_mode": "catmullrom"
						},
						"5.9": {
							"post": [5.29, 2.45, 0.38],
							"lerp_mode": "catmullrom"
						},
						"6.15": {
							"post": [11.87, 1.97, 2.1],
							"lerp_mode": "catmullrom"
						},
						"6.25": {
							"post": [11.01467, 1.96069, 0.95425],
							"lerp_mode": "catmullrom"
						},
						"6.45": {
							"post": [10.96, 2.64, 1.39],
							"lerp_mode": "catmullrom"
						},
						"6.65": {
							"post": [9.43959, 3.31752, 0.34751],
							"lerp_mode": "catmullrom"
						},
						"7.0": {
							"post": [11.5, 3.36, 0.28],
							"lerp_mode": "catmullrom"
						},
						"7.2": {
							"post": [10.74, 3.34, 0.32],
							"lerp_mode": "catmullrom"
						},
						"7.35": {
							"post": [11.18959, 3.31752, 0.34751],
							"lerp_mode": "catmullrom"
						},
						"7.45": {
							"post": [10.41, 3.32, -0.185],
							"lerp_mode": "catmullrom"
						},
						"7.6": {
							"post": [8.79, 3.32, 0.005],
							"lerp_mode": "catmullrom"
						},
						"7.7": {
							"post": [7.93, 3.32, 1.625],
							"lerp_mode": "catmullrom"
						},
						"7.8": {
							"post": [6.98959, 3.31752, -0.37749],
							"lerp_mode": "catmullrom"
						},
						"8.05": {
							"post": [4.7, 3.29, 0.65],
							"lerp_mode": "catmullrom"
						},
						"8.4": {
							"post": [-5.77498, 3.11809, 3.48209],
							"lerp_mode": "catmullrom"
						},
						"8.5": {
							"post": [-7.96, 3.13, 1.365],
							"lerp_mode": "catmullrom"
						},
						"8.6": {
							"post": [-7.55, 3.16, 4.63],
							"lerp_mode": "catmullrom"
						},
						"8.7": {
							"post": [-6.29, 3.2, 3.56],
							"lerp_mode": "catmullrom"
						},
						"8.9": {
							"post": [-7.46982, 3.27276, 3.8466],
							"lerp_mode": "catmullrom"
						},
						"9.25": {
							"post": [-6.685, 3.19, 3.86],
							"lerp_mode": "catmullrom"
						},
						"9.6": {
							"post": [7.265, 2.52, 3.94],
							"lerp_mode": "catmullrom"
						},
						"9.9": {
							"post": [15.90918, 1.28697, 4.1916],
							"lerp_mode": "catmullrom"
						},
						"10.3": {
							"post": [20.17712, 0.92179, 5.12271],
							"lerp_mode": "catmullrom"
						},
						"10.75": {
							"post": [20.91988, 0.71856, 3.47185],
							"lerp_mode": "catmullrom"
						},
						"10.95": {
							"post": [14.28, 1.7, 2.56],
							"lerp_mode": "catmullrom"
						},
						"11.25": {
							"post": [11.29577, 3.36605, 1.33717],
							"lerp_mode": "catmullrom"
						},
						"11.35": {
							"post": [12.7, 3.54, 3.43],
							"lerp_mode": "catmullrom"
						},
						"11.45": {
							"post": [12.24, 3.51, -1.38],
							"lerp_mode": "catmullrom"
						},
						"11.6": {
							"post": [9.125, 3.48, 1.525],
							"lerp_mode": "catmullrom"
						},
						"11.85": {
							"post": [9.98, 3.35, 2.09],
							"lerp_mode": "catmullrom"
						},
						"12.1": {
							"post": [9.16963, 3.012, 3.5626],
							"lerp_mode": "catmullrom"
						},
						"12.5": {
							"post": [0.68395, 0.9819, -0.26533],
							"lerp_mode": "catmullrom"
						},
						"12.6": {
							"post": [0.76, 0.33, 0.475],
							"lerp_mode": "catmullrom"
						},
						"12.7": {
							"post": [0.81, 0.11, -0.67],
							"lerp_mode": "catmullrom"
						},
						"12.85": {
							"post": [-0.33, 0, 0.065],
							"lerp_mode": "catmullrom"
						},
						"13.1": {
							"post": [0, 0, 0],
							"lerp_mode": "catmullrom"
						}
					}
				},
				"barrel_1": {
					"rotation": {
						"0.0": [0, 0, 0],
						"0.4": [0, 0, 120],
						"0.65": [0, 0, 165.685],
						"1.1": [0, 0, 189],
						"1.25": [0, 0, 177],
						"1.45": [0, 0, 180],
						"1.65": [0, 0, 180],
						"3.0": {
							"pre": [0, 0, 180],
							"post": [0, 0, 0]
						},
						"3.05": [0, 0, 4.82149],
						"3.1": [0, 0, 19.0621],
						"3.15": [0, 0, 42.52514],
						"3.2": [0, 0, 74.95371],
						"3.25": [0, 0, 116.03084],
						"3.3": [0, 0, 165.38067],
						"3.35": [0, 0, 222.57074],
						"3.4": [0, 0, 287.11535],
						"3.45": [0, 0, 358.48005],
						"3.5": [0, 0, 436.08703],
						"3.55": [0, 0, 519.32143],
						"3.6": [0, 0, 607.53837],
						"3.65": [0, 0, 700.07062],
						"3.7": [0, 0, 796.23648],
						"3.75": [0, 0, 895.34805],
						"3.8": [0, 0, 996.71932],
						"3.85": [0, 0, 1099.67411],
						"3.9": [0, 0, 1203.55355],
						"3.95": [0, 0, 1307.72118],
						"4.0": [0, 0, 1411.5658],
						"4.05": [0, 0, 1514.51573],
						"4.1": [0, 0, 1616.03965],
						"4.15": [0, 0, 1715.63136],
						"4.2": [0, 0, 1812.83024],
						"4.25": [0, 0, 1907.25302],
						"4.3": [0, 0, 1998.46587],
						"4.35": [0, 0, 2086.20723],
						"4.4": [0, 0, 2170.12441],
						"4.45": [0, 0, 2249.9928],
						"4.5": [0, 0, 2325.60515],
						"4.55": [0, 0, 2396.76707],
						"4.6": [0, 0, 2463.29134],
						"4.65": [0, 0, 2525.0786],
						"4.7": [0, 0, 2582.03421],
						"4.75": [0, 0, 2634.08396],
						"4.8": [0, 0, 2681.14225],
						"4.85": [0, 0, 2723.18425],
						"4.9": [0, 0, 2760.21622],
						"4.95": [0, 0, 2792.25373],
						"5.0": [0, 0, 2819.22502],
						"5.05": [0, 0, 2841.21657],
						"5.1": [0, 0, 2858.25223],
						"5.15": [0, 0, 2870.34617],
						"5.2": [0, 0, 2877.55783],
						"5.25": [0, 0, 2880],
						"5.4": [0, 0, 2880],
						"5.55": {
							"pre": [0, 0, 2880],
							"post": [0, 0, 184.53]
						},
						"5.65": [0, 0, 168.29],
						"5.75": [0, 0, 180],
						"6.4": [0, 0, 180],
						"6.5": [0, 0, 169.745],
						"6.6": [0, 0, 182.53],
						"6.7": [0, 0, 174.055],
						"6.8": [0, 0, 178],
						"7.45": [0, 0, 180],
						"7.55": [0, 0, 169.745],
						"7.65": [0, 0, 182.53],
						"7.75": [0, 0, 174.055],
						"7.85": [0, 0, 180],
						"8.5": [0, 0, 180],
						"8.6": [0, 0, 169.745],
						"8.7": [0, 0, 182.53],
						"8.8": [0, 0, 174.055],
						"8.9": [0, 0, 178],
						"11.3": [0, 0, 180],
						"11.4": [0, 0, 169.745],
						"11.5": [0, 0, 182.53],
						"11.6": [0, 0, 174.055],
						"11.7": [0, 0, 180],
						"12.25": [0, 0, 180],
						"13.85": [0, 0, 1080]
					}
				}
			},
			"sound_effects": {
				"0.05": {
					"effect": "tacz:minigun/minigun_inspect_raise"
				},
				"3.15": {
					"effect": "tacz:minigun/minigun_inspect_windup"
				},
				"4.2": {
					"effect": "tacz:minigun/minigun_winddown"
				},
				"5.0": {
					"effect": "tacz:minigun/minigun_inspect_rattle"
				},
				"9.55": {
					"effect": "tacz:minigun/minigun_inspect_rotate1"
				},
				"10.6": {
					"effect": "tacz:minigun/minigun_inspect_rotate2"
				},
				"12.05": {
					"effect": "tacz:minigun/minigun_inspect_end"
				}
			}
		},
		"inspect_empty": {
			"animation_length": 13.85,
			"bones": {
				"barrel_rotate": {
					"rotation": {
						"0.0": [0, 0, 0],
						"0.2": [0, 0, 120],
						"0.45": {
							"pre": [0, 0, 240],
							"post": [0, 0, 240],
							"lerp_mode": "catmullrom"
						},
						"0.65": {
							"post": [0, 0, 335.92],
							"lerp_mode": "catmullrom"
						},
						"0.85": [0, 0, 360],
						"0.95": [0, 0, 360],
						"3.2": {
							"pre": [0, 0, 360],
							"post": [0, 0, 0]
						},
						"3.25": [0, 0, 4.82149],
						"3.3": [0, 0, 19.0621],
						"3.35": [0, 0, 42.52514],
						"3.4": [0, 0, 74.95371],
						"3.45": [0, 0, 116.03084],
						"3.5": [0, 0, 165.38067],
						"3.55": [0, 0, 222.57074],
						"3.6": [0, 0, 287.11535],
						"3.65": [0, 0, 358.48005],
						"3.7": [0, 0, 436.08703],
						"3.75": [0, 0, 519.32143],
						"3.8": [0, 0, 607.53837],
						"3.85": [0, 0, 700.07062],
						"3.9": [0, 0, 796.23648],
						"3.95": [0, 0, 895.34805],
						"4.0": [0, 0, 996.71932],
						"4.05": [0, 0, 1099.67411],
						"4.1": [0, 0, 1203.55355],
						"4.15": [0, 0, 1307.72118],
						"4.2": [0, 0, 1411.5658],
						"4.25": [0, 0, 1514.51573],
						"4.3": [0, 0, 1616.03965],
						"4.35": [0, 0, 1715.63136],
						"4.4": [0, 0, 1812.83024],
						"4.45": [0, 0, 1907.25302],
						"4.5": [0, 0, 1998.46587],
						"4.55": [0, 0, 2086.20723],
						"4.6": [0, 0, 2170.12441],
						"4.65": [0, 0, 2249.9928],
						"4.7": [0, 0, 2325.60515],
						"4.75": [0, 0, 2396.76707],
						"4.8": [0, 0, 2463.29134],
						"4.85": [0, 0, 2525.0786],
						"4.9": [0, 0, 2582.03421],
						"4.95": [0, 0, 2634.08396],
						"5.0": [0, 0, 2681.14225],
						"5.05": [0, 0, 2723.18425],
						"5.1": [0, 0, 2760.21622],
						"5.15": [0, 0, 2792.25373],
						"5.2": [0, 0, 2819.22502],
						"5.25": [0, 0, 2841.21657],
						"5.3": [0, 0, 2858.25223],
						"5.35": [0, 0, 2870.34617],
						"5.4": [0, 0, 2877.55783],
						"5.45": [0, 0, 2880],
						"5.7": [0, 0, 2880],
						"12.45": {
							"pre": [0, 0, 2880],
							"post": [0, 0, 0]
						},
						"12.6": [0, 0, 0],
						"12.75": {
							"pre": [0, 0, 24.08],
							"post": [0, 0, 24.08],
							"lerp_mode": "catmullrom"
						},
						"13.05": {
							"post": [0, 0, 120],
							"lerp_mode": "catmullrom"
						},
						"13.25": [0, 0, 240],
						"13.55": [0, 0, 360],
						"13.85": [0, 0, 480]
					}
				},
				"root": {
					"rotation": {
						"0.0": {
							"post": [0, 0, 0],
							"lerp_mode": "catmullrom"
						},
						"0.2": {
							"post": [-7.53, 2.06, 6.33],
							"lerp_mode": "catmullrom"
						},
						"0.65": {
							"post": [-46.90635, 14.39361, 40.14991],
							"lerp_mode": "catmullrom"
						},
						"0.9": {
							"post": [-53.88135, 16.79361, 47.89991],
							"lerp_mode": "catmullrom"
						},
						"1.15": {
							"post": [-50.33135, 14.39361, 44.32491],
							"lerp_mode": "catmullrom"
						},
						"1.5": {
							"post": [-52.73876, 14.33138, 43.92205],
							"lerp_mode": "catmullrom"
						},
						"1.95": {
							"post": [-51.50635, 14.39361, 44.32491],
							"lerp_mode": "catmullrom"
						},
						"2.35": {
							"post": [-50.39877, 12.46385, 47.21199],
							"lerp_mode": "catmullrom"
						},
						"2.7": {
							"post": [-50.44, 12.52, 53.02],
							"lerp_mode": "catmullrom"
						},
						"3.0": {
							"post": [-50.74, 12.8, 51.04],
							"lerp_mode": "catmullrom"
						},
						"3.2": {
							"post": [-50.98052, 13.07674, 49.58782],
							"lerp_mode": "catmullrom"
						},
						"3.35": {
							"post": [-51.05197, 13.59797, 51.00398],
							"lerp_mode": "catmullrom"
						},
						"3.75": {
							"post": [-51.6076, 13.33594, 50.56181],
							"lerp_mode": "catmullrom"
						},
						"4.05": {
							"post": [-51.53088, 12.84293, 52.03216],
							"lerp_mode": "catmullrom"
						},
						"4.45": {
							"post": [-51.88206, 13.82305, 51.48602],
							"lerp_mode": "catmullrom"
						},
						"5.05": {
							"post": [-51.91702, 11.94942, 49.18673],
							"lerp_mode": "catmullrom"
						},
						"5.25": {
							"post": [-49.68261, 8.72538, 27.85099],
							"lerp_mode": "catmullrom"
						},
						"5.45": {
							"post": [-48.85506, 4.30821, -12.882],
							"lerp_mode": "catmullrom"
						},
						"5.7": {
							"post": [-53.43252, 5.86129, -12.4471],
							"lerp_mode": "catmullrom"
						},
						"5.9": {
							"post": [-60.33268, -2.64802, -9.41123],
							"lerp_mode": "catmullrom"
						},
						"6.1": {
							"post": [-55.70822, -16.24947, -6.9095],
							"lerp_mode": "catmullrom"
						},
						"6.4": {
							"post": [-50.4389, -9.63016, -5.36891],
							"lerp_mode": "catmullrom"
						},
						"6.7": {
							"post": [-58.23507, -12.5907, -1.27345],
							"lerp_mode": "catmullrom"
						},
						"6.95": {
							"post": [-59.06358, -11.53237, -3.00883],
							"lerp_mode": "catmullrom"
						},
						"7.1": {
							"post": [-56.95, -11.53, -3.01],
							"lerp_mode": "catmullrom"
						},
						"7.35": {
							"post": [-59.09032, -7.89975, -8.47851],
							"lerp_mode": "catmullrom"
						},
						"7.5": {
							"post": [-63.79083, -8.60564, -9.18731],
							"lerp_mode": "catmullrom"
						},
						"7.65": {
							"post": [-60.27034, -10.02911, -6.22647],
							"lerp_mode": "catmullrom"
						},
						"7.9": {
							"post": [-60.78226, -11.56835, -6.01915],
							"lerp_mode": "catmullrom"
						},
						"8.15": {
							"post": [-53.06, -25.65, -18.25],
							"lerp_mode": "catmullrom"
						},
						"8.3": {
							"post": [-52.15193, -35.19132, -23.43936],
							"lerp_mode": "catmullrom"
						},
						"8.45": {
							"post": [-55.62617, -33.96184, -26.26068],
							"lerp_mode": "catmullrom"
						},
						"8.65": {
							"post": [-45.61158, -28.1773, -34.67242],
							"lerp_mode": "catmullrom"
						},
						"8.9": {
							"post": [-43.10983, -29.61027, -40.59077],
							"lerp_mode": "catmullrom"
						},
						"9.3": {
							"post": [-41.35623, -31.57189, -42.63073],
							"lerp_mode": "catmullrom"
						},
						"9.75": {
							"post": [-41.30934, -31.24285, -43.10959],
							"lerp_mode": "catmullrom"
						},
						"10.15": {
							"post": [-41.05168, -30.86506, -45.16957],
							"lerp_mode": "catmullrom"
						},
						"10.55": {
							"post": [-41.97721, -30.69337, -41.79584],
							"lerp_mode": "catmullrom"
						},
						"10.75": {
							"post": [-53.71656, -29.96107, -29.54],
							"lerp_mode": "catmullrom"
						},
						"10.95": {
							"post": [-61.62038, -22.37034, -19.70797],
							"lerp_mode": "catmullrom"
						},
						"11.1": {
							"post": [-63.62959, -10.93403, -10.76845],
							"lerp_mode": "catmullrom"
						},
						"11.4": {
							"post": [-66.74723, -14.03135, 1.11545],
							"lerp_mode": "catmullrom"
						},
						"11.7": {
							"post": [-66.74723, -14.03135, 1.11545],
							"lerp_mode": "catmullrom"
						},
						"12.05": {
							"post": [-52.42247, 0.14597, 3.55472],
							"lerp_mode": "catmullrom"
						},
						"12.4": {
							"post": [0, 0, 5],
							"lerp_mode": "catmullrom"
						},
						"12.55": {
							"post": [0, 0, 4],
							"lerp_mode": "catmullrom"
						},
						"12.7": {
							"post": [0, 0, 2],
							"lerp_mode": "catmullrom"
						},
						"12.9": {
							"post": [0, 0, 0],
							"lerp_mode": "catmullrom"
						},
						"13.1": {
							"post": [0, 0, 0],
							"lerp_mode": "catmullrom"
						}
					},
					"position": {
						"0.0": {
							"post": [0, 0, 0],
							"lerp_mode": "catmullrom"
						},
						"0.2": {
							"post": [0.665, -1.36, -0.82],
							"lerp_mode": "catmullrom"
						},
						"0.4": {
							"post": [0.65, -0.075, -2.12],
							"lerp_mode": "catmullrom"
						},
						"0.7": {
							"post": [0.25, 6.425, -4.375],
							"lerp_mode": "catmullrom"
						},
						"0.9": {
							"post": [1, 5.7, -6.075],
							"lerp_mode": "catmullrom"
						},
						"1.0": {
							"post": [1.08, 5.12, -6.105],
							"lerp_mode": "catmullrom"
						},
						"1.15": {
							"post": [1.075, 5.05, -6.175],
							"lerp_mode": "catmullrom"
						},
						"1.5": {
							"post": [1.2, 5.355, -6.07],
							"lerp_mode": "catmullrom"
						},
						"1.85": {
							"post": [1.17, 5.265, -6.05],
							"lerp_mode": "catmullrom"
						},
						"2.15": {
							"post": [1.22, 4.215, -6.1],
							"lerp_mode": "catmullrom"
						},
						"2.55": {
							"post": [1.705, 5.895, -6.12],
							"lerp_mode": "catmullrom"
						},
						"2.85": {
							"post": [1.77, 5.63, -6.13],
							"lerp_mode": "catmullrom"
						},
						"3.2": {
							"post": [1.76, 5.88, -6.13],
							"lerp_mode": "catmullrom"
						},
						"3.5": {
							"post": [1.56, 5.575, -6.13],
							"lerp_mode": "catmullrom"
						},
						"3.75": {
							"post": [1.56765, 5.76736, -6.10658],
							"lerp_mode": "catmullrom"
						},
						"4.1": {
							"post": [1.485, 5.77, -6.11],
							"lerp_mode": "catmullrom"
						},
						"4.6": {
							"post": [1.465, 5.62, -5.945],
							"lerp_mode": "catmullrom"
						},
						"5.0": {
							"post": [1.78, 6.27, -6.14],
							"lerp_mode": "catmullrom"
						},
						"5.15": {
							"post": [1.75, 5, -6.15],
							"lerp_mode": "catmullrom"
						},
						"5.25": {
							"post": [1.44, -0.09, -6.585],
							"lerp_mode": "catmullrom"
						},
						"5.35": {
							"post": [1.375, -2.525, -7.425],
							"lerp_mode": "catmullrom"
						},
						"5.45": {
							"post": [1.085, -3.285, -7.915],
							"lerp_mode": "catmullrom"
						},
						"5.65": {
							"post": [0.97005, -2.42713, -7.59487],
							"lerp_mode": "catmullrom"
						},
						"5.9": {
							"post": [1.3, 1.33638, -7.60978],
							"lerp_mode": "catmullrom"
						},
						"6.1": {
							"post": [1.43, 5.705, -6.975],
							"lerp_mode": "catmullrom"
						},
						"6.25": {
							"post": [0.74, 5.97, -6.975],
							"lerp_mode": "catmullrom"
						},
						"6.35": {
							"post": [0.66, 4.75, -7.02],
							"lerp_mode": "catmullrom"
						},
						"6.4": {
							"post": [0.6316, 2.24402, -7.11855],
							"lerp_mode": "catmullrom"
						},
						"6.45": {
							"post": [0.63, 0.88, -7.13],
							"lerp_mode": "catmullrom"
						},
						"6.55": {
							"post": [0.62, 0.075, -7.13],
							"lerp_mode": "catmullrom"
						},
						"6.7": {
							"post": [0.63218, 0.94519, -7.11783],
							"lerp_mode": "catmullrom"
						},
						"6.9": {
							"post": [0.53644, 0.91409, -7.08961],
							"lerp_mode": "catmullrom"
						},
						"7.1": {
							"post": [0.5147, -0.56652, -6.98589],
							"lerp_mode": "catmullrom"
						},
						"7.35": {
							"post": [0.46926, 5.71964, -7.75835],
							"lerp_mode": "catmullrom"
						},
						"7.5": {
							"post": [0.23784, 5.37144, -8.23419],
							"lerp_mode": "catmullrom"
						},
						"7.65": {
							"post": [0.32313, 3.81362, -8.12357],
							"lerp_mode": "catmullrom"
						},
						"7.8": {
							"post": [0.09525, 4.36452, -6.90257],
							"lerp_mode": "catmullrom"
						},
						"8.05": {
							"post": [0.11486, 4.49226, -6.20198],
							"lerp_mode": "catmullrom"
						},
						"8.3": {
							"post": [-0.19633, 8.13351, -6.7741],
							"lerp_mode": "catmullrom"
						},
						"8.55": {
							"post": [-0.09642, 6.96442, -6.68511],
							"lerp_mode": "catmullrom"
						},
						"8.85": {
							"post": [-0.11257, 7.10381, -7.12992],
							"lerp_mode": "catmullrom"
						},
						"9.25": {
							"post": [-0.24239, 6.8252, -7.04196],
							"lerp_mode": "catmullrom"
						},
						"9.65": {
							"post": [-0.27877, 6.93813, -7.02347],
							"lerp_mode": "catmullrom"
						},
						"10.0": {
							"post": [-0.27, 7.89, -6.995],
							"lerp_mode": "catmullrom"
						},
						"10.3": {
							"post": [-0.28, 7.84, -6.985],
							"lerp_mode": "catmullrom"
						},
						"10.55": {
							"post": [-0.39675, 7.29211, -6.98858],
							"lerp_mode": "catmullrom"
						},
						"10.75": {
							"post": [0.03653, 5.69181, -7.25638],
							"lerp_mode": "catmullrom"
						},
						"10.95": {
							"post": [0.45963, 8.30368, -7.48489],
							"lerp_mode": "catmullrom"
						},
						"11.1": {
							"post": [0.83148, 7.81031, -7.94703],
							"lerp_mode": "catmullrom"
						},
						"11.25": {
							"post": [0.99355, 6.06914, -8.65988],
							"lerp_mode": "catmullrom"
						},
						"11.4": {
							"post": [2.13768, 4.90785, -9.14244],
							"lerp_mode": "catmullrom"
						},
						"11.55": {
							"post": [2.48481, 5.01267, -9.15161],
							"lerp_mode": "catmullrom"
						},
						"11.7": {
							"post": [2.3933, 6.05469, -9.24278],
							"lerp_mode": "catmullrom"
						},
						"11.9": {
							"post": [2.43307, 5.56114, -7.72698],
							"lerp_mode": "catmullrom"
						},
						"12.15": {
							"post": [1.76906, 0.21886, -3.54155],
							"lerp_mode": "catmullrom"
						},
						"12.4": {
							"post": [0.70636, -0.61344, 0.05367],
							"lerp_mode": "catmullrom"
						},
						"12.55": {
							"post": [-0.24314, -0.94619, 0.08278],
							"lerp_mode": "catmullrom"
						},
						"12.75": {
							"post": [-0.15, -0.17, 0.02],
							"lerp_mode": "catmullrom"
						},
						"12.9": {
							"post": [0, 0, 0],
							"lerp_mode": "catmullrom"
						},
						"13.1": {
							"post": [0, 0, 0],
							"lerp_mode": "catmullrom"
						}
					}
				},
				"righthand": {
					"rotation": {
						"0.0": [109.36918, -16.59607, -7.52545],
						"5.4": [109.36918, -16.59607, -7.52545],
						"5.7": [96.34686, -19.78776, -84.94157],
						"6.5": [112.60595, -14.0338, -82.39176],
						"7.2": [112.60595, -14.0338, -82.39176],
						"7.5": [90.02111, 19.38644, -83.52096],
						"7.75": [90.02111, 19.38644, -83.52096],
						"7.95": [90.02042, 13.64, -83.52271],
						"8.15": [84.70165, 1.81703, -85.11054],
						"8.4": [85.9904, 14.6473, -83.96647],
						"8.6": [85.97143, 15.64485, -84.03908],
						"11.05": [85.97, 15.64, -84.04],
						"11.3": [107.28, 8.27, -86.87],
						"11.45": [110.32824, 7.22078, -87.27434],
						"11.7": [110.32824, 7.22078, -87.27434],
						"12.0": [109.36918, -16.59607, -7.52545]
					},
					"position": {
						"0.0": [-6, -11, 12],
						"5.4": [-6, -11, 12],
						"5.7": [-10.72752, -8.27834, -1.22398],
						"7.15": [-10.72752, -8.27834, -1.22398],
						"7.4": [-10.72752, -8.27834, -1.22398],
						"8.1": [-10.72752, -8.27834, -1.22398],
						"8.3": [-9.15252, -8.27834, -1.22398],
						"11.45": [-9.15252, -8.27834, -1.22398],
						"11.7": [-8.01, -7.13, -0.95],
						"12.0": [-6, -11, 12]
					},
					"scale": [1, 1.5, 1]
				},
				"lefthand": {
					"rotation": {
						"0.0": [118.8492, 8.77489, 104.65279],
						"0.55": [118.8492, 8.77489, 104.65279],
						"5.55": [118.8492, 8.77489, 104.65279],
						"5.8": [119.4, -7.67, 100.325],
						"6.0": [128.4, -7.67, 100.325],
						"6.15": [129.6871, -14.9367, 106.93913],
						"6.35": [117.83263, -11.84455, 109.54786],
						"6.65": [127.83263, -11.84455, 109.54786],
						"7.1": [127.83263, -11.84455, 109.54786],
						"7.3": [76.88204, -16.85716, 187.28187],
						"7.5": [60.39844, 46.07812, 290.81564],
						"10.9": [60.39844, 46.07812, 290.81564],
						"11.05": [73.25628, -18.29651, 190.45643],
						"11.3": [111.45435, 12.44678, 94.77494],
						"12.05": [111.45435, 12.44678, 94.77494],
						"12.25": [112.3997, 10.57857, 99.50832],
						"12.5": [118.8492, 8.77489, 104.65279]
					},
					"position": {
						"0.0": [7, -8, -1],
						"0.55": [7, -7.585, -1.43],
						"5.55": [7, -7.585, -1.43],
						"7.1": [7.625, -7.65, -1.225],
						"7.25": [12.09659, -7.30489, 3.20802],
						"7.4": [14.53, -18.75, 9.43],
						"7.5": [8.23333, -21.11729, 9.71872],
						"10.9": [8.23333, -21.11729, 9.71872],
						"11.05": [12.88521, -16.44677, 8.47505],
						"11.3": [8.04867, -7.61508, -0.81917],
						"12.05": [8.04867, -7.61508, -0.81917],
						"12.25": [7.625, -7.65, -1.225],
						"12.5": [7, -8, -1]
					},
					"scale": [1, 1.5, 1]
				},
				"camera": {
					"rotation": {
						"0.0": {
							"post": [0, 0, 0],
							"lerp_mode": "catmullrom"
						},
						"0.2": {
							"post": [0.03462, 0.14934, -1.17477],
							"lerp_mode": "catmullrom"
						},
						"0.4": {
							"post": [-0.535, 0.22, -1.75],
							"lerp_mode": "catmullrom"
						},
						"0.65": {
							"post": [1.85771, 0.29868, -2.34954],
							"lerp_mode": "catmullrom"
						},
						"0.95": {
							"post": [7.98464, 0.47291, -3.7201],
							"lerp_mode": "catmullrom"
						},
						"1.05": {
							"post": [6.10962, 0.43149, -4.82481],
							"lerp_mode": "catmullrom"
						},
						"1.25": {
							"post": [7.45, 0.56, -3.11],
							"lerp_mode": "catmullrom"
						},
						"1.45": {
							"post": [7.47, 0.73, -3.91],
							"lerp_mode": "catmullrom"
						},
						"1.65": {
							"post": [6.88453, -0.5006, -3.74835],
							"lerp_mode": "catmullrom"
						},
						"2.05": {
							"post": [2.04387, -5.10576, -1.69632],
							"lerp_mode": "catmullrom"
						},
						"2.6": {
							"post": [1.04472, -5.60568, -1.70547],
							"lerp_mode": "catmullrom"
						},
						"3.1": {
							"post": [3.28949, -4.35724, -1.64435],
							"lerp_mode": "catmullrom"
						},
						"3.25": {
							"post": [3.71, -4.01, -1.62],
							"lerp_mode": "catmullrom"
						},
						"3.35": {
							"post": [2.415, -3.78, -0.775],
							"lerp_mode": "catmullrom"
						},
						"3.55": {
							"post": [3.03336, -3.3609, -1.55635],
							"lerp_mode": "catmullrom"
						},
						"3.8": {
							"post": [2.635, -3.39, -1.61],
							"lerp_mode": "catmullrom"
						},
						"4.1": {
							"post": [3.03417, -3.61055, -1.56961],
							"lerp_mode": "catmullrom"
						},
						"5.0": {
							"post": [4.1332, -4.59724, -1.64125],
							"lerp_mode": "catmullrom"
						},
						"5.35": {
							"post": [5.15, -0.65, -1.54],
							"lerp_mode": "catmullrom"
						},
						"5.45": {
							"post": [3.59, 0.75, -0.235],
							"lerp_mode": "catmullrom"
						},
						"5.55": {
							"post": [3.25, 1.6, -2.515],
							"lerp_mode": "catmullrom"
						},
						"5.7": {
							"post": [4.41, 2.63, -0.13],
							"lerp_mode": "catmullrom"
						},
						"5.9": {
							"post": [5.29, 2.45, 0.38],
							"lerp_mode": "catmullrom"
						},
						"6.15": {
							"post": [11.87, 1.97, 2.1],
							"lerp_mode": "catmullrom"
						},
						"6.25": {
							"post": [11.01467, 1.96069, 0.95425],
							"lerp_mode": "catmullrom"
						},
						"6.45": {
							"post": [10.96, 2.64, 1.39],
							"lerp_mode": "catmullrom"
						},
						"6.65": {
							"post": [9.43959, 3.31752, 0.34751],
							"lerp_mode": "catmullrom"
						},
						"7.0": {
							"post": [11.5, 3.36, 0.28],
							"lerp_mode": "catmullrom"
						},
						"7.2": {
							"post": [10.74, 3.34, 0.32],
							"lerp_mode": "catmullrom"
						},
						"7.35": {
							"post": [11.18959, 3.31752, 0.34751],
							"lerp_mode": "catmullrom"
						},
						"7.45": {
							"post": [10.41, 3.32, -0.185],
							"lerp_mode": "catmullrom"
						},
						"7.6": {
							"post": [8.79, 3.32, 0.005],
							"lerp_mode": "catmullrom"
						},
						"7.7": {
							"post": [7.93, 3.32, 1.625],
							"lerp_mode": "catmullrom"
						},
						"7.8": {
							"post": [6.98959, 3.31752, -0.37749],
							"lerp_mode": "catmullrom"
						},
						"8.05": {
							"post": [4.7, 3.29, 0.65],
							"lerp_mode": "catmullrom"
						},
						"8.4": {
							"post": [-5.77498, 3.11809, 3.48209],
							"lerp_mode": "catmullrom"
						},
						"8.5": {
							"post": [-7.96, 3.13, 1.365],
							"lerp_mode": "catmullrom"
						},
						"8.6": {
							"post": [-7.55, 3.16, 4.63],
							"lerp_mode": "catmullrom"
						},
						"8.7": {
							"post": [-6.29, 3.2, 3.56],
							"lerp_mode": "catmullrom"
						},
						"8.9": {
							"post": [-7.46982, 3.27276, 3.8466],
							"lerp_mode": "catmullrom"
						},
						"9.25": {
							"post": [-6.685, 3.19, 3.86],
							"lerp_mode": "catmullrom"
						},
						"9.6": {
							"post": [7.265, 2.52, 3.94],
							"lerp_mode": "catmullrom"
						},
						"9.9": {
							"post": [15.90918, 1.28697, 4.1916],
							"lerp_mode": "catmullrom"
						},
						"10.3": {
							"post": [20.17712, 0.92179, 5.12271],
							"lerp_mode": "catmullrom"
						},
						"10.75": {
							"post": [20.91988, 0.71856, 3.47185],
							"lerp_mode": "catmullrom"
						},
						"10.95": {
							"post": [14.28, 1.7, 2.56],
							"lerp_mode": "catmullrom"
						},
						"11.25": {
							"post": [11.29577, 3.36605, 1.33717],
							"lerp_mode": "catmullrom"
						},
						"11.35": {
							"post": [12.7, 3.54, 3.43],
							"lerp_mode": "catmullrom"
						},
						"11.45": {
							"post": [12.24, 3.51, -1.38],
							"lerp_mode": "catmullrom"
						},
						"11.6": {
							"post": [9.125, 3.48, 1.525],
							"lerp_mode": "catmullrom"
						},
						"11.85": {
							"post": [9.98, 3.35, 2.09],
							"lerp_mode": "catmullrom"
						},
						"12.1": {
							"post": [9.16963, 3.012, 3.5626],
							"lerp_mode": "catmullrom"
						},
						"12.5": {
							"post": [0.68395, 0.9819, -0.26533],
							"lerp_mode": "catmullrom"
						},
						"12.6": {
							"post": [0.76, 0.33, 0.475],
							"lerp_mode": "catmullrom"
						},
						"12.7": {
							"post": [0.81, 0.11, -0.67],
							"lerp_mode": "catmullrom"
						},
						"12.85": {
							"post": [-0.33, 0, 0.065],
							"lerp_mode": "catmullrom"
						},
						"13.1": {
							"post": [0, 0, 0],
							"lerp_mode": "catmullrom"
						}
					}
				},
				"barrel_1": {
					"rotation": {
						"0.0": [0, 0, 0],
						"0.4": [0, 0, 0],
						"0.65": [0, 0, 0],
						"1.1": [0, 0, 9.41],
						"1.25": [0, 0, -2.59],
						"1.45": [0, 0, 0.41],
						"1.65": [0, 0, 0.41],
						"3.0": {
							"pre": [0, 0, 0.41],
							"post": [0, 0, 0]
						},
						"3.05": [0, 0, 4.82149],
						"3.1": [0, 0, 19.0621],
						"3.15": [0, 0, 42.52514],
						"3.2": [0, 0, 74.95371],
						"3.25": [0, 0, 116.03084],
						"3.3": [0, 0, 165.38067],
						"3.35": [0, 0, 222.57074],
						"3.4": [0, 0, 287.11535],
						"3.45": [0, 0, 358.48005],
						"3.5": [0, 0, 436.08703],
						"3.55": [0, 0, 519.32143],
						"3.6": [0, 0, 607.53837],
						"3.65": [0, 0, 700.07062],
						"3.7": [0, 0, 796.23648],
						"3.75": [0, 0, 895.34805],
						"3.8": [0, 0, 996.71932],
						"3.85": [0, 0, 1099.67411],
						"3.9": [0, 0, 1203.55355],
						"3.95": [0, 0, 1307.72118],
						"4.0": [0, 0, 1411.5658],
						"4.05": [0, 0, 1514.51573],
						"4.1": [0, 0, 1616.03965],
						"4.15": [0, 0, 1715.63136],
						"4.2": [0, 0, 1812.83024],
						"4.25": [0, 0, 1907.25302],
						"4.3": [0, 0, 1998.46587],
						"4.35": [0, 0, 2086.20723],
						"4.4": [0, 0, 2170.12441],
						"4.45": [0, 0, 2249.9928],
						"4.5": [0, 0, 2325.60515],
						"4.55": [0, 0, 2396.76707],
						"4.6": [0, 0, 2463.29134],
						"4.65": [0, 0, 2525.0786],
						"4.7": [0, 0, 2582.03421],
						"4.75": [0, 0, 2634.08396],
						"4.8": [0, 0, 2681.14225],
						"4.85": [0, 0, 2723.18425],
						"4.9": [0, 0, 2760.21622],
						"4.95": [0, 0, 2792.25373],
						"5.0": [0, 0, 2819.22502],
						"5.05": [0, 0, 2841.21657],
						"5.1": [0, 0, 2858.25223],
						"5.15": [0, 0, 2870.34617],
						"5.2": [0, 0, 2877.55783],
						"5.25": [0, 0, 2880],
						"5.4": [0, 0, 2880],
						"5.55": {
							"pre": [0, 0, 2880],
							"post": [0, 0, 184.53]
						},
						"5.65": [0, 0, 168.29],
						"5.75": [0, 0, 180],
						"6.4": [0, 0, 180],
						"6.5": [0, 0, 169.745],
						"6.6": [0, 0, 182.53],
						"6.7": [0, 0, 174.055],
						"6.8": [0, 0, 178],
						"7.45": [0, 0, 180],
						"7.55": [0, 0, 169.745],
						"7.65": [0, 0, 182.53],
						"7.75": [0, 0, 174.055],
						"7.85": [0, 0, 180],
						"8.5": [0, 0, 180],
						"8.6": [0, 0, 169.745],
						"8.7": [0, 0, 182.53],
						"8.8": [0, 0, 174.055],
						"8.9": [0, 0, 178],
						"11.3": [0, 0, 180],
						"11.4": [0, 0, 169.745],
						"11.5": [0, 0, 182.53],
						"11.6": [0, 0, 174.055],
						"11.7": [0, 0, 180],
						"12.25": [0, 0, 180],
						"13.85": [0, 0, 180]
					}
				},
				"empty": {
					"scale": 1.001
				}
			},
			"sound_effects": {
				"0.05": {
					"effect": "tacz:minigun/minigun_inspect_raise"
				},
				"3.15": {
					"effect": "tacz:minigun/minigun_inspect_windup"
				},
				"4.2": {
					"effect": "tacz:minigun/minigun_winddown"
				},
				"5.0": {
					"effect": "tacz:minigun/minigun_inspect_rattle"
				},
				"9.55": {
					"effect": "tacz:minigun/minigun_inspect_rotate1"
				},
				"10.6": {
					"effect": "tacz:minigun/minigun_inspect_rotate2"
				},
				"12.05": {
					"effect": "tacz:minigun/minigun_inspect_end"
				}
			}
		},
		"reload_empty": {
			"animation_length": 6.5833,
			"bones": {
				"barrel_1": {
					"rotation": {
						"0.0": [0, 0, 0],
						"0.6667": [0, 0, 113],
						"0.7917": [0, 0, 86.14],
						"0.9167": [0, 0, 101.75],
						"1.0417": [0, 0, 110.575],
						"1.1667": [0, 0, 134.575],
						"1.3333": [0, 0, 122.575],
						"1.625": [0, 0, 123.24],
						"1.7083": [0, 0, 111.45],
						"1.7917": [0, 0, 133.71],
						"1.875": [0, 0, 118.135],
						"1.9583": [0, 0, 125.89],
						"2.0417": [0, 0, 124.19],
						"3.2083": [0, 0, 126.875],
						"3.4583": [0, 0, 122.575],
						"3.9167": [0, 0, 122.575],
						"4.0833": [0, 0, 110],
						"4.2917": [0, 0, 131.575],
						"4.4167": [0, 0, 118.575],
						"4.5417": [0, 0, 122.575],
						"4.6667": [0, 0, 126.575],
						"4.7917": [0, 0, 122.575],
						"5.1667": [0, 0, 122.575],
						"5.5417": [0, 0, 137.575],
						"6.0833": [0, 0, 261.565],
						"6.5833": [0, 0, 480]
					}
				},
				"lefthand": {
					"rotation": {
						"0.0": [118.8492, 8.77489, 104.65279],
						"0.3333": [118.8492, 8.77489, 104.65279]
					},
					"position": [7, -8, -1],
					"scale": [1, 1.5, 1]
				},
				"righthand": {
					"rotation": {
						"0.0": [109.36918, -16.59607, -7.52545],
						"0.2083": [109.36918, -16.59607, -7.52545],
						"0.5": [109.94807, -21.30895, -9.30806],
						"0.75": [129.95, -21.31, -9.31],
						"3.5833": [129.95, -21.31, -9.31],
						"4.0833": [129.95, -21.31, -9.31],
						"4.4583": [121.80501, -4.95521, 2.38877],
						"4.6667": [115.90273, -13.99028, -0.3415],
						"4.9167": [115.90273, -13.99028, -0.3415],
						"5.0833": [109.36918, -16.59607, -7.52545]
					},
					"position": {
						"0.0": [-6, -11, 12],
						"0.2083": [-6, -11, 12],
						"0.5": [-13, -19, 4],
						"0.75": [-8, -24, 4],
						"3.5833": [-8, -24, 4],
						"4.0833": [-8, -24, 4],
						"4.4583": [-13.4, -20, 4],
						"4.6667": [-11.8, -19.67, 4],
						"4.9167": [-11.8, -19.67, 4],
						"5.0833": [-6, -11, 12]
					},
					"scale": [1, 1.5, 1]
				},
				"root": {
					"rotation": {
						"0.0": [0, 0, 0],
						"0.2083": {
							"pre": [-3.30816, -6.55161, -3.15758],
							"post": [-3.30816, -6.55161, -3.15758],
							"lerp_mode": "catmullrom"
						},
						"0.3333": {
							"post": [-11.99539, -6.2465, 5.47107],
							"lerp_mode": "catmullrom"
						},
						"0.4583": {
							"post": [-24.07317, -0.97391, 16.72222],
							"lerp_mode": "catmullrom"
						},
						"0.625": {
							"post": [-32.28365, 5.59754, 33.12545],
							"lerp_mode": "catmullrom"
						},
						"0.75": {
							"post": [-32.44664, 5.36815, 34.6821],
							"lerp_mode": "catmullrom"
						},
						"0.9583": {
							"post": [-26.455, 3.795, 36.3],
							"lerp_mode": "catmullrom"
						},
						"1.25": {
							"post": [-26.73, 4.075, 36.79],
							"lerp_mode": "catmullrom"
						},
						"1.4583": {
							"post": [-31.38661, 6.16105, 36.86302],
							"lerp_mode": "catmullrom"
						},
						"1.5833": {
							"post": [-31.60382, 7.93459, 36.69084],
							"lerp_mode": "catmullrom"
						},
						"1.7083": {
							"post": [-32.63207, 11.82249, 30.73597],
							"lerp_mode": "catmullrom"
						},
						"1.875": {
							"post": [-30.70608, 6.77067, 26.8789],
							"lerp_mode": "catmullrom"
						},
						"2.0": [-32.4996, 5.69075, 24.87734],
						"2.2083": {
							"pre": [-32.2332, 0.82372, 21.39393],
							"post": [-32.2332, 0.82372, 21.39393],
							"lerp_mode": "catmullrom"
						},
						"2.7083": {
							"post": [-32.2332, 0.82372, 21.39393],
							"lerp_mode": "catmullrom"
						},
						"3.0833": {
							"post": [-32.10033, -7.82121, 24.61059],
							"lerp_mode": "catmullrom"
						},
						"3.2917": {
							"post": [-35.60858, -4.23639, 28.98919],
							"lerp_mode": "catmullrom"
						},
						"3.5417": {
							"post": [-35.49636, -7.36114, 24.53425],
							"lerp_mode": "catmullrom"
						},
						"3.7917": {
							"post": [-29.0552, -10.26337, 21.41042],
							"lerp_mode": "catmullrom"
						},
						"4.0417": [-30.13, -6.68, 25.63],
						"4.0833": [-36.12, -8.55, 25.51],
						"4.2083": [-36.12, -6.75, 25.51],
						"4.4167": [-35.57, -3.83, 22.38],
						"4.5417": [-35.57, -3.83, 22.38],
						"4.6667": [-34.25638, -2.26178, 22.29036],
						"4.7917": [-34.2537, -4.64619, 27.92775],
						"4.9167": [-32.4433, -4.69407, 28.78744],
						"5.0833": [-32.4996, -9.30925, 25.09734],
						"5.3333": [-27.555, -8.17, 17.42],
						"5.7083": [-2.77467, -6.47288, 5.91111],
						"5.8333": [-1.20016, -5.6579, 3.74312],
						"5.9583": {
							"pre": [1.76605, -3.2563, 4.9369],
							"post": [1.76605, -3.2563, 4.9369],
							"lerp_mode": "catmullrom"
						},
						"6.0417": {
							"post": [1.78811, -2.65564, 4.66491],
							"lerp_mode": "catmullrom"
						},
						"6.0833": {
							"post": [0.8, -0.92, 3.05],
							"lerp_mode": "catmullrom"
						},
						"6.1667": {
							"post": [-0.30298, 0.34027, -1.56498],
							"lerp_mode": "catmullrom"
						},
						"6.3333": {
							"post": [0.2321, 0.0577, 2.25602],
							"lerp_mode": "catmullrom"
						},
						"6.5417": {
							"post": [0, 0, 0],
							"lerp_mode": "catmullrom"
						}
					},
					"position": {
						"0.0": [0, 0, 0],
						"0.2083": {
							"pre": [3.25, -1.13, -1.83],
							"post": [3.25, -1.13, -1.83],
							"lerp_mode": "catmullrom"
						},
						"0.4583": {
							"post": [5.905, 1.92, -3.895],
							"lerp_mode": "catmullrom"
						},
						"0.5": {
							"post": [7.58, 3.51, -5.215],
							"lerp_mode": "catmullrom"
						},
						"0.625": {
							"post": [8.74, 3.245, -5.795],
							"lerp_mode": "catmullrom"
						},
						"0.75": {
							"post": [8.8, 1.65, -5.715],
							"lerp_mode": "catmullrom"
						},
						"0.9583": {
							"post": [8.8, 0.49, -5.69],
							"lerp_mode": "catmullrom"
						},
						"1.2083": {
							"post": [8.79, 2, -5.67],
							"lerp_mode": "catmullrom"
						},
						"1.5": {
							"post": [8.8, 2.165, -5.66],
							"lerp_mode": "catmullrom"
						},
						"1.625": {
							"post": [8.925, 2.46, -5.725],
							"lerp_mode": "catmullrom"
						},
						"1.75": {
							"post": [8.285, 0.46625, -7.63],
							"lerp_mode": "catmullrom"
						},
						"2.0": {
							"post": [8.6, 0.63, -6.65],
							"lerp_mode": "catmullrom"
						},
						"2.25": {
							"post": [8.63, 0.69, -6.65],
							"lerp_mode": "catmullrom"
						},
						"2.75": {
							"post": [8.63, 0.69, -6.65],
							"lerp_mode": "catmullrom"
						},
						"3.1667": {
							"post": [8.6, 5.875, -6.65],
							"lerp_mode": "catmullrom"
						},
						"3.4167": {
							"post": [8.6, 5.3, -6.65],
							"lerp_mode": "catmullrom"
						},
						"3.6667": {
							"post": [8.61, 5.21, -6.65],
							"lerp_mode": "catmullrom"
						},
						"3.8333": {
							"post": [8.61, 5.21, -6.65],
							"lerp_mode": "catmullrom"
						},
						"4.0417": {
							"post": [8.61, 5.22, -6.65],
							"lerp_mode": "catmullrom"
						},
						"4.0833": {
							"post": [8.61, 6.23, -6.65],
							"lerp_mode": "catmullrom"
						},
						"4.2083": {
							"post": [8.61, 5.43, -6.65],
							"lerp_mode": "catmullrom"
						},
						"4.3333": {
							"post": [8.61, 4.75, -6.65],
							"lerp_mode": "catmullrom"
						},
						"4.5417": {
							"post": [8.61, 5.06, -6.65],
							"lerp_mode": "catmullrom"
						},
						"4.7083": {
							"post": [8.61, 4.41, -6.65],
							"lerp_mode": "catmullrom"
						},
						"5.0417": {
							"post": [8.8, 3.675, -6.65],
							"lerp_mode": "catmullrom"
						},
						"5.2083": {
							"post": [8.55, 3.52, -6.645],
							"lerp_mode": "catmullrom"
						},
						"5.3333": {
							"post": [7.93, 2.62, -6.015],
							"lerp_mode": "catmullrom"
						},
						"5.4583": {
							"post": [5.525, -1.04, -4.065],
							"lerp_mode": "catmullrom"
						},
						"5.5833": {
							"post": [3.235, -5.1, -4.215],
							"lerp_mode": "catmullrom"
						},
						"5.7917": {
							"post": [2.36, -4.48, -4.4],
							"lerp_mode": "catmullrom"
						},
						"5.9583": {
							"post": [1.305, -1.125, -4.24],
							"lerp_mode": "catmullrom"
						},
						"6.0833": {
							"post": [0.79, 0.215, -2.5],
							"lerp_mode": "catmullrom"
						},
						"6.2083": {
							"post": [0.125, -0.575, 0.275],
							"lerp_mode": "catmullrom"
						},
						"6.3333": {
							"post": [0, -0.32875, -0.44],
							"lerp_mode": "catmullrom"
						},
						"6.4583": {
							"post": [0, -0.02, 0.17],
							"lerp_mode": "catmullrom"
						},
						"6.6667": {
							"post": [0, 0, 0],
							"lerp_mode": "catmullrom"
						}
					}
				},
				"chain_group": {
					"rotation": {
						"0.0": [0, 0, 0],
						"3.0417": [2.66399, -14.76689, -10.34527],
						"4.4583": [2.66399, -14.76689, -10.34527],
						"4.5833": [0, 0, 0]
					},
					"position": {
						"0.0": [0, 0, 0],
						"3.0417": [-2.2, 0, 0],
						"4.4583": [-2.2, 0, 0],
						"4.5833": [0, 0, 0]
					}
				},
				"mag_and_righthand": {
					"rotation": {
						"1.5": [0, 0, 0],
						"1.625": [-15, 0, 0],
						"1.75": [-10, 0, 0],
						"1.8333": [10, 0, 0],
						"3.0833": {
							"pre": [10, 0, 0],
							"post": [10, 0, 0],
							"lerp_mode": "catmullrom"
						},
						"3.2917": {
							"post": [-12.5, 0, 0],
							"lerp_mode": "catmullrom"
						},
						"3.5417": {
							"post": [-12.5, 0, 0],
							"lerp_mode": "catmullrom"
						},
						"3.7917": {
							"post": [-12.5, 0, 0],
							"lerp_mode": "catmullrom"
						},
						"3.9583": {
							"post": [-20, 0, 0],
							"lerp_mode": "catmullrom"
						},
						"4.0833": {
							"post": [0, 0, 0],
							"lerp_mode": "catmullrom"
						}
					},
					"position": {
						"1.5": [0, 0, 0],
						"1.625": [0, 0, 0],
						"1.8333": [0, -7, 17],
						"3.0833": {
							"pre": [0, -7, 17],
							"post": [0, -7, 17],
							"lerp_mode": "catmullrom"
						},
						"3.2917": {
							"post": [0, -7, 0],
							"lerp_mode": "catmullrom"
						},
						"3.5417": {
							"post": [0, -1, 0],
							"lerp_mode": "catmullrom"
						},
						"3.7917": {
							"post": [0, -1, 0],
							"lerp_mode": "catmullrom"
						},
						"3.9583": {
							"post": [0, -1, 0],
							"lerp_mode": "catmullrom"
						},
						"4.0833": {
							"post": [0, 0, 0],
							"lerp_mode": "catmullrom"
						}
					}
				},
				"camera": {
					"rotation": {
						"0.0": {
							"post": [0, 0, 0],
							"lerp_mode": "catmullrom"
						},
						"0.25": {
							"post": [1.495, 0, -1.815],
							"lerp_mode": "catmullrom"
						},
						"0.5": {
							"post": [-1.055, 0, -0.665],
							"lerp_mode": "catmullrom"
						},
						"0.8333": {
							"post": [-1.515, 0, -0.3],
							"lerp_mode": "catmullrom"
						},
						"1.5417": {
							"post": [-0.88, 0, -0.875],
							"lerp_mode": "catmullrom"
						},
						"1.625": {
							"post": [-0.88, 0, -0.87],
							"lerp_mode": "catmullrom"
						},
						"1.6667": {
							"post": [-0.88, 0, 0.29],
							"lerp_mode": "catmullrom"
						},
						"1.75": {
							"post": [-0.88, 0, -1.82],
							"lerp_mode": "catmullrom"
						},
						"1.8333": {
							"post": [-0.88, 0, -0.455],
							"lerp_mode": "catmullrom"
						},
						"2.0": {
							"post": [-0.88, 0, -1.15],
							"lerp_mode": "catmullrom"
						},
						"2.125": {
							"post": [-0.88, 0, -0.87],
							"lerp_mode": "catmullrom"
						},
						"3.125": {
							"post": [-0.88, 0, 0.62],
							"lerp_mode": "catmullrom"
						},
						"3.375": {
							"post": [-0.88, 0, 0.385],
							"lerp_mode": "catmullrom"
						},
						"3.8333": {
							"post": [-0.88, 0, 0.265],
							"lerp_mode": "catmullrom"
						},
						"4.0": {
							"post": [-0.88, 0, 0.425],
							"lerp_mode": "catmullrom"
						},
						"4.0417": {
							"post": [-0.88, 0, 1.585],
							"lerp_mode": "catmullrom"
						},
						"4.125": {
							"post": [-0.88, 0, -0.525],
							"lerp_mode": "catmullrom"
						},
						"4.2083": {
							"post": [-0.88, 0, 0.84],
							"lerp_mode": "catmullrom"
						},
						"4.375": {
							"post": [-0.88, 0, 0.145],
							"lerp_mode": "catmullrom"
						},
						"4.5": {
							"post": [-0.88, 0, 0.425],
							"lerp_mode": "catmullrom"
						},
						"4.6667": {
							"post": [-0.88, 0, 0.755],
							"lerp_mode": "catmullrom"
						},
						"4.75": {
							"post": [-0.88, 0, 0.22],
							"lerp_mode": "catmullrom"
						},
						"4.875": {
							"post": [-0.88, 0, 0.935],
							"lerp_mode": "catmullrom"
						},
						"5.125": {
							"post": [-0.88, 0, 1.11],
							"lerp_mode": "catmullrom"
						},
						"5.4583": {
							"post": [0.73, 0, -0.815],
							"lerp_mode": "catmullrom"
						},
						"6.0": {
							"post": [-0.665, 0, 0.34],
							"lerp_mode": "catmullrom"
						},
						"6.2083": {
							"post": [0.065, 0, -0.955],
							"lerp_mode": "catmullrom"
						},
						"6.3333": {
							"post": [-0.055, 0, 0.93],
							"lerp_mode": "catmullrom"
						},
						"6.5": {
							"post": [0, 0, 0],
							"lerp_mode": "catmullrom"
						}
					}
				},
				"empty": {
					"scale": {
						"2.1667": [1.001, 1.001, 1.001],
						"2.2083": [1, 1, 1]
					}
				}
			},
			"sound_effects": {
				"0.0": {
					"effect": "tacz:m249/m249_reload_active"
				},
				"0.5": {
					"effect": "tacz:m249/m249_reload_cloth"
				},
				"1.5": {
					"effect": "tacz:m249/m249_reload_magout"
				},
				"2.2083": {
					"effect": "tacz:m249/m249_inspect_empty_fast_mvmnt"
				},
				"3.5417": {
					"effect": "tacz:m249/m249_reload_empty_magin"
				},
				"3.9583": {
					"effect": "tacz:m249/m249_reload_empty_load_belt"
				},
				"5.1667": {
					"effect": "tacz:m249/m249_reload_end"
				},
				"5.9167": {
					"effect": "tacz:m249/m249_reload_empty_up"
				}
			}
		},
		"static_bolt_caught": {
			"loop": true,
			"animation_length": 0.75,
			"bones": {
				"barrel_1": {
					"rotation": [0, 0, 0]
				}
			}
		},
		"melee_stock": {
			"animation_length": 0.75,
			"bones": {
				"root": {
					"rotation": {
						"0.0": {
							"post": [0, 0, 0],
							"lerp_mode": "catmullrom"
						},
						"0.0833": {
							"post": [-0.91946, -0.68416, 4.52785],
							"lerp_mode": "catmullrom"
						},
						"0.1667": {
							"post": [-0.58211, -4.60393, 30.44834],
							"lerp_mode": "catmullrom"
						},
						"0.25": {
							"post": [-0.84898, -3.10249, 31.61935],
							"lerp_mode": "catmullrom"
						},
						"0.375": {
							"post": [0.20024, -1.98812, 22.79719],
							"lerp_mode": "catmullrom"
						},
						"0.4583": {
							"post": [1.49985, -0.01745, 13.09985],
							"lerp_mode": "catmullrom"
						},
						"0.5833": {
							"post": [0, -0.375, 4.5],
							"lerp_mode": "catmullrom"
						},
						"0.6667": {
							"post": [-0.09, -0.35, -0.46875],
							"lerp_mode": "catmullrom"
						},
						"0.7917": {
							"post": [0.01309, -0.25017, -0.42511],
							"lerp_mode": "catmullrom"
						}
					},
					"position": {
						"0.0": {
							"post": [0, 0, 0],
							"lerp_mode": "catmullrom"
						},
						"0.0833": {
							"post": [-2.11, -1.63, 1.31],
							"lerp_mode": "catmullrom"
						},
						"0.1667": {
							"post": [-1.675, -0.95, -7.675],
							"lerp_mode": "catmullrom"
						},
						"0.25": {
							"post": [-1.02, -0.775, -4.52],
							"lerp_mode": "catmullrom"
						},
						"0.375": {
							"post": [-0.21, -1.08, -2.375],
							"lerp_mode": "catmullrom"
						},
						"0.4583": {
							"post": [0, -0.25, -0.025],
							"lerp_mode": "catmullrom"
						},
						"0.5833": {
							"post": [0, 0, 0.525],
							"lerp_mode": "catmullrom"
						},
						"0.75": {
							"post": [0, 0, -0.1],
							"lerp_mode": "catmullrom"
						}
					}
				},
				"camera": {
					"rotation": {
						"0.0": {
							"post": [0, 0, 0],
							"lerp_mode": "catmullrom"
						},
						"0.0833": {
							"post": [-0.325, -0.2, -0.4],
							"lerp_mode": "catmullrom"
						},
						"0.2083": {
							"post": [0.455, -0.175, 0.7],
							"lerp_mode": "catmullrom"
						},
						"0.3333": {
							"post": [-0.195, 0.075, -0.45],
							"lerp_mode": "catmullrom"
						},
						"0.4583": {
							"post": [0.185, 0.175, 0.15],
							"lerp_mode": "catmullrom"
						},
						"0.75": {
							"post": [0, 0, 0],
							"lerp_mode": "catmullrom"
						}
					}
				}
			}
		},
		"melee_push": {
			"animation_length": 0.75,
			"bones": {
				"root": {
					"rotation": {
						"0.0": {
							"post": [0, 0, 0],
							"lerp_mode": "catmullrom"
						},
						"0.0833": {
							"post": [-0.91946, -0.68416, 4.52785],
							"lerp_mode": "catmullrom"
						},
						"0.1667": {
							"post": [-0.58211, -4.60393, 30.44834],
							"lerp_mode": "catmullrom"
						},
						"0.25": {
							"post": [-0.84898, -3.10249, 31.61935],
							"lerp_mode": "catmullrom"
						},
						"0.375": {
							"post": [0.20024, -1.98812, 22.79719],
							"lerp_mode": "catmullrom"
						},
						"0.4583": {
							"post": [1.49985, -0.01745, 13.09985],
							"lerp_mode": "catmullrom"
						},
						"0.5833": {
							"post": [0, -0.375, 4.5],
							"lerp_mode": "catmullrom"
						},
						"0.6667": {
							"post": [-0.09, -0.35, -0.46875],
							"lerp_mode": "catmullrom"
						},
						"0.7917": {
							"post": [0.01309, -0.25017, -0.42511],
							"lerp_mode": "catmullrom"
						}
					},
					"position": {
						"0.0": {
							"post": [0, 0, 0],
							"lerp_mode": "catmullrom"
						},
						"0.0833": {
							"post": [-2.11, -1.63, 1.31],
							"lerp_mode": "catmullrom"
						},
						"0.1667": {
							"post": [-1.675, -0.95, -7.675],
							"lerp_mode": "catmullrom"
						},
						"0.25": {
							"post": [-1.02, -0.775, -4.52],
							"lerp_mode": "catmullrom"
						},
						"0.375": {
							"post": [-0.21, -1.08, -2.375],
							"lerp_mode": "catmullrom"
						},
						"0.4583": {
							"post": [0, -0.25, -0.025],
							"lerp_mode": "catmullrom"
						},
						"0.5833": {
							"post": [0, 0, 0.525],
							"lerp_mode": "catmullrom"
						},
						"0.75": {
							"post": [0, 0, -0.1],
							"lerp_mode": "catmullrom"
						}
					}
				},
				"camera": {
					"rotation": {
						"0.0": {
							"post": [0, 0, 0],
							"lerp_mode": "catmullrom"
						},
						"0.0833": {
							"post": [-0.325, -0.2, -0.4],
							"lerp_mode": "catmullrom"
						},
						"0.2083": {
							"post": [0.455, -0.175, 0.7],
							"lerp_mode": "catmullrom"
						},
						"0.3333": {
							"post": [-0.195, 0.075, -0.45],
							"lerp_mode": "catmullrom"
						},
						"0.4583": {
							"post": [0.185, 0.175, 0.15],
							"lerp_mode": "catmullrom"
						},
						"0.75": {
							"post": [0, 0, 0],
							"lerp_mode": "catmullrom"
						}
					}
				}
			}
		},
		"slide": {
			"loop": true,
			"animation_length": 0.75,
			"bones": {
				"mag3": {
					"position": [-6, -23, 6]
				},
				"constraint": {
					"rotation": [0.01, 0.01, 0.01],
					"position": [0.01, 0.01, 0.01]
				},
				"root": {
					"relative_to": {
						"rotation": "entity"
					},
					"rotation": {
						"0.0": [0, 0, 0.01],
						"0.1333": {
							"pre": [-0.51, 0.67, 0.47],
							"post": [-0.51, 0.67, 0.47],
							"lerp_mode": "catmullrom"
						},
						"0.2833": [1.06, 0.24, 5.575],
						"0.3833": [0, 0, 6.94]
					},
					"position": {
						"0.0": [0, 0, 0],
						"0.1167": {
							"pre": [0.665, -0.125, -0.5625],
							"post": [0.665, -0.125, -0.5625],
							"lerp_mode": "catmullrom"
						},
						"0.1833": [1.11, -0.2925, -0.7],
						"0.35": [1.14, -0.3125, -0.75]
					}
				}
			}
		},
		"slide_idle": {
			"loop": true,
			"animation_length": 0.9333,
			"bones": {
				"mag3": {
					"position": [-6, -23, 6]
				},
				"constraint": {
					"rotation": [0.01, 0.01, 0.01],
					"position": [0.01, 0.01, 0.01]
				},
				"root": {
					"rotation": [0, 0, 6.94],
					"position": [1.14, -0.3125, -0.75]
				},
				"camera": {
					"rotation": {
						"0.0": {
							"post": [0, 0, 0],
							"lerp_mode": "catmullrom"
						}
					}
				}
			}
		},
		"slide_back": {
			"loop": true,
			"animation_length": 0.85,
			"bones": {
				"mag3": {
					"position": [-6, -23, 6]
				},
				"constraint": {
					"rotation": {
						"0.0": [0.01, 0.01, 0.01],
						"0.15": [0.001, 0.001, 0.001]
					},
					"position": [0.01, 0.01, 0.01]
				},
				"root": {
					"rotation": {
						"0.0": [0, 0, 6.94],
						"0.0833": [-1.26, 0.67, 8.49],
						"0.1667": {
							"pre": [-2.09, 0.08, 7.1375],
							"post": [-2.09, 0.08, 7.1375],
							"lerp_mode": "catmullrom"
						},
						"0.25": {
							"post": [-2.19, -0.8925, 5.25],
							"lerp_mode": "catmullrom"
						},
						"0.3333": [-0.855, -0.6575, 0.715],
						"0.4333": [0, 0, 0]
					},
					"position": {
						"0.05": [1.14, -0.3125, -0.75],
						"0.1667": {
							"pre": [0.3825, -0.4375, -0.625],
							"post": [0.3825, -0.4375, -0.625],
							"lerp_mode": "catmullrom"
						},
						"0.2333": {
							"post": [0.1225, -0.2725, -0.3125],
							"lerp_mode": "catmullrom"
						},
						"0.3": [0.005, -0.0625, -0.0825],
						"0.3833": [0, 0, 0]
					}
				}
			}
		}
	}
}