{
	"format_version": "1.12.0",
	"minecraft:geometry": [
		{
			"description": {
				"identifier": "geometry.unknown",
				"texture_width": 128,
				"texture_height": 128,
				"visible_bounds_width": 4,
				"visible_bounds_height": 4,
				"visible_bounds_offset": [0, 0, 0]
			},
			"bones": [
				{
					"name": "root",
					"pivot": [0, 9.6875, 4.3375]
				},
				{
					"name": "bone",
					"parent": "root",
					"pivot": [0, 9.6875, 4.3375]
				},
				{
					"name": "knife_and_right",
					"parent": "bone",
					"pivot": [6, 19, 0]
				},
				{
					"name": "m9",
					"parent": "knife_and_right",
					"pivot": [0, 9.5, 2.5]
				},
				{
					"name": "weapon",
					"parent": "m9",
					"pivot": [0, 9.5, -0.375]
				},
				{
					"name": "blade",
					"parent": "weapon",
					"pivot": [0, 10.0329, -2.71994],
					"cubes": [
						{
							"origin": [-2.20119, 8.6375, -2.86369],
							"size": [1.4375, 1.86875, 0.2875],
							"pivot": [0, 10.0329, -2.71994],
							"rotation": [0, 90, 0],
							"uv": {
								"north": {"uv": [0, 10], "uv_size": [1.25, 1.75]},
								"east": {"uv": [2, 22], "uv_size": [0.25, 1.75]},
								"south": {"uv": [3, 10], "uv_size": [1.25, 1.75]},
								"west": {"uv": [8, 22], "uv_size": [0.25, 1.75]},
								"up": {"uv": [22, 23], "uv_size": [1.25, 0.25]},
								"down": {"uv": [24, 6.25], "uv_size": [1.25, -0.25]}
							}
						},
						{
							"origin": [-1.58125, 8.6375, -3.68125],
							"size": [3.7375, 1.65313, 0.2875],
							"pivot": [0, 9.46406, -3.5375],
							"rotation": [0, 90, 0],
							"uv": {
								"north": {"uv": [6, 2], "uv_size": [3.25, 1.5]},
								"east": {"uv": [23, 11], "uv_size": [0.25, 1.5]},
								"south": {"uv": [7, 5], "uv_size": [3.25, 1.5]},
								"west": {"uv": [14, 23], "uv_size": [0.25, 1.5]},
								"up": {"uv": [19, 6], "uv_size": [3.25, 0.25]},
								"down": {"uv": [14, 19.25], "uv_size": [3.25, -0.25]}
							}
						},
						{
							"origin": [5.81387, 7.6926, -2.86369],
							"size": [0.8625, 0.2875, 0.2875],
							"pivot": [0, 10.0329, -2.71994],
							"rotation": [-90, 80, -90],
							"uv": {
								"north": {"uv": [12, 25], "uv_size": [0.75, 0.25]},
								"east": {"uv": [6, 30], "uv_size": [0.25, 0.25]},
								"south": {"uv": [25, 12], "uv_size": [0.75, 0.25]},
								"west": {"uv": [30, 8], "uv_size": [0.25, 0.25]},
								"up": {"uv": [25, 14], "uv_size": [0.75, 0.25]},
								"down": {"uv": [16, 25.25], "uv_size": [0.75, -0.25]}
							}
						},
						{
							"origin": [6.16855, 6.56882, -2.86369],
							"size": [0.73671, 0.2875, 0.2875],
							"pivot": [0, 10.0329, -2.71994],
							"rotation": [-90, 70, -90],
							"uv": {
								"north": {"uv": [25, 16], "uv_size": [0.75, 0.25]},
								"east": {"uv": [14, 30], "uv_size": [0.25, 0.25]},
								"south": {"uv": [18, 25], "uv_size": [0.75, 0.25]},
								"west": {"uv": [30, 20], "uv_size": [0.25, 0.25]},
								"up": {"uv": [25, 18], "uv_size": [0.75, 0.25]},
								"down": {"uv": [20, 25.25], "uv_size": [0.75, -0.25]}
							}
						},
						{
							"origin": [5.77341, 4.89964, -2.86369],
							"size": [0.83554, 0.2875, 0.2875],
							"pivot": [0, 10.0329, -2.71994],
							"rotation": [-90, 55, -90],
							"uv": {
								"north": {"uv": [22, 25], "uv_size": [0.75, 0.25]},
								"east": {"uv": [30, 24], "uv_size": [0.25, 0.25]},
								"south": {"uv": [25, 22], "uv_size": [0.75, 0.25]},
								"west": {"uv": [26, 30], "uv_size": [0.25, 0.25]},
								"up": {"uv": [24, 25], "uv_size": [0.75, 0.25]},
								"down": {"uv": [4, 26.25], "uv_size": [0.75, -0.25]}
							}
						},
						{
							"origin": [-1.33869, 8.94455, -3.80829],
							"size": [6.325, 0.2033, 0.2033],
							"pivot": [0, 10.0329, -2.71994],
							"rotation": [0, 90, -45],
							"uv": {
								"north": {"uv": [13, 0], "uv_size": [5.5, 0.25]},
								"east": {"uv": [30, 26], "uv_size": [0.25, 0.25]},
								"south": {"uv": [3, 13], "uv_size": [5.5, 0.25]},
								"west": {"uv": [28, 30], "uv_size": [0.25, 0.25]},
								"up": {"uv": [10, 13], "uv_size": [5.5, 0.25]},
								"down": {"uv": [14, 2.25], "uv_size": [5.5, -0.25]}
							}
						},
						{
							"origin": [5.81387, 8.27641, -4.47643],
							"size": [0.8625, 0.2033, 0.2033],
							"pivot": [0, 10.0329, -2.71994],
							"rotation": [-45, 80, -90],
							"uv": {
								"north": {"uv": [6, 26], "uv_size": [0.75, 0.25]},
								"east": {"uv": [30, 28], "uv_size": [0.25, 0.25]},
								"south": {"uv": [26, 8], "uv_size": [0.75, 0.25]},
								"west": {"uv": [30, 30], "uv_size": [0.25, 0.25]},
								"up": {"uv": [14, 26], "uv_size": [0.75, 0.25]},
								"down": {"uv": [26, 20.25], "uv_size": [0.75, -0.25]}
							}
						},
						{
							"origin": [6.16855, 7.48178, -5.27107],
							"size": [0.73671, 0.20329, 0.2033],
							"pivot": [0, 10.0329, -2.71994],
							"rotation": [-45, 70, -90],
							"uv": {
								"north": {"uv": [26, 24], "uv_size": [0.75, 0.25]},
								"east": {"uv": [0, 31], "uv_size": [0.25, 0.25]},
								"south": {"uv": [26, 26], "uv_size": [0.75, 0.25]},
								"west": {"uv": [31, 0], "uv_size": [0.25, 0.25]},
								"up": {"uv": [0, 27], "uv_size": [0.75, 0.25]},
								"down": {"uv": [27, 0.25], "uv_size": [0.75, -0.25]}
							}
						},
						{
							"origin": [5.71387, 6.33693, 0.77401],
							"size": [0.83554, 0.2033, 0.2033],
							"pivot": [-0.05955, 9.98413, -2.7541],
							"rotation": [-135, 55, -90],
							"uv": {
								"north": {"uv": [2, 27], "uv_size": [0.75, 0.25]},
								"east": {"uv": [2, 31], "uv_size": [0.25, 0.25]},
								"south": {"uv": [27, 2], "uv_size": [0.75, 0.25]},
								"west": {"uv": [31, 2], "uv_size": [0.25, 0.25]},
								"up": {"uv": [27, 4], "uv_size": [0.75, 0.25]},
								"down": {"uv": [27, 6.25], "uv_size": [0.75, -0.25]}
							}
						},
						{
							"origin": [5.80726, 10.7815, -8.72829],
							"size": [0.20329, 0.21562, 0.2033],
							"pivot": [0, 10.1649, -2.71773],
							"rotation": [11.2413, 44.4451, 7.9231],
							"uv": {
								"north": {"uv": [31, 12], "uv_size": [0.25, 0.25]},
								"east": {"uv": [31, 14], "uv_size": [0.25, 0.25]},
								"south": {"uv": [16, 31], "uv_size": [0.25, 0.25]},
								"west": {"uv": [31, 16], "uv_size": [0.25, 0.25]},
								"up": {"uv": [18, 31], "uv_size": [0.25, 0.25]},
								"down": {"uv": [31, 18.25], "uv_size": [0.25, -0.25]}
							}
						},
						{
							"origin": [7.99708, 10.78151, -2.86148],
							"size": [0.35938, 0.21562, 0.2875],
							"pivot": [0, 10.1649, -2.71773],
							"rotation": [90, 82, 90],
							"uv": {
								"north": {"uv": [31, 4], "uv_size": [0.25, 0.25]},
								"east": {"uv": [31, 6], "uv_size": [0.25, 0.25]},
								"south": {"uv": [8, 31], "uv_size": [0.25, 0.25]},
								"west": {"uv": [10, 31], "uv_size": [0.25, 0.25]},
								"up": {"uv": [31, 10], "uv_size": [0.25, 0.25]},
								"down": {"uv": [12, 31.25], "uv_size": [0.25, -0.25]}
							}
						},
						{
							"origin": [0.14375, 10.14688, -6.55625],
							"size": [4.52813, 0.35938, 0.2875],
							"pivot": [0.14375, 10.50625, -6.26875],
							"rotation": [90, 82, 90],
							"uv": {
								"north": {"uv": [15, 10], "uv_size": [4, 0.25]},
								"east": {"uv": [24, 29], "uv_size": [0.25, 0.25]},
								"south": {"uv": [11, 15], "uv_size": [4, 0.25]},
								"west": {"uv": [4, 30], "uv_size": [0.25, 0.25]},
								"up": {"uv": [16, 15], "uv_size": [4, 0.25]},
								"down": {"uv": [17, 4.25], "uv_size": [4, -0.25]}
							}
						},
						{
							"origin": [2.97366, 8.63735, -2.86384],
							"size": [5.4628, 1.86905, 0.2878],
							"inflate": 0.001,
							"pivot": [0, 10.0329, -2.71994],
							"rotation": [0, 90, 0],
							"uv": {
								"north": {"uv": [0, 0], "uv_size": [4.75, 1.75]},
								"east": {"uv": [0, 22], "uv_size": [0.25, 1.75]},
								"south": {"uv": [0, 3], "uv_size": [4.75, 1.75]},
								"up": {"uv": [14, 8], "uv_size": [4.75, 0.25]}
							}
						},
						{
							"origin": [-0.67144, 9.72594, -2.93557],
							"size": [0.2875, 0.2875, 0.2875],
							"pivot": [0, 10.0329, -2.79182],
							"rotation": [90, 45, 90],
							"uv": {
								"north": {"uv": [20, 31], "uv_size": [0.25, 0.25]},
								"east": {"uv": [22, 31], "uv_size": [0.25, 0.25]},
								"south": {"uv": [31, 22], "uv_size": [0.25, 0.25]},
								"west": {"uv": [24, 31], "uv_size": [0.25, 0.25]},
								"up": {"uv": [4, 32], "uv_size": [0.25, 0.25]},
								"down": {"uv": [6, 32.25], "uv_size": [0.25, -0.25]}
							}
						},
						{
							"origin": [-0.31567, 10.0817, -2.93557],
							"size": [0.2875, 0.2875, 0.2875],
							"pivot": [0, 10.0329, -2.79182],
							"rotation": [90, 45, 90],
							"uv": {
								"north": {"uv": [32, 8], "uv_size": [0.25, 0.25]},
								"east": {"uv": [14, 32], "uv_size": [0.25, 0.25]},
								"south": {"uv": [32, 20], "uv_size": [0.25, 0.25]},
								"west": {"uv": [32, 24], "uv_size": [0.25, 0.25]},
								"up": {"uv": [26, 32], "uv_size": [0.25, 0.25]},
								"down": {"uv": [32, 26.25], "uv_size": [0.25, -0.25]}
							}
						},
						{
							"origin": [0.04009, 10.43747, -2.93557],
							"size": [0.2875, 0.2875, 0.2875],
							"pivot": [0, 10.0329, -2.79182],
							"rotation": [90, 45, 90],
							"uv": {
								"north": {"uv": [28, 32], "uv_size": [0.25, 0.25]},
								"east": {"uv": [32, 28], "uv_size": [0.25, 0.25]},
								"south": {"uv": [30, 32], "uv_size": [0.25, 0.25]},
								"west": {"uv": [32, 30], "uv_size": [0.25, 0.25]},
								"up": {"uv": [32, 32], "uv_size": [0.25, 0.25]},
								"down": {"uv": [0, 33.25], "uv_size": [0.25, -0.25]}
							}
						},
						{
							"origin": [0.39585, 10.79323, -2.93557],
							"size": [0.2875, 0.2875, 0.2875],
							"pivot": [0, 10.0329, -2.79182],
							"rotation": [90, 45, 90],
							"uv": {
								"north": {"uv": [33, 0], "uv_size": [0.25, 0.25]},
								"east": {"uv": [2, 33], "uv_size": [0.25, 0.25]},
								"south": {"uv": [33, 2], "uv_size": [0.25, 0.25]},
								"west": {"uv": [33, 4], "uv_size": [0.25, 0.25]},
								"up": {"uv": [33, 6], "uv_size": [0.25, 0.25]},
								"down": {"uv": [8, 33.25], "uv_size": [0.25, -0.25]}
							}
						},
						{
							"origin": [0.75162, 11.149, -2.93557],
							"size": [0.2875, 0.2875, 0.2875],
							"pivot": [0, 10.0329, -2.79182],
							"rotation": [90, 45, 90],
							"uv": {
								"north": {"uv": [10, 33], "uv_size": [0.25, 0.25]},
								"east": {"uv": [33, 10], "uv_size": [0.25, 0.25]},
								"south": {"uv": [12, 33], "uv_size": [0.25, 0.25]},
								"west": {"uv": [33, 12], "uv_size": [0.25, 0.25]},
								"up": {"uv": [33, 14], "uv_size": [0.25, 0.25]},
								"down": {"uv": [16, 33.25], "uv_size": [0.25, -0.25]}
							}
						},
						{
							"origin": [1.10738, 11.50476, -2.93557],
							"size": [0.2875, 0.2875, 0.2875],
							"pivot": [0, 10.0329, -2.79182],
							"rotation": [90, 45, 90],
							"uv": {
								"north": {"uv": [33, 16], "uv_size": [0.25, 0.25]},
								"east": {"uv": [18, 33], "uv_size": [0.25, 0.25]},
								"south": {"uv": [33, 18], "uv_size": [0.25, 0.25]},
								"west": {"uv": [20, 33], "uv_size": [0.25, 0.25]},
								"up": {"uv": [22, 33], "uv_size": [0.25, 0.25]},
								"down": {"uv": [33, 22.25], "uv_size": [0.25, -0.25]}
							}
						},
						{
							"origin": [0.75162, 11.149, -3.94182],
							"size": [0.2875, 0.2875, 0.2875],
							"pivot": [0, 10.0329, -3.79807],
							"rotation": [90, 45, 90],
							"uv": {
								"north": {"uv": [0, 35], "uv_size": [0.25, 0.25]},
								"east": {"uv": [35, 0], "uv_size": [0.25, 0.25]},
								"south": {"uv": [2, 35], "uv_size": [0.25, 0.25]},
								"west": {"uv": [35, 2], "uv_size": [0.25, 0.25]},
								"up": {"uv": [35, 4], "uv_size": [0.25, 0.25]},
								"down": {"uv": [35, 6.25], "uv_size": [0.25, -0.25]}
							}
						},
						{
							"origin": [4.84571, 8.64101, -4.11183],
							"size": [1.15, 0.2033, 0.2033],
							"pivot": [0, 10.0329, -2.71994],
							"rotation": [-45, 85, -90],
							"uv": {
								"north": {"uv": [24, 8], "uv_size": [1, 0.25]},
								"east": {"uv": [24, 33], "uv_size": [0.25, 0.25]},
								"south": {"uv": [24, 20], "uv_size": [1, 0.25]},
								"west": {"uv": [4, 34], "uv_size": [0.25, 0.25]},
								"up": {"uv": [0, 25], "uv_size": [1, 0.25]},
								"down": {"uv": [25, 0.25], "uv_size": [1, -0.25]}
							}
						},
						{
							"origin": [4.84571, 8.20823, -2.86369],
							"size": [1.15, 0.2875, 0.2875],
							"pivot": [0, 10.0329, -2.71994],
							"rotation": [-90, 85, -90],
							"uv": {
								"north": {"uv": [2, 25], "uv_size": [1, 0.25]},
								"east": {"uv": [6, 34], "uv_size": [0.25, 0.25]},
								"south": {"uv": [25, 2], "uv_size": [1, 0.25]},
								"west": {"uv": [34, 8], "uv_size": [0.25, 0.25]},
								"up": {"uv": [25, 4], "uv_size": [1, 0.25]},
								"down": {"uv": [8, 25.25], "uv_size": [1, -0.25]}
							}
						},
						{
							"origin": [-0.17969, 9.5, -5.90937],
							"size": [0.35938, 0.575, 4.6],
							"uv": {
								"east": {"uv": [0, 54.40625], "uv_size": [128, 16]},
								"west": {"uv": [0, 54.40625], "uv_size": [128, 16]}
							}
						}
					]
				},
				{
					"name": "grip",
					"parent": "weapon",
					"pivot": [0, 9.49999, 3.22902],
					"cubes": [
						{
							"origin": [-9.24494, 9.15295, -3.59989],
							"size": [6.75625, 1.00625, 1.00625],
							"pivot": [0, 10.0329, -2.71994],
							"rotation": [0, 90, -45],
							"uv": {
								"north": {"uv": [0, 6], "uv_size": [6, 1]},
								"east": {"uv": [19, 17], "uv_size": [1, 1]},
								"south": {"uv": [6, 0], "uv_size": [6, 1]},
								"west": {"uv": [19, 19], "uv_size": [0.75, 1]},
								"up": {"uv": [0, 8], "uv_size": [6, 0.75]},
								"down": {"uv": [7, 8.75], "uv_size": [6, -0.75]}
							}
						},
						{
							"origin": [-3.63869, 9.08108, -3.67176],
							"size": [1.15, 1.15, 1.15],
							"pivot": [0, 10.0329, -2.71994],
							"rotation": [0, 90, -45],
							"uv": {
								"north": {"uv": [0, 16], "uv_size": [1, 1]},
								"east": {"uv": [5, 17], "uv_size": [1, 1]},
								"south": {"uv": [17, 6], "uv_size": [1, 1]},
								"west": {"uv": [7, 17], "uv_size": [1, 1]},
								"up": {"uv": [9, 17], "uv_size": [1, 1]},
								"down": {"uv": [11, 18], "uv_size": [1, -1]}
							}
						},
						{
							"origin": [-4.78869, 9.08108, -3.67176],
							"size": [0.8625, 1.15, 1.15],
							"pivot": [0, 10.0329, -2.71994],
							"rotation": [0, 90, -45],
							"uv": {
								"north": {"uv": [0, 20], "uv_size": [0.75, 1]},
								"east": {"uv": [17, 12], "uv_size": [1, 1]},
								"south": {"uv": [20, 0], "uv_size": [0.75, 1]},
								"west": {"uv": [13, 17], "uv_size": [1, 1]},
								"up": {"uv": [2, 20], "uv_size": [0.75, 1]},
								"down": {"uv": [20, 9], "uv_size": [0.75, -1]}
							}
						},
						{
							"origin": [-5.93869, 9.08108, -3.67176],
							"size": [0.8625, 1.15, 1.15],
							"pivot": [0, 10.0329, -2.71994],
							"rotation": [0, 90, -45],
							"uv": {
								"north": {"uv": [20, 10], "uv_size": [0.75, 1]},
								"east": {"uv": [15, 17], "uv_size": [1, 1]},
								"south": {"uv": [21, 2], "uv_size": [0.75, 1]},
								"west": {"uv": [17, 17], "uv_size": [1, 1]},
								"up": {"uv": [4, 21], "uv_size": [0.75, 1]},
								"down": {"uv": [6, 22], "uv_size": [0.75, -1]}
							}
						},
						{
							"origin": [-7.08869, 9.08108, -3.67176],
							"size": [0.8625, 1.15, 1.15],
							"pivot": [0, 10.0329, -2.71994],
							"rotation": [0, 90, -45],
							"uv": {
								"north": {"uv": [21, 12], "uv_size": [0.75, 1]},
								"east": {"uv": [0, 18], "uv_size": [1, 1]},
								"south": {"uv": [14, 21], "uv_size": [0.75, 1]},
								"west": {"uv": [2, 18], "uv_size": [1, 1]},
								"up": {"uv": [21, 14], "uv_size": [0.75, 1]},
								"down": {"uv": [16, 22], "uv_size": [0.75, -1]}
							}
						},
						{
							"origin": [-9.10119, 8.93733, -3.81551],
							"size": [1.4375, 1.4375, 1.4375],
							"pivot": [0, 10.0329, -2.71994],
							"rotation": [0, 90, -45],
							"uv": {
								"north": {"uv": [6, 10], "uv_size": [1.25, 1.25]},
								"east": {"uv": [9, 10], "uv_size": [1.25, 1.25]},
								"south": {"uv": [11, 2], "uv_size": [1.25, 1.25]},
								"west": {"uv": [12, 5], "uv_size": [1.25, 1.25]},
								"up": {"uv": [12, 10], "uv_size": [1.25, 1.25]},
								"down": {"uv": [0, 14.25], "uv_size": [1.25, -1.25]}
							}
						},
						{
							"origin": [-8.23869, 9.08108, -3.67176],
							"size": [0.8625, 1.15, 1.15],
							"pivot": [0, 10.0329, -2.71994],
							"rotation": [0, 90, -45],
							"uv": {
								"north": {"uv": [21, 16], "uv_size": [0.75, 1]},
								"east": {"uv": [4, 19], "uv_size": [1, 1]},
								"south": {"uv": [18, 21], "uv_size": [0.75, 1]},
								"west": {"uv": [6, 19], "uv_size": [1, 1]},
								"up": {"uv": [21, 18], "uv_size": [0.75, 1]},
								"down": {"uv": [20, 22], "uv_size": [0.75, -1]}
							}
						}
					]
				},
				{
					"name": "bone3",
					"parent": "weapon",
					"pivot": [0, 0.875, -1.09375],
					"cubes": [
						{
							"origin": [0.8625, 7.27188, -0.80625],
							"size": [0.2875, 1.94063, 0.575],
							"pivot": [0.8625, 9.2125, -0.23125],
							"rotation": [0, 90, 15],
							"uv": {
								"north": {"uv": [12, 22], "uv_size": [0.25, 1.75]},
								"east": {"uv": [8, 19], "uv_size": [0.5, 1.75]},
								"south": {"uv": [22, 20], "uv_size": [0.25, 1.75]},
								"west": {"uv": [10, 19], "uv_size": [0.5, 1.75]},
								"up": {"uv": [29, 18], "uv_size": [0.25, 0.5]},
								"down": {"uv": [20, 29.5], "uv_size": [0.25, -0.5]}
							}
						},
						{
							"origin": [-0.8625, 7.27188, -1.09375],
							"size": [0.2875, 1.94063, 0.575],
							"pivot": [-0.8625, 9.2125, -0.51875],
							"rotation": [0, -90, -15],
							"uv": {
								"north": {"uv": [23, 0], "uv_size": [0.25, 1.75]},
								"east": {"uv": [12, 19], "uv_size": [0.5, 1.75]},
								"south": {"uv": [23, 3], "uv_size": [0.25, 1.75]},
								"west": {"uv": [19, 12], "uv_size": [0.5, 1.75]},
								"up": {"uv": [22, 29], "uv_size": [0.25, 0.5]},
								"down": {"uv": [29, 22.5], "uv_size": [0.25, -0.5]}
							}
						},
						{
							"origin": [-2.48884, 7.3436, -3.07947],
							"size": [0.2878, 2.0128, 0.71905],
							"inflate": 0.001,
							"pivot": [0, 10.0329, -2.71994],
							"rotation": [0, 90, 0],
							"uv": {
								"north": {"uv": [22, 8], "uv_size": [0.25, 1.75]},
								"east": {"uv": [3, 15], "uv_size": [0.75, 1.75]},
								"south": {"uv": [10, 22], "uv_size": [0.25, 1.75]},
								"west": {"uv": [15, 4], "uv_size": [0.75, 1.75]},
								"up": {"uv": [10, 29], "uv_size": [0.25, 0.75]},
								"down": {"uv": [29, 10.75], "uv_size": [0.25, -0.75]}
							}
						},
						{
							"origin": [-2.48869, 9.2125, -3.58244],
							"size": [0.2875, 0.71875, 1.725],
							"pivot": [0, 10.0329, -2.71994],
							"rotation": [0, 90, 0],
							"uv": {
								"north": {"uv": [10, 25], "uv_size": [0.25, 0.75]},
								"east": {"uv": [5, 15], "uv_size": [1.5, 0.75]},
								"south": {"uv": [25, 10], "uv_size": [0.25, 0.75]},
								"west": {"uv": [8, 15], "uv_size": [1.5, 0.75]},
								"up": {"uv": [4, 23], "uv_size": [0.25, 1.5]},
								"down": {"uv": [6, 24.5], "uv_size": [0.25, -1.5]}
							}
						},
						{
							"origin": [0.8625, 9.93125, -0.51875],
							"size": [0.2875, 0.8625, 0.43125],
							"pivot": [0.8625, 9.93125, -0.51875],
							"rotation": [0, -90, -25],
							"uv": {
								"north": {"uv": [29, 6], "uv_size": [0.25, 0.75]},
								"east": {"uv": [23, 18], "uv_size": [0.5, 0.75]},
								"south": {"uv": [8, 29], "uv_size": [0.25, 0.75]},
								"west": {"uv": [20, 23], "uv_size": [0.5, 0.75]},
								"up": {"uv": [29, 16], "uv_size": [0.25, 0.5]},
								"down": {"uv": [18, 29.5], "uv_size": [0.25, -0.5]}
							}
						},
						{
							"origin": [-0.43125, 11.8, -0.56243],
							"size": [0.8625, 0.2875, 0.21563],
							"pivot": [0, 11.225, -1.09375],
							"rotation": [-90, 0, 0],
							"uv": {
								"north": {"uv": [8, 27], "uv_size": [0.75, 0.25]},
								"east": {"uv": [14, 34], "uv_size": [0.25, 0.25]},
								"south": {"uv": [10, 27], "uv_size": [0.75, 0.25]},
								"west": {"uv": [34, 20], "uv_size": [0.25, 0.25]},
								"up": {"uv": [27, 10], "uv_size": [0.75, 0.25]},
								"down": {"uv": [12, 27.25], "uv_size": [0.75, -0.25]}
							}
						},
						{
							"origin": [-2.48869, 9.93125, -3.15119],
							"size": [0.2875, 0.575, 0.8625],
							"pivot": [0, 10.0329, -2.71994],
							"rotation": [0, 90, 0],
							"uv": {
								"north": {"uv": [12, 29], "uv_size": [0.25, 0.5]},
								"east": {"uv": [23, 14], "uv_size": [0.75, 0.5]},
								"south": {"uv": [29, 12], "uv_size": [0.25, 0.5]},
								"west": {"uv": [16, 23], "uv_size": [0.75, 0.5]},
								"up": {"uv": [29, 0], "uv_size": [0.25, 0.75]},
								"down": {"uv": [2, 29.75], "uv_size": [0.25, -0.75]}
							}
						},
						{
							"origin": [-1.15, 9.93125, -0.51875],
							"size": [0.2875, 0.8625, 0.43125],
							"pivot": [-0.8625, 9.93125, -0.51875],
							"rotation": [0, 90, 25],
							"uv": {
								"north": {"uv": [29, 2], "uv_size": [0.25, 0.75]},
								"east": {"uv": [23, 16], "uv_size": [0.5, 0.75]},
								"south": {"uv": [29, 4], "uv_size": [0.25, 0.75]},
								"west": {"uv": [18, 23], "uv_size": [0.5, 0.75]},
								"up": {"uv": [29, 14], "uv_size": [0.25, 0.5]},
								"down": {"uv": [16, 29.5], "uv_size": [0.25, -0.5]}
							}
						},
						{
							"origin": [-9.39461, 1.45, -5.73743],
							"size": [0.8625, 0.2875, 0.21563],
							"pivot": [0, 0.875, -1.09375],
							"rotation": [-90, 0, 60],
							"uv": {
								"north": {"uv": [27, 12], "uv_size": [0.75, 0.25]},
								"east": {"uv": [34, 24], "uv_size": [0.25, 0.25]},
								"south": {"uv": [27, 14], "uv_size": [0.75, 0.25]},
								"west": {"uv": [26, 34], "uv_size": [0.25, 0.25]},
								"up": {"uv": [16, 27], "uv_size": [0.75, 0.25]},
								"down": {"uv": [27, 16.25], "uv_size": [0.75, -0.25]}
							}
						},
						{
							"origin": [8.53211, 1.45, -5.73743],
							"size": [0.8625, 0.2875, 0.21563],
							"pivot": [0, 0.875, -1.09375],
							"rotation": [-90, 0, -60],
							"uv": {
								"north": {"uv": [26, 28], "uv_size": [0.75, 0.25]},
								"east": {"uv": [34, 32], "uv_size": [0.25, 0.25]},
								"south": {"uv": [28, 26], "uv_size": [0.75, 0.25]},
								"west": {"uv": [34, 34], "uv_size": [0.25, 0.25]},
								"up": {"uv": [28, 28], "uv_size": [0.75, 0.25]},
								"down": {"uv": [0, 29.25], "uv_size": [0.75, -0.25]}
							}
						},
						{
							"origin": [8.53211, 1.45, 4.61257],
							"size": [0.8625, 0.2875, 0.21563],
							"pivot": [0, 0.875, -1.09375],
							"rotation": [-90, 0, -120],
							"uv": {
								"north": {"uv": [28, 8], "uv_size": [0.75, 0.25]},
								"east": {"uv": [34, 30], "uv_size": [0.25, 0.25]},
								"south": {"uv": [14, 28], "uv_size": [0.75, 0.25]},
								"west": {"uv": [32, 34], "uv_size": [0.25, 0.25]},
								"up": {"uv": [28, 20], "uv_size": [0.75, 0.25]},
								"down": {"uv": [28, 24.25], "uv_size": [0.75, -0.25]}
							}
						},
						{
							"origin": [-0.43125, 1.45, 9.78757],
							"size": [0.8625, 0.2875, 0.21563],
							"pivot": [0, 0.875, -1.09375],
							"rotation": [-90, 0, 180],
							"uv": {
								"north": {"uv": [27, 22], "uv_size": [0.75, 0.25]},
								"east": {"uv": [34, 28], "uv_size": [0.25, 0.25]},
								"south": {"uv": [24, 27], "uv_size": [0.75, 0.25]},
								"west": {"uv": [30, 34], "uv_size": [0.25, 0.25]},
								"up": {"uv": [4, 28], "uv_size": [0.75, 0.25]},
								"down": {"uv": [6, 28.25], "uv_size": [0.75, -0.25]}
							}
						},
						{
							"origin": [-9.39461, 1.45, 4.61257],
							"size": [0.8625, 0.2875, 0.21563],
							"pivot": [0, 0.875, -1.09375],
							"rotation": [-90, 0, 120],
							"uv": {
								"north": {"uv": [18, 27], "uv_size": [0.75, 0.25]},
								"east": {"uv": [34, 26], "uv_size": [0.25, 0.25]},
								"south": {"uv": [27, 18], "uv_size": [0.75, 0.25]},
								"west": {"uv": [28, 34], "uv_size": [0.25, 0.25]},
								"up": {"uv": [20, 27], "uv_size": [0.75, 0.25]},
								"down": {"uv": [22, 27.25], "uv_size": [0.75, -0.25]}
							}
						}
					]
				},
				{
					"name": "righthand",
					"parent": "knife_and_right",
					"pivot": [6, 19, 0]
				},
				{
					"name": "righthand_pos",
					"parent": "righthand",
					"pivot": [0, 8, 0],
					"cubes": [
						{
							"origin": [4, 8, -2],
							"size": [4, 12, 4],
							"uv": {
								"north": {"uv": [0, 0], "uv_size": [16, 48]},
								"east": {"uv": [16, 0], "uv_size": [16, 48]},
								"south": {"uv": [32, 0], "uv_size": [16, 48]},
								"west": {"uv": [0, 48], "uv_size": [16, 48]},
								"up": {"uv": [64, 0], "uv_size": [16, 16]},
								"down": {"uv": [64, 32], "uv_size": [16, -16]}
							}
						}
					]
				},
				{
					"name": "constraint",
					"parent": "bone",
					"pivot": [-0.01558, 8.125, 1.9375]
				},
				{
					"name": "lefthand",
					"parent": "bone",
					"pivot": [-6, 19, 0]
				},
				{
					"name": "lefthand_pos",
					"parent": "lefthand",
					"pivot": [0, 8, 0],
					"cubes": [
						{
							"origin": [-8, 8, -2],
							"size": [4, 12, 4],
							"uv": {
								"north": {"uv": [48, 0], "uv_size": [16, 48]},
								"east": {"uv": [16, 48], "uv_size": [16, 48]},
								"south": {"uv": [32, 48], "uv_size": [16, 48]},
								"west": {"uv": [48, 48], "uv_size": [16, 48]},
								"up": {"uv": [64, 32], "uv_size": [16, 16]},
								"down": {"uv": [64, 64], "uv_size": [16, -16]}
							}
						}
					]
				},
				{
					"name": "camera",
					"pivot": [3.0813, 14.0031, 11.5313]
				},
				{
					"name": "view",
					"pivot": [0, 0, 0]
				},
				{
					"name": "refit_view",
					"parent": "view",
					"pivot": [22.475, 5.55, 0.2],
					"rotation": [0, 90, 0]
				},
				{
					"name": "iron_view",
					"parent": "view",
					"pivot": [-0.15326, 9.42188, 6.93493],
					"rotation": [0, -1, 0]
				},
				{
					"name": "idle_view",
					"parent": "view",
					"pivot": [3.4563, 2.36563, 0.53125]
				},
				{
					"name": "positioning",
					"pivot": [-0.01558, 4.125, 4.9375]
				},
				{
					"name": "ground",
					"parent": "positioning",
					"pivot": [0, 0, 0]
				},
				{
					"name": "thirdperson_hand",
					"parent": "positioning",
					"pivot": [-0.01558, 6.125, -2.0625]
				},
				{
					"name": "fixed",
					"parent": "positioning",
					"pivot": [0.79692, 5.125, -1.0625],
					"rotation": [0, 90, 0]
				},
				{
					"name": "bone38",
					"pivot": [62, -11.35, -167.5]
				},
				{
					"name": "bone39",
					"parent": "bone38",
					"pivot": [-65, -11.35, -167.5]
				}
			]
		}
	]
}