{
	"format_version": "1.12.0",
	"minecraft:geometry": [
		{
			"description": {
				"identifier": "geometry.unknown",
				"texture_width": 32,
				"texture_height": 32,
				"visible_bounds_width": 4,
				"visible_bounds_height": 5,
				"visible_bounds_offset": [0, 0.5, 0]
			},
			"bones": [
				{
					"name": "root",
					"pivot": [0, 9.6875, 4.3375]
				},
				{
					"name": "bone",
					"parent": "root",
					"pivot": [0, 9.6875, 4.3375]
				},
				{
					"name": "knife_and_right",
					"parent": "bone",
					"pivot": [6, 19, 0]
				},
				{
					"name": "righthand",
					"parent": "knife_and_right",
					"pivot": [6, 19, 0]
				},
				{
					"name": "righthand_pos",
					"parent": "righthand",
					"pivot": [0, 8, 0],
					"cubes": [
						{
							"origin": [4, 8, -2],
							"size": [3, 12, 4],
							"uv": {
								"north": {"uv": [0, 0], "uv_size": [8, 24]},
								"east": {"uv": [8, 0], "uv_size": [8, 24]},
								"south": {"uv": [16, 0], "uv_size": [8, 24]},
								"west": {"uv": [0, 24], "uv_size": [8, 24]},
								"up": {"uv": [32, 0], "uv_size": [8, 8]},
								"down": {"uv": [32, 16], "uv_size": [8, -8]}
							}
						}
					]
				},
				{
					"name": "skeleton",
					"parent": "knife_and_right",
					"pivot": [0, 7.37333, 0.82133],
					"rotation": [0, 0, 90]
				},
				{
					"name": "weapon",
					"parent": "skeleton",
					"pivot": [0, 10.52533, -0.16427]
				},
				{
					"name": "bone2",
					"parent": "weapon",
					"pivot": [-0.3291, 12.4984, -2.45569],
					"cubes": [
						{
							"origin": [-0.04874, 7.1134, -5.36723],
							"size": [0.0975, 0.42, 0.8775],
							"pivot": [-0.04874, 8.8984, -5.36723],
							"rotation": [0, -5.5, 0],
							"uv": {
								"north": {"uv": [19, 22], "uv_size": [0.25, 0.25]},
								"east": {"uv": [19, 14], "uv_size": [0.75, 0.25]},
								"south": {"uv": [22, 19], "uv_size": [0.25, 0.25]},
								"west": {"uv": [15, 19], "uv_size": [0.75, 0.25]},
								"up": {"uv": [19, 15], "uv_size": [0.25, 0.75]},
								"down": {"uv": [16, 19.75], "uv_size": [0.25, -0.75]}
							}
						},
						{
							"origin": [-0.43582, 7.3384, -7.76249],
							"size": [0.10592, 0, 2.3528],
							"pivot": [-0.43582, 7.3384, -6.76926],
							"rotation": [4.03347, -15.75455, -14.55829],
							"uv": {
								"north": {"uv": [0, 0], "uv_size": [0.25, 0]},
								"east": {"uv": [0, 0], "uv_size": [2, 0]},
								"south": {"uv": [0, 0], "uv_size": [0.25, 0]},
								"west": {"uv": [0, 0], "uv_size": [2, 0]},
								"up": {"uv": [2, 14], "uv_size": [0.25, 2]},
								"down": {"uv": [14, 4], "uv_size": [0.25, -2]}
							}
						},
						{
							"origin": [-0.43582, 7.3384, -8.1281],
							"size": [0.0328, 0, 0.36562],
							"pivot": [-0.43582, 7.3384, -6.76926],
							"rotation": [4.03347, -15.75455, -14.55829],
							"uv": {
								"north": {"uv": [0, 0], "uv_size": [0.25, 0]},
								"east": {"uv": [0, 0], "uv_size": [0.25, 0]},
								"south": {"uv": [0, 0], "uv_size": [0.25, 0]},
								"west": {"uv": [0, 0], "uv_size": [0.25, 0]},
								"up": {"uv": [20, 22], "uv_size": [0.25, 0.25]},
								"down": {"uv": [22, 20.25], "uv_size": [0.25, -0.25]}
							}
						},
						{
							"origin": [-0.32989, 7.3384, -7.49435],
							"size": [0.0975, 0, 2.08466],
							"pivot": [-0.43582, 7.3384, -6.76926],
							"rotation": [4.03347, -15.75455, -14.55829],
							"uv": {
								"north": {"uv": [0, 0], "uv_size": [0.25, 0]},
								"east": {"uv": [0, 0], "uv_size": [1.75, 0]},
								"south": {"uv": [0, 0], "uv_size": [0.25, 0]},
								"west": {"uv": [0, 0], "uv_size": [1.75, 0]},
								"up": {"uv": [15, 14], "uv_size": [0.25, 1.75]},
								"down": {"uv": [16, 1.75], "uv_size": [0.25, -1.75]}
							}
						},
						{
							"origin": [-0.23239, 7.3384, -7.1531],
							"size": [0.0975, 0, 1.6703],
							"pivot": [-0.43582, 7.3384, -6.76926],
							"rotation": [4.03347, -15.75455, -14.55829],
							"uv": {
								"north": {"uv": [0, 0], "uv_size": [0.25, 0]},
								"east": {"uv": [0, 0], "uv_size": [1.5, 0]},
								"south": {"uv": [0, 0], "uv_size": [0.25, 0]},
								"west": {"uv": [0, 0], "uv_size": [1.5, 0]},
								"up": {"uv": [12, 16], "uv_size": [0.25, 1.5]},
								"down": {"uv": [16, 13.5], "uv_size": [0.25, -1.5]}
							}
						},
						{
							"origin": [-0.13489, 7.3384, -6.83623],
							"size": [0.0975, 0, 1.32905],
							"pivot": [-0.43582, 7.3384, -6.76926],
							"rotation": [4.03347, -15.75455, -14.55829],
							"uv": {
								"north": {"uv": [0, 0], "uv_size": [0.25, 0]},
								"east": {"uv": [0, 0], "uv_size": [1, 0]},
								"south": {"uv": [0, 0], "uv_size": [0.25, 0]},
								"west": {"uv": [0, 0], "uv_size": [1, 0]},
								"up": {"uv": [17, 8], "uv_size": [0.25, 1]},
								"down": {"uv": [17, 11], "uv_size": [0.25, -1]}
							}
						},
						{
							"origin": [-0.03739, 7.3384, -6.49499],
							"size": [0.0975, 0, 0.93906],
							"pivot": [-0.43582, 7.3384, -6.76926],
							"rotation": [4.03347, -15.75455, -14.55829],
							"uv": {
								"north": {"uv": [0, 0], "uv_size": [0.25, 0]},
								"east": {"uv": [0, 0], "uv_size": [0.75, 0]},
								"south": {"uv": [0, 0], "uv_size": [0.25, 0]},
								"west": {"uv": [0, 0], "uv_size": [0.75, 0]},
								"up": {"uv": [19, 16], "uv_size": [0.25, 0.75]},
								"down": {"uv": [17, 19.75], "uv_size": [0.25, -0.75]}
							}
						},
						{
							"origin": [0.06011, 7.3384, -6.1781],
							"size": [0.0975, 0, 0.62218],
							"pivot": [-0.43582, 7.3384, -6.76926],
							"rotation": [4.03347, -15.75455, -14.55829],
							"uv": {
								"north": {"uv": [0, 0], "uv_size": [0.25, 0]},
								"east": {"uv": [0, 0], "uv_size": [0.5, 0]},
								"south": {"uv": [0, 0], "uv_size": [0.25, 0]},
								"west": {"uv": [0, 0], "uv_size": [0.5, 0]},
								"up": {"uv": [21, 9], "uv_size": [0.25, 0.5]},
								"down": {"uv": [10, 21.5], "uv_size": [0.25, -0.5]}
							}
						},
						{
							"origin": [0.15761, 7.3384, -5.86123],
							"size": [0.0975, 0, 0.28093],
							"pivot": [-0.43582, 7.3384, -6.76926],
							"rotation": [4.03347, -15.75455, -14.55829],
							"uv": {
								"north": {"uv": [0, 0], "uv_size": [0.25, 0]},
								"east": {"uv": [0, 0], "uv_size": [0.25, 0]},
								"south": {"uv": [0, 0], "uv_size": [0.25, 0]},
								"west": {"uv": [0, 0], "uv_size": [0.25, 0]},
								"up": {"uv": [21, 22], "uv_size": [0.25, 0.25]},
								"down": {"uv": [22, 21.25], "uv_size": [0.25, -0.25]}
							}
						},
						{
							"origin": [-0.14524, 7.52914, -7.70694],
							"size": [0.0975, 0, 2.34],
							"pivot": [-0.04774, 7.52914, -5.36694],
							"rotation": [3.882, 0.70665, -13.4135],
							"uv": {
								"north": {"uv": [0, 0], "uv_size": [0.25, 0]},
								"east": {"uv": [0, 0], "uv_size": [2, 0]},
								"south": {"uv": [0, 0], "uv_size": [0.25, 0]},
								"west": {"uv": [0, 0], "uv_size": [2, 0]},
								"up": {"uv": [3, 14], "uv_size": [0.25, 2]},
								"down": {"uv": [14, 6], "uv_size": [0.25, -2]}
							}
						},
						{
							"origin": [-0.09648, 7.52914, -7.99944],
							"size": [0.04874, 0, 0.2925],
							"pivot": [-0.04774, 7.52914, -5.36694],
							"rotation": [3.882, 0.70665, -13.4135],
							"uv": {
								"north": {"uv": [0, 0], "uv_size": [0.25, 0]},
								"east": {"uv": [0, 0], "uv_size": [0.25, 0]},
								"south": {"uv": [0, 0], "uv_size": [0.25, 0]},
								"west": {"uv": [0, 0], "uv_size": [0.25, 0]},
								"up": {"uv": [22, 22], "uv_size": [0.25, 0.25]},
								"down": {"uv": [0, 23.25], "uv_size": [0.25, -0.25]}
							}
						},
						{
							"origin": [-0.12085, 7.52914, -7.87755],
							"size": [0.02437, 0, 0.17062],
							"pivot": [-0.04774, 7.52914, -5.36694],
							"rotation": [3.882, 0.70665, -13.4135],
							"uv": {
								"north": {"uv": [0, 0], "uv_size": [0.25, 0]},
								"east": {"uv": [0, 0], "uv_size": [0.25, 0]},
								"south": {"uv": [0, 0], "uv_size": [0.25, 0]},
								"west": {"uv": [0, 0], "uv_size": [0.25, 0]},
								"up": {"uv": [23, 0], "uv_size": [0.25, 0.25]},
								"down": {"uv": [1, 23.25], "uv_size": [0.25, -0.25]}
							}
						},
						{
							"origin": [-0.14524, 7.52914, -7.80444],
							"size": [0.02438, 0, 0.0975],
							"pivot": [-0.04774, 7.52914, -5.36694],
							"rotation": [3.882, 0.70665, -13.4135],
							"uv": {
								"north": {"uv": [0, 0], "uv_size": [0.25, 0]},
								"east": {"uv": [0, 0], "uv_size": [0.25, 0]},
								"south": {"uv": [0, 0], "uv_size": [0.25, 0]},
								"west": {"uv": [0, 0], "uv_size": [0.25, 0]},
								"up": {"uv": [23, 1], "uv_size": [0.25, 0.25]},
								"down": {"uv": [2, 23.25], "uv_size": [0.25, -0.25]}
							}
						},
						{
							"origin": [-0.82774, 7.52914, -5.46444],
							"size": [0.6825, 0, 0.0975],
							"pivot": [-0.04774, 7.52914, -5.36694],
							"rotation": [3.93685, -4.74655, -13.78715],
							"uv": {
								"north": {"uv": [0, 0], "uv_size": [0.5, 0]},
								"east": {"uv": [0, 0], "uv_size": [0.25, 0]},
								"south": {"uv": [0, 0], "uv_size": [0.5, 0]},
								"west": {"uv": [0, 0], "uv_size": [0.25, 0]},
								"up": {"uv": [21, 10], "uv_size": [0.5, 0.25]},
								"down": {"uv": [11, 21.25], "uv_size": [0.5, -0.25]}
							}
						},
						{
							"origin": [-0.96533, 7.3384, -5.44871],
							"size": [0.80399, 0.00005, 2.925],
							"pivot": [-0.96533, 7.3384, -3.98621],
							"rotation": [1.32711, -5.33796, -13.98352],
							"uv": {
								"north": {"uv": [0, 0], "uv_size": [0.75, 0]},
								"east": {"uv": [0, 0], "uv_size": [2.5, 0]},
								"south": {"uv": [0, 0], "uv_size": [0.75, 0]},
								"west": {"uv": [0, 0], "uv_size": [2.5, 0]},
								"up": {"uv": [7, 2], "uv_size": [0.75, 2.5]},
								"down": {"uv": [4, 8.5], "uv_size": [0.75, -2.5]}
							}
						},
						{
							"origin": [-1.19137, 7.3384, -2.51304],
							"size": [0.80401, 0.00005, 2.4375],
							"pivot": [-1.19137, 7.3384, -1.30647],
							"rotation": [0.96386, -3.88232, -13.95432],
							"uv": {
								"north": {"uv": [0, 0], "uv_size": [0.75, 0]},
								"east": {"uv": [0, 0], "uv_size": [2, 0]},
								"south": {"uv": [0, 0], "uv_size": [0.75, 0]},
								"west": {"uv": [0, 0], "uv_size": [2, 0]},
								"up": {"uv": [9, 4], "uv_size": [0.75, 2]},
								"down": {"uv": [8, 8], "uv_size": [0.75, -2]}
							}
						},
						{
							"origin": [0.38736, 7.3384, -2.51304],
							"size": [0.80401, 0.00005, 2.4375],
							"pivot": [1.19137, 7.3384, -1.30647],
							"rotation": [0.96386, 3.88232, 13.95432],
							"uv": {
								"north": {"uv": [0, 0], "uv_size": [0.75, 0]},
								"east": {"uv": [0, 0], "uv_size": [2, 0]},
								"south": {"uv": [0, 0], "uv_size": [0.75, 0]},
								"west": {"uv": [0, 0], "uv_size": [2, 0]},
								"up": {"uv": [9, 2], "uv_size": [0.75, 2]},
								"down": {"uv": [8, 10], "uv_size": [0.75, -2]}
							}
						},
						{
							"origin": [0.32989, 7.3384, -7.76249],
							"size": [0.10592, 0, 2.3528],
							"pivot": [0.43582, 7.3384, -6.76926],
							"rotation": [4.03347, 15.75455, 14.55829],
							"uv": {
								"north": {"uv": [0, 0], "uv_size": [0.25, 0]},
								"east": {"uv": [0, 0], "uv_size": [2, 0]},
								"south": {"uv": [0, 0], "uv_size": [0.25, 0]},
								"west": {"uv": [0, 0], "uv_size": [2, 0]},
								"up": {"uv": [14, 6], "uv_size": [0.25, 2]},
								"down": {"uv": [14, 10], "uv_size": [0.25, -2]}
							}
						},
						{
							"origin": [0.40303, 7.3384, -8.1281],
							"size": [0.03278, 0, 0.36562],
							"pivot": [0.43582, 7.3384, -6.76926],
							"rotation": [4.03347, 15.75455, 14.55829],
							"uv": {
								"north": {"uv": [0, 0], "uv_size": [0.25, 0]},
								"east": {"uv": [0, 0], "uv_size": [0.25, 0]},
								"south": {"uv": [0, 0], "uv_size": [0.25, 0]},
								"west": {"uv": [0, 0], "uv_size": [0.25, 0]},
								"up": {"uv": [23, 2], "uv_size": [0.25, 0.25]},
								"down": {"uv": [3, 23.25], "uv_size": [0.25, -0.25]}
							}
						},
						{
							"origin": [0.23239, 7.3384, -7.49435],
							"size": [0.0975, 0, 2.08466],
							"pivot": [0.43582, 7.3384, -6.76926],
							"rotation": [4.03347, 15.75455, 14.55829],
							"uv": {
								"north": {"uv": [0, 0], "uv_size": [0.25, 0]},
								"east": {"uv": [0, 0], "uv_size": [1.75, 0]},
								"south": {"uv": [0, 0], "uv_size": [0.25, 0]},
								"west": {"uv": [0, 0], "uv_size": [1.75, 0]},
								"up": {"uv": [2, 16], "uv_size": [0.25, 1.75]},
								"down": {"uv": [16, 3.75], "uv_size": [0.25, -1.75]}
							}
						},
						{
							"origin": [0.13489, 7.3384, -7.1531],
							"size": [0.0975, 0, 1.6703],
							"pivot": [0.43582, 7.3384, -6.76926],
							"rotation": [4.03347, 15.75455, 14.55829],
							"uv": {
								"north": {"uv": [0, 0], "uv_size": [0.25, 0]},
								"east": {"uv": [0, 0], "uv_size": [1.5, 0]},
								"south": {"uv": [0, 0], "uv_size": [0.25, 0]},
								"west": {"uv": [0, 0], "uv_size": [1.5, 0]},
								"up": {"uv": [13, 16], "uv_size": [0.25, 1.5]},
								"down": {"uv": [14, 17.5], "uv_size": [0.25, -1.5]}
							}
						},
						{
							"origin": [0.03739, 7.3384, -6.83623],
							"size": [0.0975, 0, 1.32905],
							"pivot": [0.43582, 7.3384, -6.76926],
							"rotation": [4.03347, 15.75455, 14.55829],
							"uv": {
								"north": {"uv": [0, 0], "uv_size": [0.25, 0]},
								"east": {"uv": [0, 0], "uv_size": [1, 0]},
								"south": {"uv": [0, 0], "uv_size": [0.25, 0]},
								"west": {"uv": [0, 0], "uv_size": [1, 0]},
								"up": {"uv": [17, 11], "uv_size": [0.25, 1]},
								"down": {"uv": [17, 13], "uv_size": [0.25, -1]}
							}
						},
						{
							"origin": [-0.06011, 7.3384, -6.49499],
							"size": [0.0975, 0, 0.93906],
							"pivot": [0.43582, 7.3384, -6.76926],
							"rotation": [4.03347, 15.75455, 14.55829],
							"uv": {
								"north": {"uv": [0, 0], "uv_size": [0.25, 0]},
								"east": {"uv": [0, 0], "uv_size": [0.75, 0]},
								"south": {"uv": [0, 0], "uv_size": [0.25, 0]},
								"west": {"uv": [0, 0], "uv_size": [0.75, 0]},
								"up": {"uv": [19, 17], "uv_size": [0.25, 0.75]},
								"down": {"uv": [18, 19.75], "uv_size": [0.25, -0.75]}
							}
						},
						{
							"origin": [-0.15761, 7.3384, -6.1781],
							"size": [0.0975, 0, 0.62218],
							"pivot": [0.43582, 7.3384, -6.76926],
							"rotation": [4.03347, 15.75455, 14.55829],
							"uv": {
								"north": {"uv": [0, 0], "uv_size": [0.25, 0]},
								"east": {"uv": [0, 0], "uv_size": [0.5, 0]},
								"south": {"uv": [0, 0], "uv_size": [0.25, 0]},
								"west": {"uv": [0, 0], "uv_size": [0.5, 0]},
								"up": {"uv": [21, 11], "uv_size": [0.25, 0.5]},
								"down": {"uv": [12, 21.5], "uv_size": [0.25, -0.5]}
							}
						},
						{
							"origin": [-0.25511, 7.3384, -5.86123],
							"size": [0.0975, 0, 0.28093],
							"pivot": [0.43582, 7.3384, -6.76926],
							"rotation": [4.03347, 15.75455, 14.55829],
							"uv": {
								"north": {"uv": [0, 0], "uv_size": [0.25, 0]},
								"east": {"uv": [0, 0], "uv_size": [0.25, 0]},
								"south": {"uv": [0, 0], "uv_size": [0.25, 0]},
								"west": {"uv": [0, 0], "uv_size": [0.25, 0]},
								"up": {"uv": [23, 3], "uv_size": [0.25, 0.25]},
								"down": {"uv": [4, 23.25], "uv_size": [0.25, -0.25]}
							}
						},
						{
							"origin": [0.04774, 7.52914, -7.70694],
							"size": [0.0975, 0, 2.34],
							"pivot": [0.04774, 7.52914, -5.36694],
							"rotation": [3.882, -0.70665, 13.4135],
							"uv": {
								"north": {"uv": [0, 0], "uv_size": [0.25, 0]},
								"east": {"uv": [0, 0], "uv_size": [2, 0]},
								"south": {"uv": [0, 0], "uv_size": [0.25, 0]},
								"west": {"uv": [0, 0], "uv_size": [2, 0]},
								"up": {"uv": [14, 10], "uv_size": [0.25, 2]},
								"down": {"uv": [14, 14], "uv_size": [0.25, -2]}
							}
						},
						{
							"origin": [0.04774, 7.52914, -7.99944],
							"size": [0.04876, 0, 0.2925],
							"pivot": [0.04774, 7.52914, -5.36694],
							"rotation": [3.882, -0.70665, 13.4135],
							"uv": {
								"north": {"uv": [0, 0], "uv_size": [0.25, 0]},
								"east": {"uv": [0, 0], "uv_size": [0.25, 0]},
								"south": {"uv": [0, 0], "uv_size": [0.25, 0]},
								"west": {"uv": [0, 0], "uv_size": [0.25, 0]},
								"up": {"uv": [23, 4], "uv_size": [0.25, 0.25]},
								"down": {"uv": [5, 23.25], "uv_size": [0.25, -0.25]}
							}
						},
						{
							"origin": [0.09649, 7.52914, -7.87755],
							"size": [0.02436, 0, 0.17062],
							"pivot": [0.04774, 7.52914, -5.36694],
							"rotation": [3.882, -0.70665, 13.4135],
							"uv": {
								"north": {"uv": [0, 0], "uv_size": [0.25, 0]},
								"east": {"uv": [0, 0], "uv_size": [0.25, 0]},
								"south": {"uv": [0, 0], "uv_size": [0.25, 0]},
								"west": {"uv": [0, 0], "uv_size": [0.25, 0]},
								"up": {"uv": [23, 5], "uv_size": [0.25, 0.25]},
								"down": {"uv": [6, 23.25], "uv_size": [0.25, -0.25]}
							}
						},
						{
							"origin": [0.12085, 7.52914, -7.80444],
							"size": [0.02438, 0, 0.0975],
							"pivot": [0.04774, 7.52914, -5.36694],
							"rotation": [3.882, -0.70665, 13.4135],
							"uv": {
								"north": {"uv": [0, 0], "uv_size": [0.25, 0]},
								"east": {"uv": [0, 0], "uv_size": [0.25, 0]},
								"south": {"uv": [0, 0], "uv_size": [0.25, 0]},
								"west": {"uv": [0, 0], "uv_size": [0.25, 0]},
								"up": {"uv": [23, 6], "uv_size": [0.25, 0.25]},
								"down": {"uv": [7, 23.25], "uv_size": [0.25, -0.25]}
							}
						},
						{
							"origin": [0.14524, 7.52914, -5.46444],
							"size": [0.6825, 0, 0.0975],
							"pivot": [0.04774, 7.52914, -5.36694],
							"rotation": [3.93685, 4.74655, 13.78715],
							"uv": {
								"north": {"uv": [0, 0], "uv_size": [0.5, 0]},
								"east": {"uv": [0, 0], "uv_size": [0.25, 0]},
								"south": {"uv": [0, 0], "uv_size": [0.5, 0]},
								"west": {"uv": [0, 0], "uv_size": [0.25, 0]},
								"up": {"uv": [21, 12], "uv_size": [0.5, 0.25]},
								"down": {"uv": [13, 21.25], "uv_size": [0.5, -0.25]}
							}
						},
						{
							"origin": [0.16134, 7.3384, -5.44871],
							"size": [0.80399, 0.00005, 2.925],
							"pivot": [0.96533, 7.3384, -3.98621],
							"rotation": [1.32711, 5.33796, 13.98352],
							"uv": {
								"north": {"uv": [0, 0], "uv_size": [0.75, 0]},
								"east": {"uv": [0, 0], "uv_size": [2.5, 0]},
								"south": {"uv": [0, 0], "uv_size": [0.75, 0]},
								"west": {"uv": [0, 0], "uv_size": [2.5, 0]},
								"up": {"uv": [1, 9.5], "uv_size": [0.75, -2.5]},
								"down": {"uv": [6, 7.5], "uv_size": [0.75, -2.5]}
							}
						},
						{
							"origin": [-0.04874, 7.3384, -8.09723],
							"size": [0.0975, 0, 2.73696],
							"pivot": [0, 7.3384, -8.09723],
							"rotation": [4.05296, 0, 0],
							"uv": {
								"north": {"uv": [0, 0], "uv_size": [0.25, 0]},
								"east": {"uv": [0, 0], "uv_size": [2.25, 0]},
								"south": {"uv": [0, 0], "uv_size": [0.25, 0]},
								"west": {"uv": [0, 0], "uv_size": [2.25, 0]},
								"up": {"uv": [4, 13], "uv_size": [0.25, 2.25]},
								"down": {"uv": [5, 15.25], "uv_size": [0.25, -2.25]}
							}
						},
						{
							"origin": [0.38736, 7.33835, -2.51304],
							"size": [0.80401, 0.00005, 2.4375],
							"pivot": [1.19137, 7.3384, -1.30647],
							"rotation": [-0.96386, 3.88232, -13.95432],
							"uv": {
								"north": {"uv": [0, 0], "uv_size": [0.75, 0]},
								"east": {"uv": [0, 0], "uv_size": [2, 0]},
								"south": {"uv": [0, 0], "uv_size": [0.75, 0]},
								"west": {"uv": [0, 0], "uv_size": [2, 0]},
								"up": {"uv": [9, 0], "uv_size": [0.75, 2]},
								"down": {"uv": [9, 4], "uv_size": [0.75, -2]}
							}
						},
						{
							"origin": [0.32989, 7.3384, -7.76249],
							"size": [0.10592, 0, 2.3528],
							"pivot": [0.43582, 7.3384, -6.76926],
							"rotation": [-4.03347, 15.75455, -14.55829],
							"uv": {
								"north": {"uv": [0, 0], "uv_size": [0.25, 0]},
								"east": {"uv": [0, 0], "uv_size": [2, 0]},
								"south": {"uv": [0, 0], "uv_size": [0.25, 0]},
								"west": {"uv": [0, 0], "uv_size": [2, 0]},
								"up": {"uv": [14, 14], "uv_size": [0.25, 2]},
								"down": {"uv": [15, 2], "uv_size": [0.25, -2]}
							}
						},
						{
							"origin": [0.40303, 7.3384, -8.1281],
							"size": [0.03278, 0, 0.36562],
							"pivot": [0.43582, 7.3384, -6.76926],
							"rotation": [-4.03347, 15.75455, -14.55829],
							"uv": {
								"north": {"uv": [0, 0], "uv_size": [0.25, 0]},
								"east": {"uv": [0, 0], "uv_size": [0.25, 0]},
								"south": {"uv": [0, 0], "uv_size": [0.25, 0]},
								"west": {"uv": [0, 0], "uv_size": [0.25, 0]},
								"up": {"uv": [23, 7], "uv_size": [0.25, 0.25]},
								"down": {"uv": [8, 23.25], "uv_size": [0.25, -0.25]}
							}
						},
						{
							"origin": [0.23239, 7.3384, -7.49435],
							"size": [0.0975, 0, 2.08466],
							"pivot": [0.43582, 7.3384, -6.76926],
							"rotation": [-4.03347, 15.75455, -14.55829],
							"uv": {
								"north": {"uv": [0, 0], "uv_size": [0.25, 0]},
								"east": {"uv": [0, 0], "uv_size": [1.75, 0]},
								"south": {"uv": [0, 0], "uv_size": [0.25, 0]},
								"west": {"uv": [0, 0], "uv_size": [1.75, 0]},
								"up": {"uv": [3, 16], "uv_size": [0.25, 1.75]},
								"down": {"uv": [4, 17.75], "uv_size": [0.25, -1.75]}
							}
						},
						{
							"origin": [0.13489, 7.3384, -7.1531],
							"size": [0.0975, 0, 1.6703],
							"pivot": [0.43582, 7.3384, -6.76926],
							"rotation": [-4.03347, 15.75455, -14.55829],
							"uv": {
								"north": {"uv": [0, 0], "uv_size": [0.25, 0]},
								"east": {"uv": [0, 0], "uv_size": [1.5, 0]},
								"south": {"uv": [0, 0], "uv_size": [0.25, 0]},
								"west": {"uv": [0, 0], "uv_size": [1.5, 0]},
								"up": {"uv": [16, 14], "uv_size": [0.25, 1.5]},
								"down": {"uv": [15, 17.5], "uv_size": [0.25, -1.5]}
							}
						},
						{
							"origin": [0.03739, 7.3384, -6.83623],
							"size": [0.0975, 0, 1.32905],
							"pivot": [0.43582, 7.3384, -6.76926],
							"rotation": [-4.03347, 15.75455, -14.55829],
							"uv": {
								"north": {"uv": [0, 0], "uv_size": [0.25, 0]},
								"east": {"uv": [0, 0], "uv_size": [1, 0]},
								"south": {"uv": [0, 0], "uv_size": [0.25, 0]},
								"west": {"uv": [0, 0], "uv_size": [1, 0]},
								"up": {"uv": [17, 13], "uv_size": [0.25, 1]},
								"down": {"uv": [17, 15], "uv_size": [0.25, -1]}
							}
						},
						{
							"origin": [-0.06011, 7.3384, -6.49499],
							"size": [0.0975, 0, 0.93906],
							"pivot": [0.43582, 7.3384, -6.76926],
							"rotation": [-4.03347, 15.75455, -14.55829],
							"uv": {
								"north": {"uv": [0, 0], "uv_size": [0.25, 0]},
								"east": {"uv": [0, 0], "uv_size": [0.75, 0]},
								"south": {"uv": [0, 0], "uv_size": [0.25, 0]},
								"west": {"uv": [0, 0], "uv_size": [0.75, 0]},
								"up": {"uv": [19, 18], "uv_size": [0.25, 0.75]},
								"down": {"uv": [19, 19.75], "uv_size": [0.25, -0.75]}
							}
						},
						{
							"origin": [-0.15761, 7.3384, -6.1781],
							"size": [0.0975, 0, 0.62218],
							"pivot": [0.43582, 7.3384, -6.76926],
							"rotation": [-4.03347, 15.75455, -14.55829],
							"uv": {
								"north": {"uv": [0, 0], "uv_size": [0.25, 0]},
								"east": {"uv": [0, 0], "uv_size": [0.5, 0]},
								"south": {"uv": [0, 0], "uv_size": [0.25, 0]},
								"west": {"uv": [0, 0], "uv_size": [0.5, 0]},
								"up": {"uv": [21, 13], "uv_size": [0.25, 0.5]},
								"down": {"uv": [14, 21.5], "uv_size": [0.25, -0.5]}
							}
						},
						{
							"origin": [-0.25511, 7.3384, -5.86123],
							"size": [0.0975, 0, 0.28093],
							"pivot": [0.43582, 7.3384, -6.76926],
							"rotation": [-4.03347, 15.75455, -14.55829],
							"uv": {
								"north": {"uv": [0, 0], "uv_size": [0.25, 0]},
								"east": {"uv": [0, 0], "uv_size": [0.25, 0]},
								"south": {"uv": [0, 0], "uv_size": [0.25, 0]},
								"west": {"uv": [0, 0], "uv_size": [0.25, 0]},
								"up": {"uv": [23, 8], "uv_size": [0.25, 0.25]},
								"down": {"uv": [9, 23.25], "uv_size": [0.25, -0.25]}
							}
						},
						{
							"origin": [0.04774, 7.14766, -7.70694],
							"size": [0.0975, 0, 2.34],
							"pivot": [0.04774, 7.14766, -5.36694],
							"rotation": [-3.882, -0.70665, -13.4135],
							"uv": {
								"north": {"uv": [0, 0], "uv_size": [0.25, 0]},
								"east": {"uv": [0, 0], "uv_size": [2, 0]},
								"south": {"uv": [0, 0], "uv_size": [0.25, 0]},
								"west": {"uv": [0, 0], "uv_size": [2, 0]},
								"up": {"uv": [15, 2], "uv_size": [0.25, 2]},
								"down": {"uv": [15, 6], "uv_size": [0.25, -2]}
							}
						},
						{
							"origin": [0.04774, 7.14766, -7.99944],
							"size": [0.04876, 0, 0.2925],
							"pivot": [0.04774, 7.14766, -5.36694],
							"rotation": [-3.882, -0.70665, -13.4135],
							"uv": {
								"north": {"uv": [0, 0], "uv_size": [0.25, 0]},
								"east": {"uv": [0, 0], "uv_size": [0.25, 0]},
								"south": {"uv": [0, 0], "uv_size": [0.25, 0]},
								"west": {"uv": [0, 0], "uv_size": [0.25, 0]},
								"up": {"uv": [23, 9], "uv_size": [0.25, 0.25]},
								"down": {"uv": [10, 23.25], "uv_size": [0.25, -0.25]}
							}
						},
						{
							"origin": [0.09649, 7.14766, -7.87755],
							"size": [0.02436, 0, 0.17062],
							"pivot": [0.04774, 7.14766, -5.36694],
							"rotation": [-3.882, -0.70665, -13.4135],
							"uv": {
								"north": {"uv": [0, 0], "uv_size": [0.25, 0]},
								"east": {"uv": [0, 0], "uv_size": [0.25, 0]},
								"south": {"uv": [0, 0], "uv_size": [0.25, 0]},
								"west": {"uv": [0, 0], "uv_size": [0.25, 0]},
								"up": {"uv": [23, 10], "uv_size": [0.25, 0.25]},
								"down": {"uv": [11, 23.25], "uv_size": [0.25, -0.25]}
							}
						},
						{
							"origin": [0.12085, 7.14766, -7.80444],
							"size": [0.02438, 0, 0.0975],
							"pivot": [0.04774, 7.14766, -5.36694],
							"rotation": [-3.882, -0.70665, -13.4135],
							"uv": {
								"north": {"uv": [0, 0], "uv_size": [0.25, 0]},
								"east": {"uv": [0, 0], "uv_size": [0.25, 0]},
								"south": {"uv": [0, 0], "uv_size": [0.25, 0]},
								"west": {"uv": [0, 0], "uv_size": [0.25, 0]},
								"up": {"uv": [23, 11], "uv_size": [0.25, 0.25]},
								"down": {"uv": [12, 23.25], "uv_size": [0.25, -0.25]}
							}
						},
						{
							"origin": [0.14524, 7.14766, -5.46444],
							"size": [0.6825, 0, 0.0975],
							"pivot": [0.04774, 7.14766, -5.36694],
							"rotation": [-3.93685, 4.74655, -13.78715],
							"uv": {
								"north": {"uv": [0, 0], "uv_size": [0.5, 0]},
								"east": {"uv": [0, 0], "uv_size": [0.25, 0]},
								"south": {"uv": [0, 0], "uv_size": [0.5, 0]},
								"west": {"uv": [0, 0], "uv_size": [0.25, 0]},
								"up": {"uv": [21, 14], "uv_size": [0.5, 0.25]},
								"down": {"uv": [15, 21.25], "uv_size": [0.5, -0.25]}
							}
						},
						{
							"origin": [0.16134, 7.33835, -5.44871],
							"size": [0.80399, 0.00005, 2.925],
							"pivot": [0.96533, 7.3384, -3.98621],
							"rotation": [-1.32711, 5.33796, -13.98352],
							"uv": {
								"north": {"uv": [0, 0], "uv_size": [0.75, 0]},
								"east": {"uv": [0, 0], "uv_size": [2.5, 0]},
								"south": {"uv": [0, 0], "uv_size": [0.75, 0]},
								"west": {"uv": [0, 0], "uv_size": [2.5, 0]},
								"up": {"uv": [0, 7], "uv_size": [0.75, 2.5]},
								"down": {"uv": [1, 9.5], "uv_size": [0.75, -2.5]}
							}
						},
						{
							"origin": [-0.43582, 7.3384, -7.76249],
							"size": [0.10592, 0, 2.3528],
							"pivot": [-0.43582, 7.3384, -6.76926],
							"rotation": [-4.03347, -15.75455, 14.55829],
							"uv": {
								"north": {"uv": [0, 0], "uv_size": [0.25, 0]},
								"east": {"uv": [0, 0], "uv_size": [2, 0]},
								"south": {"uv": [0, 0], "uv_size": [0.25, 0]},
								"west": {"uv": [0, 0], "uv_size": [2, 0]},
								"up": {"uv": [15, 6], "uv_size": [0.25, 2]},
								"down": {"uv": [15, 10], "uv_size": [0.25, -2]}
							}
						},
						{
							"origin": [-0.43582, 7.3384, -8.1281],
							"size": [0.0328, 0, 0.36562],
							"pivot": [-0.43582, 7.3384, -6.76926],
							"rotation": [-4.03347, -15.75455, 14.55829],
							"uv": {
								"north": {"uv": [0, 0], "uv_size": [0.25, 0]},
								"east": {"uv": [0, 0], "uv_size": [0.25, 0]},
								"south": {"uv": [0, 0], "uv_size": [0.25, 0]},
								"west": {"uv": [0, 0], "uv_size": [0.25, 0]},
								"up": {"uv": [23, 12], "uv_size": [0.25, 0.25]},
								"down": {"uv": [13, 23.25], "uv_size": [0.25, -0.25]}
							}
						},
						{
							"origin": [-0.32989, 7.3384, -7.49435],
							"size": [0.0975, 0, 2.08466],
							"pivot": [-0.43582, 7.3384, -6.76926],
							"rotation": [-4.03347, -15.75455, 14.55829],
							"uv": {
								"north": {"uv": [0, 0], "uv_size": [0.25, 0]},
								"east": {"uv": [0, 0], "uv_size": [1.75, 0]},
								"south": {"uv": [0, 0], "uv_size": [0.25, 0]},
								"west": {"uv": [0, 0], "uv_size": [1.75, 0]},
								"up": {"uv": [16, 4], "uv_size": [0.25, 1.75]},
								"down": {"uv": [5, 17.75], "uv_size": [0.25, -1.75]}
							}
						},
						{
							"origin": [-0.23239, 7.3384, -7.1531],
							"size": [0.0975, 0, 1.6703],
							"pivot": [-0.43582, 7.3384, -6.76926],
							"rotation": [-4.03347, -15.75455, 14.55829],
							"uv": {
								"north": {"uv": [0, 0], "uv_size": [0.25, 0]},
								"east": {"uv": [0, 0], "uv_size": [1.5, 0]},
								"south": {"uv": [0, 0], "uv_size": [0.25, 0]},
								"west": {"uv": [0, 0], "uv_size": [1.5, 0]},
								"up": {"uv": [16, 16], "uv_size": [0.25, 1.5]},
								"down": {"uv": [0, 18.5], "uv_size": [0.25, -1.5]}
							}
						},
						{
							"origin": [-0.13489, 7.3384, -6.83623],
							"size": [0.0975, 0, 1.32905],
							"pivot": [-0.43582, 7.3384, -6.76926],
							"rotation": [-4.03347, -15.75455, 14.55829],
							"uv": {
								"north": {"uv": [0, 0], "uv_size": [0.25, 0]},
								"east": {"uv": [0, 0], "uv_size": [1, 0]},
								"south": {"uv": [0, 0], "uv_size": [0.25, 0]},
								"west": {"uv": [0, 0], "uv_size": [1, 0]},
								"up": {"uv": [17, 15], "uv_size": [0.25, 1]},
								"down": {"uv": [17, 17], "uv_size": [0.25, -1]}
							}
						},
						{
							"origin": [-0.03739, 7.3384, -6.49499],
							"size": [0.0975, 0, 0.93906],
							"pivot": [-0.43582, 7.3384, -6.76926],
							"rotation": [-4.03347, -15.75455, 14.55829],
							"uv": {
								"north": {"uv": [0, 0], "uv_size": [0.25, 0]},
								"east": {"uv": [0, 0], "uv_size": [0.75, 0]},
								"south": {"uv": [0, 0], "uv_size": [0.25, 0]},
								"west": {"uv": [0, 0], "uv_size": [0.75, 0]},
								"up": {"uv": [0, 20], "uv_size": [0.25, 0.75]},
								"down": {"uv": [20, 0.75], "uv_size": [0.25, -0.75]}
							}
						},
						{
							"origin": [0.06011, 7.3384, -6.1781],
							"size": [0.0975, 0, 0.62218],
							"pivot": [-0.43582, 7.3384, -6.76926],
							"rotation": [-4.03347, -15.75455, 14.55829],
							"uv": {
								"north": {"uv": [0, 0], "uv_size": [0.25, 0]},
								"east": {"uv": [0, 0], "uv_size": [0.5, 0]},
								"south": {"uv": [0, 0], "uv_size": [0.25, 0]},
								"west": {"uv": [0, 0], "uv_size": [0.5, 0]},
								"up": {"uv": [21, 15], "uv_size": [0.25, 0.5]},
								"down": {"uv": [16, 21.5], "uv_size": [0.25, -0.5]}
							}
						},
						{
							"origin": [0.15761, 7.3384, -5.86123],
							"size": [0.0975, 0, 0.28093],
							"pivot": [-0.43582, 7.3384, -6.76926],
							"rotation": [-4.03347, -15.75455, 14.55829],
							"uv": {
								"north": {"uv": [0, 0], "uv_size": [0.25, 0]},
								"east": {"uv": [0, 0], "uv_size": [0.25, 0]},
								"south": {"uv": [0, 0], "uv_size": [0.25, 0]},
								"west": {"uv": [0, 0], "uv_size": [0.25, 0]},
								"up": {"uv": [23, 13], "uv_size": [0.25, 0.25]},
								"down": {"uv": [14, 23.25], "uv_size": [0.25, -0.25]}
							}
						},
						{
							"origin": [-0.14524, 7.14766, -7.70694],
							"size": [0.0975, 0, 2.34],
							"pivot": [-0.04774, 7.14766, -5.36694],
							"rotation": [-3.882, 0.70665, 13.4135],
							"uv": {
								"north": {"uv": [0, 0], "uv_size": [0.25, 0]},
								"east": {"uv": [0, 0], "uv_size": [2, 0]},
								"south": {"uv": [0, 0], "uv_size": [0.25, 0]},
								"west": {"uv": [0, 0], "uv_size": [2, 0]},
								"up": {"uv": [15, 10], "uv_size": [0.25, 2]},
								"down": {"uv": [15, 14], "uv_size": [0.25, -2]}
							}
						},
						{
							"origin": [-0.09648, 7.14766, -7.99944],
							"size": [0.04874, 0, 0.2925],
							"pivot": [-0.04774, 7.14766, -5.36694],
							"rotation": [-3.882, 0.70665, 13.4135],
							"uv": {
								"north": {"uv": [0, 0], "uv_size": [0.25, 0]},
								"east": {"uv": [0, 0], "uv_size": [0.25, 0]},
								"south": {"uv": [0, 0], "uv_size": [0.25, 0]},
								"west": {"uv": [0, 0], "uv_size": [0.25, 0]},
								"up": {"uv": [23, 14], "uv_size": [0.25, 0.25]},
								"down": {"uv": [15, 23.25], "uv_size": [0.25, -0.25]}
							}
						},
						{
							"origin": [-0.12085, 7.14766, -7.87755],
							"size": [0.02437, 0, 0.17062],
							"pivot": [-0.04774, 7.14766, -5.36694],
							"rotation": [-3.882, 0.70665, 13.4135],
							"uv": {
								"north": {"uv": [0, 0], "uv_size": [0.25, 0]},
								"east": {"uv": [0, 0], "uv_size": [0.25, 0]},
								"south": {"uv": [0, 0], "uv_size": [0.25, 0]},
								"west": {"uv": [0, 0], "uv_size": [0.25, 0]},
								"up": {"uv": [23, 15], "uv_size": [0.25, 0.25]},
								"down": {"uv": [16, 23.25], "uv_size": [0.25, -0.25]}
							}
						},
						{
							"origin": [-0.14524, 7.14766, -7.80444],
							"size": [0.02438, 0, 0.0975],
							"pivot": [-0.04774, 7.14766, -5.36694],
							"rotation": [-3.882, 0.70665, 13.4135],
							"uv": {
								"north": {"uv": [0, 0], "uv_size": [0.25, 0]},
								"east": {"uv": [0, 0], "uv_size": [0.25, 0]},
								"south": {"uv": [0, 0], "uv_size": [0.25, 0]},
								"west": {"uv": [0, 0], "uv_size": [0.25, 0]},
								"up": {"uv": [23, 16], "uv_size": [0.25, 0.25]},
								"down": {"uv": [17, 23.25], "uv_size": [0.25, -0.25]}
							}
						},
						{
							"origin": [-0.82774, 7.14766, -5.46444],
							"size": [0.6825, 0, 0.0975],
							"pivot": [-0.04774, 7.14766, -5.36694],
							"rotation": [-3.93685, -4.74655, 13.78715],
							"uv": {
								"north": {"uv": [0, 0], "uv_size": [0.5, 0]},
								"east": {"uv": [0, 0], "uv_size": [0.25, 0]},
								"south": {"uv": [0, 0], "uv_size": [0.5, 0]},
								"west": {"uv": [0, 0], "uv_size": [0.25, 0]},
								"up": {"uv": [21, 16], "uv_size": [0.5, 0.25]},
								"down": {"uv": [17, 21.25], "uv_size": [0.5, -0.25]}
							}
						},
						{
							"origin": [-0.96533, 7.33835, -5.44871],
							"size": [0.80399, 0.00005, 2.925],
							"pivot": [-0.96533, 7.3384, -3.98621],
							"rotation": [-1.32711, -5.33796, 13.98352],
							"uv": {
								"north": {"uv": [0, 0], "uv_size": [0.75, 0]},
								"east": {"uv": [0, 0], "uv_size": [2.5, 0]},
								"south": {"uv": [0, 0], "uv_size": [0.75, 0]},
								"west": {"uv": [0, 0], "uv_size": [2.5, 0]},
								"up": {"uv": [2, 7], "uv_size": [0.75, 2.5]},
								"down": {"uv": [7, 4.5], "uv_size": [0.75, -2.5]}
							}
						},
						{
							"origin": [-0.04874, 7.3384, -8.09723],
							"size": [0.0975, 0, 2.73696],
							"pivot": [0, 7.3384, -8.09723],
							"rotation": [-4.05296, 0, 0],
							"uv": {
								"north": {"uv": [0, 0], "uv_size": [0.25, 0]},
								"east": {"uv": [0, 0], "uv_size": [2.25, 0]},
								"south": {"uv": [0, 0], "uv_size": [0.25, 0]},
								"west": {"uv": [0, 0], "uv_size": [2.25, 0]},
								"up": {"uv": [6, 13], "uv_size": [0.25, 2.25]},
								"down": {"uv": [7, 15.25], "uv_size": [0.25, -2.25]}
							}
						},
						{
							"origin": [-1.19137, 7.33835, -2.51304],
							"size": [0.80401, 0.00005, 2.4375],
							"pivot": [-1.19137, 7.3384, -1.30647],
							"rotation": [-0.96386, -3.88232, 13.95432],
							"uv": {
								"north": {"uv": [0, 0], "uv_size": [0.75, 0]},
								"east": {"uv": [0, 0], "uv_size": [2, 0]},
								"south": {"uv": [0, 0], "uv_size": [0.75, 0]},
								"west": {"uv": [0, 0], "uv_size": [2, 0]},
								"up": {"uv": [4, 9], "uv_size": [0.75, 2]},
								"down": {"uv": [9, 6], "uv_size": [0.75, -2]}
							}
						},
						{
							"origin": [-0.96914, 7.3384, -5.36929],
							"size": [0.8775, 0, 2.925],
							"pivot": [-0.1404, 7.3384, -3.90679],
							"rotation": [0, -5.5, 0],
							"uv": {
								"north": {"uv": [0, 0], "uv_size": [0.75, 0]},
								"east": {"uv": [0, 0], "uv_size": [2.5, 0]},
								"south": {"uv": [0, 0], "uv_size": [0.75, 0]},
								"west": {"uv": [0, 0], "uv_size": [2.5, 0]},
								"up": {"uv": [3, 7], "uv_size": [0.75, 2.5]},
								"down": {"uv": [7, 7.5], "uv_size": [0.75, -2.5]}
							}
						},
						{
							"origin": [-0.82278, 7.3384, -8.20841],
							"size": [0.09512, 0, 2.76642],
							"pivot": [-0.82516, 7.3384, -5.44199],
							"rotation": [0, -16.25, 0],
							"uv": {
								"north": {"uv": [0, 0], "uv_size": [0.25, 0]},
								"east": {"uv": [0, 0], "uv_size": [2.25, 0]},
								"south": {"uv": [0, 0], "uv_size": [0.25, 0]},
								"west": {"uv": [0, 0], "uv_size": [2.25, 0]},
								"up": {"uv": [8, 13], "uv_size": [0.25, 2.25]},
								"down": {"uv": [9, 15.25], "uv_size": [0.25, -2.25]}
							}
						},
						{
							"origin": [-1.1091, 7.3384, -2.48006],
							"size": [0.78, 0, 2.46187],
							"pivot": [-0.3291, 9.0934, -2.45569],
							"rotation": [0, -4, 0],
							"uv": {
								"north": {"uv": [0, 0], "uv_size": [0.75, 0]},
								"east": {"uv": [0, 0], "uv_size": [2, 0]},
								"south": {"uv": [0, 0], "uv_size": [0.75, 0]},
								"west": {"uv": [0, 0], "uv_size": [2, 0]},
								"up": {"uv": [5, 9], "uv_size": [0.75, 2]},
								"down": {"uv": [9, 8], "uv_size": [0.75, -2]}
							}
						},
						{
							"origin": [-0.04874, 7.3384, -8.09723],
							"size": [0.0975, 0, 2.73],
							"uv": {
								"north": {"uv": [0, 0], "uv_size": [0.25, 0]},
								"east": {"uv": [0, 0], "uv_size": [2.25, 0]},
								"south": {"uv": [0, 0], "uv_size": [0.25, 0]},
								"west": {"uv": [0, 0], "uv_size": [2.25, 0]},
								"up": {"uv": [10, 13], "uv_size": [0.25, 2.25]},
								"down": {"uv": [11, 15.25], "uv_size": [0.25, -2.25]}
							}
						},
						{
							"origin": [-0.04874, 7.3384, -8.09723],
							"size": [0.0975, 0, 2.73],
							"uv": {
								"north": {"uv": [0, 0], "uv_size": [0.25, 0]},
								"east": {"uv": [0, 0], "uv_size": [2.25, 0]},
								"south": {"uv": [0, 0], "uv_size": [0.25, 0]},
								"west": {"uv": [0, 0], "uv_size": [2.25, 0]},
								"up": {"uv": [12, 13], "uv_size": [0.25, 2.25]},
								"down": {"uv": [13, 15.25], "uv_size": [0.25, -2.25]}
							}
						},
						{
							"origin": [0.09166, 7.3384, -5.36929],
							"size": [0.8775, 0, 2.925],
							"pivot": [0.1404, 7.3384, -3.90679],
							"rotation": [0, 5.5, 0],
							"uv": {
								"north": {"uv": [0, 0], "uv_size": [0.75, 0]},
								"east": {"uv": [0, 0], "uv_size": [2.5, 0]},
								"south": {"uv": [0, 0], "uv_size": [0.75, 0]},
								"west": {"uv": [0, 0], "uv_size": [2.5, 0]},
								"up": {"uv": [8, 0], "uv_size": [0.75, 2.5]},
								"down": {"uv": [8, 5.5], "uv_size": [0.75, -2.5]}
							}
						},
						{
							"origin": [0.72767, 7.3384, -8.20841],
							"size": [0.09511, 0, 2.76642],
							"pivot": [0.82517, 7.3384, -5.44199],
							"rotation": [0, 16.25, 0],
							"uv": {
								"north": {"uv": [0, 0], "uv_size": [0.25, 0]},
								"east": {"uv": [0, 0], "uv_size": [2.25, 0]},
								"south": {"uv": [0, 0], "uv_size": [0.25, 0]},
								"west": {"uv": [0, 0], "uv_size": [2.25, 0]},
								"up": {"uv": [0, 14], "uv_size": [0.25, 2.25]},
								"down": {"uv": [1, 16.25], "uv_size": [0.25, -2.25]}
							}
						},
						{
							"origin": [0.3291, 7.3384, -2.48006],
							"size": [0.78, 0, 2.46187],
							"pivot": [0.3291, 9.0934, -2.45569],
							"rotation": [0, 4, 0],
							"uv": {
								"north": {"uv": [0, 0], "uv_size": [0.75, 0]},
								"east": {"uv": [0, 0], "uv_size": [2, 0]},
								"south": {"uv": [0, 0], "uv_size": [0.75, 0]},
								"west": {"uv": [0, 0], "uv_size": [2, 0]},
								"up": {"uv": [9, 8], "uv_size": [0.75, 2]},
								"down": {"uv": [0, 12], "uv_size": [0.75, -2]}
							}
						},
						{
							"origin": [-0.04874, 7.1134, -5.36723],
							"size": [0.0975, 0.42, 0.975],
							"uv": {
								"north": {"uv": [23, 17], "uv_size": [0.25, 0.25]},
								"east": {"uv": [1, 20], "uv_size": [0.75, 0.25]},
								"south": {"uv": [18, 23], "uv_size": [0.25, 0.25]},
								"west": {"uv": [20, 1], "uv_size": [0.75, 0.25]},
								"up": {"uv": [2, 20], "uv_size": [0.25, 0.75]},
								"down": {"uv": [20, 2.75], "uv_size": [0.25, -0.75]}
							}
						},
						{
							"origin": [-0.14624, 7.1434, -3.80723],
							"size": [0.2925, 0.39, 1.29188],
							"uv": {
								"north": {"uv": [23, 18], "uv_size": [0.25, 0.25]},
								"east": {"uv": [17, 17], "uv_size": [1, 0.25]},
								"south": {"uv": [19, 23], "uv_size": [0.25, 0.25]},
								"west": {"uv": [2, 18], "uv_size": [1, 0.25]},
								"up": {"uv": [3, 18], "uv_size": [0.25, 1]},
								"down": {"uv": [4, 19], "uv_size": [0.25, -1]}
							}
						},
						{
							"origin": [-0.615, 7.10059, -0.43475],
							"size": [0.4875, 0.47561, 0.4875],
							"pivot": [-0.5175, 7.3384, -0.43475],
							"rotation": [0, -46, 0],
							"uv": {
								"north": {"uv": [21, 17], "uv_size": [0.5, 0.25]},
								"east": {"uv": [18, 21], "uv_size": [0.5, 0.25]},
								"south": {"uv": [21, 18], "uv_size": [0.5, 0.25]},
								"west": {"uv": [19, 21], "uv_size": [0.5, 0.25]},
								"up": {"uv": [5, 18.5], "uv_size": [0.5, -0.5]},
								"down": {"uv": [5, 18.5], "uv_size": [0.5, -0.5]}
							}
						},
						{
							"origin": [-0.48773, 7.1134, -1.67489],
							"size": [0.41437, 0.45, 1.17],
							"pivot": [-0.58523, 7.3384, -0.50489],
							"rotation": [0, -90, 0],
							"uv": {
								"north": {"uv": [23, 19], "uv_size": [0.25, 0.25]},
								"east": {"uv": [18, 5], "uv_size": [1, 0.25]},
								"south": {"uv": [20, 23], "uv_size": [0.25, 0.25]},
								"west": {"uv": [6, 18], "uv_size": [1, 0.25]},
								"up": {"uv": [7.25, 19], "uv_size": [-0.25, -1]},
								"down": {"uv": [7.25, 19], "uv_size": [-0.25, -1]}
							}
						},
						{
							"origin": [-1.81676, 7.1562, -0.04581],
							"size": [0.975, 0.36439, 0.43874],
							"pivot": [-1.23176, 7.3384, 0.39293],
							"rotation": [0, -131, 0],
							"uv": {
								"north": {"uv": [3, 20], "uv_size": [0.75, 0.25]},
								"east": {"uv": [23, 20], "uv_size": [0.25, 0.25]},
								"south": {"uv": [20, 3], "uv_size": [0.75, 0.25]},
								"west": {"uv": [21, 23], "uv_size": [0.25, 0.25]},
								"up": {"uv": [20, 4.25], "uv_size": [0.75, -0.25]},
								"down": {"uv": [20, 4.25], "uv_size": [0.75, -0.25]}
							}
						},
						{
							"origin": [-1.87763, 7.1434, 0.00477],
							"size": [0.39, 0.39, 0.6825],
							"pivot": [-1.48763, 7.3384, 0.68727],
							"rotation": [0, -144.75, 0],
							"uv": {
								"north": {"uv": [23, 21], "uv_size": [0.25, 0.25]},
								"east": {"uv": [21, 19], "uv_size": [0.5, 0.25]},
								"south": {"uv": [22, 23], "uv_size": [0.25, 0.25]},
								"west": {"uv": [20, 21], "uv_size": [0.5, 0.25]},
								"up": {"uv": [21.25, 21], "uv_size": [-0.25, 0.5]},
								"down": {"uv": [21, 21.5], "uv_size": [0.25, -0.5]}
							}
						},
						{
							"origin": [-0.93448, 7.1434, 0.74209],
							"size": [0.195, 0.39, 0.39],
							"pivot": [-0.93448, 7.3384, 1.13209],
							"rotation": [0, -154.75, 0],
							"uv": {
								"north": {"uv": [23, 22], "uv_size": [0.25, 0.25]},
								"east": {"uv": [23, 23], "uv_size": [0.25, 0.25]},
								"south": {"uv": [0, 24], "uv_size": [0.25, 0.25]},
								"west": {"uv": [24, 0], "uv_size": [0.25, 0.25]},
								"up": {"uv": [1, 24], "uv_size": [0.25, 0.25]},
								"down": {"uv": [24, 1.25], "uv_size": [0.25, -0.25]}
							}
						},
						{
							"origin": [-1.23698, 7.1434, 1.08051],
							"size": [0.2925, 0.39, 0.585],
							"pivot": [-0.94448, 7.3384, 1.56801],
							"rotation": [0, -164.75, 0],
							"uv": {
								"north": {"uv": [2, 24], "uv_size": [0.25, 0.25]},
								"east": {"uv": [0, 22], "uv_size": [0.5, 0.25]},
								"south": {"uv": [24, 2], "uv_size": [0.25, 0.25]},
								"west": {"uv": [22, 0], "uv_size": [0.5, 0.25]},
								"up": {"uv": [1, 22], "uv_size": [0.25, 0.5]},
								"down": {"uv": [22, 1.5], "uv_size": [0.25, -0.5]}
							}
						},
						{
							"origin": [-0.53405, 7.1434, 0.7914],
							"size": [0.2925, 0.39, 1.17],
							"pivot": [-0.53405, 7.3384, 1.9614],
							"rotation": [0, -179.75, 0],
							"uv": {
								"north": {"uv": [3, 24], "uv_size": [0.25, 0.25]},
								"east": {"uv": [8, 18], "uv_size": [1, 0.25]},
								"south": {"uv": [24, 3], "uv_size": [0.25, 0.25]},
								"west": {"uv": [18, 8], "uv_size": [1, 0.25]},
								"up": {"uv": [18, 9], "uv_size": [0.25, 1]},
								"down": {"uv": [18, 11], "uv_size": [0.25, -1]}
							}
						},
						{
							"origin": [-1.82537, 7.14396, -2.88867],
							"size": [1.51012, 0.38888, 5.04451],
							"inflate": -0.001,
							"pivot": [-0.53405, 7.3384, 1.9614],
							"rotation": [0, 180, 0],
							"uv": {
								"north": {"uv": [17, 0], "uv_size": [1.25, 0.25]},
								"east": {"uv": [10, 0], "uv_size": [4.25, 0.25]},
								"south": {"uv": [17, 1], "uv_size": [1.25, 0.25]},
								"west": {"uv": [10, 1], "uv_size": [4.25, 0.25]},
								"up": {"uv": [3.25, 4.25], "uv_size": [-1.25, -4.25]},
								"down": {"uv": [2, 4.25], "uv_size": [1.25, -4.25]}
							}
						},
						{
							"origin": [-1.92343, 7.09465, 1.20577],
							"size": [1.70624, 0.4875, 0.56063],
							"pivot": [-0.53405, 7.28965, 1.9614],
							"rotation": [0, 180, 0],
							"uv": {
								"north": {"uv": [12, 2], "uv_size": [1.5, 0.5]},
								"east": {"uv": [11, 18], "uv_size": [0.5, 0.5]},
								"south": {"uv": [12, 3], "uv_size": [1.5, 0.5]},
								"west": {"uv": [18, 11], "uv_size": [0.5, 0.5]},
								"up": {"uv": [13.5, 4.5], "uv_size": [-1.5, -0.5]},
								"down": {"uv": [12, 4.5], "uv_size": [1.5, -0.5]}
							}
						},
						{
							"origin": [-2.02653, 7.08905, 2.46767],
							"size": [1.91244, 0.4987, 0.57183],
							"inflate": 0.01,
							"pivot": [-0.53405, 7.28965, 3.2289],
							"rotation": [0, 180, 0],
							"uv": {
								"north": {"uv": [12, 5], "uv_size": [1.5, 0.5]},
								"east": {"uv": [12, 18], "uv_size": [0.5, 0.5]},
								"south": {"uv": [6, 12], "uv_size": [1.5, 0.5]},
								"west": {"uv": [18, 12], "uv_size": [0.5, 0.5]},
								"up": {"uv": [11.75, 7.5], "uv_size": [-1.75, -0.5]},
								"down": {"uv": [12, 7.5], "uv_size": [1.5, -0.5]}
							}
						},
						{
							"origin": [-2.09965, 7.08905, 4.41767],
							"size": [2.0587, 0.4987, 0.57183],
							"inflate": 0.01,
							"pivot": [-0.53405, 7.28965, 5.1789],
							"rotation": [0, 180, 0],
							"uv": {
								"north": {"uv": [1, 10], "uv_size": [1.75, 0.5]},
								"east": {"uv": [13, 18], "uv_size": [0.5, 0.5]},
								"south": {"uv": [10, 2], "uv_size": [1.75, 0.5]},
								"west": {"uv": [18, 13], "uv_size": [0.5, 0.5]},
								"up": {"uv": [11.75, 4.5], "uv_size": [-1.75, -0.5]},
								"down": {"uv": [10, 4.5], "uv_size": [1.75, -0.5]}
							}
						},
						{
							"origin": [-1.97219, 7.09465, 1.98577],
							"size": [1.755, 0.4875, 0.56063],
							"pivot": [-0.53405, 7.28965, 2.7414],
							"rotation": [0, 177.5, 0],
							"uv": {
								"north": {"uv": [8, 12], "uv_size": [1.5, 0.5]},
								"east": {"uv": [14, 18], "uv_size": [0.5, 0.5]},
								"south": {"uv": [12, 8], "uv_size": [1.5, 0.5]},
								"west": {"uv": [18, 14], "uv_size": [0.5, 0.5]},
								"up": {"uv": [11.5, 12.5], "uv_size": [-1.5, -0.5]},
								"down": {"uv": [10, 12.5], "uv_size": [1.5, -0.5]}
							}
						},
						{
							"origin": [-1.07278, 7.08905, 4.41623],
							"size": [2.10746, 0.4987, 0.57183],
							"inflate": 0.01,
							"pivot": [-0.01904, 7.3384, 4.70215],
							"rotation": [0, -172.5, 0],
							"uv": {
								"north": {"uv": [10, 5], "uv_size": [1.75, 0.5]},
								"east": {"uv": [15, 18], "uv_size": [0.5, 0.5]},
								"south": {"uv": [6, 10], "uv_size": [1.75, 0.5]},
								"west": {"uv": [18, 15], "uv_size": [0.5, 0.5]},
								"up": {"uv": [11.75, 7.5], "uv_size": [-1.75, -0.5]},
								"down": {"uv": [10, 7.5], "uv_size": [1.75, -0.5]}
							}
						},
						{
							"origin": [-0.9697, 7.09465, 3.93541],
							"size": [1.99876, 0.4875, 0.56062],
							"pivot": [0.0053, 7.3384, 4.21571],
							"rotation": [0, -177.5, 0],
							"uv": {
								"north": {"uv": [8, 10], "uv_size": [1.75, 0.5]},
								"east": {"uv": [16, 18], "uv_size": [0.5, 0.5]},
								"south": {"uv": [10, 8], "uv_size": [1.75, 0.5]},
								"west": {"uv": [18, 16], "uv_size": [0.5, 0.5]},
								"up": {"uv": [11.75, 10.5], "uv_size": [-1.75, -0.5]},
								"down": {"uv": [10, 10.5], "uv_size": [1.75, -0.5]}
							}
						},
						{
							"origin": [-1.01807, 7.09465, 5.78367],
							"size": [1.99874, 0.4875, 0.56063],
							"pivot": [-0.01871, 7.3384, 6.06399],
							"rotation": [0, 170, 0],
							"uv": {
								"north": {"uv": [1, 11], "uv_size": [1.75, 0.5]},
								"east": {"uv": [17, 18], "uv_size": [0.5, 0.5]},
								"south": {"uv": [3, 11], "uv_size": [1.75, 0.5]},
								"west": {"uv": [18, 17], "uv_size": [0.5, 0.5]},
								"up": {"uv": [8.75, 11.5], "uv_size": [-1.75, -0.5]},
								"down": {"uv": [7, 11.5], "uv_size": [1.75, -0.5]}
							}
						},
						{
							"origin": [-1.01846, 7.09465, 4.83675],
							"size": [2.07188, 0.4875, 0.56062],
							"pivot": [0.01747, 7.3384, 5.11707],
							"rotation": [0, 177.5, 0],
							"uv": {
								"north": {"uv": [9, 11], "uv_size": [1.75, 0.5]},
								"east": {"uv": [18, 18], "uv_size": [0.5, 0.5]},
								"south": {"uv": [11, 11], "uv_size": [1.75, 0.5]},
								"west": {"uv": [0, 19], "uv_size": [0.5, 0.5]},
								"up": {"uv": [3.75, 12.5], "uv_size": [-1.75, -0.5]},
								"down": {"uv": [2, 12.5], "uv_size": [1.75, -0.5]}
							}
						},
						{
							"origin": [-0.85653, 7.08905, 2.5408],
							"size": [1.71744, 0.4987, 0.57182],
							"inflate": 0.01,
							"pivot": [0.0022, 7.3384, 2.82672],
							"rotation": [0, -172.5, 0],
							"uv": {
								"north": {"uv": [12, 10], "uv_size": [1.5, 0.5]},
								"east": {"uv": [19, 0], "uv_size": [0.5, 0.5]},
								"south": {"uv": [12, 12], "uv_size": [1.5, 0.5]},
								"west": {"uv": [1, 19], "uv_size": [0.5, 0.5]},
								"up": {"uv": [3.5, 13.5], "uv_size": [-1.5, -0.5]},
								"down": {"uv": [2, 13.5], "uv_size": [1.5, -0.5]}
							}
						},
						{
							"origin": [-0.46037, 7.14396, 5.86196],
							"size": [0.92512, 0.38888, 0.60825],
							"inflate": -0.001,
							"pivot": [0.0022, 7.3384, 6.6414],
							"rotation": [0, 180, 0],
							"uv": {
								"north": {"uv": [5, 20], "uv_size": [0.75, 0.25]},
								"east": {"uv": [2, 22], "uv_size": [0.5, 0.25]},
								"south": {"uv": [20, 5], "uv_size": [0.75, 0.25]},
								"west": {"uv": [22, 2], "uv_size": [0.5, 0.25]},
								"up": {"uv": [13.75, 11.5], "uv_size": [-0.75, -0.5]},
								"down": {"uv": [13, 11.5], "uv_size": [0.75, -0.5]}
							}
						},
						{
							"origin": [-0.52895, 7.1434, 1.57139],
							"size": [0.2925, 0.39, 1.56],
							"pivot": [-0.52895, 7.3384, 3.13139],
							"rotation": [0, 173, 0],
							"uv": {
								"north": {"uv": [4, 24], "uv_size": [0.25, 0.25]},
								"east": {"uv": [17, 2], "uv_size": [1.25, 0.25]},
								"south": {"uv": [24, 4], "uv_size": [0.25, 0.25]},
								"west": {"uv": [17, 3], "uv_size": [1.25, 0.25]},
								"up": {"uv": [1, 17], "uv_size": [0.25, 1.25]},
								"down": {"uv": [17, 5.25], "uv_size": [0.25, -1.25]}
							}
						},
						{
							"origin": [-1.30188, 7.1434, 3.86412],
							"size": [0.2925, 0.39, 0.78],
							"pivot": [-1.00938, 7.3384, 4.64412],
							"rotation": [0, 178.75, 0],
							"uv": {
								"north": {"uv": [5, 24], "uv_size": [0.25, 0.25]},
								"east": {"uv": [6, 20], "uv_size": [0.75, 0.25]},
								"south": {"uv": [24, 5], "uv_size": [0.25, 0.25]},
								"west": {"uv": [20, 6], "uv_size": [0.75, 0.25]},
								"up": {"uv": [7, 20], "uv_size": [0.25, 0.75]},
								"down": {"uv": [20, 7.75], "uv_size": [0.25, -0.75]}
							}
						},
						{
							"origin": [-1.3189, 7.1434, 4.25393],
							"size": [0.2925, 0.39, 1.17],
							"pivot": [-1.0264, 7.3384, 5.42393],
							"rotation": [0, -171.25, 0],
							"uv": {
								"north": {"uv": [6, 24], "uv_size": [0.25, 0.25]},
								"east": {"uv": [19, 1], "uv_size": [1, 0.25]},
								"south": {"uv": [24, 6], "uv_size": [0.25, 0.25]},
								"west": {"uv": [2, 19], "uv_size": [1, 0.25]},
								"up": {"uv": [19, 2], "uv_size": [0.25, 1]},
								"down": {"uv": [3, 20], "uv_size": [0.25, -1]}
							}
						},
						{
							"origin": [-1.14092, 7.1434, 5.99531],
							"size": [0.2925, 0.39, 0.585],
							"pivot": [-0.84842, 7.3384, 6.58031],
							"rotation": [0, -158.75, 0],
							"uv": {
								"north": {"uv": [7, 24], "uv_size": [0.25, 0.25]},
								"east": {"uv": [3, 22], "uv_size": [0.5, 0.25]},
								"south": {"uv": [24, 7], "uv_size": [0.25, 0.25]},
								"west": {"uv": [22, 3], "uv_size": [0.5, 0.25]},
								"up": {"uv": [4, 22], "uv_size": [0.25, 0.5]},
								"down": {"uv": [22, 4.5], "uv_size": [0.25, -0.5]}
							}
						},
						{
							"origin": [-0.92888, 7.1434, 6.73553],
							"size": [0.2925, 0.39, 0.39],
							"pivot": [-0.63638, 7.3384, 7.12553],
							"rotation": [0, -151.25, 0],
							"uv": {
								"north": {"uv": [8, 24], "uv_size": [0.25, 0.25]},
								"east": {"uv": [24, 8], "uv_size": [0.25, 0.25]},
								"south": {"uv": [9, 24], "uv_size": [0.25, 0.25]},
								"west": {"uv": [24, 9], "uv_size": [0.25, 0.25]},
								"up": {"uv": [10, 24], "uv_size": [0.25, 0.25]},
								"down": {"uv": [24, 10.25], "uv_size": [0.25, -0.25]}
							}
						},
						{
							"origin": [-0.96569, 7.1434, -0.29109],
							"size": [0.46314, 0.39, 0.6825],
							"pivot": [-0.86819, 7.3384, -0.09609],
							"rotation": [0, -73.5, 0],
							"uv": {
								"north": {"uv": [5, 22], "uv_size": [0.5, 0.25]},
								"east": {"uv": [22, 5], "uv_size": [0.5, 0.25]},
								"south": {"uv": [6, 22], "uv_size": [0.5, 0.25]},
								"west": {"uv": [22, 6], "uv_size": [0.5, 0.25]},
								"up": {"uv": [4, 19], "uv_size": [0.5, 0.5]},
								"down": {"uv": [4, 19.5], "uv_size": [0.5, -0.5]}
							}
						},
						{
							"origin": [0.63638, 7.1434, 6.73553],
							"size": [0.2925, 0.39, 0.39],
							"pivot": [0.63638, 7.3384, 7.12553],
							"rotation": [0, 151.25, 0],
							"uv": {
								"north": {"uv": [11, 24], "uv_size": [0.25, 0.25]},
								"east": {"uv": [24, 11], "uv_size": [0.25, 0.25]},
								"south": {"uv": [12, 24], "uv_size": [0.25, 0.25]},
								"west": {"uv": [24, 12], "uv_size": [0.25, 0.25]},
								"up": {"uv": [13, 24], "uv_size": [0.25, 0.25]},
								"down": {"uv": [24, 13.25], "uv_size": [0.25, -0.25]}
							}
						},
						{
							"origin": [0.44881, 7.1434, 7.07746],
							"size": [0.2925, 0.39, 0.39],
							"pivot": [0.44881, 7.3384, 7.46746],
							"rotation": [0, 128.75, 0],
							"uv": {
								"north": {"uv": [14, 24], "uv_size": [0.25, 0.25]},
								"east": {"uv": [24, 14], "uv_size": [0.25, 0.25]},
								"south": {"uv": [15, 24], "uv_size": [0.25, 0.25]},
								"west": {"uv": [24, 15], "uv_size": [0.25, 0.25]},
								"up": {"uv": [16, 24], "uv_size": [0.25, 0.25]},
								"down": {"uv": [24, 16.25], "uv_size": [0.25, -0.25]}
							}
						},
						{
							"origin": [0.14466, 7.1434, 7.42225],
							"size": [0.2925, 0.39, 0.28932],
							"pivot": [0.14466, 7.3384, 7.71157],
							"rotation": [0, 90, 0],
							"uv": {
								"north": {"uv": [17, 24], "uv_size": [0.25, 0.25]},
								"east": {"uv": [24, 17], "uv_size": [0.25, 0.25]},
								"south": {"uv": [18, 24], "uv_size": [0.25, 0.25]},
								"west": {"uv": [24, 18], "uv_size": [0.25, 0.25]},
								"up": {"uv": [19, 24], "uv_size": [0.25, 0.25]},
								"down": {"uv": [24, 19.25], "uv_size": [0.25, -0.25]}
							}
						},
						{
							"origin": [-0.74131, 7.1434, 7.07746],
							"size": [0.2925, 0.39, 0.39],
							"pivot": [-0.44881, 7.3384, 7.46746],
							"rotation": [0, -128.75, 0],
							"uv": {
								"north": {"uv": [20, 24], "uv_size": [0.25, 0.25]},
								"east": {"uv": [24, 20], "uv_size": [0.25, 0.25]},
								"south": {"uv": [21, 24], "uv_size": [0.25, 0.25]},
								"west": {"uv": [24, 21], "uv_size": [0.25, 0.25]},
								"up": {"uv": [22, 24], "uv_size": [0.25, 0.25]},
								"down": {"uv": [24, 22.25], "uv_size": [0.25, -0.25]}
							}
						},
						{
							"origin": [0.84842, 7.1434, 5.99531],
							"size": [0.2925, 0.39, 0.585],
							"pivot": [0.84842, 7.3384, 6.58031],
							"rotation": [0, 158.75, 0],
							"uv": {
								"north": {"uv": [23, 24], "uv_size": [0.25, 0.25]},
								"east": {"uv": [7, 22], "uv_size": [0.5, 0.25]},
								"south": {"uv": [24, 23], "uv_size": [0.25, 0.25]},
								"west": {"uv": [22, 7], "uv_size": [0.5, 0.25]},
								"up": {"uv": [8, 22], "uv_size": [0.25, 0.5]},
								"down": {"uv": [22, 8.5], "uv_size": [0.25, -0.5]}
							}
						},
						{
							"origin": [1.02641, 7.1434, 4.25393],
							"size": [0.2925, 0.39, 1.17],
							"pivot": [1.02641, 7.3384, 5.42393],
							"rotation": [0, 171.25, 0],
							"uv": {
								"north": {"uv": [24, 24], "uv_size": [0.25, 0.25]},
								"east": {"uv": [19, 4], "uv_size": [1, 0.25]},
								"south": {"uv": [0, 25], "uv_size": [0.25, 0.25]},
								"west": {"uv": [5, 19], "uv_size": [1, 0.25]},
								"up": {"uv": [19, 5], "uv_size": [0.25, 1]},
								"down": {"uv": [6, 20], "uv_size": [0.25, -1]}
							}
						},
						{
							"origin": [1.00938, 7.1434, 3.86412],
							"size": [0.2925, 0.39, 0.78],
							"pivot": [1.00938, 7.3384, 4.64412],
							"rotation": [0, -178.75, 0],
							"uv": {
								"north": {"uv": [25, 0], "uv_size": [0.25, 0.25]},
								"east": {"uv": [8, 20], "uv_size": [0.75, 0.25]},
								"south": {"uv": [1, 25], "uv_size": [0.25, 0.25]},
								"west": {"uv": [20, 8], "uv_size": [0.75, 0.25]},
								"up": {"uv": [9, 20], "uv_size": [0.25, 0.75]},
								"down": {"uv": [20, 9.75], "uv_size": [0.25, -0.75]}
							}
						},
						{
							"origin": [0.23645, 7.1434, 1.57139],
							"size": [0.2925, 0.39, 1.56],
							"pivot": [0.52895, 7.3384, 3.13139],
							"rotation": [0, -173, 0],
							"uv": {
								"north": {"uv": [25, 1], "uv_size": [0.25, 0.25]},
								"east": {"uv": [6, 17], "uv_size": [1.25, 0.25]},
								"south": {"uv": [2, 25], "uv_size": [0.25, 0.25]},
								"west": {"uv": [17, 7], "uv_size": [1.25, 0.25]},
								"up": {"uv": [9, 17], "uv_size": [0.25, 1.25]},
								"down": {"uv": [10, 18.25], "uv_size": [0.25, -1.25]}
							}
						},
						{
							"origin": [0.24155, 7.1434, 0.7914],
							"size": [0.2925, 0.39, 1.17],
							"pivot": [0.53405, 7.3384, 1.9614],
							"rotation": [0, 179.75, 0],
							"uv": {
								"north": {"uv": [25, 2], "uv_size": [0.25, 0.25]},
								"east": {"uv": [19, 6], "uv_size": [1, 0.25]},
								"south": {"uv": [3, 25], "uv_size": [0.25, 0.25]},
								"west": {"uv": [7, 19], "uv_size": [1, 0.25]},
								"up": {"uv": [19, 7], "uv_size": [0.25, 1]},
								"down": {"uv": [8, 20], "uv_size": [0.25, -1]}
							}
						},
						{
							"origin": [0.94448, 7.1434, 1.08051],
							"size": [0.2925, 0.39, 0.585],
							"pivot": [0.94448, 7.3384, 1.56801],
							"rotation": [0, 164.75, 0],
							"uv": {
								"north": {"uv": [25, 3], "uv_size": [0.25, 0.25]},
								"east": {"uv": [9, 22], "uv_size": [0.5, 0.25]},
								"south": {"uv": [4, 25], "uv_size": [0.25, 0.25]},
								"west": {"uv": [22, 9], "uv_size": [0.5, 0.25]},
								"up": {"uv": [10, 22], "uv_size": [0.25, 0.5]},
								"down": {"uv": [22.25, 10.5], "uv_size": [-0.25, -0.5]}
							}
						},
						{
							"origin": [0.73948, 7.1434, 0.74209],
							"size": [0.195, 0.39, 0.39],
							"pivot": [0.93448, 7.3384, 1.13209],
							"rotation": [0, 154.75, 0],
							"uv": {
								"north": {"uv": [25, 4], "uv_size": [0.25, 0.25]},
								"east": {"uv": [5, 25], "uv_size": [0.25, 0.25]},
								"south": {"uv": [25, 5], "uv_size": [0.25, 0.25]},
								"west": {"uv": [6, 25], "uv_size": [0.25, 0.25]},
								"up": {"uv": [25, 6], "uv_size": [0.25, 0.25]},
								"down": {"uv": [7, 25.25], "uv_size": [0.25, -0.25]}
							}
						},
						{
							"origin": [1.48763, 7.1434, 0.00477],
							"size": [0.39, 0.39, 0.6825],
							"pivot": [1.48763, 7.3384, 0.68727],
							"rotation": [0, 144.75, 0],
							"uv": {
								"north": {"uv": [25, 7], "uv_size": [0.25, 0.25]},
								"east": {"uv": [11, 22], "uv_size": [0.5, 0.25]},
								"south": {"uv": [8, 25], "uv_size": [0.25, 0.25]},
								"west": {"uv": [22, 11], "uv_size": [0.5, 0.25]},
								"up": {"uv": [22, 12], "uv_size": [0.25, 0.5]},
								"down": {"uv": [22, 12.5], "uv_size": [0.25, -0.5]}
							}
						},
						{
							"origin": [0.84176, 7.1562, -0.04581],
							"size": [0.975, 0.36439, 0.43874],
							"pivot": [1.23176, 7.3384, 0.39293],
							"rotation": [0, 131, 0],
							"uv": {
								"north": {"uv": [10, 20], "uv_size": [0.75, 0.25]},
								"east": {"uv": [25, 8], "uv_size": [0.25, 0.25]},
								"south": {"uv": [20, 10], "uv_size": [0.75, 0.25]},
								"west": {"uv": [9, 25], "uv_size": [0.25, 0.25]},
								"up": {"uv": [20, 11], "uv_size": [0.75, 0.25]},
								"down": {"uv": [20, 11.25], "uv_size": [0.75, -0.25]}
							}
						},
						{
							"origin": [0.50256, 7.1434, -0.29109],
							"size": [0.46313, 0.39, 0.6825],
							"pivot": [0.86819, 7.3384, -0.09609],
							"rotation": [0, 73.5, 0],
							"uv": {
								"north": {"uv": [13, 22], "uv_size": [0.5, 0.25]},
								"east": {"uv": [22, 13], "uv_size": [0.5, 0.25]},
								"south": {"uv": [14, 22], "uv_size": [0.5, 0.25]},
								"west": {"uv": [22, 14], "uv_size": [0.5, 0.25]},
								"up": {"uv": [9.5, 19.5], "uv_size": [-0.5, -0.5]},
								"down": {"uv": [9, 19.5], "uv_size": [0.5, -0.5]}
							}
						},
						{
							"origin": [0.1275, 7.10059, -0.43475],
							"size": [0.4875, 0.47561, 0.4875],
							"pivot": [0.5175, 7.3384, -0.43475],
							"rotation": [0, 46, 0],
							"uv": {
								"north": {"uv": [15, 22], "uv_size": [0.5, 0.25]},
								"east": {"uv": [22, 15], "uv_size": [0.5, 0.25]},
								"south": {"uv": [16, 22], "uv_size": [0.5, 0.25]},
								"west": {"uv": [22, 16], "uv_size": [0.5, 0.25]},
								"up": {"uv": [10, 19], "uv_size": [0.5, 0.5]},
								"down": {"uv": [10, 19.5], "uv_size": [0.5, -0.5]}
							}
						},
						{
							"origin": [-0.04874, 7.1434, -5.36723],
							"size": [0.0975, 0.39, 0.8775],
							"pivot": [0.04876, 8.8984, -5.36723],
							"rotation": [0, 5.5, 0],
							"uv": {
								"north": {"uv": [25, 9], "uv_size": [0.25, 0.25]},
								"east": {"uv": [12, 20], "uv_size": [0.75, 0.25]},
								"south": {"uv": [10, 25], "uv_size": [0.25, 0.25]},
								"west": {"uv": [20, 12], "uv_size": [0.75, 0.25]},
								"up": {"uv": [13, 20], "uv_size": [0.25, 0.75]},
								"down": {"uv": [20, 13.75], "uv_size": [0.25, -0.75]}
							}
						},
						{
							"origin": [-0.1468, 7.14284, -4.49029],
							"size": [0.19612, 0.39112, 2.04862],
							"inflate": 0.001,
							"pivot": [0.04876, 8.8984, -5.36723],
							"rotation": [0, 5.5, 0],
							"uv": {
								"north": {"uv": [25, 10], "uv_size": [0.25, 0.25]},
								"east": {"uv": [6, 16], "uv_size": [1.75, 0.25]},
								"south": {"uv": [11, 25], "uv_size": [0.25, 0.25]},
								"west": {"uv": [16, 6], "uv_size": [1.75, 0.25]},
								"up": {"uv": [16, 7], "uv_size": [0.25, 1.75]},
								"down": {"uv": [8, 17.75], "uv_size": [0.25, -1.75]}
							}
						},
						{
							"origin": [0.13354, 7.14284, -2.45625],
							"size": [0.19612, 0.39112, 1.293],
							"inflate": 0.001,
							"pivot": [0.3291, 8.8984, -2.45569],
							"rotation": [0, 4, 0],
							"uv": {
								"north": {"uv": [25, 11], "uv_size": [0.25, 0.25]},
								"east": {"uv": [19, 10], "uv_size": [1, 0.25]},
								"south": {"uv": [12, 25], "uv_size": [0.25, 0.25]},
								"west": {"uv": [11, 19], "uv_size": [1, 0.25]},
								"up": {"uv": [19, 11], "uv_size": [0.25, 1]},
								"down": {"uv": [12, 20], "uv_size": [0.25, -1]}
							}
						},
						{
							"origin": [0.2222, 7.14284, -1.18504],
							"size": [0.19612, 0.39112, 0.4155],
							"inflate": 0.001,
							"pivot": [0.32026, 8.8984, -1.18448],
							"rotation": [0, 9.5, 0],
							"uv": {
								"north": {"uv": [25, 12], "uv_size": [0.25, 0.25]},
								"east": {"uv": [13, 25], "uv_size": [0.25, 0.25]},
								"south": {"uv": [25, 13], "uv_size": [0.25, 0.25]},
								"west": {"uv": [14, 25], "uv_size": [0.25, 0.25]},
								"up": {"uv": [25, 14], "uv_size": [0.25, 0.25]},
								"down": {"uv": [15, 25.25], "uv_size": [0.25, -0.25]}
							}
						},
						{
							"origin": [0.28656, 7.14284, -0.80039],
							"size": [0.19612, 0.39112, 0.2205],
							"inflate": 0.001,
							"pivot": [0.38462, 8.8984, -0.79983],
							"rotation": [0, 15, 0],
							"uv": {
								"north": {"uv": [25, 15], "uv_size": [0.25, 0.25]},
								"east": {"uv": [16, 25], "uv_size": [0.25, 0.25]},
								"south": {"uv": [25, 16], "uv_size": [0.25, 0.25]},
								"west": {"uv": [17, 25], "uv_size": [0.25, 0.25]},
								"up": {"uv": [25, 17], "uv_size": [0.25, 0.25]},
								"down": {"uv": [18, 25.25], "uv_size": [0.25, -0.25]}
							}
						},
						{
							"origin": [0.33702, 7.14284, -0.61203],
							"size": [0.19612, 0.39112, 0.22049],
							"inflate": 0.001,
							"pivot": [0.43508, 8.8984, -0.61147],
							"rotation": [0, 25, 0],
							"uv": {
								"north": {"uv": [25, 18], "uv_size": [0.25, 0.25]},
								"east": {"uv": [19, 25], "uv_size": [0.25, 0.25]},
								"south": {"uv": [25, 19], "uv_size": [0.25, 0.25]},
								"west": {"uv": [20, 25], "uv_size": [0.25, 0.25]},
								"up": {"uv": [25, 20], "uv_size": [0.25, 0.25]},
								"down": {"uv": [21, 25.25], "uv_size": [0.25, -0.25]}
							}
						},
						{
							"origin": [-0.0493, 7.11284, -4.49029],
							"size": [0.19612, 0.42112, 2.04862],
							"inflate": 0.001,
							"pivot": [-0.04874, 8.8984, -5.36723],
							"rotation": [0, -5.5, 0],
							"uv": {
								"north": {"uv": [25, 21], "uv_size": [0.25, 0.25]},
								"east": {"uv": [9, 16], "uv_size": [1.75, 0.25]},
								"south": {"uv": [22, 25], "uv_size": [0.25, 0.25]},
								"west": {"uv": [16, 9], "uv_size": [1.75, 0.25]},
								"up": {"uv": [16, 10], "uv_size": [0.25, 1.75]},
								"down": {"uv": [11, 17.75], "uv_size": [0.25, -1.75]}
							}
						},
						{
							"origin": [-0.53314, 7.14284, -0.61203],
							"size": [0.19612, 0.39112, 0.22049],
							"inflate": 0.001,
							"pivot": [-0.43508, 8.8984, -0.61147],
							"rotation": [0, -25, 0],
							"uv": {
								"north": {"uv": [25, 22], "uv_size": [0.25, 0.25]},
								"east": {"uv": [23, 25], "uv_size": [0.25, 0.25]},
								"south": {"uv": [25, 23], "uv_size": [0.25, 0.25]},
								"west": {"uv": [24, 25], "uv_size": [0.25, 0.25]},
								"up": {"uv": [25, 24], "uv_size": [0.25, 0.25]},
								"down": {"uv": [25, 25.25], "uv_size": [0.25, -0.25]}
							}
						},
						{
							"origin": [-0.41832, 7.14284, -1.18504],
							"size": [0.19612, 0.39112, 0.4155],
							"inflate": 0.001,
							"pivot": [-0.32026, 8.8984, -1.18448],
							"rotation": [0, -9.5, 0],
							"uv": {
								"north": {"uv": [0, 26], "uv_size": [0.25, 0.25]},
								"east": {"uv": [26, 0], "uv_size": [0.25, 0.25]},
								"south": {"uv": [1, 26], "uv_size": [0.25, 0.25]},
								"west": {"uv": [26, 1], "uv_size": [0.25, 0.25]},
								"up": {"uv": [2, 26], "uv_size": [0.25, 0.25]},
								"down": {"uv": [26, 2.25], "uv_size": [0.25, -0.25]}
							}
						},
						{
							"origin": [-0.48267, 7.14284, -0.80039],
							"size": [0.19612, 0.39112, 0.2205],
							"inflate": 0.001,
							"pivot": [-0.38461, 8.8984, -0.79983],
							"rotation": [0, -15, 0],
							"uv": {
								"north": {"uv": [3, 26], "uv_size": [0.25, 0.25]},
								"east": {"uv": [26, 3], "uv_size": [0.25, 0.25]},
								"south": {"uv": [4, 26], "uv_size": [0.25, 0.25]},
								"west": {"uv": [26, 4], "uv_size": [0.25, 0.25]},
								"up": {"uv": [5, 26], "uv_size": [0.25, 0.25]},
								"down": {"uv": [26, 5.25], "uv_size": [0.25, -0.25]}
							}
						},
						{
							"origin": [-0.32966, 7.14284, -2.45625],
							"size": [0.19612, 0.39112, 1.293],
							"inflate": 0.001,
							"pivot": [-0.3291, 8.8984, -2.45569],
							"rotation": [0, -4, 0],
							"uv": {
								"north": {"uv": [6, 26], "uv_size": [0.25, 0.25]},
								"east": {"uv": [19, 12], "uv_size": [1, 0.25]},
								"south": {"uv": [26, 6], "uv_size": [0.25, 0.25]},
								"west": {"uv": [13, 19], "uv_size": [1, 0.25]},
								"up": {"uv": [19, 13], "uv_size": [0.25, 1]},
								"down": {"uv": [14, 20], "uv_size": [0.25, -1]}
							}
						}
					]
				},
				{
					"name": "octagon",
					"parent": "weapon",
					"pivot": [0, 10.9384, 0.97027],
					"cubes": [
						{
							"origin": [-0.40441, 7.14284, -0.00529],
							"size": [0.80882, 0.39112, 0.19612],
							"inflate": 0.001,
							"pivot": [0, 7.3384, 0.97027],
							"rotation": [0, -45, 0],
							"uv": {
								"north": {"uv": [14, 20], "uv_size": [0.75, 0.25]},
								"east": {"uv": [7, 26], "uv_size": [0.25, 0.25]},
								"south": {"uv": [20, 14], "uv_size": [0.75, 0.25]},
								"west": {"uv": [26, 7], "uv_size": [0.25, 0.25]},
								"up": {"uv": [15, 20], "uv_size": [0.75, 0.25]},
								"down": {"uv": [20, 15.25], "uv_size": [0.75, -0.25]}
							}
						},
						{
							"origin": [-0.40441, 7.14284, -0.00529],
							"size": [0.80882, 0.39112, 0.19612],
							"inflate": 0.001,
							"uv": {
								"north": {"uv": [16, 20], "uv_size": [0.75, 0.25]},
								"east": {"uv": [8, 26], "uv_size": [0.25, 0.25]},
								"south": {"uv": [20, 16], "uv_size": [0.75, 0.25]},
								"west": {"uv": [26, 8], "uv_size": [0.25, 0.25]},
								"up": {"uv": [17, 20], "uv_size": [0.75, 0.25]},
								"down": {"uv": [20, 17.25], "uv_size": [0.75, -0.25]}
							}
						},
						{
							"origin": [-0.40441, 7.14284, 1.74971],
							"size": [0.80882, 0.39112, 0.19612],
							"inflate": 0.001,
							"pivot": [0, 7.3384, 0.97027],
							"rotation": [0, -45, 0],
							"uv": {
								"north": {"uv": [18, 20], "uv_size": [0.75, 0.25]},
								"east": {"uv": [9, 26], "uv_size": [0.25, 0.25]},
								"south": {"uv": [20, 18], "uv_size": [0.75, 0.25]},
								"west": {"uv": [26, 9], "uv_size": [0.25, 0.25]},
								"up": {"uv": [19, 20], "uv_size": [0.75, 0.25]},
								"down": {"uv": [20, 19.25], "uv_size": [0.75, -0.25]}
							}
						},
						{
							"origin": [-0.40441, 7.14284, 1.74971],
							"size": [0.80882, 0.39112, 0.19612],
							"inflate": 0.001,
							"uv": {
								"north": {"uv": [20, 20], "uv_size": [0.75, 0.25]},
								"east": {"uv": [10, 26], "uv_size": [0.25, 0.25]},
								"south": {"uv": [0, 21], "uv_size": [0.75, 0.25]},
								"west": {"uv": [26, 10], "uv_size": [0.25, 0.25]},
								"up": {"uv": [21, 0], "uv_size": [0.75, 0.25]},
								"down": {"uv": [1, 21.25], "uv_size": [0.75, -0.25]}
							}
						},
						{
							"origin": [0.77944, 7.14284, 0.56585],
							"size": [0.19612, 0.39112, 0.80884],
							"inflate": 0.001,
							"pivot": [0, 7.3384, 0.97027],
							"rotation": [0, -45, 0],
							"uv": {
								"north": {"uv": [11, 26], "uv_size": [0.25, 0.25]},
								"east": {"uv": [21, 1], "uv_size": [0.75, 0.25]},
								"south": {"uv": [26, 11], "uv_size": [0.25, 0.25]},
								"west": {"uv": [2, 21], "uv_size": [0.75, 0.25]},
								"up": {"uv": [21, 2], "uv_size": [0.25, 0.75]},
								"down": {"uv": [3, 21.75], "uv_size": [0.25, -0.75]}
							}
						},
						{
							"origin": [0.77944, 7.13003, 0.56585],
							"size": [0.19612, 0.41673, 0.80884],
							"inflate": 0.001,
							"uv": {
								"north": {"uv": [12, 26], "uv_size": [0.25, 0.25]},
								"east": {"uv": [21, 3], "uv_size": [0.75, 0.25]},
								"south": {"uv": [26, 12], "uv_size": [0.25, 0.25]},
								"west": {"uv": [4, 21], "uv_size": [0.75, 0.25]},
								"up": {"uv": [21, 4], "uv_size": [0.25, 0.75]},
								"down": {"uv": [5, 21.75], "uv_size": [0.25, -0.75]}
							}
						},
						{
							"origin": [-0.97556, 7.14284, 0.56585],
							"size": [0.19612, 0.39112, 0.80884],
							"inflate": 0.001,
							"pivot": [0, 7.3384, 0.97027],
							"rotation": [0, -45, 0],
							"uv": {
								"north": {"uv": [13, 26], "uv_size": [0.25, 0.25]},
								"east": {"uv": [21, 5], "uv_size": [0.75, 0.25]},
								"south": {"uv": [26, 13], "uv_size": [0.25, 0.25]},
								"west": {"uv": [6, 21], "uv_size": [0.75, 0.25]},
								"up": {"uv": [21, 6], "uv_size": [0.25, 0.75]},
								"down": {"uv": [7, 21.75], "uv_size": [0.25, -0.75]}
							}
						},
						{
							"origin": [-0.97556, 7.14284, 0.56585],
							"size": [0.19612, 0.39112, 0.80884],
							"inflate": 0.001,
							"uv": {
								"north": {"uv": [14, 26], "uv_size": [0.25, 0.25]},
								"east": {"uv": [21, 7], "uv_size": [0.75, 0.25]},
								"south": {"uv": [26, 14], "uv_size": [0.25, 0.25]},
								"west": {"uv": [8, 21], "uv_size": [0.75, 0.25]},
								"up": {"uv": [21, 8], "uv_size": [0.25, 0.75]},
								"down": {"uv": [9, 21.75], "uv_size": [0.25, -0.75]}
							}
						}
					]
				},
				{
					"name": "octagon2",
					"parent": "weapon",
					"pivot": [0, 10.9384, -0.58973],
					"cubes": [
						{
							"origin": [-0.1206, 7.14396, -0.97917],
							"size": [0.26558, 0.38888, 0.19388],
							"inflate": -0.001,
							"pivot": [0, 7.3384, -0.58973],
							"rotation": [0, -45, 0],
							"uv": {
								"north": {"uv": [15, 26], "uv_size": [0.25, 0.25]},
								"east": {"uv": [26, 15], "uv_size": [0.25, 0.25]},
								"south": {"uv": [16, 26], "uv_size": [0.25, 0.25]},
								"west": {"uv": [26, 16], "uv_size": [0.25, 0.25]},
								"up": {"uv": [17, 26], "uv_size": [0.25, 0.25]},
								"down": {"uv": [26, 17.25], "uv_size": [0.25, -0.25]}
							}
						},
						{
							"origin": [-0.3156, 7.11396, -1.05228],
							"size": [0.63121, 0.44888, 0.267],
							"inflate": -0.001,
							"uv": {
								"north": {"uv": [17, 22], "uv_size": [0.5, 0.25]},
								"east": {"uv": [18, 26], "uv_size": [0.25, 0.25]},
								"south": {"uv": [22, 17], "uv_size": [0.5, 0.25]},
								"west": {"uv": [26, 18], "uv_size": [0.25, 0.25]},
								"up": {"uv": [18, 22], "uv_size": [0.5, 0.25]},
								"down": {"uv": [22, 18.25], "uv_size": [0.5, -0.25]}
							}
						},
						{
							"origin": [-0.1206, 7.11396, -0.39417],
							"size": [0.24121, 0.44888, 0.22388],
							"inflate": -0.001,
							"pivot": [0, 7.3384, -0.58973],
							"rotation": [0, -45, 0],
							"uv": {
								"north": {"uv": [19, 26], "uv_size": [0.25, 0.25]},
								"east": {"uv": [26, 19], "uv_size": [0.25, 0.25]},
								"south": {"uv": [20, 26], "uv_size": [0.25, 0.25]},
								"west": {"uv": [26, 20], "uv_size": [0.25, 0.25]},
								"up": {"uv": [21, 26], "uv_size": [0.25, 0.25]},
								"down": {"uv": [26, 21.25], "uv_size": [0.25, -0.25]}
							}
						},
						{
							"origin": [-0.1206, 7.14396, -0.39417],
							"size": [0.24121, 0.38888, 0.09638],
							"inflate": -0.001,
							"uv": {
								"north": {"uv": [22, 26], "uv_size": [0.25, 0.25]},
								"east": {"uv": [26, 22], "uv_size": [0.25, 0.25]},
								"south": {"uv": [23, 26], "uv_size": [0.25, 0.25]},
								"west": {"uv": [26, 23], "uv_size": [0.25, 0.25]},
								"up": {"uv": [24, 26], "uv_size": [0.25, 0.25]},
								"down": {"uv": [26, 24.25], "uv_size": [0.25, -0.25]}
							}
						},
						{
							"origin": [0.19556, 7.11396, -0.71032],
							"size": [0.29138, 0.44888, 0.2712],
							"inflate": -0.001,
							"pivot": [0, 7.3384, -0.58973],
							"rotation": [0, -45, 0],
							"uv": {
								"north": {"uv": [25, 26], "uv_size": [0.25, 0.25]},
								"east": {"uv": [26, 25], "uv_size": [0.25, 0.25]},
								"south": {"uv": [26, 26], "uv_size": [0.25, 0.25]},
								"west": {"uv": [0, 27], "uv_size": [0.25, 0.25]},
								"up": {"uv": [27, 0], "uv_size": [0.25, 0.25]},
								"down": {"uv": [1, 27.25], "uv_size": [0.25, -0.25]}
							}
						},
						{
							"origin": [0.19556, 7.14396, -0.71032],
							"size": [0.29138, 0.38888, 0.3387],
							"inflate": -0.001,
							"uv": {
								"north": {"uv": [27, 1], "uv_size": [0.25, 0.25]},
								"east": {"uv": [2, 27], "uv_size": [0.25, 0.25]},
								"south": {"uv": [27, 2], "uv_size": [0.25, 0.25]},
								"west": {"uv": [3, 27], "uv_size": [0.25, 0.25]},
								"up": {"uv": [27, 3], "uv_size": [0.25, 0.25]},
								"down": {"uv": [4, 27.25], "uv_size": [0.25, -0.25]}
							}
						},
						{
							"origin": [-0.38944, 7.14396, -0.71032],
							"size": [0.19388, 0.38888, 0.26556],
							"inflate": -0.001,
							"pivot": [0, 7.3384, -0.58973],
							"rotation": [0, -45, 0],
							"uv": {
								"north": {"uv": [27, 4], "uv_size": [0.25, 0.25]},
								"east": {"uv": [5, 27], "uv_size": [0.25, 0.25]},
								"south": {"uv": [27, 5], "uv_size": [0.25, 0.25]},
								"west": {"uv": [6, 27], "uv_size": [0.25, 0.25]},
								"up": {"uv": [27, 6], "uv_size": [0.25, 0.25]},
								"down": {"uv": [7, 27.25], "uv_size": [0.25, -0.25]}
							}
						},
						{
							"origin": [-0.48694, 7.14396, -0.71032],
							"size": [0.29138, 0.38888, 0.3387],
							"inflate": -0.001,
							"uv": {
								"north": {"uv": [27, 7], "uv_size": [0.25, 0.25]},
								"east": {"uv": [8, 27], "uv_size": [0.25, 0.25]},
								"south": {"uv": [27, 8], "uv_size": [0.25, 0.25]},
								"west": {"uv": [9, 27], "uv_size": [0.25, 0.25]},
								"up": {"uv": [27, 9], "uv_size": [0.25, 0.25]},
								"down": {"uv": [10, 27.25], "uv_size": [0.25, -0.25]}
							}
						}
					]
				},
				{
					"name": "octagon3",
					"parent": "weapon",
					"pivot": [0, 11.21171, -1.27223],
					"cubes": [
						{
							"origin": [-0.09668, 7.14396, -1.55473],
							"size": [0.19335, 0.38888, 0.12626],
							"inflate": -0.001,
							"pivot": [0, 7.61171, -1.27223],
							"rotation": [0, -45, 0],
							"uv": {
								"north": {"uv": [27, 10], "uv_size": [0.25, 0.25]},
								"east": {"uv": [11, 27], "uv_size": [0.25, 0.25]},
								"south": {"uv": [27, 11], "uv_size": [0.25, 0.25]},
								"west": {"uv": [12, 27], "uv_size": [0.25, 0.25]},
								"up": {"uv": [27, 12], "uv_size": [0.25, 0.25]},
								"down": {"uv": [13, 27.25], "uv_size": [0.25, -0.25]}
							}
						},
						{
							"origin": [-0.21856, 7.14396, -1.65223],
							"size": [0.43712, 0.38888, 0.22376],
							"inflate": -0.001,
							"uv": {
								"north": {"uv": [27, 13], "uv_size": [0.25, 0.25]},
								"east": {"uv": [14, 27], "uv_size": [0.25, 0.25]},
								"south": {"uv": [27, 14], "uv_size": [0.25, 0.25]},
								"west": {"uv": [15, 27], "uv_size": [0.25, 0.25]},
								"up": {"uv": [27, 15], "uv_size": [0.25, 0.25]},
								"down": {"uv": [16, 27.25], "uv_size": [0.25, -0.25]}
							}
						},
						{
							"origin": [-0.09668, 7.14396, -1.11598],
							"size": [0.19335, 0.38888, 0.175],
							"inflate": -0.001,
							"pivot": [0, 7.61171, -1.27223],
							"rotation": [0, -45, 0],
							"uv": {
								"north": {"uv": [27, 16], "uv_size": [0.25, 0.25]},
								"east": {"uv": [17, 27], "uv_size": [0.25, 0.25]},
								"south": {"uv": [27, 17], "uv_size": [0.25, 0.25]},
								"west": {"uv": [18, 27], "uv_size": [0.25, 0.25]},
								"up": {"uv": [27, 18], "uv_size": [0.25, 0.25]},
								"down": {"uv": [19, 27.25], "uv_size": [0.25, -0.25]}
							}
						},
						{
							"origin": [-0.09668, 7.14396, -1.11598],
							"size": [0.19335, 0.38888, 0.0775],
							"inflate": -0.001,
							"uv": {
								"north": {"uv": [27, 19], "uv_size": [0.25, 0.25]},
								"east": {"uv": [20, 27], "uv_size": [0.25, 0.25]},
								"south": {"uv": [27, 20], "uv_size": [0.25, 0.25]},
								"west": {"uv": [21, 27], "uv_size": [0.25, 0.25]},
								"up": {"uv": [27, 21], "uv_size": [0.25, 0.25]},
								"down": {"uv": [22, 27.25], "uv_size": [0.25, -0.25]}
							}
						},
						{
							"origin": [0.15625, 7.14396, -1.3689],
							"size": [0.175, 0.38888, 0.19336],
							"inflate": -0.001,
							"pivot": [0, 7.61171, -1.27223],
							"rotation": [0, -45, 0],
							"uv": {
								"north": {"uv": [27, 22], "uv_size": [0.25, 0.25]},
								"east": {"uv": [23, 27], "uv_size": [0.25, 0.25]},
								"south": {"uv": [27, 23], "uv_size": [0.25, 0.25]},
								"west": {"uv": [24, 27], "uv_size": [0.25, 0.25]},
								"up": {"uv": [27, 24], "uv_size": [0.25, 0.25]},
								"down": {"uv": [25, 27.25], "uv_size": [0.25, -0.25]}
							}
						},
						{
							"origin": [0.15625, 7.14396, -1.3689],
							"size": [0.0775, 0.38888, 0.19336],
							"inflate": -0.001,
							"uv": {
								"north": {"uv": [27, 25], "uv_size": [0.25, 0.25]},
								"east": {"uv": [26, 27], "uv_size": [0.25, 0.25]},
								"south": {"uv": [27, 26], "uv_size": [0.25, 0.25]},
								"west": {"uv": [27, 27], "uv_size": [0.25, 0.25]},
								"up": {"uv": [0, 28], "uv_size": [0.25, 0.25]},
								"down": {"uv": [28, 0.25], "uv_size": [0.25, -0.25]}
							}
						},
						{
							"origin": [-0.2825, 7.14396, -1.3689],
							"size": [0.12625, 0.38888, 0.19336],
							"inflate": -0.001,
							"pivot": [0, 7.61171, -1.27223],
							"rotation": [0, -45, 0],
							"uv": {
								"north": {"uv": [1, 28], "uv_size": [0.25, 0.25]},
								"east": {"uv": [28, 1], "uv_size": [0.25, 0.25]},
								"south": {"uv": [2, 28], "uv_size": [0.25, 0.25]},
								"west": {"uv": [28, 2], "uv_size": [0.25, 0.25]},
								"up": {"uv": [3, 28], "uv_size": [0.25, 0.25]},
								"down": {"uv": [28, 3.25], "uv_size": [0.25, -0.25]}
							}
						},
						{
							"origin": [-0.23375, 7.14396, -1.3689],
							"size": [0.0775, 0.38888, 0.19336],
							"inflate": -0.001,
							"uv": {
								"north": {"uv": [4, 28], "uv_size": [0.25, 0.25]},
								"east": {"uv": [28, 4], "uv_size": [0.25, 0.25]},
								"south": {"uv": [5, 28], "uv_size": [0.25, 0.25]},
								"west": {"uv": [28, 5], "uv_size": [0.25, 0.25]},
								"up": {"uv": [6, 28], "uv_size": [0.25, 0.25]},
								"down": {"uv": [28, 6.25], "uv_size": [0.25, -0.25]}
							}
						}
					]
				},
				{
					"name": "octagon4",
					"parent": "weapon",
					"pivot": [0, 11.11836, -1.83284],
					"cubes": [
						{
							"origin": [-0.07755, 7.14396, -2.0688],
							"size": [0.1551, 0.38888, 0.11115],
							"inflate": -0.001,
							"pivot": [0, 7.51836, -1.83284],
							"rotation": [0, -45, 0],
							"uv": {
								"north": {"uv": [7, 28], "uv_size": [0.25, 0.25]},
								"east": {"uv": [28, 7], "uv_size": [0.25, 0.25]},
								"south": {"uv": [8, 28], "uv_size": [0.25, 0.25]},
								"west": {"uv": [28, 8], "uv_size": [0.25, 0.25]},
								"up": {"uv": [9, 28], "uv_size": [0.25, 0.25]},
								"down": {"uv": [28, 9.25], "uv_size": [0.25, -0.25]}
							}
						},
						{
							"origin": [-0.17505, 7.14396, -2.23943],
							"size": [0.3501, 0.38888, 0.28178],
							"inflate": -0.001,
							"uv": {
								"north": {"uv": [10, 28], "uv_size": [0.25, 0.25]},
								"east": {"uv": [28, 10], "uv_size": [0.25, 0.25]},
								"south": {"uv": [11, 28], "uv_size": [0.25, 0.25]},
								"west": {"uv": [28, 11], "uv_size": [0.25, 0.25]},
								"up": {"uv": [12, 28], "uv_size": [0.25, 0.25]},
								"down": {"uv": [28, 12.25], "uv_size": [0.25, -0.25]}
							}
						},
						{
							"origin": [-0.07755, 7.14396, -1.70805],
							"size": [0.1551, 0.38888, 0.1599],
							"inflate": -0.001,
							"pivot": [0, 7.51836, -1.83284],
							"rotation": [0, -45, 0],
							"uv": {
								"north": {"uv": [13, 28], "uv_size": [0.25, 0.25]},
								"east": {"uv": [28, 13], "uv_size": [0.25, 0.25]},
								"south": {"uv": [14, 28], "uv_size": [0.25, 0.25]},
								"west": {"uv": [28, 14], "uv_size": [0.25, 0.25]},
								"up": {"uv": [15, 28], "uv_size": [0.25, 0.25]},
								"down": {"uv": [28, 15.25], "uv_size": [0.25, -0.25]}
							}
						},
						{
							"origin": [-0.07755, 7.14396, -1.70805],
							"size": [0.1551, 0.38888, 0.0624],
							"inflate": -0.001,
							"uv": {
								"north": {"uv": [16, 28], "uv_size": [0.25, 0.25]},
								"east": {"uv": [28, 16], "uv_size": [0.25, 0.25]},
								"south": {"uv": [17, 28], "uv_size": [0.25, 0.25]},
								"west": {"uv": [28, 17], "uv_size": [0.25, 0.25]},
								"up": {"uv": [18, 28], "uv_size": [0.25, 0.25]},
								"down": {"uv": [28, 18.25], "uv_size": [0.25, -0.25]}
							}
						},
						{
							"origin": [0.1248, 7.14396, -1.91039],
							"size": [0.15991, 0.38888, 0.15507],
							"inflate": -0.001,
							"pivot": [0, 7.51836, -1.83284],
							"rotation": [0, -45, 0],
							"uv": {
								"north": {"uv": [19, 28], "uv_size": [0.25, 0.25]},
								"east": {"uv": [28, 19], "uv_size": [0.25, 0.25]},
								"south": {"uv": [20, 28], "uv_size": [0.25, 0.25]},
								"west": {"uv": [28, 20], "uv_size": [0.25, 0.25]},
								"up": {"uv": [21, 28], "uv_size": [0.25, 0.25]},
								"down": {"uv": [28, 21.25], "uv_size": [0.25, -0.25]}
							}
						},
						{
							"origin": [0.1248, 7.14396, -1.91039],
							"size": [0.06241, 0.38888, 0.15507],
							"inflate": -0.001,
							"uv": {
								"north": {"uv": [22, 28], "uv_size": [0.25, 0.25]},
								"east": {"uv": [28, 22], "uv_size": [0.25, 0.25]},
								"south": {"uv": [23, 28], "uv_size": [0.25, 0.25]},
								"west": {"uv": [28, 23], "uv_size": [0.25, 0.25]},
								"up": {"uv": [24, 28], "uv_size": [0.25, 0.25]},
								"down": {"uv": [28, 24.25], "uv_size": [0.25, -0.25]}
							}
						},
						{
							"origin": [-0.23595, 7.14396, -1.91039],
							"size": [0.11115, 0.38888, 0.15507],
							"inflate": -0.001,
							"pivot": [0, 7.51836, -1.83284],
							"rotation": [0, -45, 0],
							"uv": {
								"north": {"uv": [25, 28], "uv_size": [0.25, 0.25]},
								"east": {"uv": [28, 25], "uv_size": [0.25, 0.25]},
								"south": {"uv": [26, 28], "uv_size": [0.25, 0.25]},
								"west": {"uv": [28, 26], "uv_size": [0.25, 0.25]},
								"up": {"uv": [27, 28], "uv_size": [0.25, 0.25]},
								"down": {"uv": [28, 27.25], "uv_size": [0.25, -0.25]}
							}
						},
						{
							"origin": [-0.1872, 7.14396, -1.91039],
							"size": [0.06241, 0.38888, 0.15507],
							"inflate": -0.001,
							"uv": {
								"north": {"uv": [28, 28], "uv_size": [0.25, 0.25]},
								"east": {"uv": [0, 29], "uv_size": [0.25, 0.25]},
								"south": {"uv": [29, 0], "uv_size": [0.25, 0.25]},
								"west": {"uv": [1, 29], "uv_size": [0.25, 0.25]},
								"up": {"uv": [29, 1], "uv_size": [0.25, 0.25]},
								"down": {"uv": [2, 29.25], "uv_size": [0.25, -0.25]}
							}
						}
					]
				},
				{
					"name": "octagon5",
					"parent": "weapon",
					"pivot": [0, 11.04369, -2.3691],
					"cubes": [
						{
							"origin": [-0.06222, 7.14396, -2.56781],
							"size": [0.12446, 0.38888, 0.09908],
							"inflate": -0.001,
							"pivot": [0, 7.44369, -2.3691],
							"rotation": [0, -45, 0],
							"uv": {
								"north": {"uv": [29, 2], "uv_size": [0.25, 0.25]},
								"east": {"uv": [3, 29], "uv_size": [0.25, 0.25]},
								"south": {"uv": [29, 3], "uv_size": [0.25, 0.25]},
								"west": {"uv": [4, 29], "uv_size": [0.25, 0.25]},
								"up": {"uv": [29, 4], "uv_size": [0.25, 0.25]},
								"down": {"uv": [5, 29.25], "uv_size": [0.25, -0.25]}
							}
						},
						{
							"origin": [-0.06222, 7.14396, -2.51907],
							"size": [0.12446, 0.38888, 0.05034],
							"inflate": -0.001,
							"uv": {
								"north": {"uv": [29, 5], "uv_size": [0.25, 0.25]},
								"east": {"uv": [6, 29], "uv_size": [0.25, 0.25]},
								"south": {"uv": [29, 6], "uv_size": [0.25, 0.25]},
								"west": {"uv": [7, 29], "uv_size": [0.25, 0.25]},
								"up": {"uv": [29, 7], "uv_size": [0.25, 0.25]},
								"down": {"uv": [8, 29.25], "uv_size": [0.25, -0.25]}
							}
						},
						{
							"origin": [-0.06222, 7.14396, -2.26947],
							"size": [0.12446, 0.38888, 0.14784],
							"inflate": -0.001,
							"pivot": [0, 7.44369, -2.3691],
							"rotation": [0, -45, 0],
							"uv": {
								"north": {"uv": [29, 8], "uv_size": [0.25, 0.25]},
								"east": {"uv": [9, 29], "uv_size": [0.25, 0.25]},
								"south": {"uv": [29, 9], "uv_size": [0.25, 0.25]},
								"west": {"uv": [10, 29], "uv_size": [0.25, 0.25]},
								"up": {"uv": [29, 10], "uv_size": [0.25, 0.25]},
								"down": {"uv": [11, 29.25], "uv_size": [0.25, -0.25]}
							}
						},
						{
							"origin": [-0.06222, 7.14396, -2.26947],
							"size": [0.12446, 0.38888, 0.05034],
							"inflate": -0.001,
							"uv": {
								"north": {"uv": [29, 11], "uv_size": [0.25, 0.25]},
								"east": {"uv": [12, 29], "uv_size": [0.25, 0.25]},
								"south": {"uv": [29, 12], "uv_size": [0.25, 0.25]},
								"west": {"uv": [13, 29], "uv_size": [0.25, 0.25]},
								"up": {"uv": [29, 13], "uv_size": [0.25, 0.25]},
								"down": {"uv": [14, 29.25], "uv_size": [0.25, -0.25]}
							}
						},
						{
							"origin": [0.09963, 7.14396, -2.43132],
							"size": [0.14784, 0.38888, 0.12446],
							"inflate": -0.001,
							"pivot": [0, 7.44369, -2.3691],
							"rotation": [0, -45, 0],
							"uv": {
								"north": {"uv": [29, 14], "uv_size": [0.25, 0.25]},
								"east": {"uv": [15, 29], "uv_size": [0.25, 0.25]},
								"south": {"uv": [29, 15], "uv_size": [0.25, 0.25]},
								"west": {"uv": [16, 29], "uv_size": [0.25, 0.25]},
								"up": {"uv": [29, 16], "uv_size": [0.25, 0.25]},
								"down": {"uv": [17, 29.25], "uv_size": [0.25, -0.25]}
							}
						},
						{
							"origin": [0.09963, 7.14396, -2.43132],
							"size": [0.05034, 0.38888, 0.12446],
							"inflate": -0.001,
							"uv": {
								"north": {"uv": [29, 17], "uv_size": [0.25, 0.25]},
								"east": {"uv": [18, 29], "uv_size": [0.25, 0.25]},
								"south": {"uv": [29, 18], "uv_size": [0.25, 0.25]},
								"west": {"uv": [19, 29], "uv_size": [0.25, 0.25]},
								"up": {"uv": [29, 19], "uv_size": [0.25, 0.25]},
								"down": {"uv": [20, 29.25], "uv_size": [0.25, -0.25]}
							}
						},
						{
							"origin": [-0.24747, 7.14396, -2.43132],
							"size": [0.14784, 0.38888, 0.12446],
							"inflate": -0.001,
							"pivot": [0, 7.44369, -2.3691],
							"rotation": [0, -45, 0],
							"uv": {
								"north": {"uv": [29, 20], "uv_size": [0.25, 0.25]},
								"east": {"uv": [21, 29], "uv_size": [0.25, 0.25]},
								"south": {"uv": [29, 21], "uv_size": [0.25, 0.25]},
								"west": {"uv": [22, 29], "uv_size": [0.25, 0.25]},
								"up": {"uv": [29, 22], "uv_size": [0.25, 0.25]},
								"down": {"uv": [23, 29.25], "uv_size": [0.25, -0.25]}
							}
						},
						{
							"origin": [-0.14997, 7.14396, -2.43132],
							"size": [0.05034, 0.38888, 0.12446],
							"inflate": -0.001,
							"uv": {
								"north": {"uv": [29, 23], "uv_size": [0.25, 0.25]},
								"east": {"uv": [24, 29], "uv_size": [0.25, 0.25]},
								"south": {"uv": [29, 24], "uv_size": [0.25, 0.25]},
								"west": {"uv": [25, 29], "uv_size": [0.25, 0.25]},
								"up": {"uv": [29, 25], "uv_size": [0.25, 0.25]},
								"down": {"uv": [26, 29.25], "uv_size": [0.25, -0.25]}
							}
						}
					]
				},
				{
					"name": "constraint",
					"parent": "bone",
					"pivot": [-0.01558, 8.125, 1.9375]
				},
				{
					"name": "lefthand",
					"parent": "bone",
					"pivot": [-6, 19, 0]
				},
				{
					"name": "lefthand_pos",
					"parent": "lefthand",
					"pivot": [0, 8, 0],
					"cubes": [
						{
							"origin": [-7, 8, -2],
							"size": [3, 12, 4],
							"uv": {
								"north": {"uv": [23.228, 0], "uv_size": [8.114, 24]},
								"east": {"uv": [7, 24], "uv_size": [8.114, 24]},
								"south": {"uv": [15.114, 24], "uv_size": [8.114, 24]},
								"west": {"uv": [23.228, 24], "uv_size": [8.114, 24]},
								"up": {"uv": [31.342, 16], "uv_size": [8.114, 8]},
								"down": {"uv": [31.342, 32], "uv_size": [8.114, -8]}
							}
						}
					]
				},
				{
					"name": "camera",
					"pivot": [3.4563, 3.4656, -0.7687]
				},
				{
					"name": "view",
					"pivot": [0, 0, 0]
				},
				{
					"name": "refit_view",
					"parent": "view",
					"pivot": [22.475, 5.55, 0.2],
					"rotation": [0, 90, 0]
				},
				{
					"name": "iron_view",
					"parent": "view",
					"pivot": [-0.15326, 9.42188, 6.93493],
					"rotation": [0, -1, 0]
				},
				{
					"name": "idle_view",
					"parent": "view",
					"pivot": [3.4563, 3.4656, -0.7687],
					"cubes": [
						{
							"origin": [-2, 0, 0],
							"size": [2, 2, 2],
							"uv": {
								"north": {"uv": [4, 0], "uv_size": [2, 2]},
								"east": {"uv": [4, 2], "uv_size": [2, 2]},
								"south": {"uv": [4, 4], "uv_size": [2, 2]},
								"west": {"uv": [0, 5], "uv_size": [2, 2]},
								"up": {"uv": [2, 5], "uv_size": [2, 2]},
								"down": {"uv": [6, 2], "uv_size": [2, -2]}
							}
						}
					]
				},
				{
					"name": "positioning",
					"pivot": [-0.01558, 4.125, 4.9375]
				},
				{
					"name": "ground",
					"parent": "positioning",
					"pivot": [0, 0, 0]
				},
				{
					"name": "thirdperson_hand",
					"parent": "positioning",
					"pivot": [-0.01558, 6.125, -2.0625]
				},
				{
					"name": "fixed",
					"parent": "positioning",
					"pivot": [0.79692, 5.125, -1.0625],
					"rotation": [0, 90, 0]
				},
				{
					"name": "bone38",
					"pivot": [62, -11.35, -167.5]
				},
				{
					"name": "bone39",
					"parent": "bone38",
					"pivot": [-65, -11.35, -167.5]
				}
			]
		}
	]
}