{
	"format_version": "1.12.0",
	"minecraft:geometry": [
		{
			"description": {
				"identifier": "geometry.OFA_JSEC_MODEL",
				"texture_width": 128,
				"texture_height": 128,
				"visible_bounds_width": 4,
				"visible_bounds_height": 2.5,
				"visible_bounds_offset": [0, 0.75, 0]
			},
			"bones": [
				{
					"name": "root",
					"pivot": [0, 10, 3.5]
				},
				{
					"name": "mag_and_lefthand",
					"parent": "root",
					"pivot": [0, 5.8, 0]
				},
				{
					"name": "lefthand",
					"parent": "mag_and_lefthand",
					"pivot": [-6, 19, 8]
				},
				{
					"name": "lefthand_pos",
					"parent": "lefthand",
					"pivot": [0, 8, 8],
					"cubes": [
						{
							"origin": [-7, 8, 6],
							"size": [3, 12, 4],
							"uv": {
								"north": {"uv": [7, 12], "uv_size": [3, 12]},
								"east": {"uv": [8, 0], "uv_size": [4, 12]},
								"south": {"uv": [10, 12], "uv_size": [3, 12]},
								"west": {"uv": [0, 12], "uv_size": [4, 12]},
								"up": {"uv": [24, 8], "uv_size": [3, 4]},
								"down": {"uv": [9, 28], "uv_size": [3, -4]}
							}
						}
					]
				},
				{
					"name": "magazine",
					"parent": "mag_and_lefthand",
					"pivot": [-11, 0, -5.5],
					"cubes": [
						{
							"origin": [-0.62479, 5.92551, -5.21762],
							"size": [1.375, 0.5625, 2.57813],
							"uv": {
								"north": {"uv": [42, 19], "uv_size": [1.5, 0.5]},
								"east": {"uv": [17, 38], "uv_size": [2.5, 0.5]},
								"south": {"uv": [42, 20], "uv_size": [1.5, 0.5]},
								"west": {"uv": [20, 38], "uv_size": [2.5, 0.5]},
								"up": {"uv": [34, 22], "uv_size": [1.5, 2.5]},
								"down": {"uv": [24, 36.5], "uv_size": [1.5, -2.5]}
							}
						},
						{
							"origin": [-0.4375, 9.67114, -5.05957],
							"size": [0.125, 0.3125, 2],
							"pivot": [-0.4375, 9.67114, -4.05957],
							"rotation": [0, 0, 22.5],
							"uv": {
								"north": {"uv": [44, 19], "uv_size": [0.5, 0.5]},
								"east": {"uv": [41, 13], "uv_size": [2, 0.5]},
								"south": {"uv": [20, 44], "uv_size": [0.5, 0.5]},
								"west": {"uv": [41, 14], "uv_size": [2, 0.5]},
								"up": {"uv": [25, 39], "uv_size": [0.5, 2]},
								"down": {"uv": [22, 42], "uv_size": [0.5, -2]}
							}
						},
						{
							"origin": [0.4375, 9.67114, -5.05957],
							"size": [0.125, 0.3125, 2],
							"pivot": [0.5625, 9.67114, -4.05957],
							"rotation": [0, 0, -22.5],
							"uv": {
								"north": {"uv": [44, 20], "uv_size": [0.5, 0.5]},
								"east": {"uv": [15, 41], "uv_size": [2, 0.5]},
								"south": {"uv": [21, 44], "uv_size": [0.5, 0.5]},
								"west": {"uv": [41, 15], "uv_size": [2, 0.5]},
								"up": {"uv": [41, 16], "uv_size": [0.5, 2]},
								"down": {"uv": [17, 43], "uv_size": [0.5, -2]}
							}
						}
					]
				},
				{
					"name": "bullet_in_mag",
					"parent": "magazine",
					"pivot": [0, 10.33689, -4.43436]
				},
				{
					"name": "9mm",
					"parent": "bullet_in_mag",
					"pivot": [0.04899, 9.68203, -4.05481],
					"rotation": [90, 0, -180],
					"cubes": [
						{
							"origin": [-0.21312, 8.99103, -4.31692],
							"size": [0.52423, 0.97694, 0.52423],
							"uv": {
								"north": {"uv": [30, 42], "uv_size": [0.5, 1]},
								"east": {"uv": [42, 30], "uv_size": [0.5, 1]},
								"south": {"uv": [42, 31], "uv_size": [0.5, 1]},
								"west": {"uv": [42, 32], "uv_size": [0.5, 1]},
								"up": {"uv": [5, 43], "uv_size": [0.5, 0.5]},
								"down": {"uv": [6, 43.5], "uv_size": [0.5, -0.5]}
							}
						},
						{
							"origin": [-0.21312, 8.82422, -4.31692],
							"size": [0.52423, 0.07149, 0.52423],
							"uv": {
								"north": {"uv": [43, 6], "uv_size": [0.5, 0.5]},
								"east": {"uv": [43, 7], "uv_size": [0.5, 0.5]},
								"south": {"uv": [43, 8], "uv_size": [0.5, 0.5]},
								"west": {"uv": [9, 43], "uv_size": [0.5, 0.5]},
								"up": {"uv": [10, 43], "uv_size": [0.5, 0.5]},
								"down": {"uv": [43, 10.5], "uv_size": [0.5, -0.5]}
							}
						},
						{
							"origin": [-0.14163, 8.89571, -4.24544],
							"size": [0.38125, 0.09532, 0.38125],
							"uv": {
								"north": {"uv": [43, 11], "uv_size": [0.5, 0.5]},
								"east": {"uv": [43, 12], "uv_size": [0.5, 0.5]},
								"south": {"uv": [43, 13], "uv_size": [0.5, 0.5]},
								"west": {"uv": [43, 14], "uv_size": [0.5, 0.5]}
							}
						},
						{
							"origin": [-0.14879, 10.20624, -4.25256],
							"size": [0.39554, 0.19062, 0.39554],
							"uv": {
								"north": {"uv": [15, 43], "uv_size": [0.5, 0.5]},
								"east": {"uv": [43, 15], "uv_size": [0.5, 0.5]},
								"south": {"uv": [16, 43], "uv_size": [0.5, 0.5]},
								"west": {"uv": [17, 43], "uv_size": [0.5, 0.5]},
								"up": {"uv": [18, 43], "uv_size": [0.5, 0.5]}
							}
						},
						{
							"origin": [-0.17737, 9.94415, -4.28117],
							"size": [0.45273, 0.26209, 0.45272],
							"uv": {
								"north": {"uv": [19, 43], "uv_size": [0.5, 0.5]},
								"east": {"uv": [20, 43], "uv_size": [0.5, 0.5]},
								"south": {"uv": [21, 43], "uv_size": [0.5, 0.5]},
								"west": {"uv": [23, 43], "uv_size": [0.5, 0.5]},
								"up": {"uv": [24, 43], "uv_size": [0.5, 0.5]}
							}
						},
						{
							"origin": [-0.08206, 10.34922, -4.18586],
							"size": [0.2621, 0.16681, 0.2621],
							"uv": {
								"north": {"uv": [43, 24], "uv_size": [0.5, 0.5]},
								"east": {"uv": [25, 43], "uv_size": [0.5, 0.5]},
								"south": {"uv": [43, 25], "uv_size": [0.5, 0.5]},
								"west": {"uv": [26, 43], "uv_size": [0.5, 0.5]},
								"up": {"uv": [43, 26], "uv_size": [0.5, 0.5]}
							}
						}
					]
				},
				{
					"name": "mag_standard",
					"parent": "magazine",
					"pivot": [0.0625, 8.10864, -4.07519],
					"cubes": [
						{
							"origin": [-0.4375, 0.60864, -5.05957],
							"size": [1, 9.0625, 2],
							"uv": {
								"north": {"uv": [0, 29], "uv_size": [1, 9]},
								"east": {"uv": [21, 11], "uv_size": [2, 9]},
								"south": {"uv": [1, 29], "uv_size": [1, 9]},
								"west": {"uv": [21, 20], "uv_size": [2, 9]},
								"up": {"uv": [20, 30], "uv_size": [1, 2]},
								"down": {"uv": [20, 34], "uv_size": [1, -2]}
							}
						}
					]
				},
				{
					"name": "mag_extended_1",
					"parent": "magazine",
					"pivot": [0, 6.42941, -4.07247],
					"cubes": [
						{
							"origin": [-0.4375, -3.39136, -5.05957],
							"size": [1, 13.0625, 2],
							"uv": {
								"north": {"uv": [19, 0], "uv_size": [1, 13]},
								"east": {"uv": [13, 12], "uv_size": [2, 13]},
								"south": {"uv": [20, 0], "uv_size": [1, 13]},
								"west": {"uv": [15, 0], "uv_size": [2, 13]},
								"up": {"uv": [17, 11], "uv_size": [1, 2]},
								"down": {"uv": [17, 15], "uv_size": [1, -2]}
							}
						}
					]
				},
				{
					"name": "mag_extended_2",
					"parent": "magazine",
					"pivot": [0, 6.42941, -4.07247],
					"cubes": [
						{
							"origin": [-0.4375, -3.39136, -5.05957],
							"size": [1, 13.0625, 2],
							"uv": {
								"north": {"uv": [19, 0], "uv_size": [1, 13]},
								"east": {"uv": [13, 12], "uv_size": [2, 13]},
								"south": {"uv": [20, 0], "uv_size": [1, 13]},
								"west": {"uv": [15, 0], "uv_size": [2, 13]},
								"up": {"uv": [17, 11], "uv_size": [1, 2]},
								"down": {"uv": [17, 15], "uv_size": [1, -2]}
							}
						}
					]
				},
				{
					"name": "mag_extended_3",
					"parent": "magazine",
					"pivot": [0, 6.42941, -4.07247],
					"cubes": [
						{
							"origin": [-0.4375, -3.39136, -5.05957],
							"size": [1, 13.0625, 2],
							"uv": {
								"north": {"uv": [19, 0], "uv_size": [1, 13]},
								"east": {"uv": [13, 12], "uv_size": [2, 13]},
								"south": {"uv": [20, 0], "uv_size": [1, 13]},
								"west": {"uv": [15, 0], "uv_size": [2, 13]},
								"up": {"uv": [17, 11], "uv_size": [1, 2]},
								"down": {"uv": [17, 15], "uv_size": [1, -2]}
							}
						}
					]
				},
				{
					"name": "gun_and_righthand",
					"parent": "root",
					"pivot": [0, 0, 0]
				},
				{
					"name": "righthand",
					"parent": "gun_and_righthand",
					"pivot": [6, 19, 8]
				},
				{
					"name": "righthand_pos",
					"parent": "righthand",
					"pivot": [0, 8, 8],
					"cubes": [
						{
							"origin": [4, 8, 6],
							"size": [3, 12, 4],
							"uv": {
								"north": {"uv": [12, 0], "uv_size": [3, 12]},
								"east": {"uv": [0, 0], "uv_size": [4, 12]},
								"south": {"uv": [4, 12], "uv_size": [3, 12]},
								"west": {"uv": [4, 0], "uv_size": [4, 12]},
								"up": {"uv": [24, 4], "uv_size": [3, 4]},
								"down": {"uv": [6, 28], "uv_size": [3, -4]}
							}
						}
					]
				},
				{
					"name": "luty",
					"parent": "gun_and_righthand",
					"pivot": [0, 6.66864, 10.93081]
				},
				{
					"name": "additional_magazine",
					"parent": "luty",
					"pivot": [9.99994, 4.81808, -6.12699]
				},
				{
					"name": "magazine2",
					"parent": "additional_magazine",
					"pivot": [-11, 0, -5.5]
				},
				{
					"name": "bullet_in_mag2",
					"parent": "magazine2",
					"pivot": [0, 10.33689, -4.43436],
					"rotation": [90, 0, 45]
				},
				{
					"name": "mag_standard2",
					"parent": "magazine2",
					"pivot": [0, 8.10864, -2.70019]
				},
				{
					"name": "mag_extended_4",
					"parent": "magazine2",
					"pivot": [0, 6.42941, -4.07247]
				},
				{
					"name": "mag_extended_5",
					"parent": "magazine2",
					"pivot": [0, 6.42941, -4.07247]
				},
				{
					"name": "mag_extended_6",
					"parent": "magazine2",
					"pivot": [0, 6.42941, -4.07247]
				},
				{
					"name": "body",
					"parent": "luty",
					"pivot": [0.06271, 10.05051, -3.90512],
					"cubes": [
						{
							"origin": [-0.81229, 8.98801, 6.82926],
							"size": [1.75, 2.4375, 4.6875],
							"uv": {
								"north": {"uv": [29, 31], "uv_size": [2, 2.5]},
								"east": {"uv": [24, 12], "uv_size": [4.5, 2.5]},
								"south": {"uv": [31, 29], "uv_size": [2, 2.5]},
								"west": {"uv": [24, 15], "uv_size": [4.5, 2.5]},
								"up": {"uv": [24, 26], "uv_size": [2, 4.5]},
								"down": {"uv": [27, 24.5], "uv_size": [2, -4.5]}
							}
						},
						{
							"origin": [-0.81229, 6.34738, 1.82926],
							"size": [1.75, 0.34375, 4.375],
							"uv": {
								"north": {"uv": [33, 38], "uv_size": [2, 0.5]},
								"east": {"uv": [37, 4], "uv_size": [4.5, 0.5]},
								"south": {"uv": [35, 38], "uv_size": [2, 0.5]},
								"west": {"uv": [37, 5], "uv_size": [4.5, 0.5]},
								"up": {"uv": [8, 28], "uv_size": [2, 4.5]},
								"down": {"uv": [10, 32.5], "uv_size": [2, -4.5]}
							}
						},
						{
							"origin": [-0.81229, 6.34738, 6.20426],
							"size": [1.75, 1.09375, 2.25],
							"inflate": -0.0001,
							"pivot": [0.06271, 6.34738, 6.20426],
							"rotation": [55, 0, 0],
							"uv": {
								"north": {"uv": [27, 37], "uv_size": [2, 1]},
								"east": {"uv": [36, 2], "uv_size": [2.5, 1]},
								"south": {"uv": [29, 37], "uv_size": [2, 1]},
								"west": {"uv": [36, 24], "uv_size": [2.5, 1]},
								"up": {"uv": [33, 6], "uv_size": [2, 2.5]},
								"down": {"uv": [8, 35.5], "uv_size": [2, -2.5]}
							}
						},
						{
							"origin": [-0.81229, 8.22238, 7.48551],
							"size": [1.75, 0.53125, 1.125],
							"inflate": -0.0001,
							"pivot": [0.06271, 8.22238, 8.61051],
							"rotation": [25, 0, 0],
							"uv": {
								"north": {"uv": [6, 41], "uv_size": [2, 0.5]},
								"east": {"uv": [42, 35], "uv_size": [1, 0.5]},
								"south": {"uv": [41, 6], "uv_size": [2, 0.5]},
								"west": {"uv": [36, 42], "uv_size": [1, 0.5]},
								"up": {"uv": [31, 37], "uv_size": [2, 1]},
								"down": {"uv": [33, 38], "uv_size": [2, -1]}
							}
						},
						{
							"origin": [-0.81229, 8.98801, 10.82926],
							"size": [1.75, 0.53125, 0.6875],
							"inflate": -0.0001,
							"pivot": [0.06271, 8.98801, 11.51676],
							"rotation": [30, 0, 0],
							"uv": {
								"north": {"uv": [41, 8], "uv_size": [2, 0.5]},
								"east": {"uv": [40, 43], "uv_size": [0.5, 0.5]},
								"south": {"uv": [41, 10], "uv_size": [2, 0.5]},
								"west": {"uv": [43, 40], "uv_size": [0.5, 0.5]},
								"up": {"uv": [11, 41], "uv_size": [2, 0.5]},
								"down": {"uv": [41, 11.5], "uv_size": [2, -0.5]}
							}
						},
						{
							"origin": [-0.81229, 8.64426, 9.23386],
							"size": [1.75, 0.53125, 1.6875],
							"inflate": -0.0002,
							"pivot": [0.06271, 8.64426, 10.92136],
							"rotation": [4.5, 0, 0],
							"uv": {
								"north": {"uv": [41, 12], "uv_size": [2, 0.5]},
								"east": {"uv": [42, 17], "uv_size": [1.5, 0.5]},
								"south": {"uv": [13, 41], "uv_size": [2, 0.5]},
								"west": {"uv": [42, 18], "uv_size": [1.5, 0.5]},
								"up": {"uv": [36, 20], "uv_size": [2, 1.5]},
								"down": {"uv": [21, 37.5], "uv_size": [2, -1.5]}
							}
						},
						{
							"origin": [-0.81229, 8.55873, 8.52032],
							"size": [1.75, 0.78125, 1.3125],
							"inflate": -0.0001,
							"pivot": [0.06271, 8.55873, 9.83282],
							"rotation": [15.5, 0, 0],
							"uv": {
								"north": {"uv": [35, 5], "uv_size": [2, 1]},
								"east": {"uv": [44, 42], "uv_size": [1.5, 1]},
								"south": {"uv": [33, 36], "uv_size": [2, 1]},
								"west": {"uv": [43, 44], "uv_size": [1.5, 1]},
								"up": {"uv": [33, 34], "uv_size": [2, 1.5]},
								"down": {"uv": [35, 4.5], "uv_size": [2, -1.5]}
							}
						},
						{
							"origin": [-0.81229, 7.43731, 6.52807],
							"size": [1.75, 0.375, 1.25],
							"pivot": [0.06271, 7.64043, 7.09057],
							"rotation": [35, 0, 0],
							"uv": {
								"north": {"uv": [41, 7], "uv_size": [2, 0.5]},
								"east": {"uv": [15, 42], "uv_size": [1.5, 0.5]},
								"south": {"uv": [8, 41], "uv_size": [2, 0.5]},
								"west": {"uv": [42, 16], "uv_size": [1.5, 0.5]},
								"up": {"uv": [13, 36], "uv_size": [2, 1.5]},
								"down": {"uv": [19, 37.5], "uv_size": [2, -1.5]}
							}
						},
						{
							"origin": [-0.81229, 6.34738, 0.70426],
							"size": [1.75, 0.28125, 1.125],
							"pivot": [0.06271, 6.34738, 1.82926],
							"rotation": [-45, 0, 0],
							"uv": {
								"north": {"uv": [5, 39], "uv_size": [2, 0.5]},
								"east": {"uv": [33, 42], "uv_size": [1, 0.5]},
								"south": {"uv": [39, 6], "uv_size": [2, 0.5]},
								"west": {"uv": [42, 33], "uv_size": [1, 0.5]},
								"up": {"uv": [17, 37], "uv_size": [2, 1]},
								"down": {"uv": [37, 19], "uv_size": [2, -1]}
							}
						},
						{
							"origin": [-0.81229, 7.14288, -0.34124],
							"size": [1.75, 1.28125, 1.9375],
							"inflate": -0.0001,
							"pivot": [0.06271, 7.14288, 1.03376],
							"rotation": [-25.5, 0, 0],
							"uv": {
								"north": {"uv": [4, 36], "uv_size": [2, 1.5]},
								"east": {"uv": [6, 36], "uv_size": [2, 1.5]},
								"south": {"uv": [8, 36], "uv_size": [2, 1.5]},
								"west": {"uv": [36, 10], "uv_size": [2, 1.5]},
								"up": {"uv": [34, 1], "uv_size": [2, 2]},
								"down": {"uv": [20, 36], "uv_size": [2, -2]}
							}
						},
						{
							"origin": [-0.81229, 7.73483, -1.95729],
							"size": [1.75, 0.54688, 1.875],
							"pivot": [0.06271, 7.73483, -0.20729],
							"rotation": [-13, 0, 0],
							"uv": {
								"north": {"uv": [7, 39], "uv_size": [2, 0.5]},
								"east": {"uv": [39, 7], "uv_size": [2, 0.5]},
								"south": {"uv": [39, 8], "uv_size": [2, 0.5]},
								"west": {"uv": [11, 39], "uv_size": [2, 0.5]},
								"up": {"uv": [34, 20], "uv_size": [2, 2]},
								"down": {"uv": [22, 36], "uv_size": [2, -2]}
							}
						},
						{
							"origin": [-0.81229, 8.22238, -2.38949],
							"size": [1.75, 0.76563, 11],
							"uv": {
								"north": {"uv": [37, 8], "uv_size": [2, 1]},
								"east": {"uv": [26, 18], "uv_size": [11, 1]},
								"south": {"uv": [15, 37], "uv_size": [2, 1]},
								"west": {"uv": [26, 19], "uv_size": [11, 1]},
								"up": {"uv": [15, 13], "uv_size": [2, 11]},
								"down": {"uv": [17, 11], "uv_size": [2, -11]}
							}
						},
						{
							"origin": [-0.81229, 8.09738, -2.38949],
							"size": [1.75, 0.14063, 0.625],
							"uv": {
								"north": {"uv": [13, 39], "uv_size": [2, 0.5]},
								"east": {"uv": [43, 28], "uv_size": [0.5, 0.5]},
								"south": {"uv": [39, 13], "uv_size": [2, 0.5]},
								"west": {"uv": [43, 29], "uv_size": [0.5, 0.5]},
								"up": {"uv": [39, 14], "uv_size": [2, 0.5]},
								"down": {"uv": [39, 15.5], "uv_size": [2, -0.5]}
							}
						},
						{
							"origin": [-0.81229, 6.69113, 1.57926],
							"size": [1.75, 1.53125, 0.64063],
							"uv": {
								"north": {"uv": [11, 35], "uv_size": [2, 1.5]},
								"east": {"uv": [13, 42], "uv_size": [0.5, 1.5]},
								"south": {"uv": [15, 35], "uv_size": [2, 1.5]},
								"west": {"uv": [14, 42], "uv_size": [0.5, 1.5]},
								"up": {"uv": [37, 38], "uv_size": [2, 0.5]},
								"down": {"uv": [39, 2.5], "uv_size": [2, -0.5]}
							}
						},
						{
							"origin": [-0.81229, 6.69113, 4.64176],
							"size": [1.75, 1.53125, 1.5625],
							"uv": {
								"north": {"uv": [17, 35], "uv_size": [2, 1.5]},
								"east": {"uv": [37, 6], "uv_size": [1.5, 1.5]},
								"south": {"uv": [27, 35], "uv_size": [2, 1.5]},
								"west": {"uv": [11, 37], "uv_size": [1.5, 1.5]},
								"up": {"uv": [31, 35], "uv_size": [2, 1.5]},
								"down": {"uv": [2, 37.5], "uv_size": [2, -1.5]}
							}
						},
						{
							"origin": [-0.81229, 8.98801, -2.92074],
							"size": [1.75, 2.4375, 2.375],
							"uv": {
								"north": {"uv": [15, 32], "uv_size": [2, 2.5]},
								"east": {"uv": [17, 30], "uv_size": [2.5, 2.5]},
								"south": {"uv": [32, 20], "uv_size": [2, 2.5]},
								"west": {"uv": [31, 0], "uv_size": [2.5, 2.5]},
								"up": {"uv": [32, 23], "uv_size": [2, 2.5]},
								"down": {"uv": [31, 34.5], "uv_size": [2, -2.5]}
							}
						},
						{
							"origin": [-0.37479, 10.98801, -0.54574],
							"size": [1.3125, 0.4375, 7.375],
							"uv": {
								"north": {"uv": [42, 23], "uv_size": [1.5, 0.5]},
								"east": {"uv": [34, 25], "uv_size": [7.5, 0.5]},
								"south": {"uv": [42, 27], "uv_size": [1.5, 0.5]},
								"west": {"uv": [35, 34], "uv_size": [7.5, 0.5]},
								"up": {"uv": [15, 24], "uv_size": [1.5, 7.5]},
								"down": {"uv": [24, 25.5], "uv_size": [1.5, -7.5]}
							}
						},
						{
							"origin": [-0.81229, 8.98801, -9.79574],
							"size": [1.75, 2.4375, 4.125],
							"uv": {
								"north": {"uv": [2, 33], "uv_size": [2, 2.5]},
								"east": {"uv": [27, 4], "uv_size": [4, 2.5]},
								"south": {"uv": [33, 3], "uv_size": [2, 2.5]},
								"west": {"uv": [27, 7], "uv_size": [4, 2.5]},
								"up": {"uv": [2, 29], "uv_size": [2, 4]},
								"down": {"uv": [4, 33], "uv_size": [2, -4]}
							}
						},
						{
							"origin": [-0.81229, 8.98801, -5.67074],
							"size": [1.75, 0.57813, 2.75],
							"uv": {
								"north": {"uv": [38, 22], "uv_size": [2, 0.5]},
								"east": {"uv": [5, 38], "uv_size": [3, 0.5]},
								"south": {"uv": [38, 23], "uv_size": [2, 0.5]},
								"west": {"uv": [38, 10], "uv_size": [3, 0.5]},
								"up": {"uv": [27, 30], "uv_size": [2, 3]},
								"down": {"uv": [31, 6], "uv_size": [2, -3]}
							}
						},
						{
							"origin": [-0.82791, 8.98801, -9.81136],
							"size": [1.78125, 0.32813, 21.34375],
							"uv": {
								"north": {"uv": [17, 15], "uv_size": [2, 0.5]},
								"east": {"uv": [44, 36], "uv_size": [21.5, 0.5]},
								"south": {"uv": [17, 16], "uv_size": [2, 0.5]},
								"west": {"uv": [44, 37], "uv_size": [21.5, 0.5]}
							}
						},
						{
							"origin": [-0.81229, 6.42551, -5.46762],
							"size": [1.75, 2.5625, 3.07813],
							"uv": {
								"north": {"uv": [4, 33], "uv_size": [2, 2.5]},
								"east": {"uv": [29, 20], "uv_size": [3, 2.5]},
								"south": {"uv": [6, 33], "uv_size": [2, 2.5]},
								"west": {"uv": [29, 23], "uv_size": [3, 2.5]},
								"up": {"uv": [25, 31], "uv_size": [2, 3]},
								"down": {"uv": [31, 29], "uv_size": [2, -3]}
							}
						},
						{
							"origin": [-0.81229, 8.98682, -9.79583],
							"size": [1.75, 0.6875, 4.39063],
							"inflate": -0.0001,
							"pivot": [0.06271, 8.98682, -9.78802],
							"rotation": [-8.75, 0, 0],
							"uv": {
								"north": {"uv": [29, 38], "uv_size": [2, 0.5]},
								"east": {"uv": [35, 36], "uv_size": [4.5, 0.5]},
								"south": {"uv": [31, 38], "uv_size": [2, 0.5]},
								"west": {"uv": [37, 3], "uv_size": [4.5, 0.5]},
								"up": {"uv": [27, 25], "uv_size": [2, 4.5]},
								"down": {"uv": [6, 32.5], "uv_size": [2, -4.5]}
							}
						},
						{
							"origin": [-0.81229, 11.09738, -5.67074],
							"size": [1.75, 0.32813, 2.75],
							"uv": {
								"north": {"uv": [38, 26], "uv_size": [2, 0.5]},
								"east": {"uv": [38, 11], "uv_size": [3, 0.5]},
								"south": {"uv": [38, 27], "uv_size": [2, 0.5]},
								"west": {"uv": [38, 12], "uv_size": [3, 0.5]},
								"up": {"uv": [31, 6], "uv_size": [2, 3]},
								"down": {"uv": [23, 34], "uv_size": [2, -3]}
							}
						},
						{
							"origin": [0.81271, 9.56613, -5.67074],
							"size": [0.125, 1.53125, 2.75],
							"uv": {
								"north": {"uv": [22, 42], "uv_size": [0.5, 1.5]},
								"east": {"uv": [17, 33], "uv_size": [3, 1.5]},
								"south": {"uv": [42, 25], "uv_size": [0.5, 1.5]},
								"west": {"uv": [33, 26], "uv_size": [3, 1.5]},
								"up": {"uv": [38, 13], "uv_size": [0.5, 3]},
								"down": {"uv": [15, 41], "uv_size": [0.5, -3]}
							}
						},
						{
							"origin": [-0.81229, 8.98801, -0.54574],
							"size": [1.75, 2, 7.375],
							"uv": {
								"north": {"uv": [10, 33], "uv_size": [2, 2]},
								"east": {"uv": [23, 0], "uv_size": [7.5, 2]},
								"south": {"uv": [27, 33], "uv_size": [2, 2]},
								"west": {"uv": [23, 2], "uv_size": [7.5, 2]},
								"up": {"uv": [17, 22], "uv_size": [2, 7.5]},
								"down": {"uv": [19, 29.5], "uv_size": [2, -7.5]}
							}
						}
					]
				},
				{
					"name": "bone3",
					"parent": "body",
					"pivot": [0.06271, 3.17765, 9.17747],
					"cubes": [
						{
							"origin": [-0.56229, 2.99479, 6.25779],
							"size": [1.25, 4.96875, 2.375],
							"pivot": [0.06271, 5.57292, 8.07029],
							"rotation": [12.5, 0, 0],
							"uv": {
								"north": {"uv": [21, 29], "uv_size": [1.5, 5]},
								"east": {"uv": [0, 24], "uv_size": [2.5, 5]},
								"south": {"uv": [29, 26], "uv_size": [1.5, 5]},
								"west": {"uv": [3, 24], "uv_size": [2.5, 5]},
								"up": {"uv": [29, 34], "uv_size": [1.5, 2.5]}
							}
						},
						{
							"origin": [-0.56229, 2.7714, 6.80247],
							"size": [1.25, 0.40625, 2.375],
							"pivot": [0.06271, 3.17765, 9.17747],
							"rotation": [3, 0, 0],
							"uv": {
								"north": {"uv": [42, 21], "uv_size": [1.5, 0.5]},
								"east": {"uv": [38, 20], "uv_size": [2.5, 0.5]},
								"south": {"uv": [42, 22], "uv_size": [1.5, 0.5]},
								"west": {"uv": [38, 21], "uv_size": [2.5, 0.5]},
								"down": {"uv": [35, 8.5], "uv_size": [1.5, -2.5]}
							}
						}
					]
				},
				{
					"name": "bone",
					"parent": "body",
					"pivot": [0.06271, 7.70676, 2.02457],
					"cubes": [
						{
							"origin": [-0.81229, 8.05456, 2.34193],
							"size": [1.75, 0.71875, 0.39063],
							"inflate": -0.0001,
							"pivot": [0.06271, 8.32019, 2.53725],
							"rotation": [-78, 0, 0],
							"uv": {
								"north": {"uv": [29, 39], "uv_size": [2, 0.5]},
								"east": {"uv": [32, 43], "uv_size": [0.5, 0.5]},
								"south": {"uv": [31, 39], "uv_size": [2, 0.5]},
								"west": {"uv": [43, 32], "uv_size": [0.5, 0.5]},
								"up": {"uv": [33, 39], "uv_size": [2, 0.5]},
								"down": {"uv": [35, 39.5], "uv_size": [2, -0.5]}
							}
						},
						{
							"origin": [-0.81229, 7.91394, 2.06068],
							"size": [1.75, 0.53125, 0.39063],
							"inflate": -0.0001,
							"pivot": [0.06271, 8.17956, 2.256],
							"rotation": [-45, 0, 0],
							"uv": {
								"north": {"uv": [19, 39], "uv_size": [2, 0.5]},
								"east": {"uv": [31, 43], "uv_size": [0.5, 0.5]},
								"south": {"uv": [39, 19], "uv_size": [2, 0.5]},
								"west": {"uv": [43, 31], "uv_size": [0.5, 0.5]},
								"up": {"uv": [21, 39], "uv_size": [2, 0.5]},
								"down": {"uv": [39, 24.5], "uv_size": [2, -0.5]}
							}
						},
						{
							"origin": [-0.81229, 7.69113, 1.82926],
							"size": [1.75, 0.53125, 0.39063],
							"inflate": -0.0001,
							"pivot": [0.06271, 7.70676, 2.02457],
							"rotation": [-17.5, 0, 0],
							"uv": {
								"north": {"uv": [39, 16], "uv_size": [2, 0.5]},
								"east": {"uv": [30, 43], "uv_size": [0.5, 0.5]},
								"south": {"uv": [17, 39], "uv_size": [2, 0.5]},
								"west": {"uv": [43, 30], "uv_size": [0.5, 0.5]},
								"up": {"uv": [39, 17], "uv_size": [2, 0.5]},
								"down": {"uv": [39, 18.5], "uv_size": [2, -0.5]}
							}
						},
						{
							"origin": [-0.81229, 6.35169, 2.37318],
							"size": [1.75, 0.53125, 0.14063],
							"inflate": -0.0001,
							"pivot": [0.06271, 6.61731, 2.3185],
							"rotation": [57.5, 0, 0],
							"uv": {
								"north": {"uv": [20, 40], "uv_size": [2, 0.5]},
								"east": {"uv": [36, 43], "uv_size": [0.5, 0.5]},
								"south": {"uv": [40, 22], "uv_size": [2, 0.5]},
								"west": {"uv": [43, 36], "uv_size": [0.5, 0.5]},
								"up": {"uv": [40, 23], "uv_size": [2, 0.5]},
								"down": {"uv": [40, 26.5], "uv_size": [2, -0.5]}
							}
						},
						{
							"origin": [-0.81229, 6.56738, 2.11884],
							"size": [1.75, 0.53125, 0.20313],
							"inflate": -0.0001,
							"pivot": [0.06271, 6.833, 2.22041],
							"rotation": [27.5, 0, 0],
							"uv": {
								"north": {"uv": [11, 40], "uv_size": [2, 0.5]},
								"east": {"uv": [35, 43], "uv_size": [0.5, 0.5]},
								"south": {"uv": [13, 40], "uv_size": [2, 0.5]},
								"west": {"uv": [43, 35], "uv_size": [0.5, 0.5]},
								"up": {"uv": [16, 40], "uv_size": [2, 0.5]},
								"down": {"uv": [18, 40.5], "uv_size": [2, -0.5]}
							}
						}
					]
				},
				{
					"name": "bone2",
					"parent": "body",
					"pivot": [0.06271, 7.70676, 4.78793],
					"cubes": [
						{
							"origin": [-0.81229, 7.99206, 4.07994],
							"size": [1.75, 1.03125, 0.39063],
							"inflate": -0.0001,
							"pivot": [0.06271, 8.25769, 4.27525],
							"rotation": [78, 0, 0],
							"uv": {
								"north": {"uv": [37, 19], "uv_size": [2, 1]},
								"east": {"uv": [34, 42], "uv_size": [0.5, 1]},
								"south": {"uv": [23, 37], "uv_size": [2, 1]},
								"west": {"uv": [35, 42], "uv_size": [0.5, 1]},
								"up": {"uv": [37, 39], "uv_size": [2, 0.5]},
								"down": {"uv": [39, 37.5], "uv_size": [2, -0.5]}
							}
						},
						{
							"origin": [-0.81229, 7.85144, 4.36119],
							"size": [1.75, 0.53125, 0.39063],
							"inflate": -0.0001,
							"pivot": [0.06271, 8.11706, 4.5565],
							"rotation": [45, 0, 0],
							"uv": {
								"north": {"uv": [39, 38], "uv_size": [2, 0.5]},
								"east": {"uv": [33, 43], "uv_size": [0.5, 0.5]},
								"south": {"uv": [39, 39], "uv_size": [2, 0.5]},
								"west": {"uv": [43, 33], "uv_size": [0.5, 0.5]},
								"up": {"uv": [0, 40], "uv_size": [2, 0.5]},
								"down": {"uv": [2, 40.5], "uv_size": [2, -0.5]}
							}
						},
						{
							"origin": [-0.81229, 7.56613, 4.59262],
							"size": [1.75, 0.65625, 0.39063],
							"inflate": -0.0001,
							"pivot": [0.06271, 7.70676, 4.78793],
							"rotation": [17.5, 0, 0],
							"uv": {
								"north": {"uv": [4, 40], "uv_size": [2, 0.5]},
								"east": {"uv": [34, 43], "uv_size": [0.5, 0.5]},
								"south": {"uv": [6, 40], "uv_size": [2, 0.5]},
								"west": {"uv": [43, 34], "uv_size": [0.5, 0.5]},
								"up": {"uv": [8, 40], "uv_size": [2, 0.5]},
								"down": {"uv": [40, 9.5], "uv_size": [2, -0.5]}
							}
						},
						{
							"origin": [-0.81229, 6.28919, 4.07994],
							"size": [1.75, 0.53125, 0.20313],
							"inflate": -0.0001,
							"pivot": [0.06271, 6.55481, 4.27525],
							"rotation": [-78, 0, 0],
							"uv": {
								"north": {"uv": [0, 41], "uv_size": [2, 0.5]},
								"east": {"uv": [39, 43], "uv_size": [0.5, 0.5]},
								"south": {"uv": [2, 41], "uv_size": [2, 0.5]},
								"west": {"uv": [43, 39], "uv_size": [0.5, 0.5]},
								"up": {"uv": [41, 2], "uv_size": [2, 0.5]},
								"down": {"uv": [4, 41.5], "uv_size": [2, -0.5]}
							}
						},
						{
							"origin": [-0.81229, 6.42981, 4.36119],
							"size": [1.75, 0.53125, 0.14063],
							"inflate": -0.0001,
							"pivot": [0.06271, 6.69544, 4.5565],
							"rotation": [-45, 0, 0],
							"uv": {
								"north": {"uv": [35, 40], "uv_size": [2, 0.5]},
								"east": {"uv": [38, 43], "uv_size": [0.5, 0.5]},
								"south": {"uv": [40, 36], "uv_size": [2, 0.5]},
								"west": {"uv": [43, 38], "uv_size": [0.5, 0.5]},
								"up": {"uv": [37, 40], "uv_size": [2, 0.5]},
								"down": {"uv": [39, 40.5], "uv_size": [2, -0.5]}
							}
						},
						{
							"origin": [-0.81229, 6.59012, 4.59262],
							"size": [1.75, 0.65625, 0.20313],
							"inflate": -0.0001,
							"pivot": [0.06271, 7.10574, 4.78793],
							"rotation": [-17.5, 0, 0],
							"uv": {
								"north": {"uv": [40, 27], "uv_size": [2, 0.5]},
								"east": {"uv": [37, 43], "uv_size": [0.5, 0.5]},
								"south": {"uv": [29, 40], "uv_size": [2, 0.5]},
								"west": {"uv": [43, 37], "uv_size": [0.5, 0.5]},
								"up": {"uv": [31, 40], "uv_size": [2, 0.5]},
								"down": {"uv": [33, 40.5], "uv_size": [2, -0.5]}
							}
						}
					]
				},
				{
					"name": "mag_release",
					"parent": "body",
					"pivot": [0.06271, 6.42551, -2.39731],
					"cubes": [
						{
							"origin": [-0.18729, 5.39426, -3.06137],
							"size": [0.5, 0.48438, 0.20313],
							"pivot": [0.06271, 6.42551, -2.39731],
							"rotation": [-2.5, 0, 0],
							"uv": {
								"north": {"uv": [44, 16], "uv_size": [0.5, 0.5]},
								"east": {"uv": [17, 44], "uv_size": [0.5, 0.5]},
								"south": {"uv": [44, 17], "uv_size": [0.5, 0.5]},
								"west": {"uv": [18, 44], "uv_size": [0.5, 0.5]},
								"up": {"uv": [44, 18], "uv_size": [0.5, 0.5]},
								"down": {"uv": [19, 44.5], "uv_size": [0.5, -0.5]}
							}
						},
						{
							"origin": [-0.31229, 4.89426, -2.85824],
							"size": [0.75, 1.03125, 0.21875],
							"pivot": [0.06271, 6.42551, -2.39731],
							"rotation": [-2.5, 0, 0],
							"uv": {
								"north": {"uv": [23, 36], "uv_size": [1, 1]},
								"east": {"uv": [43, 2], "uv_size": [0.5, 1]},
								"south": {"uv": [9, 39], "uv_size": [1, 1]},
								"west": {"uv": [3, 43], "uv_size": [0.5, 1]},
								"up": {"uv": [43, 3], "uv_size": [1, 0.5]},
								"down": {"uv": [43, 4.5], "uv_size": [1, -0.5]}
							}
						},
						{
							"origin": [-0.31229, 5.36301, -2.65512],
							"size": [0.75, 1.0625, 0.26563],
							"pivot": [0.06271, 6.42551, -2.39731],
							"rotation": [-2.5, 0, 0],
							"uv": {
								"north": {"uv": [23, 30], "uv_size": [1, 1]},
								"east": {"uv": [43, 0], "uv_size": [0.5, 1]},
								"south": {"uv": [19, 35], "uv_size": [1, 1]},
								"west": {"uv": [1, 43], "uv_size": [0.5, 1]},
								"up": {"uv": [43, 1], "uv_size": [1, 0.5]},
								"down": {"uv": [2, 43.5], "uv_size": [1, -0.5]}
							}
						}
					]
				},
				{
					"name": "bone5",
					"parent": "body",
					"pivot": [0.06271, 11.44895, -2.29574],
					"cubes": [
						{
							"origin": [-0.18729, 11.28488, -8.29574],
							"size": [0.5, 0.32813, 0.5],
							"pivot": [0.06271, 11.44895, -8.04574],
							"rotation": [0, 45, 0],
							"uv": {
								"north": {"uv": [44, 21], "uv_size": [0.5, 0.5]},
								"east": {"uv": [22, 44], "uv_size": [0.5, 0.5]},
								"south": {"uv": [44, 22], "uv_size": [0.5, 0.5]},
								"west": {"uv": [23, 44], "uv_size": [0.5, 0.5]},
								"up": {"uv": [44, 23], "uv_size": [0.5, 0.5]},
								"down": {"uv": [24, 44.5], "uv_size": [0.5, -0.5]}
							}
						},
						{
							"origin": [-0.18729, 11.28488, 10.14176],
							"size": [0.5, 0.32813, 0.5],
							"pivot": [0.06271, 11.44895, 10.39176],
							"rotation": [0, 45, 0],
							"uv": {
								"north": {"uv": [44, 27], "uv_size": [0.5, 0.5]},
								"east": {"uv": [28, 44], "uv_size": [0.5, 0.5]},
								"south": {"uv": [44, 28], "uv_size": [0.5, 0.5]},
								"west": {"uv": [29, 44], "uv_size": [0.5, 0.5]},
								"up": {"uv": [44, 29], "uv_size": [0.5, 0.5]},
								"down": {"uv": [30, 44.5], "uv_size": [0.5, -0.5]}
							}
						},
						{
							"origin": [-0.18729, 10.01926, 11.39176],
							"size": [0.5, 0.32813, 0.5],
							"pivot": [0.06271, 10.18332, 11.64176],
							"rotation": [-90, 0, -45],
							"uv": {
								"north": {"uv": [44, 30], "uv_size": [0.5, 0.5]},
								"east": {"uv": [31, 44], "uv_size": [0.5, 0.5]},
								"south": {"uv": [44, 31], "uv_size": [0.5, 0.5]},
								"west": {"uv": [32, 44], "uv_size": [0.5, 0.5]},
								"up": {"uv": [44, 32], "uv_size": [0.5, 0.5]},
								"down": {"uv": [33, 44.5], "uv_size": [0.5, -0.5]}
							}
						},
						{
							"origin": [-0.18729, 9.14426, 10.14176],
							"size": [0.5, 2.07813, 0.5],
							"pivot": [0.06271, 10.18332, 10.39176],
							"rotation": [0, -45, -90],
							"uv": {
								"north": {"uv": [18, 41], "uv_size": [0.5, 2]},
								"east": {"uv": [41, 18], "uv_size": [0.5, 2]},
								"south": {"uv": [19, 41], "uv_size": [0.5, 2]},
								"west": {"uv": [20, 41], "uv_size": [0.5, 2]},
								"up": {"uv": [44, 33], "uv_size": [0.5, 0.5]},
								"down": {"uv": [34, 44.5], "uv_size": [0.5, -0.5]}
							}
						},
						{
							"origin": [-0.18729, 9.14426, -2.54574],
							"size": [0.5, 2.07813, 0.5],
							"pivot": [0.06271, 10.18332, -2.29574],
							"rotation": [0, -45, -90],
							"uv": {
								"north": {"uv": [41, 20], "uv_size": [0.5, 2]},
								"east": {"uv": [21, 41], "uv_size": [0.5, 2]},
								"south": {"uv": [23, 41], "uv_size": [0.5, 2]},
								"west": {"uv": [24, 41], "uv_size": [0.5, 2]},
								"up": {"uv": [44, 34], "uv_size": [0.5, 0.5]},
								"down": {"uv": [35, 44.5], "uv_size": [0.5, -0.5]}
							}
						},
						{
							"origin": [-0.18729, 9.14426, -8.29574],
							"size": [0.5, 2.07813, 0.5],
							"pivot": [0.06271, 10.18332, -8.04574],
							"rotation": [0, -45, -90],
							"uv": {
								"north": {"uv": [25, 41], "uv_size": [0.5, 2]},
								"east": {"uv": [26, 41], "uv_size": [0.5, 2]},
								"south": {"uv": [27, 41], "uv_size": [0.5, 2]},
								"west": {"uv": [28, 41], "uv_size": [0.5, 2]},
								"up": {"uv": [44, 35], "uv_size": [0.5, 0.5]},
								"down": {"uv": [36, 44.5], "uv_size": [0.5, -0.5]}
							}
						},
						{
							"origin": [-0.18729, 11.28488, -2.54574],
							"size": [0.5, 0.32813, 0.5],
							"pivot": [0.06271, 11.44895, -2.29574],
							"rotation": [0, 45, 0],
							"uv": {
								"north": {"uv": [44, 24], "uv_size": [0.5, 0.5]},
								"east": {"uv": [25, 44], "uv_size": [0.5, 0.5]},
								"south": {"uv": [44, 25], "uv_size": [0.5, 0.5]},
								"west": {"uv": [26, 44], "uv_size": [0.5, 0.5]},
								"up": {"uv": [44, 26], "uv_size": [0.5, 0.5]},
								"down": {"uv": [27, 44.5], "uv_size": [0.5, -0.5]}
							}
						}
					]
				},
				{
					"name": "trigger",
					"parent": "body",
					"pivot": [0.06271, 10.05051, -3.90512],
					"cubes": [
						{
							"origin": [-0.18729, 6.55051, 3.84488],
							"size": [0.5, 1.6875, 1],
							"uv": {
								"north": {"uv": [42, 28], "uv_size": [0.5, 1.5]},
								"east": {"uv": [16, 38], "uv_size": [1, 1.5]},
								"south": {"uv": [29, 42], "uv_size": [0.5, 1.5]},
								"west": {"uv": [38, 16], "uv_size": [1, 1.5]},
								"up": {"uv": [42, 42], "uv_size": [0.5, 1]},
								"down": {"uv": [0, 44], "uv_size": [0.5, -1]}
							}
						},
						{
							"origin": [-0.18729, 7.67551, 3.89176],
							"size": [0.5, 0.6875, 0.125],
							"inflate": -0.0003,
							"pivot": [0.06271, 7.39426, 4.34488],
							"rotation": [12.5, 0, 0],
							"uv": {
								"north": {"uv": [41, 43], "uv_size": [0.5, 0.5]},
								"east": {"uv": [43, 41], "uv_size": [0.5, 0.5]},
								"south": {"uv": [42, 43], "uv_size": [0.5, 0.5]},
								"west": {"uv": [43, 42], "uv_size": [0.5, 0.5]},
								"up": {"uv": [43, 43], "uv_size": [0.5, 0.5]},
								"down": {"uv": [0, 44.5], "uv_size": [0.5, -0.5]}
							}
						},
						{
							"origin": [-0.18729, 6.38699, 3.89176],
							"size": [0.5, 0.70313, 0.125],
							"inflate": -0.0003,
							"pivot": [0.06271, 7.35574, 4.34488],
							"rotation": [-12.5, 0, 0],
							"uv": {
								"north": {"uv": [44, 0], "uv_size": [0.5, 0.5]},
								"east": {"uv": [1, 44], "uv_size": [0.5, 0.5]},
								"south": {"uv": [44, 1], "uv_size": [0.5, 0.5]},
								"west": {"uv": [2, 44], "uv_size": [0.5, 0.5]},
								"up": {"uv": [44, 2], "uv_size": [0.5, 0.5]},
								"down": {"uv": [3, 44.5], "uv_size": [0.5, -0.5]}
							}
						}
					]
				},
				{
					"name": "octagon",
					"parent": "body",
					"pivot": [0, 10.34375, -10.5],
					"rotation": [0, -90, 0],
					"cubes": [
						{
							"origin": [-8.0825, 10.12007, -11.04],
							"size": [8.8525, 0.44735, 1.08],
							"pivot": [0, 10.34375, -10.5],
							"rotation": [-45, 0, 0],
							"uv": {
								"north": {"uv": [31, 9], "uv_size": [9, 0.5]},
								"east": {"uv": [42, 36], "uv_size": [1, 0.5]},
								"south": {"uv": [33, 28], "uv_size": [9, 0.5]},
								"west": {"uv": [42, 37], "uv_size": [1, 0.5]},
								"up": {"uv": [27, 10], "uv_size": [9, 1]},
								"down": {"uv": [27, 12], "uv_size": [9, -1]}
							}
						},
						{
							"origin": [-8.0825, 10.12007, -11.04],
							"size": [8.8525, 0.44735, 1.08],
							"uv": {
								"north": {"uv": [33, 29], "uv_size": [9, 0.5]},
								"east": {"uv": [38, 42], "uv_size": [1, 0.5]},
								"south": {"uv": [33, 30], "uv_size": [9, 0.5]},
								"west": {"uv": [42, 38], "uv_size": [1, 0.5]},
								"up": {"uv": [29, 12], "uv_size": [9, 1]},
								"down": {"uv": [29, 14], "uv_size": [9, -1]}
							}
						},
						{
							"origin": [-8.0825, 9.80375, -10.72368],
							"size": [8.8525, 1.08, 0.44735],
							"pivot": [0, 10.34375, -10.5],
							"rotation": [-45, 0, 0],
							"uv": {
								"north": {"uv": [29, 14], "uv_size": [9, 1]},
								"east": {"uv": [39, 42], "uv_size": [0.5, 1]},
								"south": {"uv": [29, 15], "uv_size": [9, 1]},
								"west": {"uv": [42, 40], "uv_size": [0.5, 1]},
								"up": {"uv": [33, 31], "uv_size": [9, 0.5]},
								"down": {"uv": [33, 32.5], "uv_size": [9, -0.5]}
							}
						},
						{
							"origin": [-8.0825, 9.80375, -10.72368],
							"size": [8.8525, 1.08, 0.44735],
							"uv": {
								"north": {"uv": [29, 16], "uv_size": [9, 1]},
								"east": {"uv": [41, 42], "uv_size": [0.5, 1]},
								"south": {"uv": [29, 17], "uv_size": [9, 1]},
								"west": {"uv": [42, 41], "uv_size": [0.5, 1]},
								"up": {"uv": [33, 33], "uv_size": [9, 0.5]},
								"down": {"uv": [34, 0.5], "uv_size": [9, -0.5]}
							}
						}
					]
				},
				{
					"name": "bolt",
					"parent": "luty",
					"pivot": [-3.94937, 11.00429, 2.59974],
					"cubes": [
						{
							"origin": [-0.26187, 10.06679, -3.33776],
							"size": [0.625, 0.625, 7.1875],
							"uv": {
								"north": {"uv": [27, 43], "uv_size": [0.5, 0.5]},
								"east": {"uv": [35, 35], "uv_size": [7, 0.5]},
								"south": {"uv": [28, 43], "uv_size": [0.5, 0.5]},
								"west": {"uv": [36, 1], "uv_size": [7, 0.5]},
								"up": {"uv": [26, 34], "uv_size": [0.5, 7]},
								"down": {"uv": [10, 42], "uv_size": [0.5, -7]}
							}
						}
					]
				},
				{
					"name": "bone4",
					"parent": "bolt",
					"pivot": [-0.00586, 10.64025, 6.50599],
					"rotation": [0, 0, -45],
					"cubes": [
						{
							"origin": [-0.16211, 12.27195, 5.72474],
							"size": [0.3125, 0.0625, 0.3125],
							"uv": {
								"north": {"uv": [44, 13.44444], "uv_size": [0.5, 0.05556]},
								"east": {"uv": [14, 44.44444], "uv_size": [0.5, 0.05556]},
								"south": {"uv": [44, 14.44444], "uv_size": [0.5, 0.05556]},
								"west": {"uv": [15, 44.44444], "uv_size": [0.5, 0.05556]},
								"up": {"uv": [44, 15], "uv_size": [0.5, 0.5]},
								"down": {"uv": [16, 44.5], "uv_size": [0.5, -0.5]}
							}
						},
						{
							"origin": [-0.16211, 12.83445, 6.34974],
							"size": [0.3125, 0.44194, 0.3125],
							"pivot": [-0.00586, 12.83445, 6.66224],
							"rotation": [45, 0, 0],
							"uv": {
								"north": {"uv": [44, 4], "uv_size": [0.5, 0.5]},
								"east": {"uv": [5, 44], "uv_size": [0.5, 0.5]},
								"south": {"uv": [44, 5], "uv_size": [0.5, 0.5]},
								"west": {"uv": [6, 44], "uv_size": [0.5, 0.5]},
								"up": {"uv": [44, 6], "uv_size": [0.5, 0.5]},
								"down": {"uv": [7, 44.5], "uv_size": [0.5, -0.5]}
							}
						},
						{
							"origin": [-0.16211, 12.83445, 5.72474],
							"size": [0.3125, 0.44194, 0.3125],
							"inflate": -0.0001,
							"pivot": [-0.00586, 12.83445, 5.72474],
							"rotation": [-45, 0, 0],
							"uv": {
								"north": {"uv": [44, 10], "uv_size": [0.5, 0.5]},
								"east": {"uv": [11, 44], "uv_size": [0.5, 0.5]},
								"south": {"uv": [44, 11], "uv_size": [0.5, 0.5]},
								"west": {"uv": [12, 44], "uv_size": [0.5, 0.5]},
								"up": {"uv": [44, 12], "uv_size": [0.5, 0.5]},
								"down": {"uv": [13, 44.5], "uv_size": [0.5, -0.5]}
							}
						},
						{
							"origin": [-0.16211, 12.33445, 5.72474],
							"size": [0.3125, 0.5, 0.3125],
							"uv": {
								"north": {"uv": [44, 13], "uv_size": [0.5, 0.44444]},
								"east": {"uv": [14, 44], "uv_size": [0.5, 0.44444]},
								"south": {"uv": [44, 14], "uv_size": [0.5, 0.44444]},
								"west": {"uv": [15, 44], "uv_size": [0.5, 0.44444]},
								"up": {"uv": [44, 15], "uv_size": [0.5, 0.5]},
								"down": {"uv": [16, 44.5], "uv_size": [0.5, -0.5]}
							}
						},
						{
							"origin": [-0.16211, 12.83445, 6.03724],
							"size": [0.3125, 0.3125, 0.3125],
							"uv": {
								"north": {"uv": [44, 7], "uv_size": [0.5, 0.5]},
								"east": {"uv": [8, 44], "uv_size": [0.5, 0.5]},
								"south": {"uv": [44, 8], "uv_size": [0.5, 0.5]},
								"west": {"uv": [9, 44], "uv_size": [0.5, 0.5]},
								"up": {"uv": [44, 9], "uv_size": [0.5, 0.5]},
								"down": {"uv": [10, 44.5], "uv_size": [0.5, -0.5]}
							}
						},
						{
							"origin": [-0.16211, 10.33445, 6.34974],
							"size": [0.3125, 2.5, 0.3125],
							"uv": {
								"north": {"uv": [23, 38], "uv_size": [0.5, 2.5]},
								"east": {"uv": [24, 38], "uv_size": [0.5, 2.5]},
								"south": {"uv": [27, 38], "uv_size": [0.5, 2.5]},
								"west": {"uv": [28, 38], "uv_size": [0.5, 2.5]},
								"up": {"uv": [44, 3], "uv_size": [0.5, 0.5]},
								"down": {"uv": [4, 44.5], "uv_size": [0.5, -0.5]}
							}
						}
					]
				},
				{
					"name": "sight_illuminated",
					"parent": "luty",
					"pivot": [-0.20669, 10.92148, 0.21795]
				},
				{
					"name": "constraint",
					"parent": "luty",
					"pivot": [0.0625, 11.59, -8.03375]
				},
				{
					"name": "refit_pos",
					"parent": "luty",
					"pivot": [0, 7, -6.925]
				},
				{
					"name": "muzzle_flash",
					"parent": "refit_pos",
					"pivot": [0, 10.3625, -18.95]
				},
				{
					"name": "muzzle_pos",
					"parent": "refit_pos",
					"pivot": [0, 10.95, -24.9125]
				},
				{
					"name": "scope_pos",
					"parent": "refit_pos",
					"pivot": [0, 12.43969, -0.0875]
				},
				{
					"name": "stock_pos",
					"parent": "refit_pos",
					"pivot": [0, 10.0875, 5.0625]
				},
				{
					"name": "grip_pos",
					"parent": "refit_pos",
					"pivot": [0, 7.0125, -18.8375]
				},
				{
					"name": "shell",
					"parent": "refit_pos",
					"pivot": [0.05, 10.3125, -4.025]
				},
				{
					"name": "camera",
					"pivot": [2.75, 14.2875, 14]
				},
				{
					"name": "positioning",
					"pivot": [0, 0, -8]
				},
				{
					"name": "thirdperson_hand",
					"parent": "positioning",
					"pivot": [0, 7.925, 7.65]
				},
				{
					"name": "ground",
					"parent": "positioning",
					"pivot": [0, -0.9, 2.65]
				},
				{
					"name": "fixed",
					"parent": "positioning",
					"pivot": [1.05, 10.675, 3.45],
					"rotation": [0, 90, 0]
				},
				{
					"name": "view",
					"pivot": [0, 0, 0]
				},
				{
					"name": "idle_view",
					"parent": "view",
					"pivot": [2.75, 14.2875, 14]
				},
				{
					"name": "iron_view",
					"parent": "view",
					"pivot": [0.0625, 12.05, 14.25]
				},
				{
					"name": "refit_view",
					"parent": "view",
					"pivot": [23, 10.2, 1.15],
					"rotation": [0, 90, 0]
				},
				{
					"name": "refit_muzzle_view",
					"parent": "view",
					"pivot": [8, 9, -26],
					"rotation": [0, 120, 0]
				},
				{
					"name": "refit_stock_view",
					"parent": "view",
					"pivot": [10, 9, 14],
					"rotation": [0, 90, 0]
				},
				{
					"name": "refit_scope_view",
					"parent": "view",
					"pivot": [7, 14.125, 8.3],
					"rotation": [0, 50, 0]
				},
				{
					"name": "refit_extended_mag_view",
					"parent": "view",
					"pivot": [9, -2, -1],
					"rotation": [0, 90, 35]
				},
				{
					"name": "refit_laser_view",
					"parent": "view",
					"pivot": [7, 10, -12],
					"rotation": [0, 70, 0]
				},
				{
					"name": "refit_grip_view",
					"parent": "view",
					"pivot": [6.8, 5.4, -13],
					"rotation": [0, 90, 0]
				}
			]
		}
	]
}