{
	"format_version": "1.12.0",
	"minecraft:geometry": [
		{
			"description": {
				"identifier": "geometry.buttstock_si_vipercqb",
				"texture_width": 32,
				"texture_height": 32,
				"visible_bounds_width": 3,
				"visible_bounds_height": 3,
				"visible_bounds_offset": [0, 0.5, 0]
			},
			"bones": [
				{
					"name": "StrikeIndus_ViperCQB",
					"pivot": [0, 0, -1.1]
				},
				{
					"name": "main",
					"parent": "StrikeIndus_ViperCQB",
					"pivot": [0.0607, 0.65, 4.325],
					"cubes": [
						{
							"origin": [-0.50035, -1.31056, -1],
							"size": [1.00069, 0.83556, 2.15],
							"uv": {
								"north": {"uv": [2, 11], "uv_size": [1, 1]},
								"down": {"uv": [2, 10], "uv_size": [1, -2]}
							}
						},
						{
							"origin": [-0.125, -2.33156, 5.39155],
							"size": [0.25, 1.0375, 1],
							"uv": {
								"north": {"uv": [1, 14], "uv_size": [0.5, 1]},
								"east": {"uv": [13, 0], "uv_size": [1, 1]},
								"west": {"uv": [1, 13], "uv_size": [1, 1]}
							}
						},
						{
							"origin": [-0.125, -3.95506, 5.9736],
							"size": [0.25, 1.6625, 0.6],
							"pivot": [0.125, -2.33156, 5.96655],
							"rotation": [-27.5, 0, 0],
							"uv": {
								"east": {"uv": [4, 17], "uv_size": [0.5, 1.5]},
								"west": {"uv": [5, 17], "uv_size": [0.5, 1.5]}
							}
						},
						{
							"origin": [-0.4318, -3.96994, 4.66965],
							"size": [0.8636, 0.25, 0.125],
							"uv": {
								"north": {"uv": [18, 17], "uv_size": [1, 0.5]},
								"east": {"uv": [21, 7], "uv_size": [0.5, 0.5]},
								"south": {"uv": [18, 18], "uv_size": [1, 0.5]},
								"west": {"uv": [8, 21], "uv_size": [0.5, 0.5]}
							}
						},
						{
							"origin": [-0.4318, -3.23694, 5.61908],
							"size": [0.8636, 0.4625, 0.125],
							"pivot": [0.4318, -2.77444, 5.74408],
							"rotation": [45, 0, 0],
							"uv": {
								"north": {"uv": [0, 19], "uv_size": [1, 0.5]},
								"east": {"uv": [21, 8], "uv_size": [0.5, 0.5]},
								"south": {"uv": [19, 0], "uv_size": [1, 0.5]},
								"west": {"uv": [9, 21], "uv_size": [0.5, 0.5]}
							}
						},
						{
							"origin": [-0.4318, -3.93319, 5.51836],
							"size": [0.8636, 2.06584, 0.125],
							"pivot": [-0.1125, -2.09235, 5.52975],
							"rotation": [-27.5, 0, 0],
							"uv": {
								"north": {"uv": [7, 10], "uv_size": [1, 2]},
								"east": {"uv": [2, 13], "uv_size": [0.5, 2]},
								"south": {"uv": [10, 7], "uv_size": [1, 2]},
								"west": {"uv": [3, 13], "uv_size": [0.5, 2]}
							}
						},
						{
							"origin": [-0.4318, -4.33163, 5.86814],
							"size": [0.8636, 1.73087, 0.125],
							"pivot": [-0.1125, -2.26913, 5.8833],
							"rotation": [-27.5, 0, 0],
							"uv": {
								"north": {"uv": [12, 12], "uv_size": [1, 1.5]},
								"east": {"uv": [2, 17], "uv_size": [0.5, 1.5]},
								"south": {"uv": [0, 13], "uv_size": [1, 1.5]},
								"west": {"uv": [3, 17], "uv_size": [0.5, 1.5]}
							}
						},
						{
							"origin": [-0.4318, -2.60076, 5.86814],
							"size": [0.8636, 0.41913, 0.125],
							"pivot": [-0.1125, -2.26913, 5.8833],
							"rotation": [-27.5, 0, 0],
							"uv": {
								"north": {"uv": [19, 1], "uv_size": [1, 0.5]},
								"east": {"uv": [21, 10], "uv_size": [0.5, 0.5]},
								"south": {"uv": [2, 19], "uv_size": [1, 0.5]},
								"west": {"uv": [11, 21], "uv_size": [0.5, 0.5]}
							}
						},
						{
							"origin": [-0.4318, -2.43036, 5.61581],
							"size": [0.8636, 0.3875, 0.26645],
							"pivot": [-0.1125, -2.21141, 5.77242],
							"rotation": [-27.5, 0, 0],
							"uv": {
								"east": {"uv": [21, 6], "uv_size": [0.5, 0.5]},
								"west": {"uv": [7, 21], "uv_size": [0.5, 0.5]},
								"down": {"uv": [17, 18.5], "uv_size": [1, -0.5]}
							}
						},
						{
							"origin": [-0.43179, -3.04889, 5.54022],
							"size": [0.8636, 1.825, 0.1],
							"pivot": [-0.11249, -1.79889, 5.59415],
							"rotation": [45, 0, 0],
							"uv": {
								"north": {"uv": [8, 10], "uv_size": [1, 2]}
							}
						},
						{
							"origin": [-0.41931, -1.7, 0.3],
							"size": [0.83862, 0.2, 0.85],
							"uv": {
								"north": {"uv": [17, 5], "uv_size": [1, 0.5]},
								"east": {"uv": [17, 6], "uv_size": [1, 0.5]},
								"south": {"uv": [7, 17], "uv_size": [1, 0.5]},
								"west": {"uv": [17, 7], "uv_size": [1, 0.5]},
								"up": {"uv": [6, 13], "uv_size": [1, 1]},
								"down": {"uv": [7, 14], "uv_size": [1, -1]}
							}
						},
						{
							"origin": [-0.41931, -1.56624, 1.15],
							"size": [0.83862, 0.175, 4.125],
							"uv": {
								"north": {"uv": [8, 17], "uv_size": [1, 0.5]},
								"down": {"uv": [7, 9], "uv_size": [1, -4]}
							}
						},
						{
							"origin": [-0.46931, -1.39124, 1.15],
							"size": [0.93862, 0.1, 0.1],
							"uv": {
								"north": {"uv": [17, 8], "uv_size": [1, 0.5]}
							}
						},
						{
							"origin": [-0.65679, -1.55, 3.1],
							"size": [1.3136, 0.39513, 0.35],
							"uv": {
								"east": {"uv": [19, 2], "uv_size": [0.5, 0.5]},
								"west": {"uv": [3, 19], "uv_size": [0.5, 0.5]},
								"down": {"uv": [2, 16.5], "uv_size": [1.5, -0.5]}
							}
						},
						{
							"origin": [-0.65679, -1.36839, 3.00811],
							"size": [1.3136, 0.56224, 0.44189],
							"pivot": [0.00001, -1.35244, 3.275],
							"rotation": [45, 0, 0],
							"uv": {
								"north": {"uv": [16, 2], "uv_size": [1.5, 0.5]},
								"east": {"uv": [19, 3], "uv_size": [0.5, 0.5]},
								"west": {"uv": [4, 19], "uv_size": [0.5, 0.5]}
							}
						},
						{
							"origin": [-0.65679, -1.36595, 3.09756],
							"size": [1.3136, 0.56224, 0.44189],
							"pivot": [0.00001, -1.35, 3.27256],
							"rotation": [-45, 0, 0],
							"uv": {
								"east": {"uv": [19, 4], "uv_size": [0.5, 0.5]},
								"south": {"uv": [16, 3], "uv_size": [1.5, 0.5]},
								"west": {"uv": [5, 19], "uv_size": [0.5, 0.5]}
							}
						},
						{
							"origin": [-0.4318, -4.74975, 4.80227],
							"size": [0.8636, 0.125, 0.375],
							"pivot": [0.8357, -4.19975, 5.67727],
							"rotation": [-45, 0, 0],
							"uv": {
								"east": {"uv": [21, 5], "uv_size": [0.5, 0.5]},
								"west": {"uv": [6, 21], "uv_size": [0.5, 0.5]},
								"up": {"uv": [16, 18], "uv_size": [1, 0.5]},
								"down": {"uv": [18, 16.5], "uv_size": [1, -0.5]}
							}
						},
						{
							"origin": [-0.4318, -4.14672, 4.9232],
							"size": [0.8636, 0.45, 0.15],
							"pivot": [0.4318, -4.14672, 5.0232],
							"rotation": [-40, 0, 0],
							"uv": {
								"east": {"uv": [21, 9], "uv_size": [0.5, 0.5]},
								"west": {"uv": [10, 21], "uv_size": [0.5, 0.5]},
								"up": {"uv": [1, 19], "uv_size": [1, 0.5]}
							}
						},
						{
							"origin": [-0.65681, -1.15487, 5.425],
							"size": [1.31362, 0.15, 1.5],
							"pivot": [0.65681, -1.15487, 5.425],
							"rotation": [-45, 0, 0],
							"uv": {
								"east": {"uv": [4, 16], "uv_size": [1.5, 0.5]},
								"west": {"uv": [16, 4], "uv_size": [1.5, 0.5]},
								"up": {"uv": [3, 10], "uv_size": [1.5, 1.5]},
								"down": {"uv": [5, 11.5], "uv_size": [1.5, -1.5]}
							}
						},
						{
							"origin": [-0.65681, -1.30487, 5.6375],
							"size": [1.31362, 0.15, 0.95],
							"uv": {
								"east": {"uv": [15, 18], "uv_size": [1, 0.5]},
								"west": {"uv": [18, 15], "uv_size": [1, 0.5]},
								"down": {"uv": [10, 13], "uv_size": [1.5, -1]}
							}
						},
						{
							"origin": [-0.5375, 0.025, -1],
							"size": [1.075, 0.80107, 8.1],
							"uv": {
								"north": {"uv": [8, 13], "uv_size": [1, 1]},
								"south": {"uv": [9, 13], "uv_size": [1, 1]},
								"up": {"uv": [2, 0], "uv_size": [1, 8]}
							}
						},
						{
							"origin": [-1, 0.025, -1],
							"size": [0.40054, 0.925, 8.1],
							"pivot": [-1, 0.025, -1],
							"rotation": [0, 0, 30],
							"uv": {
								"north": {"uv": [10, 17], "uv_size": [0.5, 1]},
								"east": {"uv": [3, 0], "uv_size": [8, 1]},
								"south": {"uv": [17, 10], "uv_size": [0.5, 1]}
							}
						},
						{
							"origin": [0.59946, 0.025, -1],
							"size": [0.40054, 0.925, 8.1],
							"pivot": [1, 0.025, -1],
							"rotation": [0, 0, -30],
							"uv": {
								"north": {"uv": [11, 17], "uv_size": [0.5, 1]},
								"south": {"uv": [17, 11], "uv_size": [0.5, 1]},
								"west": {"uv": [3, 1], "uv_size": [8, 1]}
							}
						},
						{
							"origin": [-1, -0.225, -1],
							"size": [2, 0.25, 8.1],
							"uv": {
								"north": {"uv": [10, 13], "uv_size": [2, 0.5]},
								"east": {"uv": [8, 5], "uv_size": [8, 0.5]},
								"south": {"uv": [13, 11], "uv_size": [2, 0.5]},
								"west": {"uv": [8, 6], "uv_size": [8, 0.5]},
								"down": {"uv": [0, 8], "uv_size": [2, -8]}
							}
						},
						{
							"origin": [-1, -0.475, -1],
							"size": [2, 0.25, 0.5],
							"uv": {
								"north": {"uv": [13, 12], "uv_size": [2, 0.5]},
								"east": {"uv": [19, 5], "uv_size": [0.5, 0.5]},
								"west": {"uv": [6, 19], "uv_size": [0.5, 0.5]},
								"down": {"uv": [13, 13.5], "uv_size": [2, -0.5]}
							}
						},
						{
							"origin": [-1, 0.51725, 0.12773],
							"size": [2, 0.35355, 0.17678],
							"pivot": [0, 0.99225, -1.2955],
							"rotation": [-45, 0, 0],
							"uv": {
								"east": {"uv": [19, 6], "uv_size": [0.5, 0.5]},
								"south": {"uv": [14, 0], "uv_size": [2, 0.5]},
								"west": {"uv": [7, 19], "uv_size": [0.5, 0.5]}
							}
						},
						{
							"origin": [-1, -0.725, 1.075],
							"size": [2, 0.19445, 0.75],
							"pivot": [1.0607, -0.725, 1.825],
							"rotation": [-45, 0, 0],
							"uv": {
								"east": {"uv": [12, 17], "uv_size": [1, 0.5]},
								"west": {"uv": [17, 12], "uv_size": [1, 0.5]},
								"up": {"uv": [9, 10], "uv_size": [2, 1]},
								"down": {"uv": [10, 10], "uv_size": [2, -1]}
							}
						},
						{
							"origin": [-1, -0.475, 1.6],
							"size": [2, 0.25, 0.25],
							"uv": {
								"east": {"uv": [19, 7], "uv_size": [0.5, 0.5]},
								"south": {"uv": [14, 2], "uv_size": [2, 0.5]},
								"west": {"uv": [8, 19], "uv_size": [0.5, 0.5]}
							}
						},
						{
							"origin": [-1, -0.325, 1.85],
							"size": [2, 0.1, 3.35],
							"uv": {
								"east": {"uv": [11, 8], "uv_size": [3.5, 0.5]},
								"west": {"uv": [9, 11], "uv_size": [3.5, 0.5]},
								"down": {"uv": [3, 5.5], "uv_size": [2, -3.5]}
							}
						},
						{
							"origin": [-1, -0.725, 1.825],
							"size": [2, 0.15, 3.4],
							"uv": {
								"east": {"uv": [11, 10], "uv_size": [3.5, 0.5]},
								"west": {"uv": [0, 12], "uv_size": [3.5, 0.5]},
								"up": {"uv": [5, 2], "uv_size": [2, 3.5]},
								"down": {"uv": [3, 9.5], "uv_size": [2, -3.5]}
							}
						},
						{
							"origin": [-1, -0.55, 3.245],
							"size": [2, 0.2, 0.56],
							"pivot": [0.5607, -0.45, 3.525],
							"rotation": [-45, 0, 0],
							"uv": {
								"east": {"uv": [19, 8], "uv_size": [0.5, 0.5]},
								"west": {"uv": [9, 19], "uv_size": [0.5, 0.5]},
								"up": {"uv": [14, 3], "uv_size": [2, 0.5]},
								"down": {"uv": [14, 4.5], "uv_size": [2, -0.5]}
							}
						},
						{
							"origin": [-1, -0.55, 3.245],
							"size": [2, 0.2, 0.56],
							"pivot": [0.5607, -0.45, 3.525],
							"rotation": [45, 0, 0],
							"uv": {
								"east": {"uv": [19, 9], "uv_size": [0.5, 0.5]},
								"west": {"uv": [10, 19], "uv_size": [0.5, 0.5]},
								"up": {"uv": [6, 14], "uv_size": [2, 0.5]},
								"down": {"uv": [8, 14.5], "uv_size": [2, -0.5]}
							}
						},
						{
							"origin": [-1, -0.575, 3.35],
							"size": [2, 0.25, 0.35],
							"uv": {
								"north": {"uv": [14, 9], "uv_size": [2, 0.5]},
								"east": {"uv": [19, 10], "uv_size": [0.5, 0.5]},
								"south": {"uv": [10, 14], "uv_size": [2, 0.5]},
								"west": {"uv": [11, 19], "uv_size": [0.5, 0.5]}
							}
						},
						{
							"origin": [-1, -0.475, 5.2],
							"size": [2, 0.25, 0.25],
							"uv": {
								"north": {"uv": [12, 14], "uv_size": [2, 0.5]},
								"east": {"uv": [19, 11], "uv_size": [0.5, 0.5]},
								"west": {"uv": [12, 19], "uv_size": [0.5, 0.5]}
							}
						},
						{
							"origin": [-1, -0.5875, 4.3375],
							"size": [2, 0.19445, 0.75],
							"pivot": [1.0607, -0.5875, 5.0875],
							"rotation": [-135, 0, 0],
							"uv": {
								"east": {"uv": [13, 17], "uv_size": [1, 0.5]},
								"west": {"uv": [17, 13], "uv_size": [1, 0.5]},
								"up": {"uv": [0, 11], "uv_size": [2, 1]},
								"down": {"uv": [11, 1], "uv_size": [2, -1]}
							}
						},
						{
							"origin": [-1.0001, -2.99261, 6.5999],
							"size": [2.0001, 2.8001, 0.44193],
							"inflate": -0.0001,
							"pivot": [0.5607, -0.875, 6.7],
							"rotation": [-5, 0, 0],
							"uv": {
								"north": {"uv": [5, 6], "uv_size": [2, 3]},
								"east": {"uv": [4, 12], "uv_size": [0.5, 3]},
								"south": {"uv": [7, 2], "uv_size": [2, 3]},
								"west": {"uv": [5, 12], "uv_size": [0.5, 3]}
							}
						},
						{
							"origin": [-0.6568, -2.0305, 6.425],
							"size": [1.3136, 0.7155, 0.175],
							"pivot": [0.5607, -0.875, 6.7],
							"rotation": [-5, 0, 0],
							"uv": {
								"north": {"uv": [17, 1], "uv_size": [1.5, 0.5]},
								"east": {"uv": [21, 4], "uv_size": [0.5, 0.5]},
								"west": {"uv": [5, 21], "uv_size": [0.5, 0.5]}
							}
						},
						{
							"origin": [-1, -4.52171, 6.35532],
							"size": [2, 1.50566, 0.49525],
							"pivot": [1, -3.02171, 6.85532],
							"rotation": [-45, 0, 0],
							"uv": {
								"north": {"uv": [0, 8], "uv_size": [2, 1.5]},
								"east": {"uv": [16, 5], "uv_size": [0.5, 1.5]},
								"south": {"uv": [8, 7], "uv_size": [2, 1.5]},
								"west": {"uv": [6, 16], "uv_size": [0.5, 1.5]}
							}
						},
						{
							"origin": [0.71221, -4.82888, 5.28503],
							"size": [0.2775, 0.775, 0.49525],
							"pivot": [1, -4.07872, 5.75299],
							"rotation": [-42.73421, 15.69986, 16.32495],
							"uv": {
								"north": {"uv": [14, 17], "uv_size": [0.5, 1]},
								"south": {"uv": [15, 17], "uv_size": [0.5, 1]},
								"west": {"uv": [16, 17], "uv_size": [0.5, 1]}
							}
						},
						{
							"origin": [-0.70348, -5.20718, 6.34569],
							"size": [1.4069, 0.72515, 0.49525],
							"pivot": [0.77369, -3.01806, 6.81365],
							"rotation": [-45, 0, 0],
							"uv": {
								"north": {"uv": [7, 16], "uv_size": [1.5, 0.5]},
								"south": {"uv": [9, 16], "uv_size": [1.5, 0.5]},
								"down": {"uv": [16, 9.5], "uv_size": [1.5, -0.5]}
							}
						},
						{
							"origin": [-0.98971, -4.82888, 5.28503],
							"size": [0.2775, 0.775, 0.49525],
							"pivot": [-1, -4.07872, 5.75299],
							"rotation": [-42.73421, -15.69986, -16.32495],
							"uv": {
								"north": {"uv": [17, 16], "uv_size": [0.5, 1]},
								"east": {"uv": [17, 17], "uv_size": [0.5, 1]},
								"south": {"uv": [0, 18], "uv_size": [0.5, 1]}
							}
						},
						{
							"origin": [-1.06, -0.5, 5.9],
							"size": [2.12, 0.25, 0.3728],
							"uv": {
								"east": {"uv": [19, 12], "uv_size": [0.5, 0.5]},
								"west": {"uv": [13, 19], "uv_size": [0.5, 0.5]},
								"up": {"uv": [14, 14], "uv_size": [2, 0.5]},
								"down": {"uv": [0, 15.5], "uv_size": [2, -0.5]}
							}
						},
						{
							"origin": [-0.56, -0.9, 5.8864],
							"size": [1.12, 0.4, 0.4],
							"uv": {
								"east": {"uv": [19, 13], "uv_size": [0.5, 0.5]},
								"west": {"uv": [14, 19], "uv_size": [0.5, 0.5]}
							}
						},
						{
							"origin": [-1.06, -0.5, 5.9],
							"size": [2.12, 0.25, 0.3728],
							"pivot": [0.5607, -0.7, 6.0864],
							"rotation": [-45, 0, 0],
							"uv": {
								"east": {"uv": [19, 14], "uv_size": [0.5, 0.5]},
								"west": {"uv": [15, 19], "uv_size": [0.5, 0.5]},
								"up": {"uv": [15, 1], "uv_size": [2, 0.5]},
								"down": {"uv": [2, 15.5], "uv_size": [2, -0.5]}
							}
						},
						{
							"origin": [-1.06, -0.5, 5.9],
							"size": [2.12, 0.25, 0.3728],
							"pivot": [0.5607, -0.7, 6.0864],
							"rotation": [-90, 0, 0],
							"uv": {
								"east": {"uv": [19, 15], "uv_size": [0.5, 0.5]},
								"west": {"uv": [16, 19], "uv_size": [0.5, 0.5]},
								"up": {"uv": [4, 15], "uv_size": [2, 0.5]},
								"down": {"uv": [6, 15.5], "uv_size": [2, -0.5]}
							}
						},
						{
							"origin": [-1.06, -0.5, 5.9],
							"size": [2.12, 0.25, 0.3728],
							"pivot": [0.5607, -0.7, 6.0864],
							"rotation": [-135, 0, 0],
							"uv": {
								"east": {"uv": [19, 16], "uv_size": [0.5, 0.5]},
								"west": {"uv": [17, 19], "uv_size": [0.5, 0.5]},
								"up": {"uv": [15, 7], "uv_size": [2, 0.5]},
								"down": {"uv": [8, 15.5], "uv_size": [2, -0.5]}
							}
						},
						{
							"origin": [-1.06, -0.5, 5.9],
							"size": [2.12, 0.25, 0.3728],
							"pivot": [0.5607, -0.7, 6.0864],
							"rotation": [-180, 0, 0],
							"uv": {
								"east": {"uv": [19, 17], "uv_size": [0.5, 0.5]},
								"west": {"uv": [18, 19], "uv_size": [0.5, 0.5]},
								"up": {"uv": [15, 8], "uv_size": [2, 0.5]},
								"down": {"uv": [10, 15.5], "uv_size": [2, -0.5]}
							}
						},
						{
							"origin": [-1.06, -0.5, 5.9],
							"size": [2.12, 0.25, 0.3728],
							"pivot": [0.5607, -0.7, 6.0864],
							"rotation": [135, 0, 0],
							"uv": {
								"east": {"uv": [19, 18], "uv_size": [0.5, 0.5]},
								"west": {"uv": [19, 19], "uv_size": [0.5, 0.5]},
								"up": {"uv": [15, 10], "uv_size": [2, 0.5]},
								"down": {"uv": [15, 11.5], "uv_size": [2, -0.5]}
							}
						},
						{
							"origin": [-1.06, -0.5, 5.9],
							"size": [2.12, 0.25, 0.3728],
							"pivot": [0.5607, -0.7, 6.0864],
							"rotation": [90, 0, 0],
							"uv": {
								"east": {"uv": [0, 20], "uv_size": [0.5, 0.5]},
								"west": {"uv": [20, 0], "uv_size": [0.5, 0.5]},
								"up": {"uv": [12, 15], "uv_size": [2, 0.5]},
								"down": {"uv": [15, 12.5], "uv_size": [2, -0.5]}
							}
						},
						{
							"origin": [-1.06, -0.5, 5.9],
							"size": [2.12, 0.25, 0.3728],
							"pivot": [0.5607, -0.7, 6.0864],
							"rotation": [45, 0, 0],
							"uv": {
								"east": {"uv": [1, 20], "uv_size": [0.5, 0.5]},
								"west": {"uv": [20, 1], "uv_size": [0.5, 0.5]},
								"up": {"uv": [15, 13], "uv_size": [2, 0.5]},
								"down": {"uv": [14, 15.5], "uv_size": [2, -0.5]}
							}
						},
						{
							"origin": [0.625, -1.4, -1],
							"size": [0.325, 1.175, 1.3],
							"pivot": [0.95, -0.225, -1],
							"rotation": [0, 0, 22.5],
							"uv": {
								"north": {"uv": [18, 0], "uv_size": [0.5, 1]},
								"west": {"uv": [6, 12], "uv_size": [1.5, 1]}
							}
						},
						{
							"origin": [0.85, -1.2, 0.3],
							"size": [0.1, 0.975, 1.525],
							"pivot": [0.95, -0.225, -1],
							"rotation": [0, 0, 17.5],
							"uv": {
								"north": {"uv": [1, 18], "uv_size": [0.5, 1]},
								"west": {"uv": [8, 12], "uv_size": [1.5, 1]}
							}
						},
						{
							"origin": [0.85, -1.2, 1.825],
							"size": [0.1, 0.475, 3.85],
							"pivot": [0.95, -0.225, -2],
							"rotation": [0, 0, 17.5],
							"uv": {
								"west": {"uv": [11, 1], "uv_size": [4, 0.5]}
							}
						},
						{
							"origin": [0.85, -0.725, 5.225],
							"size": [0.1, 0.5, 0.45],
							"pivot": [0.95, -0.225, -2],
							"rotation": [0, 0, 17.5],
							"uv": {
								"west": {"uv": [2, 20], "uv_size": [0.5, 0.5]}
							}
						},
						{
							"origin": [0.85, -0.5, 5.675],
							"size": [0.1, 0.275, 0.7],
							"pivot": [0.95, -0.225, -2],
							"rotation": [0, 0, 17.5],
							"uv": {
								"west": {"uv": [20, 2], "uv_size": [0.5, 0.5]}
							}
						},
						{
							"origin": [0.85, -1.2, 6.375],
							"size": [0.1, 0.975, 0.3],
							"pivot": [0.95, -0.225, -2],
							"rotation": [0, 0, 17.5],
							"uv": {
								"west": {"uv": [18, 2], "uv_size": [0.5, 1]}
							}
						},
						{
							"origin": [0.85, -1.2, 5.675],
							"size": [0.1, 0.25, 0.7],
							"pivot": [0.95, -0.225, -2],
							"rotation": [0, 0, 17.5],
							"uv": {
								"west": {"uv": [3, 20], "uv_size": [0.5, 0.5]}
							}
						},
						{
							"origin": [0.46931, 1.51439, 6.73636],
							"size": [0.2, 0.45, 1.825],
							"pivot": [0.66931, 1.98939, 2.31136],
							"rotation": [-40.89339, 20.70481, 22.20765],
							"uv": {
								"west": {"uv": [0, 16], "uv_size": [2, 0.5]}
							}
						},
						{
							"origin": [0.55681, -1.62987, 0.3],
							"size": [0.1, 0.475, 5.125],
							"pivot": [0.65681, -1.15487, 0.3],
							"rotation": [0, 0, 30],
							"uv": {
								"north": {"uv": [20, 3], "uv_size": [0.5, 0.5]},
								"east": {"uv": [9, 2], "uv_size": [5, 0.5]},
								"west": {"uv": [9, 3], "uv_size": [5, 0.5]}
							}
						},
						{
							"origin": [-0.66929, 1.51439, 6.73636],
							"size": [0.2, 0.45, 1.825],
							"pivot": [-0.66929, 1.98939, 2.31136],
							"rotation": [-40.89339, -20.70481, -22.20765],
							"uv": {
								"east": {"uv": [16, 0], "uv_size": [2, 0.5]}
							}
						},
						{
							"origin": [-0.65681, -1.62987, 0.3],
							"size": [0.1, 0.475, 5.125],
							"pivot": [-0.65681, -1.15487, 0.3],
							"rotation": [0, 0, -30],
							"uv": {
								"north": {"uv": [4, 20], "uv_size": [0.5, 0.5]},
								"east": {"uv": [9, 4], "uv_size": [5, 0.5]},
								"west": {"uv": [5, 9], "uv_size": [5, 0.5]}
							}
						},
						{
							"origin": [-0.95, -1.4, -1],
							"size": [0.325, 1.175, 1.3],
							"pivot": [-0.95, -0.225, -1],
							"rotation": [0, 0, -22.5],
							"uv": {
								"north": {"uv": [18, 3], "uv_size": [0.5, 1]},
								"east": {"uv": [12, 9], "uv_size": [1.5, 1]}
							}
						},
						{
							"origin": [-0.95, -1.2, 0.3],
							"size": [0.1, 0.975, 2.525],
							"pivot": [-0.95, -0.225, -1],
							"rotation": [0, 0, -17.5],
							"uv": {
								"north": {"uv": [18, 4], "uv_size": [0.5, 1]},
								"east": {"uv": [0, 10], "uv_size": [2.5, 1]}
							}
						},
						{
							"origin": [-0.95, -1.2, 1.825],
							"size": [0.1, 0.475, 3.85],
							"pivot": [-0.95, -0.225, -2],
							"rotation": [0, 0, -17.5],
							"uv": {
								"east": {"uv": [11, 7], "uv_size": [4, 0.5]}
							}
						},
						{
							"origin": [-0.95, -0.725, 5.225],
							"size": [0.1, 0.5, 0.45],
							"pivot": [-0.95, -0.225, -2],
							"rotation": [0, 0, -17.5],
							"uv": {
								"east": {"uv": [20, 4], "uv_size": [0.5, 0.5]}
							}
						},
						{
							"origin": [-0.95, -1.2, 5.675],
							"size": [0.1, 0.25, 0.7],
							"pivot": [-0.95, -0.225, -2],
							"rotation": [0, 0, -17.5],
							"uv": {
								"east": {"uv": [5, 20], "uv_size": [0.5, 0.5]}
							}
						},
						{
							"origin": [-0.95, -0.5, 5.675],
							"size": [0.1, 0.275, 0.7],
							"pivot": [-0.95, -0.225, -2],
							"rotation": [0, 0, -17.5],
							"uv": {
								"east": {"uv": [20, 5], "uv_size": [0.5, 0.5]}
							}
						},
						{
							"origin": [-0.95, -1.2, 6.375],
							"size": [0.1, 0.975, 0.3],
							"pivot": [-0.95, -0.225, -2],
							"rotation": [0, 0, -17.5],
							"uv": {
								"east": {"uv": [18, 5], "uv_size": [0.5, 1]}
							}
						}
					]
				},
				{
					"name": "adjust",
					"parent": "StrikeIndus_ViperCQB",
					"pivot": [0, -1.375, 3.275],
					"cubes": [
						{
							"origin": [-0.75, -1.5, 3.15],
							"size": [1.5, 0.25, 0.25],
							"pivot": [0, -1.375, 3.275],
							"rotation": [-45, 0, 0],
							"uv": {
								"north": {"uv": [11, 16], "uv_size": [1.5, 0.5]},
								"east": {"uv": [6, 20], "uv_size": [0.5, 0.5]},
								"south": {"uv": [13, 16], "uv_size": [1.5, 0.5]},
								"west": {"uv": [20, 6], "uv_size": [0.5, 0.5]},
								"up": {"uv": [16, 14], "uv_size": [1.5, 0.5]},
								"down": {"uv": [15, 16.5], "uv_size": [1.5, -0.5]}
							}
						},
						{
							"origin": [-0.35, -1.8, 1.175],
							"size": [0.7, 0.25, 0.425],
							"uv": {
								"north": {"uv": [7, 20], "uv_size": [0.5, 0.5]},
								"up": {"uv": [20, 7], "uv_size": [0.5, 0.5]},
								"down": {"uv": [8, 20.5], "uv_size": [0.5, -0.5]}
							}
						},
						{
							"origin": [-0.25, -1.65554, 3.23108],
							"size": [0.5, 0.475, 1.7],
							"pivot": [0.5, -1.53054, 2.75608],
							"rotation": [-10, 0, 0],
							"uv": {
								"north": {"uv": [20, 8], "uv_size": [0.5, 0.5]},
								"east": {"uv": [16, 15], "uv_size": [1.5, 0.5]},
								"south": {"uv": [9, 20], "uv_size": [0.5, 0.5]},
								"west": {"uv": [0, 17], "uv_size": [1.5, 0.5]}
							}
						},
						{
							"origin": [-0.6, -1.97608, 3.65034],
							"size": [1.2, 0.25, 0.65],
							"pivot": [0, -1.86358, 3.97534],
							"rotation": [-15, 0, 0],
							"uv": {
								"east": {"uv": [20, 9], "uv_size": [0.5, 0.5]},
								"west": {"uv": [10, 20], "uv_size": [0.5, 0.5]},
								"up": {"uv": [6, 18], "uv_size": [1, 0.5]},
								"down": {"uv": [18, 6.5], "uv_size": [1, -0.5]}
							}
						},
						{
							"origin": [-0.35, -1.8, 3.125],
							"size": [0.7, 0.25, 0.55],
							"pivot": [0.5, -1.6, 3.15],
							"rotation": [-10, 0, 0],
							"uv": {
								"east": {"uv": [20, 10], "uv_size": [0.5, 0.5]},
								"west": {"uv": [11, 20], "uv_size": [0.5, 0.5]},
								"up": {"uv": [20, 11], "uv_size": [0.5, 0.5]},
								"down": {"uv": [12, 20.5], "uv_size": [0.5, -0.5]}
							}
						},
						{
							"origin": [-0.25, -2.07697, 4.30204],
							"size": [0.5, 0.2475, 0.725],
							"pivot": [0.5, -1.87697, 4.35204],
							"rotation": [-20, 0, 0],
							"uv": {
								"south": {"uv": [20, 12], "uv_size": [0.5, 0.5]},
								"up": {"uv": [13, 20], "uv_size": [0.5, 0.5]},
								"down": {"uv": [20, 13.5], "uv_size": [0.5, -0.5]}
							}
						},
						{
							"origin": [-0.35, -1.8, 2.325],
							"size": [0.7, 0.25, 0.825],
							"uv": {
								"east": {"uv": [7, 18], "uv_size": [1, 0.5]},
								"west": {"uv": [18, 7], "uv_size": [1, 0.5]},
								"up": {"uv": [8, 18], "uv_size": [0.5, 1]},
								"down": {"uv": [18, 9], "uv_size": [0.5, -1]}
							}
						},
						{
							"origin": [-0.5, -1.8, 1.6],
							"size": [1, 0.25, 0.725],
							"uv": {
								"east": {"uv": [14, 20], "uv_size": [0.5, 0.5]},
								"west": {"uv": [20, 14], "uv_size": [0.5, 0.5]},
								"up": {"uv": [9, 18], "uv_size": [1, 0.5]},
								"down": {"uv": [18, 9.5], "uv_size": [1, -0.5]}
							}
						},
						{
							"origin": [-0.375, -1.65, 2.675],
							"size": [0.75, 0.15, 0.15],
							"pivot": [0, -1.575, 2.75],
							"rotation": [-45, 0, 0],
							"uv": {
								"north": {"uv": [10, 18], "uv_size": [1, 0.5]},
								"east": {"uv": [15, 20], "uv_size": [0.5, 0.5]},
								"south": {"uv": [18, 10], "uv_size": [1, 0.5]},
								"west": {"uv": [20, 15], "uv_size": [0.5, 0.5]},
								"up": {"uv": [11, 18], "uv_size": [1, 0.5]},
								"down": {"uv": [18, 11.5], "uv_size": [1, -0.5]}
							}
						},
						{
							"origin": [-0.075, -2.29577, 4.11793],
							"size": [0.325, 0.2475, 0.8],
							"pivot": [0.25, -2.29577, 4.91793],
							"rotation": [-22.00353, -24.09464, 9.36776],
							"uv": {
								"west": {"uv": [12, 18], "uv_size": [1, 0.5]},
								"up": {"uv": [18, 12], "uv_size": [0.5, 1]},
								"down": {"uv": [13, 19], "uv_size": [0.5, -1]}
							}
						},
						{
							"origin": [0.275, -1.88813, 2.98229],
							"size": [0.325, 0.25, 0.65],
							"pivot": [0.6, -1.88813, 3.63229],
							"rotation": [-17.19212, 28.87909, -8.49878],
							"uv": {
								"west": {"uv": [16, 20], "uv_size": [0.5, 0.5]},
								"up": {"uv": [20, 16], "uv_size": [0.5, 0.5]},
								"down": {"uv": [17, 20.5], "uv_size": [0.5, -0.5]}
							}
						},
						{
							"origin": [0.2, -1.8, 2.3],
							"size": [0.15, 0.25, 0.45],
							"pivot": [0.35, -1.8, 2.75],
							"rotation": [0, -18.75, 0],
							"uv": {
								"west": {"uv": [20, 17], "uv_size": [0.5, 0.5]},
								"up": {"uv": [18, 20], "uv_size": [0.5, 0.5]},
								"down": {"uv": [20, 18.5], "uv_size": [0.5, -0.5]}
							}
						},
						{
							"origin": [0.2, -1.8, 1.175],
							"size": [0.15, 0.25, 0.45],
							"pivot": [0.35, -1.8, 1.175],
							"rotation": [0, 18.75, 0],
							"uv": {
								"west": {"uv": [19, 20], "uv_size": [0.5, 0.5]},
								"up": {"uv": [20, 19], "uv_size": [0.5, 0.5]},
								"down": {"uv": [20, 20.5], "uv_size": [0.5, -0.5]}
							}
						},
						{
							"origin": [-0.25, -2.29577, 4.11793],
							"size": [0.325, 0.2475, 0.8],
							"pivot": [-0.25, -2.29577, 4.91793],
							"rotation": [-22.00353, 24.09464, -9.36776],
							"uv": {
								"east": {"uv": [18, 13], "uv_size": [1, 0.5]},
								"up": {"uv": [14, 18], "uv_size": [0.5, 1]},
								"down": {"uv": [18, 15], "uv_size": [0.5, -1]}
							}
						},
						{
							"origin": [-0.6, -1.88813, 2.98229],
							"size": [0.325, 0.25, 0.65],
							"pivot": [-0.6, -1.88813, 3.63229],
							"rotation": [-17.19212, -28.87909, 8.49878],
							"uv": {
								"east": {"uv": [0, 21], "uv_size": [0.5, 0.5]},
								"up": {"uv": [21, 0], "uv_size": [0.5, 0.5]},
								"down": {"uv": [1, 21.5], "uv_size": [0.5, -0.5]}
							}
						},
						{
							"origin": [-0.35, -1.8, 2.3],
							"size": [0.15, 0.25, 0.45],
							"pivot": [-0.35, -1.8, 2.75],
							"rotation": [0, 18.75, 0],
							"uv": {
								"east": {"uv": [21, 1], "uv_size": [0.5, 0.5]},
								"up": {"uv": [2, 21], "uv_size": [0.5, 0.5]},
								"down": {"uv": [21, 2.5], "uv_size": [0.5, -0.5]}
							}
						},
						{
							"origin": [-0.35, -1.8, 1.175],
							"size": [0.15, 0.25, 0.45],
							"pivot": [-0.35, -1.8, 1.175],
							"rotation": [0, -18.75, 0],
							"uv": {
								"east": {"uv": [3, 21], "uv_size": [0.5, 0.5]},
								"up": {"uv": [21, 3], "uv_size": [0.5, 0.5]},
								"down": {"uv": [4, 21.5], "uv_size": [0.5, -0.5]}
							}
						}
					]
				}
			]
		}
	]
}