{
	"format_version": "1.12.0",
	"minecraft:geometry": [
		{
			"description": {
				"identifier": "geometry.buttstock_mxm",
				"texture_width": 64,
				"texture_height": 64,
				"visible_bounds_width": 6,
				"visible_bounds_height": 4,
				"visible_bounds_offset": [0, 1, 0]
			},
			"bones": [
				{
					"name": "MaximDefense_Housing_CCSw",
					"pivot": [0, 0, 0],
					"cubes": [
						{
							"origin": [-0.3366, -0.8125, -0.8],
							"size": [0.6732, 1.625, 0.625],
							"pivot": [0, 0, -0.55],
							"rotation": [0, 0, -45],
							"uv": {
								"north": {"uv": [32, 43], "uv_size": [0.5, 1.5]},
								"south": {"uv": [33, 43], "uv_size": [0.5, 1.5]},
								"up": {"uv": [5, 53], "uv_size": [0.5, 0.5]},
								"down": {"uv": [53, 5.5], "uv_size": [0.5, -0.5]}
							}
						},
						{
							"origin": [-0.8125, -0.25, -0.175],
							"size": [1.625, 0.5, 0.125],
							"uv": {
								"east": {"uv": [52, 50], "uv_size": [0.5, 0.5]},
								"south": {"uv": [43, 9], "uv_size": [1.5, 0.5]},
								"west": {"uv": [51, 52], "uv_size": [0.5, 0.5]},
								"up": {"uv": [43, 10], "uv_size": [1.5, 0.5]},
								"down": {"uv": [11, 43.5], "uv_size": [1.5, -0.5]}
							}
						},
						{
							"origin": [-0.8125, -0.3366, -0.8],
							"size": [1.625, 0.6732, 0.625],
							"uv": {
								"north": {"uv": [21, 43], "uv_size": [1.5, 0.5]},
								"east": {"uv": [2, 53], "uv_size": [0.5, 0.5]},
								"south": {"uv": [43, 21], "uv_size": [1.5, 0.5]},
								"west": {"uv": [53, 2], "uv_size": [0.5, 0.5]}
							}
						},
						{
							"origin": [-0.25, -0.8125, -0.175],
							"size": [0.5, 1.625, 0.125],
							"pivot": [0, 0, -0.14375],
							"rotation": [0, 0, -45],
							"uv": {
								"east": {"uv": [43, 15], "uv_size": [0.5, 1.5]},
								"south": {"uv": [43, 17], "uv_size": [0.5, 1.5]},
								"west": {"uv": [18, 43], "uv_size": [0.5, 1.5]},
								"up": {"uv": [0, 53], "uv_size": [0.5, 0.5]},
								"down": {"uv": [53, 0.5], "uv_size": [0.5, -0.5]}
							}
						},
						{
							"origin": [-0.25, -0.8125, -0.175],
							"size": [0.5, 1.625, 0.125],
							"uv": {
								"east": {"uv": [19, 43], "uv_size": [0.5, 1.5]},
								"south": {"uv": [43, 19], "uv_size": [0.5, 1.5]},
								"west": {"uv": [20, 43], "uv_size": [0.5, 1.5]},
								"up": {"uv": [1, 53], "uv_size": [0.5, 0.5]},
								"down": {"uv": [53, 1.5], "uv_size": [0.5, -0.5]}
							}
						},
						{
							"origin": [-0.25, -0.8125, -0.175],
							"size": [0.5, 1.625, 0.125],
							"pivot": [0, 0, -0.14375],
							"rotation": [0, 0, 45],
							"uv": {
								"east": {"uv": [13, 43], "uv_size": [0.5, 1.5]},
								"south": {"uv": [43, 13], "uv_size": [0.5, 1.5]},
								"west": {"uv": [14, 43], "uv_size": [0.5, 1.5]},
								"up": {"uv": [52, 51], "uv_size": [0.5, 0.5]},
								"down": {"uv": [52, 52.5], "uv_size": [0.5, -0.5]}
							}
						},
						{
							"origin": [-0.3366, -0.8125, -0.8],
							"size": [0.6732, 1.625, 0.625],
							"pivot": [0, 0, -0.55],
							"rotation": [0, 0, 45],
							"uv": {
								"north": {"uv": [30, 43], "uv_size": [0.5, 1.5]},
								"south": {"uv": [43, 31], "uv_size": [0.5, 1.5]},
								"up": {"uv": [4, 53], "uv_size": [0.5, 0.5]},
								"down": {"uv": [53, 4.5], "uv_size": [0.5, -0.5]}
							}
						},
						{
							"origin": [-0.3366, -0.8125, -0.8],
							"size": [0.6732, 1.625, 0.625],
							"uv": {
								"north": {"uv": [43, 22], "uv_size": [0.5, 1.5]},
								"south": {"uv": [23, 43], "uv_size": [0.5, 1.5]},
								"up": {"uv": [3, 53], "uv_size": [0.5, 0.5]},
								"down": {"uv": [53, 3.5], "uv_size": [0.5, -0.5]}
							}
						},
						{
							"origin": [-0.6875, -0.2875, -0.2375],
							"size": [1.375, 0.575, 5],
							"uv": {
								"east": {"uv": [26, 26], "uv_size": [5, 0.5]},
								"south": {"uv": [48, 15], "uv_size": [1.5, 0.5]},
								"west": {"uv": [26, 27], "uv_size": [5, 0.5]}
							}
						},
						{
							"origin": [-0.2875, -0.6875, -0.2375],
							"size": [0.575, 1.375, 5],
							"uv": {
								"south": {"uv": [19, 48], "uv_size": [0.5, 1.5]},
								"up": {"uv": [0, 28], "uv_size": [0.5, 5]},
								"down": {"uv": [1, 33], "uv_size": [0.5, -5]}
							}
						},
						{
							"origin": [-0.3314, -0.8, -3.05],
							"size": [0.6628, 1.6, 2.25],
							"uv": {
								"north": {"uv": [37, 48], "uv_size": [0.5, 1.5]},
								"south": {"uv": [38, 48], "uv_size": [0.5, 1.5]},
								"up": {"uv": [15, 39], "uv_size": [0.5, 2.5]},
								"down": {"uv": [16, 41.5], "uv_size": [0.5, -2.5]}
							}
						},
						{
							"origin": [-0.3314, -0.8, -3.05],
							"size": [0.6628, 1.6, 2.25],
							"pivot": [0, 0, -0.2375],
							"rotation": [0, 0, 45],
							"uv": {
								"north": {"uv": [39, 48], "uv_size": [0.5, 1.5]},
								"south": {"uv": [48, 39], "uv_size": [0.5, 1.5]},
								"up": {"uv": [17, 39], "uv_size": [0.5, 2.5]},
								"down": {"uv": [39, 19.5], "uv_size": [0.5, -2.5]}
							}
						},
						{
							"origin": [-0.3314, -0.8, -3.05],
							"size": [0.6628, 1.6, 2.25],
							"pivot": [0, 0, -0.2375],
							"rotation": [0, 0, -45],
							"uv": {
								"north": {"uv": [41, 48], "uv_size": [0.5, 1.5]},
								"south": {"uv": [48, 41], "uv_size": [0.5, 1.5]},
								"up": {"uv": [18, 39], "uv_size": [0.5, 2.5]},
								"down": {"uv": [20, 41.5], "uv_size": [0.5, -2.5]}
							}
						},
						{
							"origin": [-0.3314, -0.8, -3.05],
							"size": [0.6628, 1.6, 2.25],
							"pivot": [0, 0, -0.2375],
							"rotation": [0, 0, 90],
							"uv": {
								"north": {"uv": [42, 48], "uv_size": [0.5, 1.5]},
								"south": {"uv": [43, 48], "uv_size": [0.5, 1.5]},
								"up": {"uv": [39, 20], "uv_size": [0.5, 2.5]},
								"down": {"uv": [21, 41.5], "uv_size": [0.5, -2.5]}
							}
						},
						{
							"origin": [-0.28284, -0.68943, -0.2375],
							"size": [0.56569, 1.37886, 5],
							"pivot": [0, 0, 1.825],
							"rotation": [0, 0, 45],
							"uv": {
								"south": {"uv": [48, 47], "uv_size": [0.5, 1.5]},
								"up": {"uv": [2, 28], "uv_size": [0.5, 5]},
								"down": {"uv": [3, 33], "uv_size": [0.5, -5]}
							}
						},
						{
							"origin": [-0.28284, -0.68943, -0.2375],
							"size": [0.56569, 1.37886, 5],
							"pivot": [0, 0, 1.825],
							"rotation": [0, 0, -45],
							"uv": {
								"south": {"uv": [0, 49], "uv_size": [0.5, 1.5]},
								"up": {"uv": [4, 28], "uv_size": [0.5, 5]},
								"down": {"uv": [5, 33], "uv_size": [0.5, -5]}
							}
						},
						{
							"origin": [-0.55, -1.4, -0.85],
							"size": [1.1, 0.2875, 0.625],
							"uv": {
								"north": {"uv": [52, 29], "uv_size": [1, 0.5]},
								"east": {"uv": [59, 46], "uv_size": [0.5, 0.5]},
								"south": {"uv": [30, 52], "uv_size": [1, 0.5]},
								"west": {"uv": [47, 59], "uv_size": [0.5, 0.5]},
								"down": {"uv": [52, 30.5], "uv_size": [1, -0.5]}
							}
						},
						{
							"origin": [-0.87201, -1.1125, -1.175],
							"size": [1.74402, 0.5625, 0.95],
							"uv": {
								"south": {"uv": [1, 49], "uv_size": [1.5, 0.5]},
								"up": {"uv": [36, 26], "uv_size": [1.5, 1]},
								"down": {"uv": [36, 28], "uv_size": [1.5, -1]}
							}
						},
						{
							"origin": [-1.17626, -1.39935, -3.05],
							"size": [0.2, 0.46191, 0.5],
							"pivot": [0, 0, -0.2375],
							"rotation": [0, 0, -30],
							"uv": {
								"north": {"uv": [59, 47], "uv_size": [0.5, 0.5]},
								"east": {"uv": [48, 59], "uv_size": [0.5, 0.5]},
								"south": {"uv": [59, 48], "uv_size": [0.5, 0.5]}
							}
						},
						{
							"origin": [0.97626, -1.39935, -3.05],
							"size": [0.2, 0.46191, 0.5],
							"pivot": [0, 0, -0.2375],
							"rotation": [0, 0, 30],
							"uv": {
								"north": {"uv": [49, 59], "uv_size": [0.5, 0.5]},
								"south": {"uv": [59, 49], "uv_size": [0.5, 0.5]},
								"west": {"uv": [50, 59], "uv_size": [0.5, 0.5]}
							}
						},
						{
							"origin": [-0.319, -1.8, -3.05],
							"size": [0.638, 0.4, 0.5],
							"uv": {
								"north": {"uv": [59, 50], "uv_size": [0.5, 0.5]},
								"down": {"uv": [51, 59.5], "uv_size": [0.5, -0.5]}
							}
						},
						{
							"origin": [-0.319, 0.36239, -3.14547],
							"size": [0.638, 0.28284, 0.56569],
							"pivot": [0, 0, -0.2375],
							"rotation": [45, 0, 0],
							"uv": {
								"east": {"uv": [59, 51], "uv_size": [0.5, 0.5]},
								"west": {"uv": [52, 59], "uv_size": [0.5, 0.5]},
								"down": {"uv": [59, 52.5], "uv_size": [0.5, -0.5]}
							}
						},
						{
							"origin": [-0.55, -1.4, -3.05],
							"size": [1.1, 0.85, 1.875],
							"uv": {
								"north": {"uv": [22, 42], "uv_size": [1, 1]},
								"east": {"uv": [31, 28], "uv_size": [2, 1]},
								"south": {"uv": [23, 42], "uv_size": [1, 1]},
								"west": {"uv": [31, 30], "uv_size": [2, 1]},
								"down": {"uv": [28, 33], "uv_size": [1, -2]}
							}
						},
						{
							"origin": [-0.45, -1.4, -1.175],
							"size": [1, 0.2875, 0.1625],
							"uv": {
								"north": {"uv": [31, 52], "uv_size": [1, 0.5]},
								"east": {"uv": [53, 59], "uv_size": [0.5, 0.5]},
								"south": {"uv": [52, 31], "uv_size": [1, 0.5]},
								"west": {"uv": [59, 53], "uv_size": [0.5, 0.5]},
								"up": {"uv": [32, 52], "uv_size": [1, 0.5]},
								"down": {"uv": [52, 32.5], "uv_size": [1, -0.5]}
							}
						},
						{
							"origin": [0.425, -2.025, -1.175],
							"size": [0.125, 0.625, 0.1625],
							"uv": {
								"north": {"uv": [54, 59], "uv_size": [0.5, 0.5]},
								"east": {"uv": [59, 54], "uv_size": [0.5, 0.5]},
								"south": {"uv": [55, 59], "uv_size": [0.5, 0.5]},
								"west": {"uv": [59, 55], "uv_size": [0.5, 0.5]},
								"down": {"uv": [56, 59.5], "uv_size": [0.5, -0.5]}
							}
						},
						{
							"origin": [0.55, -2.025, -1.6],
							"size": [0.125, 0.5, 0.75],
							"uv": {
								"north": {"uv": [59, 56], "uv_size": [0.5, 0.5]},
								"east": {"uv": [33, 52], "uv_size": [1, 0.5]},
								"south": {"uv": [57, 59], "uv_size": [0.5, 0.5]},
								"west": {"uv": [52, 33], "uv_size": [1, 0.5]},
								"up": {"uv": [34, 52], "uv_size": [0.5, 1]},
								"down": {"uv": [52, 35], "uv_size": [0.5, -1]}
							}
						},
						{
							"origin": [-0.55, -1.4, -1.0125],
							"size": [1, 0.2875, 0.1625],
							"uv": {
								"north": {"uv": [35, 52], "uv_size": [1, 0.5]},
								"east": {"uv": [59, 57], "uv_size": [0.5, 0.5]},
								"south": {"uv": [52, 35], "uv_size": [1, 0.5]},
								"west": {"uv": [58, 59], "uv_size": [0.5, 0.5]},
								"up": {"uv": [36, 52], "uv_size": [1, 0.5]},
								"down": {"uv": [52, 36.5], "uv_size": [1, -0.5]}
							}
						},
						{
							"origin": [-0.55, -1.75, -0.9875],
							"size": [0.125, 0.35, 0.125],
							"uv": {
								"north": {"uv": [59, 58], "uv_size": [0.5, 0.5]},
								"east": {"uv": [59, 59], "uv_size": [0.5, 0.5]},
								"south": {"uv": [0, 60], "uv_size": [0.5, 0.5]},
								"west": {"uv": [60, 0], "uv_size": [0.5, 0.5]},
								"down": {"uv": [1, 60.5], "uv_size": [0.5, -0.5]}
							}
						},
						{
							"origin": [-0.44893, -1.39946, -0.85],
							"size": [0.625, 0.16101, 0.625],
							"pivot": [0, 0, -0.2375],
							"rotation": [0, 0, 30],
							"uv": {
								"north": {"uv": [60, 1], "uv_size": [0.5, 0.5]},
								"south": {"uv": [2, 60], "uv_size": [0.5, 0.5]},
								"down": {"uv": [60, 2.5], "uv_size": [0.5, -0.5]}
							}
						},
						{
							"origin": [-0.44893, -1.39946, -1.175],
							"size": [0.25, 0.26926, 0.325],
							"pivot": [0, 0, -0.2375],
							"rotation": [0, 0, 30],
							"uv": {
								"down": {"uv": [3, 60.5], "uv_size": [0.5, -0.5]}
							}
						},
						{
							"origin": [-0.44893, -1.39946, -2.675],
							"size": [0.625, 0.26926, 1.5],
							"pivot": [0, 0, -0.2375],
							"rotation": [0, 0, 30],
							"uv": {
								"south": {"uv": [60, 3], "uv_size": [0.5, 0.5]},
								"down": {"uv": [49, 2.5], "uv_size": [0.5, -1.5]}
							}
						},
						{
							"origin": [-1.08851, -0.9875, -2.675],
							"size": [0.2165, 0.37504, 2.45],
							"uv": {
								"north": {"uv": [4, 60], "uv_size": [0.5, 0.5]},
								"east": {"uv": [39, 8], "uv_size": [2.5, 0.5]},
								"south": {"uv": [60, 4], "uv_size": [0.5, 0.5]}
							}
						},
						{
							"origin": [-0.17607, -1.39946, -0.85],
							"size": [0.625, 0.16101, 0.625],
							"pivot": [0, 0, -0.2375],
							"rotation": [0, 0, -30],
							"uv": {
								"north": {"uv": [5, 60], "uv_size": [0.5, 0.5]},
								"south": {"uv": [60, 5], "uv_size": [0.5, 0.5]},
								"down": {"uv": [6, 60.5], "uv_size": [0.5, -0.5]}
							}
						},
						{
							"origin": [0.19893, -1.39946, -1.175],
							"size": [0.25, 0.26926, 0.325],
							"pivot": [0, 0, -0.2375],
							"rotation": [0, 0, -30],
							"uv": {
								"down": {"uv": [60, 6.5], "uv_size": [0.5, -0.5]}
							}
						},
						{
							"origin": [-0.17607, -1.39946, -2.675],
							"size": [0.625, 0.26926, 1.5],
							"pivot": [0, 0, -0.2375],
							"rotation": [0, 0, -30],
							"uv": {
								"south": {"uv": [7, 60], "uv_size": [0.5, 0.5]},
								"down": {"uv": [3, 50.5], "uv_size": [0.5, -1.5]}
							}
						},
						{
							"origin": [0.87201, -0.9875, -2.675],
							"size": [0.2165, 0.37504, 2.45],
							"uv": {
								"north": {"uv": [60, 7], "uv_size": [0.5, 0.5]},
								"south": {"uv": [8, 60], "uv_size": [0.5, 0.5]},
								"west": {"uv": [39, 23], "uv_size": [2.5, 0.5]}
							}
						},
						{
							"origin": [-1.54871, -1.39946, -2.5729],
							"size": [0.71874, 0.65, 0.31249],
							"pivot": [0, 0, -0.2375],
							"rotation": [0, -30, -30],
							"uv": {
								"north": {"uv": [60, 8], "uv_size": [0.5, 0.5]},
								"down": {"uv": [9, 60.5], "uv_size": [0.5, -0.5]}
							}
						},
						{
							"origin": [0.71352, -0.61246, -1.55],
							"size": [0.37499, 0.5, 1.325],
							"pivot": [1.08851, -0.61246, -1.55],
							"rotation": [0, 0, -35],
							"uv": {
								"south": {"uv": [60, 9], "uv_size": [0.5, 0.5]},
								"west": {"uv": [49, 3], "uv_size": [1.5, 0.5]}
							}
						},
						{
							"origin": [1.01352, 0.12451, -3.05],
							"size": [0.07499, 0.25, 0.375],
							"pivot": [1.08851, -0.61246, -0.8],
							"rotation": [0, 0, -16.99698],
							"uv": {
								"north": {"uv": [10, 60], "uv_size": [0.5, 0.5]},
								"west": {"uv": [60, 10], "uv_size": [0.5, 0.5]}
							}
						},
						{
							"origin": [0.43559, -0.73458, -3.05],
							"size": [0.43749, 0.8269, 0.33422],
							"pivot": [0.87308, 0.09232, -3.05],
							"rotation": [26.96866, 0, -16.99698],
							"uv": {
								"north": {"uv": [37, 52], "uv_size": [0.5, 1]},
								"west": {"uv": [52, 37], "uv_size": [0.5, 1]}
							}
						},
						{
							"origin": [0.71352, -0.61246, -2.675],
							"size": [0.37499, 0.98698, 1.125],
							"pivot": [1.08851, -0.61246, -0.8],
							"rotation": [0, 0, -16.99698],
							"uv": {
								"south": {"uv": [38, 52], "uv_size": [0.5, 1]},
								"west": {"uv": [42, 23], "uv_size": [1, 1]}
							}
						},
						{
							"origin": [-1.08851, -0.61246, -2.675],
							"size": [0.37499, 0.98698, 1.125],
							"pivot": [-1.08851, -0.61246, -0.8],
							"rotation": [0, 0, 16.99698],
							"uv": {
								"east": {"uv": [24, 42], "uv_size": [1, 1]},
								"south": {"uv": [52, 38], "uv_size": [0.5, 1]}
							}
						},
						{
							"origin": [-0.87308, -0.73458, -3.05],
							"size": [0.43749, 0.8269, 0.33422],
							"pivot": [-0.87308, 0.09232, -3.05],
							"rotation": [26.96866, 0, 16.99698],
							"uv": {
								"north": {"uv": [39, 52], "uv_size": [0.5, 1]},
								"east": {"uv": [52, 39], "uv_size": [0.5, 1]}
							}
						},
						{
							"origin": [-1.08851, 0.12451, -3.05],
							"size": [0.07499, 0.25, 0.375],
							"pivot": [-1.08851, -0.61246, -0.8],
							"rotation": [0, 0, 16.99698],
							"uv": {
								"north": {"uv": [11, 60], "uv_size": [0.5, 0.5]},
								"east": {"uv": [60, 11], "uv_size": [0.5, 0.5]}
							}
						},
						{
							"origin": [-1.08851, -0.61246, -1.55],
							"size": [0.37499, 0.5, 1.325],
							"pivot": [-1.08851, -0.61246, -1.55],
							"rotation": [0, 0, 35],
							"uv": {
								"east": {"uv": [49, 4], "uv_size": [1.5, 0.5]},
								"south": {"uv": [12, 60], "uv_size": [0.5, 0.5]}
							}
						},
						{
							"origin": [0.82997, -1.39946, -2.5729],
							"size": [0.71874, 0.65, 0.31249],
							"pivot": [0, 0, -0.2375],
							"rotation": [0, 30, 30],
							"uv": {
								"north": {"uv": [60, 12], "uv_size": [0.5, 0.5]},
								"down": {"uv": [13, 60.5], "uv_size": [0.5, -0.5]}
							}
						}
					]
				},
				{
					"name": "MaximDefense_CCB",
					"parent": "MaximDefense_Housing_CCSw",
					"pivot": [0, 0, 4.7],
					"cubes": [
						{
							"origin": [-0.3365, 0.6875, 3.075],
							"size": [0.673, 0.125, 3.5],
							"uv": {
								"north": {"uv": [60, 23], "uv_size": [0.5, 0.5]},
								"up": {"uv": [28, 33], "uv_size": [0.5, 3.5]},
								"down": {"uv": [33, 35.5], "uv_size": [0.5, -3.5]}
							}
						},
						{
							"origin": [-0.3365, 0.5625, 6.45],
							"size": [0.673, 0.25, 0.125],
							"uv": {
								"north": {"uv": [24, 60], "uv_size": [0.5, 0.5]},
								"south": {"uv": [60, 24], "uv_size": [0.5, 0.5]}
							}
						},
						{
							"origin": [-0.5875, -0.9875, 6.45],
							"size": [1.175, 1.55, 0.125],
							"uv": {
								"north": {"uv": [29, 36], "uv_size": [1, 1.5]},
								"south": {"uv": [30, 36], "uv_size": [1, 1.5]},
								"down": {"uv": [40, 52.5], "uv_size": [1, -0.5]}
							}
						},
						{
							"origin": [0, -4.175, 4.7791],
							"size": [0.25, 0.25, 1.7959],
							"uv": {
								"north": {"uv": [25, 60], "uv_size": [0.5, 0.5]},
								"east": {"uv": [25, 42], "uv_size": [2, 0.5]},
								"south": {"uv": [60, 25], "uv_size": [0.5, 0.5]},
								"up": {"uv": [42, 25], "uv_size": [0.5, 2]},
								"down": {"uv": [42, 29], "uv_size": [0.5, -2]}
							}
						},
						{
							"origin": [0.8375, -3.47956, 4.43552],
							"size": [0.25, 2.52157, 0.25003],
							"pivot": [1.0875, -0.9875, 6.575],
							"rotation": [7.5, 0, 11.25],
							"uv": {
								"north": {"uv": [33, 39], "uv_size": [0.5, 2.5]},
								"east": {"uv": [39, 34], "uv_size": [0.5, 2.5]},
								"west": {"uv": [39, 37], "uv_size": [0.5, 2.5]}
							}
						},
						{
							"origin": [0.8375, -1.2375, 4.45],
							"size": [0.25, 0.25, 0.25],
							"pivot": [1.0875, -0.9875, 6.575],
							"rotation": [0, 0, 11.25],
							"uv": {
								"north": {"uv": [61, 4], "uv_size": [0.5, 0.5]},
								"east": {"uv": [5, 61], "uv_size": [0.5, 0.5]},
								"west": {"uv": [61, 5], "uv_size": [0.5, 0.5]},
								"down": {"uv": [6, 61.5], "uv_size": [0.5, -0.5]}
							}
						},
						{
							"origin": [0.8375, -1.9875, 4.7],
							"size": [0.25, 1, 1.625],
							"pivot": [1.0875, -0.9875, 6.575],
							"rotation": [0, 0, 11.25],
							"uv": {
								"east": {"uv": [37, 8], "uv_size": [1.5, 1]},
								"west": {"uv": [37, 11], "uv_size": [1.5, 1]},
								"down": {"uv": [49, 29.5], "uv_size": [0.5, -1.5]}
							}
						},
						{
							"origin": [0.5875, -0.9875, 4.45],
							"size": [0.2625, 0.125, 2.125],
							"pivot": [0.5875, -0.9875, 6.575],
							"rotation": [0, 0, 30],
							"uv": {
								"north": {"uv": [61, 6], "uv_size": [0.5, 0.5]},
								"east": {"uv": [1, 43], "uv_size": [2, 0.5]},
								"south": {"uv": [7, 61], "uv_size": [0.5, 0.5]},
								"west": {"uv": [43, 2], "uv_size": [2, 0.5]},
								"down": {"uv": [3, 45], "uv_size": [0.5, -2]}
							}
						},
						{
							"origin": [-0.85, -0.9875, 4.45],
							"size": [0.2625, 0.125, 2.125],
							"pivot": [-0.5875, -0.9875, 6.575],
							"rotation": [0, 0, -30],
							"uv": {
								"north": {"uv": [61, 7], "uv_size": [0.5, 0.5]},
								"east": {"uv": [43, 3], "uv_size": [2, 0.5]},
								"south": {"uv": [8, 61], "uv_size": [0.5, 0.5]},
								"west": {"uv": [4, 43], "uv_size": [2, 0.5]},
								"down": {"uv": [43, 9], "uv_size": [0.5, -2]}
							}
						},
						{
							"origin": [0.8375, -2.95, 5.075],
							"size": [0.25, 0.5, 1.25],
							"pivot": [1.0875, -0.9875, 6.575],
							"rotation": [0, 0, 11.25],
							"uv": {
								"east": {"uv": [49, 24], "uv_size": [1.5, 0.5]},
								"west": {"uv": [49, 25], "uv_size": [1.5, 0.5]},
								"up": {"uv": [49, 26], "uv_size": [0.5, 1.5]},
								"down": {"uv": [27, 50.5], "uv_size": [0.5, -1.5]}
							}
						},
						{
							"origin": [0.8375, -3.4875, 4.8],
							"size": [0.25, 1.5, 0.275],
							"pivot": [1.0875, -0.9875, 6.575],
							"rotation": [0, 0, 11.25],
							"uv": {
								"east": {"uv": [49, 22], "uv_size": [0.5, 1.5]},
								"south": {"uv": [23, 49], "uv_size": [0.5, 1.5]},
								"west": {"uv": [24, 49], "uv_size": [0.5, 1.5]}
							}
						},
						{
							"origin": [0.8375, -3.7375, 6.325],
							"size": [0.25, 2.75, 0.25],
							"pivot": [1.0875, -0.9875, 6.575],
							"rotation": [0, 0, 11.25],
							"uv": {
								"north": {"uv": [5, 37], "uv_size": [0.5, 3]},
								"east": {"uv": [37, 5], "uv_size": [0.5, 3]},
								"south": {"uv": [8, 37], "uv_size": [0.5, 3]},
								"west": {"uv": [9, 37], "uv_size": [0.5, 3]}
							}
						},
						{
							"origin": [0.8375, -3.7375, 4.7791],
							"size": [0.25, 0.25, 1.5459],
							"pivot": [1.0875, -0.9875, 6.575],
							"rotation": [0, 0, 11.25],
							"uv": {
								"east": {"uv": [20, 49], "uv_size": [1.5, 0.5]},
								"west": {"uv": [49, 21], "uv_size": [1.5, 0.5]},
								"up": {"uv": [22, 49], "uv_size": [0.5, 1.5]}
							}
						},
						{
							"origin": [0.14645, -3.925, 4.7791],
							"size": [0.25, 0.25, 1.7959],
							"pivot": [0.5, -3.925, 6.575],
							"rotation": [0, 0, -45],
							"uv": {
								"north": {"uv": [61, 3], "uv_size": [0.5, 0.5]},
								"south": {"uv": [4, 61], "uv_size": [0.5, 0.5]},
								"up": {"uv": [42, 42], "uv_size": [0.5, 2]},
								"down": {"uv": [43, 2], "uv_size": [0.5, -2]}
							}
						},
						{
							"origin": [0.42678, -3.99822, 4.7791],
							"size": [0.33728, 0.25, 1.7959],
							"pivot": [0.42678, -3.99822, 6.575],
							"rotation": [0, 0, -68.38879],
							"uv": {
								"north": {"uv": [61, 2], "uv_size": [0.5, 0.5]},
								"south": {"uv": [3, 61], "uv_size": [0.5, 0.5]},
								"up": {"uv": [42, 40], "uv_size": [0.5, 2]},
								"down": {"uv": [41, 44], "uv_size": [0.5, -2]}
							}
						},
						{
							"origin": [-0.25, -4.175, 4.7791],
							"size": [0.25, 0.25, 1.7959],
							"uv": {
								"north": {"uv": [58, 60], "uv_size": [0.5, 0.5]},
								"south": {"uv": [60, 58], "uv_size": [0.5, 0.5]},
								"west": {"uv": [42, 34], "uv_size": [2, 0.5]},
								"up": {"uv": [36, 42], "uv_size": [0.5, 2]},
								"down": {"uv": [42, 38], "uv_size": [0.5, -2]}
							}
						},
						{
							"origin": [-1.0875, -3.47956, 4.43552],
							"size": [0.25, 2.52157, 0.25003],
							"pivot": [-1.0875, -0.9875, 6.575],
							"rotation": [7.5, 0, -11.25],
							"uv": {
								"north": {"uv": [23, 39], "uv_size": [0.5, 2.5]},
								"east": {"uv": [24, 39], "uv_size": [0.5, 2.5]},
								"west": {"uv": [39, 31], "uv_size": [0.5, 2.5]}
							}
						},
						{
							"origin": [-1.0875, -1.2375, 4.45],
							"size": [0.25, 0.25, 0.25],
							"pivot": [-1.0875, -0.9875, 6.575],
							"rotation": [0, 0, -11.25],
							"uv": {
								"north": {"uv": [61, 0], "uv_size": [0.5, 0.5]},
								"east": {"uv": [1, 61], "uv_size": [0.5, 0.5]},
								"west": {"uv": [61, 1], "uv_size": [0.5, 0.5]},
								"down": {"uv": [2, 61.5], "uv_size": [0.5, -0.5]}
							}
						},
						{
							"origin": [-1.0875, -1.9875, 4.7],
							"size": [0.25, 1, 1.625],
							"pivot": [-1.0875, -0.9875, 6.575],
							"rotation": [0, 0, -11.25],
							"uv": {
								"east": {"uv": [1, 37], "uv_size": [1.5, 1]},
								"west": {"uv": [3, 37], "uv_size": [1.5, 1]},
								"down": {"uv": [49, 19.5], "uv_size": [0.5, -1.5]}
							}
						},
						{
							"origin": [-1.0875, -2.95, 5.075],
							"size": [0.25, 0.5, 1.25],
							"pivot": [-1.0875, -0.9875, 6.575],
							"rotation": [0, 0, -11.25],
							"uv": {
								"east": {"uv": [49, 12], "uv_size": [1.5, 0.5]},
								"west": {"uv": [14, 49], "uv_size": [1.5, 0.5]},
								"up": {"uv": [16, 49], "uv_size": [0.5, 1.5]},
								"down": {"uv": [49, 17.5], "uv_size": [0.5, -1.5]}
							}
						},
						{
							"origin": [-1.0875, -3.4875, 4.8],
							"size": [0.25, 1.5, 0.275],
							"pivot": [-1.0875, -0.9875, 6.575],
							"rotation": [0, 0, -11.25],
							"uv": {
								"east": {"uv": [49, 10], "uv_size": [0.5, 1.5]},
								"south": {"uv": [11, 49], "uv_size": [0.5, 1.5]},
								"west": {"uv": [13, 49], "uv_size": [0.5, 1.5]}
							}
						},
						{
							"origin": [-1.0875, -3.7375, 6.325],
							"size": [0.25, 2.75, 0.25],
							"pivot": [-1.0875, -0.9875, 6.575],
							"rotation": [0, 0, -11.25],
							"uv": {
								"north": {"uv": [33, 36], "uv_size": [0.5, 3]},
								"east": {"uv": [36, 35], "uv_size": [0.5, 3]},
								"south": {"uv": [0, 37], "uv_size": [0.5, 3]},
								"west": {"uv": [37, 0], "uv_size": [0.5, 3]}
							}
						},
						{
							"origin": [-1.0875, -3.7375, 4.7791],
							"size": [0.25, 0.25, 1.5459],
							"pivot": [-1.0875, -0.9875, 6.575],
							"rotation": [0, 0, -11.25],
							"uv": {
								"east": {"uv": [8, 49], "uv_size": [1.5, 0.5]},
								"west": {"uv": [49, 9], "uv_size": [1.5, 0.5]},
								"up": {"uv": [10, 49], "uv_size": [0.5, 1.5]}
							}
						},
						{
							"origin": [-0.39645, -3.925, 4.7791],
							"size": [0.25, 0.25, 1.7959],
							"pivot": [-0.5, -3.925, 6.575],
							"rotation": [0, 0, 45],
							"uv": {
								"north": {"uv": [60, 60], "uv_size": [0.5, 0.5]},
								"south": {"uv": [0, 61], "uv_size": [0.5, 0.5]},
								"up": {"uv": [42, 38], "uv_size": [0.5, 2]},
								"down": {"uv": [39, 44], "uv_size": [0.5, -2]}
							}
						},
						{
							"origin": [-0.76405, -3.99822, 4.7791],
							"size": [0.33728, 0.25, 1.7959],
							"pivot": [-0.42678, -3.99822, 6.575],
							"rotation": [0, 0, 68.38879],
							"uv": {
								"north": {"uv": [59, 60], "uv_size": [0.5, 0.5]},
								"south": {"uv": [60, 59], "uv_size": [0.5, 0.5]},
								"up": {"uv": [37, 42], "uv_size": [0.5, 2]},
								"down": {"uv": [38, 44], "uv_size": [0.5, -2]}
							}
						},
						{
							"origin": [-0.86484, -0.89993, 6.45],
							"size": [0.47879, 1.0061, 0.125],
							"pivot": [0, 0, 4.4625],
							"rotation": [0, 0, 16.75],
							"uv": {
								"north": {"uv": [52, 40], "uv_size": [0.5, 1]},
								"south": {"uv": [41, 52], "uv_size": [0.5, 1]}
							}
						},
						{
							"origin": [-0.31582, 0.61208, 6.45],
							"size": [0.6524, 0.2, 0.125],
							"pivot": [0, 0, 4.4625],
							"rotation": [0, 0, -45],
							"uv": {
								"north": {"uv": [26, 60], "uv_size": [0.5, 0.5]},
								"south": {"uv": [60, 26], "uv_size": [0.5, 0.5]}
							}
						},
						{
							"origin": [-1.0875, -0.83, 4.325],
							"size": [0.5, 0.155, 0.125],
							"uv": {
								"east": {"uv": [27, 60], "uv_size": [0.5, 0.5]},
								"west": {"uv": [60, 27], "uv_size": [0.5, 0.5]}
							}
						},
						{
							"origin": [-1.0875, -1.15373, 3.6989],
							"size": [0.5, 0.4002, 0.09839],
							"pivot": [0, 0, 3.8375],
							"rotation": [38.6598, 0, 0],
							"uv": {
								"north": {"uv": [28, 60], "uv_size": [0.5, 0.5]},
								"east": {"uv": [60, 28], "uv_size": [0.5, 0.5]},
								"west": {"uv": [29, 60], "uv_size": [0.5, 0.5]}
							}
						},
						{
							"origin": [-1.0875, -0.675, 4.2],
							"size": [0.5, 0.0625, 0.25],
							"uv": {
								"north": {"uv": [60, 29], "uv_size": [0.5, 0.5]},
								"east": {"uv": [30, 60], "uv_size": [0.5, 0.5]},
								"west": {"uv": [60, 30], "uv_size": [0.5, 0.5]},
								"up": {"uv": [31, 60], "uv_size": [0.5, 0.5]}
							}
						},
						{
							"origin": [-0.86484, -0.89993, 4.2],
							"size": [0.125, 0.1375, 0.85],
							"pivot": [0, 0, 4.3375],
							"rotation": [0, 0, 16.75],
							"uv": {
								"east": {"uv": [52, 41], "uv_size": [1, 0.5]},
								"west": {"uv": [42, 52], "uv_size": [1, 0.5]},
								"up": {"uv": [52, 42], "uv_size": [0.5, 1]}
							}
						},
						{
							"origin": [-0.31582, 0.68708, 3.075],
							"size": [0.6524, 0.12539, 3.5],
							"pivot": [0, 0, 4.4625],
							"rotation": [0, 0, -45],
							"uv": {
								"north": {"uv": [60, 31], "uv_size": [0.5, 0.5]},
								"east": {"uv": [33, 13], "uv_size": [3.5, 0.5]},
								"up": {"uv": [34, 4], "uv_size": [0.5, 3.5]},
								"down": {"uv": [34, 12.5], "uv_size": [0.5, -3.5]}
							}
						},
						{
							"origin": [-1.0875, -0.9875, 4.45],
							"size": [0.5, 0.375, 2.125],
							"uv": {
								"east": {"uv": [42, 29], "uv_size": [2, 0.5]},
								"south": {"uv": [32, 60], "uv_size": [0.5, 0.5]},
								"west": {"uv": [42, 30], "uv_size": [2, 0.5]},
								"up": {"uv": [31, 42], "uv_size": [0.5, 2]}
							}
						},
						{
							"origin": [-0.86518, -0.5928, 3.075],
							"size": [0.12534, 0.69916, 0.375],
							"pivot": [0, 0, 4.4625],
							"rotation": [0, 0, 16.75],
							"uv": {
								"north": {"uv": [60, 32], "uv_size": [0.5, 0.5]},
								"east": {"uv": [33, 60], "uv_size": [0.5, 0.5]},
								"south": {"uv": [60, 33], "uv_size": [0.5, 0.5]},
								"west": {"uv": [34, 60], "uv_size": [0.5, 0.5]}
							}
						},
						{
							"origin": [-1.28032, 0.18452, -3.05],
							"size": [0.375, 0.2166, 9.5],
							"pivot": [0, 0, 4.4625],
							"rotation": [0, 0, -60],
							"uv": {
								"north": {"uv": [60, 34], "uv_size": [0.5, 0.5]},
								"east": {"uv": [22, 14], "uv_size": [9.5, 0.5]},
								"west": {"uv": [22, 15], "uv_size": [9.5, 0.5]}
							}
						},
						{
							"origin": [0.10532, -1.20112, -3.05],
							"size": [0.375, 0.2166, 9.5],
							"pivot": [0, 0, 4.4625],
							"rotation": [0, 0, 60],
							"uv": {
								"north": {"uv": [35, 60], "uv_size": [0.5, 0.5]},
								"east": {"uv": [22, 16], "uv_size": [9.5, 0.5]},
								"west": {"uv": [22, 17], "uv_size": [9.5, 0.5]}
							}
						},
						{
							"origin": [-0.9875, -0.9083, -3.05],
							"size": [0.375, 0.2166, 9.5],
							"uv": {
								"north": {"uv": [60, 35], "uv_size": [0.5, 0.5]},
								"east": {"uv": [22, 18], "uv_size": [9.5, 0.5]},
								"west": {"uv": [22, 19], "uv_size": [9.5, 0.5]}
							}
						},
						{
							"origin": [0.38605, -0.89993, 6.45],
							"size": [0.47879, 1.0061, 0.125],
							"pivot": [0, 0, 4.4625],
							"rotation": [0, 0, -16.75],
							"uv": {
								"north": {"uv": [43, 52], "uv_size": [0.5, 1]},
								"south": {"uv": [52, 43], "uv_size": [0.5, 1]}
							}
						},
						{
							"origin": [-0.33658, 0.61208, 6.45],
							"size": [0.6524, 0.2, 0.125],
							"pivot": [0, 0, 4.4625],
							"rotation": [0, 0, 45],
							"uv": {
								"north": {"uv": [36, 60], "uv_size": [0.5, 0.5]},
								"south": {"uv": [60, 36], "uv_size": [0.5, 0.5]}
							}
						},
						{
							"origin": [0.5875, -0.83, 4.325],
							"size": [0.5, 0.155, 0.125],
							"uv": {
								"east": {"uv": [37, 60], "uv_size": [0.5, 0.5]},
								"west": {"uv": [60, 37], "uv_size": [0.5, 0.5]}
							}
						},
						{
							"origin": [0.5875, -1.15373, 3.6989],
							"size": [0.5, 0.4002, 0.09839],
							"pivot": [0, 0, 3.8375],
							"rotation": [38.6598, 0, 0],
							"uv": {
								"north": {"uv": [38, 60], "uv_size": [0.5, 0.5]},
								"east": {"uv": [60, 38], "uv_size": [0.5, 0.5]},
								"west": {"uv": [39, 60], "uv_size": [0.5, 0.5]}
							}
						},
						{
							"origin": [0.5875, -0.675, 4.2],
							"size": [0.5, 0.0625, 0.25],
							"uv": {
								"north": {"uv": [60, 39], "uv_size": [0.5, 0.5]},
								"east": {"uv": [40, 60], "uv_size": [0.5, 0.5]},
								"west": {"uv": [60, 40], "uv_size": [0.5, 0.5]},
								"up": {"uv": [41, 60], "uv_size": [0.5, 0.5]}
							}
						},
						{
							"origin": [0.73984, -0.89993, 4.2],
							"size": [0.125, 0.1375, 0.85],
							"pivot": [0, 0, 4.3375],
							"rotation": [0, 0, -16.75],
							"uv": {
								"east": {"uv": [49, 52], "uv_size": [1, 0.5]},
								"west": {"uv": [52, 49], "uv_size": [1, 0.5]},
								"up": {"uv": [50, 52], "uv_size": [0.5, 1]}
							}
						},
						{
							"origin": [0.73984, -0.89993, 4.95],
							"size": [0.125, 1.0061, 1.625],
							"pivot": [0, 0, 4.4625],
							"rotation": [0, 0, -16.75],
							"uv": {
								"north": {"uv": [52, 48], "uv_size": [0.5, 1]},
								"east": {"uv": [36, 32], "uv_size": [1.5, 1]},
								"west": {"uv": [36, 33], "uv_size": [1.5, 1]}
							}
						},
						{
							"origin": [-0.86484, -0.89993, 4.95],
							"size": [0.125, 1.0061, 1.625],
							"pivot": [0, 0, 4.4625],
							"rotation": [0, 0, 16.75],
							"uv": {
								"north": {"uv": [44, 52], "uv_size": [0.5, 1]},
								"east": {"uv": [36, 29], "uv_size": [1.5, 1]},
								"west": {"uv": [31, 36], "uv_size": [1.5, 1]}
							}
						},
						{
							"origin": [-0.33658, 0.68708, 3.075],
							"size": [0.6524, 0.12539, 3.5],
							"pivot": [0, 0, 4.4625],
							"rotation": [0, 0, 45],
							"uv": {
								"north": {"uv": [60, 41], "uv_size": [0.5, 0.5]},
								"west": {"uv": [33, 14], "uv_size": [3.5, 0.5]},
								"up": {"uv": [34, 18], "uv_size": [0.5, 3.5]},
								"down": {"uv": [25, 37.5], "uv_size": [0.5, -3.5]}
							}
						},
						{
							"origin": [0.5875, -0.9875, 4.45],
							"size": [0.5, 0.375, 2.125],
							"uv": {
								"east": {"uv": [32, 42], "uv_size": [2, 0.5]},
								"south": {"uv": [42, 60], "uv_size": [0.5, 0.5]},
								"west": {"uv": [42, 33], "uv_size": [2, 0.5]},
								"up": {"uv": [35, 42], "uv_size": [0.5, 2]}
							}
						},
						{
							"origin": [0.73984, -0.5928, 3.075],
							"size": [0.12534, 0.69916, 0.375],
							"pivot": [0, 0, 4.4625],
							"rotation": [0, 0, -16.75],
							"uv": {
								"north": {"uv": [60, 42], "uv_size": [0.5, 0.5]},
								"east": {"uv": [43, 60], "uv_size": [0.5, 0.5]},
								"south": {"uv": [60, 43], "uv_size": [0.5, 0.5]},
								"west": {"uv": [44, 60], "uv_size": [0.5, 0.5]}
							}
						},
						{
							"origin": [0.9625, -0.61248, 3.03383],
							"size": [0.12534, 0.19998, 1.16617],
							"pivot": [1.0875, -0.6125, 4.2],
							"rotation": [-15.26861, 0, -16.75],
							"uv": {
								"east": {"uv": [52, 44], "uv_size": [1, 0.5]},
								"west": {"uv": [45, 52], "uv_size": [1, 0.5]},
								"up": {"uv": [52, 45], "uv_size": [0.5, 1]},
								"down": {"uv": [46, 53], "uv_size": [0.5, -1]}
							}
						},
						{
							"origin": [-0.85519, -0.5409, 4.95],
							"size": [0.125, 0.7, 0.17305],
							"pivot": [-0.85519, 0.15939, 4.95],
							"rotation": [-15, 0, 16.75],
							"uv": {
								"north": {"uv": [60, 44], "uv_size": [0.5, 0.5]},
								"east": {"uv": [45, 60], "uv_size": [0.5, 0.5]},
								"west": {"uv": [60, 45], "uv_size": [0.5, 0.5]}
							}
						},
						{
							"origin": [0.73019, -0.5409, 4.95],
							"size": [0.125, 0.7, 0.17305],
							"pivot": [0.85519, 0.15939, 4.95],
							"rotation": [-15, 0, -16.75],
							"uv": {
								"north": {"uv": [60, 56], "uv_size": [0.5, 0.5]},
								"east": {"uv": [57, 60], "uv_size": [0.5, 0.5]},
								"west": {"uv": [60, 57], "uv_size": [0.5, 0.5]}
							}
						},
						{
							"origin": [-1.0875, -0.47771, 4.2],
							"size": [0.125, 0.06474, 0.2125],
							"pivot": [-1.0875, -0.6125, 4.2],
							"rotation": [-15.26861, 0, 16.75],
							"uv": {
								"east": {"uv": [60, 47], "uv_size": [0.5, 0.5]},
								"west": {"uv": [48, 60], "uv_size": [0.5, 0.5]},
								"up": {"uv": [60, 48], "uv_size": [0.5, 0.5]}
							}
						},
						{
							"origin": [-1.08784, -0.61248, 3.03383],
							"size": [0.12534, 0.19998, 1.16617],
							"pivot": [-1.0875, -0.6125, 4.2],
							"rotation": [-15.26861, 0, 16.75],
							"uv": {
								"east": {"uv": [52, 46], "uv_size": [1, 0.5]},
								"west": {"uv": [47, 52], "uv_size": [1, 0.5]},
								"up": {"uv": [52, 47], "uv_size": [0.5, 1]},
								"down": {"uv": [48, 53], "uv_size": [0.5, -1]}
							}
						},
						{
							"origin": [0.96107, -0.47771, 4.2],
							"size": [0.12643, 0.06515, 0.2125],
							"pivot": [1.0875, -0.6125, 4.2],
							"rotation": [-15.26861, 0, -16.75],
							"uv": {
								"east": {"uv": [49, 60], "uv_size": [0.5, 0.5]},
								"west": {"uv": [60, 49], "uv_size": [0.5, 0.5]},
								"up": {"uv": [50, 60], "uv_size": [0.5, 0.5]}
							}
						},
						{
							"origin": [0.90532, 0.18452, -3.05],
							"size": [0.375, 0.2166, 9.5],
							"pivot": [0, 0, 4.4625],
							"rotation": [0, 0, 60],
							"uv": {
								"north": {"uv": [46, 60], "uv_size": [0.5, 0.5]},
								"east": {"uv": [22, 20], "uv_size": [9.5, 0.5]},
								"west": {"uv": [21, 22], "uv_size": [9.5, 0.5]}
							}
						},
						{
							"origin": [-0.48032, -1.20112, -3.05],
							"size": [0.375, 0.2166, 9.5],
							"pivot": [0, 0, 4.4625],
							"rotation": [0, 0, -60],
							"uv": {
								"north": {"uv": [60, 46], "uv_size": [0.5, 0.5]},
								"east": {"uv": [22, 21], "uv_size": [9.5, 0.5]},
								"west": {"uv": [0, 23], "uv_size": [9.5, 0.5]}
							}
						},
						{
							"origin": [0.6125, -0.9083, -3.05],
							"size": [0.375, 0.2166, 9.5],
							"uv": {
								"north": {"uv": [47, 60], "uv_size": [0.5, 0.5]},
								"east": {"uv": [10, 23], "uv_size": [9.5, 0.5]},
								"west": {"uv": [20, 23], "uv_size": [9.5, 0.5]}
							}
						},
						{
							"origin": [-0.125, 0.8125, 6.325],
							"size": [0.25, 0.2, 0.125],
							"uv": {
								"north": {"uv": [60, 50], "uv_size": [0.5, 0.5]},
								"east": {"uv": [51, 60], "uv_size": [0.5, 0.5]},
								"west": {"uv": [60, 51], "uv_size": [0.5, 0.5]}
							}
						},
						{
							"origin": [-0.125, 0.8125, 6.45],
							"size": [0.25, 0.34821, 0.125],
							"pivot": [-0.25, 0.8125, 6.575],
							"rotation": [21.03748, 0, -0.00002],
							"uv": {
								"east": {"uv": [52, 60], "uv_size": [0.5, 0.5]},
								"south": {"uv": [60, 52], "uv_size": [0.5, 0.5]},
								"west": {"uv": [53, 60], "uv_size": [0.5, 0.5]}
							}
						},
						{
							"origin": [-0.125, 0.8125, 4.95],
							"size": [0.25, 0.2, 0.125],
							"uv": {
								"east": {"uv": [55, 60], "uv_size": [0.5, 0.5]},
								"south": {"uv": [60, 55], "uv_size": [0.5, 0.5]},
								"west": {"uv": [56, 60], "uv_size": [0.5, 0.5]}
							}
						},
						{
							"origin": [-0.125, 0.8125, 4.825],
							"size": [0.25, 0.34821, 0.125],
							"pivot": [-0.25, 0.8125, 4.825],
							"rotation": [-21.03748, 0, -0.00002],
							"uv": {
								"north": {"uv": [60, 53], "uv_size": [0.5, 0.5]},
								"east": {"uv": [54, 60], "uv_size": [0.5, 0.5]},
								"west": {"uv": [60, 54], "uv_size": [0.5, 0.5]}
							}
						},
						{
							"origin": [-0.125, 1.0125, 4.95],
							"size": [0.25, 0.125, 1.5],
							"uv": {
								"east": {"uv": [5, 49], "uv_size": [1.5, 0.5]},
								"west": {"uv": [49, 6], "uv_size": [1.5, 0.5]},
								"up": {"uv": [7, 49], "uv_size": [0.5, 1.5]},
								"down": {"uv": [49, 8.5], "uv_size": [0.5, -1.5]}
							}
						}
					]
				}
			]
		}
	]
}