{
	"format_version": "1.12.0",
	"minecraft:geometry": [
		{
			"description": {
				"identifier": "geometry.buttstock_mxm",
				"texture_width": 64,
				"texture_height": 64,
				"visible_bounds_width": 6,
				"visible_bounds_height": 4,
				"visible_bounds_offset": [0, 1, 0]
			},
			"bones": [
				{
					"name": "MaximDefense_Housing_SCW",
					"pivot": [0, 0, 0],
					"cubes": [
						{
							"origin": [-0.6875, -0.2875, -2.3],
							"size": [1.375, 0.575, 3.6],
							"uv": {
								"east": {"uv": [33, 2], "uv_size": [3.5, 0.5]},
								"south": {"uv": [47, 32], "uv_size": [1.5, 0.5]},
								"west": {"uv": [33, 8], "uv_size": [3.5, 0.5]}
							}
						},
						{
							"origin": [-0.2875, -0.6875, -2.3],
							"size": [0.575, 1.375, 3.6],
							"uv": {
								"south": {"uv": [47, 33], "uv_size": [0.5, 1.5]},
								"up": {"uv": [9, 33], "uv_size": [0.5, 3.5]},
								"down": {"uv": [33, 12.5], "uv_size": [0.5, -3.5]}
							}
						},
						{
							"origin": [-0.28284, -0.68943, -2.3],
							"size": [0.56569, 1.37886, 3.6],
							"pivot": [0, 0, -0.2375],
							"rotation": [0, 0, 45],
							"uv": {
								"south": {"uv": [34, 47], "uv_size": [0.5, 1.5]},
								"up": {"uv": [14, 33], "uv_size": [0.5, 3.5]},
								"down": {"uv": [33, 21.5], "uv_size": [0.5, -3.5]}
							}
						},
						{
							"origin": [-0.28284, -0.68943, -2.3],
							"size": [0.56569, 1.37886, 3.6],
							"pivot": [0, 0, -0.2375],
							"rotation": [0, 0, -45],
							"uv": {
								"south": {"uv": [35, 47], "uv_size": [0.5, 1.5]},
								"up": {"uv": [19, 33], "uv_size": [0.5, 3.5]},
								"down": {"uv": [22, 36.5], "uv_size": [0.5, -3.5]}
							}
						},
						{
							"origin": [-0.55, -1.4, -0.85],
							"size": [1.1, 0.2875, 0.625],
							"uv": {
								"north": {"uv": [51, 51], "uv_size": [1, 0.5]},
								"east": {"uv": [58, 21], "uv_size": [0.5, 0.5]},
								"south": {"uv": [0, 52], "uv_size": [1, 0.5]},
								"west": {"uv": [22, 58], "uv_size": [0.5, 0.5]},
								"down": {"uv": [52, 0.5], "uv_size": [1, -0.5]}
							}
						},
						{
							"origin": [-0.35, -1.375, -0.225],
							"size": [0.2, 0.2, 0.075],
							"pivot": [-0.25, -1.275, -0.1875],
							"rotation": [0, 0, -45],
							"uv": {
								"east": {"uv": [21, 60], "uv_size": [0.5, 0.5]},
								"south": {"uv": [60, 21], "uv_size": [0.5, 0.5]},
								"west": {"uv": [22, 60], "uv_size": [0.5, 0.5]},
								"up": {"uv": [60, 22], "uv_size": [0.5, 0.5]},
								"down": {"uv": [23, 60.5], "uv_size": [0.5, -0.5]}
							}
						},
						{
							"origin": [0.15, -1.375, -0.225],
							"size": [0.2, 0.2, 0.075],
							"pivot": [0.25, -1.275, -0.1875],
							"rotation": [0, 0, -45],
							"uv": {
								"east": {"uv": [60, 18], "uv_size": [0.5, 0.5]},
								"south": {"uv": [19, 60], "uv_size": [0.5, 0.5]},
								"west": {"uv": [60, 19], "uv_size": [0.5, 0.5]},
								"up": {"uv": [20, 60], "uv_size": [0.5, 0.5]},
								"down": {"uv": [60, 20.5], "uv_size": [0.5, -0.5]}
							}
						},
						{
							"origin": [-0.87201, -1.1125, -1.175],
							"size": [1.74402, 0.5625, 0.95],
							"uv": {
								"south": {"uv": [47, 35], "uv_size": [1.5, 0.5]},
								"up": {"uv": [35, 22], "uv_size": [1.5, 1]},
								"down": {"uv": [35, 29], "uv_size": [1.5, -1]}
							}
						},
						{
							"origin": [-0.375, -2.05, -0.475],
							"size": [0.75, 0.65, 0.25],
							"uv": {
								"north": {"uv": [1, 52], "uv_size": [1, 0.5]},
								"south": {"uv": [52, 1], "uv_size": [1, 0.5]}
							}
						},
						{
							"origin": [0.72607, -1.88202, -0.475],
							"size": [0.16898, 0.67315, 0.25],
							"pivot": [0, 0, -0.2375],
							"rotation": [0, 0, 15.0684],
							"uv": {
								"north": {"uv": [58, 22], "uv_size": [0.5, 0.5]},
								"south": {"uv": [23, 58], "uv_size": [0.5, 0.5]},
								"west": {"uv": [58, 23], "uv_size": [0.5, 0.5]}
							}
						},
						{
							"origin": [-0.89505, -1.88202, -0.475],
							"size": [0.16898, 0.67315, 0.25],
							"pivot": [0, 0, -0.2375],
							"rotation": [0, 0, -15.0684],
							"uv": {
								"north": {"uv": [24, 58], "uv_size": [0.5, 0.5]},
								"east": {"uv": [58, 24], "uv_size": [0.5, 0.5]},
								"south": {"uv": [25, 58], "uv_size": [0.5, 0.5]}
							}
						},
						{
							"origin": [-0.175, -2.25, -0.475],
							"size": [0.35, 0.2, 0.25],
							"uv": {
								"north": {"uv": [58, 25], "uv_size": [0.5, 0.5]},
								"south": {"uv": [26, 58], "uv_size": [0.5, 0.5]},
								"down": {"uv": [58, 26.5], "uv_size": [0.5, -0.5]}
							}
						},
						{
							"origin": [-1.46725, -1.71474, -0.475],
							"size": [0.28284, 0.14142, 0.25],
							"pivot": [0, 0, -0.2375],
							"rotation": [0, 0, -45],
							"uv": {
								"north": {"uv": [27, 58], "uv_size": [0.5, 0.5]},
								"south": {"uv": [58, 27], "uv_size": [0.5, 0.5]},
								"down": {"uv": [28, 58.5], "uv_size": [0.5, -0.5]}
							}
						},
						{
							"origin": [1.18441, -1.71474, -0.475],
							"size": [0.28284, 0.14142, 0.25],
							"pivot": [0, 0, -0.2375],
							"rotation": [0, 0, 45],
							"uv": {
								"north": {"uv": [58, 28], "uv_size": [0.5, 0.5]},
								"south": {"uv": [29, 58], "uv_size": [0.5, 0.5]},
								"down": {"uv": [58, 29.5], "uv_size": [0.5, -0.5]}
							}
						},
						{
							"origin": [-1.17626, -1.39935, -3.05],
							"size": [0.2, 0.46191, 0.5],
							"pivot": [0, 0, -0.2375],
							"rotation": [0, 0, -30],
							"uv": {
								"north": {"uv": [30, 58], "uv_size": [0.5, 0.5]},
								"east": {"uv": [58, 30], "uv_size": [0.5, 0.5]},
								"south": {"uv": [31, 58], "uv_size": [0.5, 0.5]}
							}
						},
						{
							"origin": [0.97626, -1.39935, -3.05],
							"size": [0.2, 0.46191, 0.5],
							"pivot": [0, 0, -0.2375],
							"rotation": [0, 0, 30],
							"uv": {
								"north": {"uv": [58, 31], "uv_size": [0.5, 0.5]},
								"south": {"uv": [32, 58], "uv_size": [0.5, 0.5]},
								"west": {"uv": [58, 32], "uv_size": [0.5, 0.5]}
							}
						},
						{
							"origin": [-0.319, -1.8, -3.05],
							"size": [0.638, 0.4, 0.5],
							"uv": {
								"north": {"uv": [33, 58], "uv_size": [0.5, 0.5]},
								"down": {"uv": [58, 33.5], "uv_size": [0.5, -0.5]}
							}
						},
						{
							"origin": [-0.319, 0.36239, -3.14547],
							"size": [0.638, 0.28284, 0.56569],
							"pivot": [0, 0, -0.2375],
							"rotation": [45, 0, 0],
							"uv": {
								"east": {"uv": [34, 58], "uv_size": [0.5, 0.5]},
								"west": {"uv": [58, 34], "uv_size": [0.5, 0.5]},
								"down": {"uv": [35, 58.5], "uv_size": [0.5, -0.5]}
							}
						},
						{
							"origin": [-0.5, 0.2, -3.05],
							"size": [1, 0.6, 0.75],
							"uv": {
								"north": {"uv": [2, 52], "uv_size": [1, 0.5]},
								"south": {"uv": [52, 2], "uv_size": [1, 0.5]},
								"up": {"uv": [1, 42], "uv_size": [1, 1]}
							}
						},
						{
							"origin": [0.77783, -0.14143, -3.05],
							"size": [0.14142, 0.28284, 0.3375],
							"pivot": [0, 0, -0.2375],
							"rotation": [0, 0, 45],
							"uv": {
								"north": {"uv": [58, 35], "uv_size": [0.5, 0.5]},
								"west": {"uv": [36, 58], "uv_size": [0.5, 0.5]}
							}
						},
						{
							"origin": [-0.91925, -0.14143, -3.05],
							"size": [0.14142, 0.28284, 0.3375],
							"pivot": [0, 0, -0.2375],
							"rotation": [0, 0, -45],
							"uv": {
								"north": {"uv": [58, 36], "uv_size": [0.5, 0.5]},
								"east": {"uv": [37, 58], "uv_size": [0.5, 0.5]}
							}
						},
						{
							"origin": [-0.75, -0.55, -3.05],
							"size": [1.5, 0.75, 0.75],
							"uv": {
								"north": {"uv": [35, 30], "uv_size": [1.5, 1]},
								"east": {"uv": [42, 1], "uv_size": [1, 1]},
								"west": {"uv": [42, 2], "uv_size": [1, 1]}
							}
						},
						{
							"origin": [-0.76922, -0.10385, -3.05],
							"size": [0.24999, 0.65, 0.75],
							"pivot": [0, 0, -0.2375],
							"rotation": [0, 0, 22.6198],
							"uv": {
								"north": {"uv": [58, 37], "uv_size": [0.5, 0.5]},
								"east": {"uv": [3, 52], "uv_size": [1, 0.5]},
								"south": {"uv": [38, 58], "uv_size": [0.5, 0.5]}
							}
						},
						{
							"origin": [-0.55, -1.4, -3.05],
							"size": [1.1, 0.85, 1.875],
							"uv": {
								"north": {"uv": [42, 3], "uv_size": [1, 1]},
								"east": {"uv": [20, 31], "uv_size": [2, 1]},
								"south": {"uv": [42, 4], "uv_size": [1, 1]},
								"west": {"uv": [31, 22], "uv_size": [2, 1]},
								"down": {"uv": [22, 33], "uv_size": [1, -2]}
							}
						},
						{
							"origin": [-0.45, -1.4, -1.175],
							"size": [1, 0.2875, 0.1625],
							"uv": {
								"north": {"uv": [52, 3], "uv_size": [1, 0.5]},
								"east": {"uv": [58, 38], "uv_size": [0.5, 0.5]},
								"south": {"uv": [4, 52], "uv_size": [1, 0.5]},
								"west": {"uv": [39, 58], "uv_size": [0.5, 0.5]},
								"up": {"uv": [52, 4], "uv_size": [1, 0.5]},
								"down": {"uv": [5, 52.5], "uv_size": [1, -0.5]}
							}
						},
						{
							"origin": [0.425, -2.025, -1.175],
							"size": [0.125, 0.625, 0.1625],
							"uv": {
								"north": {"uv": [58, 39], "uv_size": [0.5, 0.5]},
								"east": {"uv": [40, 58], "uv_size": [0.5, 0.5]},
								"south": {"uv": [58, 40], "uv_size": [0.5, 0.5]},
								"west": {"uv": [41, 58], "uv_size": [0.5, 0.5]},
								"down": {"uv": [58, 41.5], "uv_size": [0.5, -0.5]}
							}
						},
						{
							"origin": [0.55, -2.025, -1.6],
							"size": [0.125, 0.5, 0.75],
							"uv": {
								"north": {"uv": [42, 58], "uv_size": [0.5, 0.5]},
								"east": {"uv": [52, 5], "uv_size": [1, 0.5]},
								"south": {"uv": [58, 42], "uv_size": [0.5, 0.5]},
								"west": {"uv": [6, 52], "uv_size": [1, 0.5]},
								"up": {"uv": [52, 6], "uv_size": [0.5, 1]},
								"down": {"uv": [7, 53], "uv_size": [0.5, -1]}
							}
						},
						{
							"origin": [-0.55, -1.4, -1.0125],
							"size": [1, 0.2875, 0.1625],
							"uv": {
								"north": {"uv": [52, 7], "uv_size": [1, 0.5]},
								"east": {"uv": [43, 58], "uv_size": [0.5, 0.5]},
								"south": {"uv": [8, 52], "uv_size": [1, 0.5]},
								"west": {"uv": [58, 43], "uv_size": [0.5, 0.5]},
								"up": {"uv": [52, 8], "uv_size": [1, 0.5]},
								"down": {"uv": [9, 52.5], "uv_size": [1, -0.5]}
							}
						},
						{
							"origin": [-0.55, -1.75, -0.9875],
							"size": [0.125, 0.35, 0.125],
							"uv": {
								"north": {"uv": [44, 58], "uv_size": [0.5, 0.5]},
								"east": {"uv": [58, 44], "uv_size": [0.5, 0.5]},
								"south": {"uv": [45, 58], "uv_size": [0.5, 0.5]},
								"west": {"uv": [58, 45], "uv_size": [0.5, 0.5]},
								"down": {"uv": [46, 58.5], "uv_size": [0.5, -0.5]}
							}
						},
						{
							"origin": [0.51923, -0.10385, -3.05],
							"size": [0.24999, 0.65, 0.75],
							"pivot": [0, 0, -0.2375],
							"rotation": [0, 0, -22.6198],
							"uv": {
								"north": {"uv": [58, 46], "uv_size": [0.5, 0.5]},
								"south": {"uv": [47, 58], "uv_size": [0.5, 0.5]},
								"west": {"uv": [52, 9], "uv_size": [1, 0.5]}
							}
						},
						{
							"origin": [-0.44893, -1.39946, -0.85],
							"size": [0.625, 0.16101, 0.625],
							"pivot": [0, 0, -0.2375],
							"rotation": [0, 0, 30],
							"uv": {
								"north": {"uv": [58, 47], "uv_size": [0.5, 0.5]},
								"south": {"uv": [48, 58], "uv_size": [0.5, 0.5]},
								"down": {"uv": [58, 48.5], "uv_size": [0.5, -0.5]}
							}
						},
						{
							"origin": [-0.44893, -1.39946, -1.175],
							"size": [0.25, 0.26926, 0.325],
							"pivot": [0, 0, -0.2375],
							"rotation": [0, 0, 30],
							"uv": {
								"down": {"uv": [49, 58.5], "uv_size": [0.5, -0.5]}
							}
						},
						{
							"origin": [-0.44893, -1.39946, -2.675],
							"size": [0.625, 0.26926, 1.5],
							"pivot": [0, 0, -0.2375],
							"rotation": [0, 0, 30],
							"uv": {
								"south": {"uv": [58, 49], "uv_size": [0.5, 0.5]},
								"down": {"uv": [36, 48.5], "uv_size": [0.5, -1.5]}
							}
						},
						{
							"origin": [0.82997, -1.39946, -2.5729],
							"size": [0.71874, 0.6, 0.31249],
							"pivot": [0, 0, -0.2375],
							"rotation": [0, 30, 30],
							"uv": {
								"north": {"uv": [50, 58], "uv_size": [0.5, 0.5]},
								"down": {"uv": [58, 50.5], "uv_size": [0.5, -0.5]}
							}
						},
						{
							"origin": [-1.08851, -0.9875, -2.675],
							"size": [0.2165, 0.37504, 2.45],
							"uv": {
								"north": {"uv": [51, 58], "uv_size": [0.5, 0.5]},
								"east": {"uv": [38, 27], "uv_size": [2.5, 0.5]},
								"south": {"uv": [58, 51], "uv_size": [0.5, 0.5]}
							}
						},
						{
							"origin": [-1.07413, -0.73333, -2.11055],
							"size": [0.5, 0.25, 2.125],
							"inflate": 0.001,
							"pivot": [0, 0, -0.2375],
							"rotation": [-13.64973, -6.27967, -1.62789],
							"uv": {
								"south": {"uv": [52, 58], "uv_size": [0.5, 0.5]},
								"west": {"uv": [42, 5], "uv_size": [2, 0.5]},
								"up": {"uv": [6, 42], "uv_size": [0.5, 2]}
							}
						},
						{
							"origin": [-0.76923, -0.95249, -0.23355],
							"size": [0.0125, 0.0605, 0.248],
							"inflate": 0.001,
							"pivot": [0, 0, -0.2375],
							"rotation": [-15, 0, 22.6198],
							"uv": {
								"east": {"uv": [58, 52], "uv_size": [0.5, 0.5]}
							}
						},
						{
							"origin": [-0.76923, -1.07949, -1.94805],
							"size": [0.0125, 0.1875, 1.47345],
							"inflate": 0.001,
							"pivot": [0, 0, -0.2375],
							"rotation": [-15, 0, 22.6198],
							"uv": {
								"east": {"uv": [38, 47], "uv_size": [1.5, 0.5]}
							}
						},
						{
							"origin": [-0.76923, -1.01699, -0.4726],
							"size": [0.0125, 0.125, 0.23705],
							"inflate": 0.001,
							"pivot": [0, 0, -0.2375],
							"rotation": [-15, 0, 22.6198],
							"uv": {
								"east": {"uv": [53, 58], "uv_size": [0.5, 0.5]}
							}
						},
						{
							"origin": [-0.76922, 0.49132, -2.29068],
							"size": [0.24999, 0.45, 0.21508],
							"pivot": [0, 0, -0.2375],
							"rotation": [30, 0, 22.6198],
							"uv": {
								"east": {"uv": [58, 53], "uv_size": [0.5, 0.5]},
								"south": {"uv": [54, 58], "uv_size": [0.5, 0.5]}
							}
						},
						{
							"origin": [-0.76922, -0.98401, -0.975],
							"size": [0.12499, 0.0625, 0.75],
							"pivot": [0, 0, -0.2375],
							"rotation": [0, 0, 22.6198],
							"uv": {
								"east": {"uv": [10, 52], "uv_size": [1, 0.5]},
								"south": {"uv": [58, 54], "uv_size": [0.5, 0.5]}
							}
						},
						{
							"origin": [-0.76922, -0.98401, -1.725],
							"size": [0.0125, 0.2625, 0.75],
							"pivot": [0, 0, -0.2375],
							"rotation": [0, 0, 22.6198],
							"uv": {
								"east": {"uv": [52, 10], "uv_size": [1, 0.5]}
							}
						},
						{
							"origin": [-0.76922, -0.98401, -2.3],
							"size": [0.0125, 0.45, 0.575],
							"pivot": [0, 0, -0.2375],
							"rotation": [0, 0, 22.6198],
							"uv": {
								"east": {"uv": [55, 58], "uv_size": [0.5, 0.5]}
							}
						},
						{
							"origin": [-0.76922, -0.98401, -2.675],
							"size": [0.37499, 0.88016, 0.375],
							"pivot": [0, 0, -0.2375],
							"rotation": [0, 0, 22.6198],
							"uv": {
								"north": {"uv": [11, 52], "uv_size": [0.5, 1]},
								"east": {"uv": [52, 11], "uv_size": [0.5, 1]}
							}
						},
						{
							"origin": [-0.76922, 0.43973, -2.76416],
							"size": [0.28749, 0.8, 0.33033],
							"pivot": [0, 0, -0.2375],
							"rotation": [28.25, 0, 22.6198],
							"uv": {
								"north": {"uv": [12, 52], "uv_size": [0.5, 1]},
								"east": {"uv": [52, 12], "uv_size": [0.5, 1]}
							}
						},
						{
							"origin": [-0.17607, -1.39946, -0.85],
							"size": [0.625, 0.16101, 0.625],
							"pivot": [0, 0, -0.2375],
							"rotation": [0, 0, -30],
							"uv": {
								"north": {"uv": [58, 55], "uv_size": [0.5, 0.5]},
								"south": {"uv": [56, 58], "uv_size": [0.5, 0.5]},
								"down": {"uv": [58, 56.5], "uv_size": [0.5, -0.5]}
							}
						},
						{
							"origin": [0.19893, -1.39946, -1.175],
							"size": [0.25, 0.26926, 0.325],
							"pivot": [0, 0, -0.2375],
							"rotation": [0, 0, -30],
							"uv": {
								"down": {"uv": [57, 58.5], "uv_size": [0.5, -0.5]}
							}
						},
						{
							"origin": [-0.17607, -1.39946, -2.675],
							"size": [0.625, 0.26926, 1.5],
							"pivot": [0, 0, -0.2375],
							"rotation": [0, 0, -30],
							"uv": {
								"south": {"uv": [58, 57], "uv_size": [0.5, 0.5]},
								"down": {"uv": [40, 48.5], "uv_size": [0.5, -1.5]}
							}
						},
						{
							"origin": [-1.54871, -1.39946, -2.5729],
							"size": [0.71874, 0.6, 0.31249],
							"pivot": [0, 0, -0.2375],
							"rotation": [0, -30, -30],
							"uv": {
								"north": {"uv": [58, 58], "uv_size": [0.5, 0.5]},
								"down": {"uv": [0, 59.5], "uv_size": [0.5, -0.5]}
							}
						},
						{
							"origin": [0.87201, -0.9875, -2.675],
							"size": [0.2165, 0.37504, 2.45],
							"uv": {
								"north": {"uv": [59, 0], "uv_size": [0.5, 0.5]},
								"south": {"uv": [1, 59], "uv_size": [0.5, 0.5]},
								"west": {"uv": [38, 29], "uv_size": [2.5, 0.5]}
							}
						},
						{
							"origin": [0.57413, -0.73333, -2.11055],
							"size": [0.5, 0.25, 2.125],
							"inflate": 0.001,
							"pivot": [0, 0, -0.2375],
							"rotation": [-13.64973, 6.27967, 1.62789],
							"uv": {
								"east": {"uv": [42, 6], "uv_size": [2, 0.5]},
								"south": {"uv": [59, 1], "uv_size": [0.5, 0.5]},
								"up": {"uv": [7, 42], "uv_size": [0.5, 2]}
							}
						},
						{
							"origin": [0.75673, -0.95249, -0.23355],
							"size": [0.0125, 0.0605, 0.248],
							"inflate": 0.001,
							"pivot": [0, 0, -0.2375],
							"rotation": [-15, 0, -22.6198],
							"uv": {
								"west": {"uv": [2, 59], "uv_size": [0.5, 0.5]}
							}
						},
						{
							"origin": [0.75673, -1.01699, -0.4726],
							"size": [0.0125, 0.125, 0.23705],
							"inflate": 0.001,
							"pivot": [0, 0, -0.2375],
							"rotation": [-15, 0, -22.6198],
							"uv": {
								"west": {"uv": [59, 2], "uv_size": [0.5, 0.5]}
							}
						},
						{
							"origin": [0.75673, -1.07949, -1.94805],
							"size": [0.0125, 0.1875, 1.47345],
							"inflate": 0.001,
							"pivot": [0, 0, -0.2375],
							"rotation": [-15, 0, -22.6198],
							"uv": {
								"west": {"uv": [47, 38], "uv_size": [1.5, 0.5]}
							}
						},
						{
							"origin": [0.51923, 0.49132, -2.29068],
							"size": [0.24999, 0.45, 0.21508],
							"pivot": [0, 0, -0.2375],
							"rotation": [30, 0, -22.6198],
							"uv": {
								"south": {"uv": [3, 59], "uv_size": [0.5, 0.5]},
								"west": {"uv": [59, 3], "uv_size": [0.5, 0.5]}
							}
						},
						{
							"origin": [0.64423, -0.98401, -0.975],
							"size": [0.12499, 0.0625, 0.75],
							"pivot": [0, 0, -0.2375],
							"rotation": [0, 0, -22.6198],
							"uv": {
								"south": {"uv": [4, 59], "uv_size": [0.5, 0.5]},
								"west": {"uv": [13, 52], "uv_size": [1, 0.5]}
							}
						},
						{
							"origin": [0.75672, -0.98401, -1.725],
							"size": [0.0125, 0.2625, 0.75],
							"pivot": [0, 0, -0.2375],
							"rotation": [0, 0, -22.6198],
							"uv": {
								"west": {"uv": [52, 13], "uv_size": [1, 0.5]}
							}
						},
						{
							"origin": [0.75672, -0.98401, -2.3],
							"size": [0.0125, 0.45, 0.575],
							"pivot": [0, 0, -0.2375],
							"rotation": [0, 0, -22.6198],
							"uv": {
								"west": {"uv": [59, 4], "uv_size": [0.5, 0.5]}
							}
						},
						{
							"origin": [0.39423, -0.98401, -2.675],
							"size": [0.37499, 0.88016, 0.375],
							"pivot": [0, 0, -0.2375],
							"rotation": [0, 0, -22.6198],
							"uv": {
								"north": {"uv": [14, 52], "uv_size": [0.5, 1]},
								"west": {"uv": [52, 14], "uv_size": [0.5, 1]}
							}
						},
						{
							"origin": [0.48173, 0.43973, -2.76416],
							"size": [0.28749, 0.8, 0.33033],
							"pivot": [0, 0, -0.2375],
							"rotation": [28.25, 0, -22.6198],
							"uv": {
								"north": {"uv": [15, 52], "uv_size": [0.5, 1]},
								"west": {"uv": [52, 15], "uv_size": [0.5, 1]}
							}
						}
					]
				},
				{
					"name": "MaximDefense_SCW",
					"parent": "MaximDefense_Housing_SCW",
					"pivot": [0, 0, 0],
					"cubes": [
						{
							"origin": [-0.3365, 0.6875, -2.125],
							"size": [0.673, 0.125, 4],
							"uv": {
								"north": {"uv": [5, 59], "uv_size": [0.5, 0.5]},
								"up": {"uv": [31, 24], "uv_size": [0.5, 4]},
								"down": {"uv": [27, 35], "uv_size": [0.5, -4]}
							}
						},
						{
							"origin": [-0.3365, 0.5625, 1.75],
							"size": [0.673, 0.25, 0.125],
							"uv": {
								"north": {"uv": [59, 5], "uv_size": [0.5, 0.5]},
								"south": {"uv": [6, 59], "uv_size": [0.5, 0.5]}
							}
						},
						{
							"origin": [-0.5, -3.55, 1.75],
							"size": [1, 0.6125, 0.125],
							"uv": {
								"north": {"uv": [16, 52], "uv_size": [1, 0.5]},
								"south": {"uv": [52, 16], "uv_size": [1, 0.5]}
							}
						},
						{
							"origin": [-0.5875, -2.9375, 1.75],
							"size": [1.175, 3.5, 0.125],
							"uv": {
								"north": {"uv": [4, 24], "uv_size": [1, 3.5]},
								"south": {"uv": [5, 24], "uv_size": [1, 3.5]}
							}
						},
						{
							"origin": [-0.5, -3.55, 1.375],
							"size": [1, 0.125, 0.5],
							"uv": {
								"north": {"uv": [17, 52], "uv_size": [1, 0.5]},
								"up": {"uv": [52, 17], "uv_size": [1, 0.5]},
								"down": {"uv": [18, 52.5], "uv_size": [1, -0.5]}
							}
						},
						{
							"origin": [-0.86484, -0.89993, 1.75],
							"size": [0.47879, 1.0061, 0.125],
							"pivot": [0, 0, -0.2375],
							"rotation": [0, 0, 16.75],
							"uv": {
								"north": {"uv": [52, 18], "uv_size": [0.5, 1]},
								"south": {"uv": [19, 52], "uv_size": [0.5, 1]}
							}
						},
						{
							"origin": [-1.28067, -2.7945, 1.75],
							"size": [0.48736, 2.075, 0.125],
							"pivot": [0, 0, -0.2375],
							"rotation": [0, 0, -12.9129],
							"uv": {
								"north": {"uv": [42, 7], "uv_size": [0.5, 2]},
								"south": {"uv": [8, 42], "uv_size": [0.5, 2]}
							}
						},
						{
							"origin": [-0.31582, 0.61208, 1.75],
							"size": [0.6524, 0.2, 0.125],
							"pivot": [0, 0, -0.2375],
							"rotation": [0, 0, -45],
							"uv": {
								"north": {"uv": [59, 6], "uv_size": [0.5, 0.5]},
								"south": {"uv": [7, 59], "uv_size": [0.5, 0.5]}
							}
						},
						{
							"origin": [-1.0875, -0.83, 0.25],
							"size": [0.5, 0.155, 0.125],
							"uv": {
								"east": {"uv": [59, 7], "uv_size": [0.5, 0.5]},
								"west": {"uv": [8, 59], "uv_size": [0.5, 0.5]}
							}
						},
						{
							"origin": [-1.0875, -1.15373, -0.3761],
							"size": [0.5, 0.4002, 0.09839],
							"pivot": [0, 0, -0.2375],
							"rotation": [38.6598, 0, 0],
							"uv": {
								"north": {"uv": [59, 8], "uv_size": [0.5, 0.5]},
								"east": {"uv": [9, 59], "uv_size": [0.5, 0.5]},
								"west": {"uv": [59, 9], "uv_size": [0.5, 0.5]}
							}
						},
						{
							"origin": [-1.0875, -0.675, 0.125],
							"size": [0.5, 0.0625, 0.25],
							"uv": {
								"north": {"uv": [10, 59], "uv_size": [0.5, 0.5]},
								"east": {"uv": [59, 10], "uv_size": [0.5, 0.5]},
								"west": {"uv": [11, 59], "uv_size": [0.5, 0.5]},
								"up": {"uv": [59, 11], "uv_size": [0.5, 0.5]}
							}
						},
						{
							"origin": [-1.28067, -2.03761, 0.73671],
							"size": [0.125, 0.5, 0.21651],
							"pivot": [0, 0, -0.2375],
							"rotation": [30, 0, -12.9129],
							"uv": {
								"north": {"uv": [12, 59], "uv_size": [0.5, 0.5]},
								"east": {"uv": [59, 12], "uv_size": [0.5, 0.5]},
								"west": {"uv": [13, 59], "uv_size": [0.5, 0.5]}
							}
						},
						{
							"origin": [-1.28067, -3.34849, 1.375],
							"size": [0.125, 0.62899, 0.5],
							"pivot": [0, 0, -0.2375],
							"rotation": [0, 0, -12.9129],
							"uv": {
								"east": {"uv": [59, 13], "uv_size": [0.5, 0.5]},
								"south": {"uv": [14, 59], "uv_size": [0.5, 0.5]},
								"west": {"uv": [59, 14], "uv_size": [0.5, 0.5]},
								"up": {"uv": [15, 59], "uv_size": [0.5, 0.5]}
							}
						},
						{
							"origin": [-1.28067, -3.70772, 0.01811],
							"size": [0.125, 2.69628, 0.25],
							"pivot": [0, 0, -0.2375],
							"rotation": [21.7698, 0, -12.9129],
							"uv": {
								"north": {"uv": [35, 38], "uv_size": [0.5, 2.5]},
								"east": {"uv": [36, 38], "uv_size": [0.5, 2.5]},
								"south": {"uv": [38, 37], "uv_size": [0.5, 2.5]},
								"west": {"uv": [39, 0], "uv_size": [0.5, 2.5]}
							}
						},
						{
							"origin": [-1.28067, -0.8445, 0.375],
							"size": [0.125, 0.125, 1.25],
							"pivot": [0, 0, -0.2375],
							"rotation": [0, 0, -12.9129],
							"uv": {
								"north": {"uv": [59, 15], "uv_size": [0.5, 0.5]},
								"east": {"uv": [42, 47], "uv_size": [1.5, 0.5]},
								"west": {"uv": [47, 43], "uv_size": [1.5, 0.5]},
								"down": {"uv": [47, 45.5], "uv_size": [0.5, -1.5]}
							}
						},
						{
							"origin": [-1.28067, -2.7195, 1.625],
							"size": [0.125, 2, 0.25],
							"pivot": [0, 0, -0.2375],
							"rotation": [0, 0, -12.9129],
							"uv": {
								"north": {"uv": [9, 42], "uv_size": [0.5, 2]},
								"east": {"uv": [10, 42], "uv_size": [0.5, 2]},
								"west": {"uv": [42, 10], "uv_size": [0.5, 2]}
							}
						},
						{
							"origin": [-1.49611, 0.68708, 0.81198],
							"size": [0.35355, 0.125, 0.17678],
							"pivot": [0, 0, -0.2375],
							"rotation": [0, 45, -45],
							"uv": {
								"north": {"uv": [16, 59], "uv_size": [0.5, 0.5]},
								"up": {"uv": [59, 16], "uv_size": [0.5, 0.5]},
								"down": {"uv": [17, 59.5], "uv_size": [0.5, -0.5]}
							}
						},
						{
							"origin": [-0.86484, -0.42229, 1.53324],
							"size": [0.125, 0.7625, 0.09869],
							"pivot": [0, 0, -0.2375],
							"rotation": [-7.5, 0, 16.75],
							"uv": {
								"north": {"uv": [52, 19], "uv_size": [0.5, 1]},
								"east": {"uv": [20, 52], "uv_size": [0.5, 1]},
								"west": {"uv": [52, 20], "uv_size": [0.5, 1]}
							}
						},
						{
							"origin": [-0.86484, -0.50303, -1.06649],
							"size": [0.125, 0.1625, 2],
							"pivot": [0, 0, -0.2375],
							"rotation": [-15.9628, 0, 16.75],
							"uv": {
								"east": {"uv": [11, 42], "uv_size": [2, 0.5]},
								"west": {"uv": [13, 42], "uv_size": [2, 0.5]},
								"up": {"uv": [42, 13], "uv_size": [0.5, 2]}
							}
						},
						{
							"origin": [-0.31582, 0.68708, 1.5625],
							"size": [0.25, 0.125, 0.3125],
							"pivot": [0, 0, -0.2375],
							"rotation": [0, 0, -45],
							"uv": {
								"up": {"uv": [59, 17], "uv_size": [0.5, 0.5]},
								"down": {"uv": [18, 59.5], "uv_size": [0.5, -0.5]}
							}
						},
						{
							"origin": [-0.86484, -0.89993, 0.125],
							"size": [0.125, 0.25, 1.4375],
							"pivot": [0, 0, -0.2375],
							"rotation": [0, 0, 16.75],
							"uv": {
								"east": {"uv": [45, 47], "uv_size": [1.5, 0.5]},
								"west": {"uv": [47, 46], "uv_size": [1.5, 0.5]},
								"up": {"uv": [47, 47], "uv_size": [0.5, 1.5]}
							}
						},
						{
							"origin": [-0.06582, 0.68708, -1.125],
							"size": [0.4024, 0.12538, 3],
							"pivot": [0, 0, -0.2375],
							"rotation": [0, 0, -45],
							"uv": {
								"east": {"uv": [35, 31], "uv_size": [3, 0.5]},
								"up": {"uv": [21, 36], "uv_size": [0.5, 3]},
								"down": {"uv": [23, 39], "uv_size": [0.5, -3]}
							}
						},
						{
							"origin": [-0.86484, -0.76553, -1.98173],
							"size": [0.125, 0.2625, 2.34024],
							"pivot": [0, 0, -0.2375],
							"rotation": [-15.9628, 0, 16.75],
							"uv": {
								"east": {"uv": [39, 3], "uv_size": [2.5, 0.5]},
								"west": {"uv": [39, 4], "uv_size": [2.5, 0.5]},
								"down": {"uv": [10, 41.5], "uv_size": [0.5, -2.5]}
							}
						},
						{
							"origin": [-0.86484, -0.89993, 1.5625],
							"size": [0.125, 1.0061, 0.3125],
							"pivot": [0, 0, -0.2375],
							"rotation": [0, 0, 16.75],
							"uv": {
								"east": {"uv": [21, 52], "uv_size": [0.5, 1]},
								"west": {"uv": [52, 21], "uv_size": [0.5, 1]}
							}
						},
						{
							"origin": [-0.31582, 0.68708, -2.125],
							"size": [0.6524, 0.12538, 1],
							"pivot": [0, 0, -0.2375],
							"rotation": [0, 0, -45],
							"uv": {
								"north": {"uv": [59, 18], "uv_size": [0.5, 0.5]},
								"south": {"uv": [19, 59], "uv_size": [0.5, 0.5]},
								"up": {"uv": [22, 52], "uv_size": [0.5, 1]},
								"down": {"uv": [52, 23], "uv_size": [0.5, -1]}
							}
						},
						{
							"origin": [-1.0875, -0.9875, 0.375],
							"size": [0.5, 0.375, 1.5],
							"uv": {
								"east": {"uv": [48, 0], "uv_size": [1.5, 0.5]},
								"south": {"uv": [59, 19], "uv_size": [0.5, 0.5]},
								"west": {"uv": [2, 48], "uv_size": [1.5, 0.5]},
								"up": {"uv": [48, 3], "uv_size": [0.5, 1.5]},
								"down": {"uv": [4, 49.5], "uv_size": [0.5, -1.5]}
							}
						},
						{
							"origin": [-0.86484, -0.25633, -2.125],
							"size": [0.125, 0.3625, 1],
							"pivot": [0, 0, -0.2375],
							"rotation": [0, 0, 16.75],
							"uv": {
								"north": {"uv": [20, 59], "uv_size": [0.5, 0.5]},
								"east": {"uv": [23, 52], "uv_size": [1, 0.5]},
								"south": {"uv": [59, 20], "uv_size": [0.5, 0.5]},
								"west": {"uv": [52, 23], "uv_size": [1, 0.5]}
							}
						},
						{
							"origin": [-1.28032, 0.18452, -7.75],
							"size": [0.375, 0.2166, 9.5],
							"pivot": [0, 0, -0.2375],
							"rotation": [0, 0, -60],
							"uv": {
								"north": {"uv": [21, 59], "uv_size": [0.5, 0.5]},
								"east": {"uv": [22, 3], "uv_size": [9.5, 0.5]},
								"west": {"uv": [22, 4], "uv_size": [9.5, 0.5]}
							}
						},
						{
							"origin": [0.10532, -1.20112, -7.75],
							"size": [0.375, 0.2166, 9.5],
							"pivot": [0, 0, -0.2375],
							"rotation": [0, 0, 60],
							"uv": {
								"north": {"uv": [59, 21], "uv_size": [0.5, 0.5]},
								"east": {"uv": [22, 5], "uv_size": [9.5, 0.5]},
								"west": {"uv": [22, 6], "uv_size": [9.5, 0.5]}
							}
						},
						{
							"origin": [-0.9875, -0.9083, -7.75],
							"size": [0.375, 0.2166, 9.5],
							"uv": {
								"north": {"uv": [22, 59], "uv_size": [0.5, 0.5]},
								"east": {"uv": [22, 7], "uv_size": [9.5, 0.5]},
								"west": {"uv": [22, 8], "uv_size": [9.5, 0.5]}
							}
						},
						{
							"origin": [0.38605, -0.89993, 1.75],
							"size": [0.47879, 1.0061, 0.125],
							"pivot": [0, 0, -0.2375],
							"rotation": [0, 0, -16.75],
							"uv": {
								"north": {"uv": [24, 52], "uv_size": [0.5, 1]},
								"south": {"uv": [52, 24], "uv_size": [0.5, 1]}
							}
						},
						{
							"origin": [0.79332, -2.7945, 1.75],
							"size": [0.48736, 2.075, 0.125],
							"pivot": [0, 0, -0.2375],
							"rotation": [0, 0, 12.9129],
							"uv": {
								"north": {"uv": [15, 42], "uv_size": [0.5, 2]},
								"south": {"uv": [42, 15], "uv_size": [0.5, 2]}
							}
						},
						{
							"origin": [-0.33658, 0.61208, 1.75],
							"size": [0.6524, 0.2, 0.125],
							"pivot": [0, 0, -0.2375],
							"rotation": [0, 0, 45],
							"uv": {
								"north": {"uv": [59, 22], "uv_size": [0.5, 0.5]},
								"south": {"uv": [23, 59], "uv_size": [0.5, 0.5]}
							}
						},
						{
							"origin": [0.5875, -0.83, 0.25],
							"size": [0.5, 0.155, 0.125],
							"uv": {
								"east": {"uv": [59, 23], "uv_size": [0.5, 0.5]},
								"west": {"uv": [24, 59], "uv_size": [0.5, 0.5]}
							}
						},
						{
							"origin": [0.5875, -1.15373, -0.3761],
							"size": [0.5, 0.4002, 0.09839],
							"pivot": [0, 0, -0.2375],
							"rotation": [38.6598, 0, 0],
							"uv": {
								"north": {"uv": [59, 24], "uv_size": [0.5, 0.5]},
								"east": {"uv": [25, 59], "uv_size": [0.5, 0.5]},
								"west": {"uv": [59, 25], "uv_size": [0.5, 0.5]}
							}
						},
						{
							"origin": [0.5875, -0.675, 0.125],
							"size": [0.5, 0.0625, 0.25],
							"uv": {
								"north": {"uv": [26, 59], "uv_size": [0.5, 0.5]},
								"east": {"uv": [59, 26], "uv_size": [0.5, 0.5]},
								"west": {"uv": [27, 59], "uv_size": [0.5, 0.5]},
								"up": {"uv": [59, 27], "uv_size": [0.5, 0.5]}
							}
						},
						{
							"origin": [1.15567, -2.03761, 0.73671],
							"size": [0.125, 0.5, 0.21651],
							"pivot": [0, 0, -0.2375],
							"rotation": [30, 0, 12.9129],
							"uv": {
								"north": {"uv": [28, 59], "uv_size": [0.5, 0.5]},
								"east": {"uv": [59, 28], "uv_size": [0.5, 0.5]},
								"west": {"uv": [29, 59], "uv_size": [0.5, 0.5]}
							}
						},
						{
							"origin": [1.15567, -3.34849, 1.375],
							"size": [0.125, 0.62899, 0.5],
							"pivot": [0, 0, -0.2375],
							"rotation": [0, 0, 12.9129],
							"uv": {
								"east": {"uv": [59, 29], "uv_size": [0.5, 0.5]},
								"south": {"uv": [30, 59], "uv_size": [0.5, 0.5]},
								"west": {"uv": [59, 30], "uv_size": [0.5, 0.5]},
								"up": {"uv": [31, 59], "uv_size": [0.5, 0.5]}
							}
						},
						{
							"origin": [1.15567, -3.70772, 0.01811],
							"size": [0.125, 2.69628, 0.25],
							"pivot": [0, 0, -0.2375],
							"rotation": [21.7698, 0, 12.9129],
							"uv": {
								"north": {"uv": [11, 39], "uv_size": [0.5, 2.5]},
								"east": {"uv": [39, 11], "uv_size": [0.5, 2.5]},
								"south": {"uv": [12, 39], "uv_size": [0.5, 2.5]},
								"west": {"uv": [13, 39], "uv_size": [0.5, 2.5]}
							}
						},
						{
							"origin": [1.15567, -0.8445, 0.375],
							"size": [0.125, 0.125, 1.25],
							"pivot": [0, 0, -0.2375],
							"rotation": [0, 0, 12.9129],
							"uv": {
								"north": {"uv": [59, 31], "uv_size": [0.5, 0.5]},
								"east": {"uv": [48, 5], "uv_size": [1.5, 0.5]},
								"west": {"uv": [8, 48], "uv_size": [1.5, 0.5]},
								"down": {"uv": [48, 9.5], "uv_size": [0.5, -1.5]}
							}
						},
						{
							"origin": [1.15567, -2.7195, 1.625],
							"size": [0.125, 2, 0.25],
							"pivot": [0, 0, -0.2375],
							"rotation": [0, 0, 12.9129],
							"uv": {
								"north": {"uv": [16, 42], "uv_size": [0.5, 2]},
								"east": {"uv": [17, 42], "uv_size": [0.5, 2]},
								"west": {"uv": [42, 17], "uv_size": [0.5, 2]}
							}
						},
						{
							"origin": [1.14256, 0.68708, 0.81198],
							"size": [0.35355, 0.125, 0.17678],
							"pivot": [0, 0, -0.2375],
							"rotation": [0, -45, 45],
							"uv": {
								"north": {"uv": [32, 59], "uv_size": [0.5, 0.5]},
								"up": {"uv": [59, 32], "uv_size": [0.5, 0.5]},
								"down": {"uv": [33, 59.5], "uv_size": [0.5, -0.5]}
							}
						},
						{
							"origin": [0.73984, -0.42229, 1.53324],
							"size": [0.125, 0.7625, 0.09869],
							"pivot": [0, 0, -0.2375],
							"rotation": [-7.5, 0, -16.75],
							"uv": {
								"north": {"uv": [25, 52], "uv_size": [0.5, 1]},
								"east": {"uv": [52, 25], "uv_size": [0.5, 1]},
								"west": {"uv": [26, 52], "uv_size": [0.5, 1]}
							}
						},
						{
							"origin": [0.73984, -0.50303, -1.06649],
							"size": [0.125, 0.1625, 2],
							"pivot": [0, 0, -0.2375],
							"rotation": [-15.9628, 0, -16.75],
							"uv": {
								"east": {"uv": [18, 42], "uv_size": [2, 0.5]},
								"west": {"uv": [20, 42], "uv_size": [2, 0.5]},
								"up": {"uv": [42, 21], "uv_size": [0.5, 2]}
							}
						},
						{
							"origin": [0.06582, 0.68708, 1.5625],
							"size": [0.25, 0.125, 0.3125],
							"pivot": [0, 0, -0.2375],
							"rotation": [0, 0, 45],
							"uv": {
								"up": {"uv": [59, 33], "uv_size": [0.5, 0.5]},
								"down": {"uv": [34, 59.5], "uv_size": [0.5, -0.5]}
							}
						},
						{
							"origin": [0.73984, -0.89993, 0.125],
							"size": [0.125, 0.25, 1.4375],
							"pivot": [0, 0, -0.2375],
							"rotation": [0, 0, -16.75],
							"uv": {
								"east": {"uv": [10, 48], "uv_size": [1.5, 0.5]},
								"west": {"uv": [48, 13], "uv_size": [1.5, 0.5]},
								"up": {"uv": [12, 48], "uv_size": [0.5, 1.5]}
							}
						},
						{
							"origin": [-0.33658, 0.68708, -1.125],
							"size": [0.4024, 0.12538, 3],
							"pivot": [0, 0, -0.2375],
							"rotation": [0, 0, 45],
							"uv": {
								"west": {"uv": [36, 3], "uv_size": [3, 0.5]},
								"up": {"uv": [36, 23], "uv_size": [0.5, 3]},
								"down": {"uv": [24, 39], "uv_size": [0.5, -3]}
							}
						},
						{
							"origin": [0.73984, -0.76553, -1.98173],
							"size": [0.125, 0.2625, 2.34024],
							"pivot": [0, 0, -0.2375],
							"rotation": [-15.9628, 0, -16.75],
							"uv": {
								"east": {"uv": [39, 5], "uv_size": [2.5, 0.5]},
								"west": {"uv": [39, 6], "uv_size": [2.5, 0.5]},
								"down": {"uv": [39, 16.5], "uv_size": [0.5, -2.5]}
							}
						},
						{
							"origin": [0.73984, -0.89993, 1.5625],
							"size": [0.125, 1.0061, 0.3125],
							"pivot": [0, 0, -0.2375],
							"rotation": [0, 0, -16.75],
							"uv": {
								"east": {"uv": [52, 26], "uv_size": [0.5, 1]},
								"west": {"uv": [27, 52], "uv_size": [0.5, 1]}
							}
						},
						{
							"origin": [-0.33658, 0.68708, -2.125],
							"size": [0.6524, 0.12538, 1],
							"pivot": [0, 0, -0.2375],
							"rotation": [0, 0, 45],
							"uv": {
								"north": {"uv": [59, 34], "uv_size": [0.5, 0.5]},
								"south": {"uv": [35, 59], "uv_size": [0.5, 0.5]},
								"up": {"uv": [52, 27], "uv_size": [0.5, 1]},
								"down": {"uv": [28, 53], "uv_size": [0.5, -1]}
							}
						},
						{
							"origin": [0.5875, -0.9875, 0.375],
							"size": [0.5, 0.375, 1.5],
							"uv": {
								"east": {"uv": [14, 48], "uv_size": [1.5, 0.5]},
								"south": {"uv": [59, 35], "uv_size": [0.5, 0.5]},
								"west": {"uv": [48, 14], "uv_size": [1.5, 0.5]},
								"up": {"uv": [17, 48], "uv_size": [0.5, 1.5]},
								"down": {"uv": [18, 49.5], "uv_size": [0.5, -1.5]}
							}
						},
						{
							"origin": [0.73984, -0.25633, -2.125],
							"size": [0.125, 0.3625, 1],
							"pivot": [0, 0, -0.2375],
							"rotation": [0, 0, -16.75],
							"uv": {
								"north": {"uv": [36, 59], "uv_size": [0.5, 0.5]},
								"east": {"uv": [52, 28], "uv_size": [1, 0.5]},
								"south": {"uv": [59, 36], "uv_size": [0.5, 0.5]},
								"west": {"uv": [29, 52], "uv_size": [1, 0.5]}
							}
						},
						{
							"origin": [0.90532, 0.18452, -7.75],
							"size": [0.375, 0.2166, 9.5],
							"pivot": [0, 0, -0.2375],
							"rotation": [0, 0, 60],
							"uv": {
								"north": {"uv": [37, 59], "uv_size": [0.5, 0.5]},
								"east": {"uv": [22, 9], "uv_size": [9.5, 0.5]},
								"west": {"uv": [22, 10], "uv_size": [9.5, 0.5]}
							}
						},
						{
							"origin": [-0.48032, -1.20112, -7.75],
							"size": [0.375, 0.2166, 9.5],
							"pivot": [0, 0, -0.2375],
							"rotation": [0, 0, -60],
							"uv": {
								"north": {"uv": [59, 37], "uv_size": [0.5, 0.5]},
								"east": {"uv": [11, 22], "uv_size": [9.5, 0.5]},
								"west": {"uv": [22, 11], "uv_size": [9.5, 0.5]}
							}
						},
						{
							"origin": [0.6125, -0.9083, -7.75],
							"size": [0.375, 0.2166, 9.5],
							"uv": {
								"north": {"uv": [38, 59], "uv_size": [0.5, 0.5]},
								"east": {"uv": [22, 12], "uv_size": [9.5, 0.5]},
								"west": {"uv": [22, 13], "uv_size": [9.5, 0.5]}
							}
						}
					]
				}
			]
		}
	]
}