{
	"format_version": "1.12.0",
	"minecraft:geometry": [
		{
			"description": {
				"identifier": "geometry.buttstock_magpul_dtpr",
				"texture_width": 32,
				"texture_height": 32,
				"visible_bounds_width": 3,
				"visible_bounds_height": 2,
				"visible_bounds_offset": [0, 0, 0]
			},
			"bones": [
				{
					"name": "bb_main",
					"pivot": [0, -0.1, 0],
					"cubes": [
						{
							"origin": [-0.95, -0.6, 1],
							"size": [1.9, 0.5, 0.75],
							"uv": {
								"east": {"uv": [5, 18], "uv_size": [1, 0.5]},
								"south": {"uv": [14, 11], "uv_size": [2, 0.5]},
								"west": {"uv": [12, 18], "uv_size": [1, 0.5]}
							}
						},
						{
							"origin": [-0.95, -0.1625, 0],
							"size": [1.9, 0.0625, 1],
							"uv": {
								"north": {"uv": [13, 14], "uv_size": [2, 0.5]},
								"east": {"uv": [18, 12], "uv_size": [1, 0.5]},
								"west": {"uv": [13, 18], "uv_size": [1, 0.5]}
							}
						},
						{
							"origin": [-0.95, -0.38125, 0.78125],
							"size": [1.9, 0.21875, 0.21875],
							"uv": {
								"east": {"uv": [8, 20], "uv_size": [0.5, 0.5]},
								"west": {"uv": [20, 8], "uv_size": [0.5, 0.5]}
							}
						},
						{
							"origin": [-0.95, -0.49062, 0.89062],
							"size": [1.9, 0.10937, 0.10938],
							"uv": {
								"east": {"uv": [9, 20], "uv_size": [0.5, 0.5]},
								"west": {"uv": [20, 9], "uv_size": [0.5, 0.5]}
							}
						},
						{
							"origin": [-0.95, -0.27187, 0.67187],
							"size": [1.9, 0.10937, 0.10938],
							"uv": {
								"east": {"uv": [10, 20], "uv_size": [0.5, 0.5]},
								"west": {"uv": [20, 10], "uv_size": [0.5, 0.5]}
							}
						},
						{
							"origin": [-0.95, 0.25355, 0.44194],
							"size": [1.9, 0.07734, 0.61872],
							"pivot": [0, -0.1, 0],
							"rotation": [-45, 0, 0],
							"uv": {
								"east": {"uv": [11, 20], "uv_size": [0.5, 0.5]},
								"west": {"uv": [20, 11], "uv_size": [0.5, 0.5]},
								"down": {"uv": [15, 4.5], "uv_size": [2, -0.5]}
							}
						},
						{
							"origin": [0.37888, -0.575, 0],
							"size": [0.44384, 1.025, 8.375],
							"pivot": [0, -0.1, 0],
							"rotation": [0, 0, -30],
							"uv": {
								"north": {"uv": [18, 13], "uv_size": [0.5, 1]},
								"west": {"uv": [4, 0], "uv_size": [8.5, 1]}
							}
						},
						{
							"origin": [-0.4375, -0.1, 0],
							"size": [0.875, 0.88768, 8.375],
							"uv": {
								"north": {"uv": [3, 9], "uv_size": [1, 1]},
								"up": {"uv": [4, 1], "uv_size": [1, 8.5]}
							}
						},
						{
							"origin": [-0.4375, -0.9, 2.2],
							"size": [0.875, 0.3, 5.5],
							"uv": {
								"down": {"uv": [5, 7.5], "uv_size": [1, -5.5]}
							}
						},
						{
							"origin": [0.84893, -0.12658, 1],
							"size": [0.0625, 0.59385, 7.375],
							"pivot": [0, -0.1, 0],
							"rotation": [-0.00001, -0.00002, 59.65676],
							"uv": {
								"west": {"uv": [8, 2], "uv_size": [7.5, 0.5]}
							}
						},
						{
							"origin": [0.84893, -0.12658, 0.2],
							"size": [0.0625, 0.22505, 0.8],
							"pivot": [0, -0.1, 0],
							"rotation": [-0.00001, -0.00002, 59.65676],
							"uv": {
								"west": {"uv": [18, 14], "uv_size": [1, 0.5]}
							}
						},
						{
							"origin": [-0.91143, -0.12658, 0.2],
							"size": [0.0625, 0.22505, 0.8],
							"pivot": [0, -0.1, 0],
							"rotation": [-0.00001, 0.00002, -59.65676],
							"uv": {
								"east": {"uv": [18, 15], "uv_size": [1, 0.5]}
							}
						},
						{
							"origin": [-0.91143, 0.09847, 1],
							"size": [0.125, 0.3688, 0.1],
							"pivot": [0, -0.1, 0],
							"rotation": [-0.00001, 0.00002, -59.65676],
							"uv": {
								"north": {"uv": [12, 20], "uv_size": [0.5, 0.5]}
							}
						},
						{
							"origin": [-0.91143, -0.12658, 1],
							"size": [0.0625, 0.59385, 7.375],
							"pivot": [0, -0.1, 0],
							"rotation": [-0.00001, 0.00002, -59.65676],
							"uv": {
								"east": {"uv": [8, 3], "uv_size": [7.5, 0.5]}
							}
						},
						{
							"origin": [0.78643, 0.09847, 1],
							"size": [0.125, 0.3688, 0.1],
							"pivot": [0, -0.1, 0],
							"rotation": [-0.00001, -0.00002, 59.65676],
							"uv": {
								"north": {"uv": [20, 12], "uv_size": [0.5, 0.5]}
							}
						},
						{
							"origin": [-0.1875, -1.15, 0.2],
							"size": [0.375, 0.25, 1.55],
							"uv": {
								"down": {"uv": [3, 18.5], "uv_size": [0.5, -1.5]}
							}
						},
						{
							"origin": [0.77504, -0.70988, 0.2],
							"size": [0.1, 0.35355, 1.55],
							"pivot": [0, -0.1, 0],
							"rotation": [0, 0, 45],
							"uv": {
								"west": {"uv": [17, 4], "uv_size": [1.5, 0.5]}
							}
						},
						{
							"origin": [-0.1875, -1.275, 3.27904],
							"size": [0.375, 0.375, 3.85],
							"uv": {
								"east": {"uv": [11, 8], "uv_size": [4, 0.5]},
								"west": {"uv": [11, 9], "uv_size": [4, 0.5]},
								"down": {"uv": [0, 16], "uv_size": [0.5, -4]}
							}
						},
						{
							"origin": [-0.075, 3.84168, 6.4003],
							"size": [0.15, 0.11587, 0.25],
							"pivot": [0, -0.1, 0],
							"rotation": [-45, 0, 0],
							"uv": {
								"east": {"uv": [13, 20], "uv_size": [0.5, 0.5]},
								"west": {"uv": [20, 13], "uv_size": [0.5, 0.5]}
							}
						},
						{
							"origin": [-0.075, 3.64168, 6.5128],
							"size": [0.15, 0.2, 0.275],
							"pivot": [0, -0.1, 0],
							"rotation": [-45, 0, 0],
							"uv": {
								"east": {"uv": [14, 20], "uv_size": [0.5, 0.5]},
								"west": {"uv": [20, 14], "uv_size": [0.5, 0.5]},
								"down": {"uv": [15, 20.5], "uv_size": [0.5, -0.5]}
							}
						},
						{
							"origin": [-0.075, 3.64168, 5.40338],
							"size": [0.15, 0.31586, 0.45943],
							"pivot": [0, -0.1, 0],
							"rotation": [-45, 0, 0],
							"uv": {
								"east": {"uv": [20, 15], "uv_size": [0.5, 0.5]},
								"west": {"uv": [16, 20], "uv_size": [0.5, 0.5]},
								"down": {"uv": [20, 16.5], "uv_size": [0.5, -0.5]}
							}
						},
						{
							"origin": [-0.075, 3.95754, 5.71588],
							"size": [0.15, 0.14649, 0.825],
							"pivot": [0, -0.1, 0],
							"rotation": [-45, 0, 0],
							"uv": {
								"east": {"uv": [18, 16], "uv_size": [1, 0.5]},
								"west": {"uv": [18, 17], "uv_size": [1, 0.5]}
							}
						},
						{
							"origin": [-0.18125, -2.15, 6.852],
							"size": [0.3625, 0.125, 0.32101],
							"uv": {
								"east": {"uv": [17, 20], "uv_size": [0.5, 0.5]},
								"west": {"uv": [20, 17], "uv_size": [0.5, 0.5]},
								"up": {"uv": [18, 20], "uv_size": [0.5, 0.5]},
								"down": {"uv": [20, 18.5], "uv_size": [0.5, -0.5]}
							}
						},
						{
							"origin": [-0.18125, 3.29552, 5.97365],
							"size": [0.3625, 0.125, 0.32101],
							"pivot": [0, -0.1, 0],
							"rotation": [-45, 0, 0],
							"uv": {
								"east": {"uv": [19, 20], "uv_size": [0.5, 0.5]},
								"west": {"uv": [20, 19], "uv_size": [0.5, 0.5]},
								"up": {"uv": [20, 20], "uv_size": [0.5, 0.5]},
								"down": {"uv": [0, 21.5], "uv_size": [0.5, -0.5]}
							}
						},
						{
							"origin": [-0.18125, -6.62165, 3.62252],
							"size": [0.3625, 0.125, 0.32101],
							"pivot": [0, -0.1, 0],
							"rotation": [45, 0, 0],
							"uv": {
								"east": {"uv": [21, 0], "uv_size": [0.5, 0.5]},
								"west": {"uv": [1, 21], "uv_size": [0.5, 0.5]},
								"up": {"uv": [21, 1], "uv_size": [0.5, 0.5]},
								"down": {"uv": [2, 21.5], "uv_size": [0.5, -0.5]}
							}
						},
						{
							"origin": [-0.18125, 3.94552, 5.97365],
							"size": [0.3625, 0.125, 0.32101],
							"pivot": [0, -0.1, 0],
							"rotation": [-45, 0, 0],
							"uv": {
								"east": {"uv": [21, 2], "uv_size": [0.5, 0.5]},
								"west": {"uv": [3, 21], "uv_size": [0.5, 0.5]},
								"up": {"uv": [21, 3], "uv_size": [0.5, 0.5]},
								"down": {"uv": [4, 21.5], "uv_size": [0.5, -0.5]}
							}
						},
						{
							"origin": [-0.18125, -1.5, 6.852],
							"size": [0.3625, 0.125, 0.32101],
							"uv": {
								"east": {"uv": [21, 4], "uv_size": [0.5, 0.5]},
								"west": {"uv": [5, 21], "uv_size": [0.5, 0.5]},
								"up": {"uv": [21, 5], "uv_size": [0.5, 0.5]},
								"down": {"uv": [6, 21.5], "uv_size": [0.5, -0.5]}
							}
						},
						{
							"origin": [-0.18125, -5.97165, 3.62252],
							"size": [0.3625, 0.125, 0.32101],
							"pivot": [0, -0.1, 0],
							"rotation": [45, 0, 0],
							"uv": {
								"east": {"uv": [21, 6], "uv_size": [0.5, 0.5]},
								"west": {"uv": [7, 21], "uv_size": [0.5, 0.5]},
								"up": {"uv": [21, 7], "uv_size": [0.5, 0.5]},
								"down": {"uv": [8, 21.5], "uv_size": [0.5, -0.5]}
							}
						},
						{
							"origin": [-0.18125, -1.923, 7.275],
							"size": [0.3625, 0.32101, 0.125],
							"uv": {
								"north": {"uv": [21, 8], "uv_size": [0.5, 0.5]},
								"east": {"uv": [9, 21], "uv_size": [0.5, 0.5]},
								"south": {"uv": [21, 9], "uv_size": [0.5, 0.5]},
								"west": {"uv": [10, 21], "uv_size": [0.5, 0.5]}
							}
						},
						{
							"origin": [-0.18125, -1.923, 6.625],
							"size": [0.3625, 0.32101, 0.125],
							"uv": {
								"north": {"uv": [21, 10], "uv_size": [0.5, 0.5]},
								"east": {"uv": [11, 21], "uv_size": [0.5, 0.5]},
								"south": {"uv": [21, 11], "uv_size": [0.5, 0.5]},
								"west": {"uv": [12, 21], "uv_size": [0.5, 0.5]}
							}
						},
						{
							"origin": [-0.4375, 4.77904, 6.01041],
							"size": [0.875, 0.45962, 0.91924],
							"pivot": [0, -0.1, 0],
							"rotation": [-45, 0, 0],
							"uv": {
								"east": {"uv": [18, 18], "uv_size": [1, 0.5]},
								"west": {"uv": [19, 0], "uv_size": [1, 0.5]}
							}
						},
						{
							"origin": [-0.1875, 4.10404, 5.86041],
							"size": [0.375, 0.1, 0.5625],
							"pivot": [0, -0.1, 0],
							"rotation": [-45, 0, 0],
							"uv": {
								"down": {"uv": [21, 12.5], "uv_size": [0.5, -0.5]}
							}
						},
						{
							"origin": [-1.5343, 4.12726, 6.61715],
							"size": [0.25, 0.5, 0.3125],
							"pivot": [0, -0.1, 0],
							"rotation": [-43.15997, 14.21661, 14.67568],
							"uv": {
								"west": {"uv": [13, 21], "uv_size": [0.5, 0.5]}
							}
						},
						{
							"origin": [-1.5343, 3.90745, 5.58541],
							"size": [0.25, 0.71981, 1.03174],
							"pivot": [0, -0.1, 0],
							"rotation": [-43.15997, 14.21661, 14.67568],
							"uv": {
								"west": {"uv": [1, 19], "uv_size": [1, 0.5]}
							}
						},
						{
							"origin": [1.2843, 4.12726, 6.61715],
							"size": [0.25, 0.5, 0.3125],
							"pivot": [0, -0.1, 0],
							"rotation": [-43.15997, -14.21661, -14.67568],
							"uv": {
								"east": {"uv": [21, 13], "uv_size": [0.5, 0.5]}
							}
						},
						{
							"origin": [1.2843, 3.90745, 5.58541],
							"size": [0.25, 0.71981, 1.03174],
							"pivot": [0, -0.1, 0],
							"rotation": [-43.15997, -14.21661, -14.67568],
							"uv": {
								"east": {"uv": [19, 1], "uv_size": [1, 0.5]}
							}
						},
						{
							"origin": [1.2843, 3.90745, 5.33541],
							"size": [0.25, 0.2625, 0.25],
							"pivot": [0, -0.1, 0],
							"rotation": [-43.15997, -14.21661, -14.67568],
							"uv": {
								"east": {"uv": [14, 21], "uv_size": [0.5, 0.5]}
							}
						},
						{
							"origin": [-1.5343, 3.90745, 5.33541],
							"size": [0.25, 0.2625, 0.25],
							"pivot": [0, -0.1, 0],
							"rotation": [-43.15997, 14.21661, 14.67568],
							"uv": {
								"west": {"uv": [21, 14], "uv_size": [0.5, 0.5]}
							}
						},
						{
							"origin": [-0.4375, -1.20752, 3.81556],
							"size": [0.875, 0.35, 0.2375],
							"pivot": [0, -0.1, 0],
							"rotation": [-41, 0, 0],
							"uv": {
								"east": {"uv": [15, 21], "uv_size": [0.5, 0.5]},
								"west": {"uv": [21, 15], "uv_size": [0.5, 0.5]}
							}
						},
						{
							"origin": [-0.1875, -1.33217, 3.56555],
							"size": [0.375, 0.375, 0.25001],
							"pivot": [0, -0.1, 0],
							"rotation": [-41, 0, 0],
							"uv": {
								"north": {"uv": [16, 21], "uv_size": [0.5, 0.5]}
							}
						},
						{
							"origin": [-2.48865, -1.2381, 2.7356],
							"size": [0.1, 0.47465, 0.35356],
							"pivot": [-0.00001, -0.00593, 0.08179],
							"rotation": [-50.87395, 32.2531, -33.26724],
							"uv": {
								"west": {"uv": [21, 16], "uv_size": [0.5, 0.5]}
							}
						},
						{
							"origin": [2.3886, -2.14445, 2.09317],
							"size": [0.1, 0.013, 0.04145],
							"pivot": [0, -0.1, 0],
							"rotation": [-31.453, -32.25226, 33.26637],
							"uv": {
								"east": {"uv": [17, 21], "uv_size": [0.5, 0.5]}
							}
						},
						{
							"origin": [2.38865, -1.34897, 2.7356],
							"size": [0.1, 0.11087, 0.03909],
							"pivot": [0.00001, -0.00593, 0.08179],
							"rotation": [-50.87395, -32.2531, 33.26724],
							"uv": {
								"east": {"uv": [21, 17], "uv_size": [0.5, 0.5]}
							}
						},
						{
							"origin": [2.38861, -2.14445, 2.13462],
							"size": [0.09999, 0.10456, 0.33344],
							"pivot": [0, -0.1, 0],
							"rotation": [-31.453, -32.25226, 33.26637],
							"uv": {
								"east": {"uv": [18, 21], "uv_size": [0.5, 0.5]}
							}
						},
						{
							"origin": [2.38865, -1.2381, 2.7356],
							"size": [0.1, 0.47465, 0.35356],
							"pivot": [0.00001, -0.00593, 0.08179],
							"rotation": [-50.87395, -32.2531, 33.26724],
							"uv": {
								"east": {"uv": [21, 18], "uv_size": [0.5, 0.5]}
							}
						},
						{
							"origin": [-2.48865, -1.34897, 2.7356],
							"size": [0.1, 0.11087, 0.03909],
							"pivot": [-0.00001, -0.00593, 0.08179],
							"rotation": [-50.87395, 32.2531, -33.26724],
							"uv": {
								"west": {"uv": [19, 21], "uv_size": [0.5, 0.5]}
							}
						},
						{
							"origin": [-2.4886, -2.14445, 2.13462],
							"size": [0.09999, 0.10456, 0.33344],
							"pivot": [0, -0.1, 0],
							"rotation": [-31.453, 32.25226, -33.26637],
							"uv": {
								"west": {"uv": [21, 19], "uv_size": [0.5, 0.5]}
							}
						},
						{
							"origin": [-2.4886, -2.14445, 2.09317],
							"size": [0.1, 0.013, 0.04145],
							"pivot": [0, -0.1, 0],
							"rotation": [-31.453, 32.25226, -33.26637],
							"uv": {
								"west": {"uv": [20, 21], "uv_size": [0.5, 0.5]}
							}
						},
						{
							"origin": [-0.87504, -0.70988, 0.2],
							"size": [0.1, 0.35355, 1.55],
							"pivot": [0, -0.1, 0],
							"rotation": [0, 0, -45],
							"uv": {
								"east": {"uv": [17, 5], "uv_size": [1.5, 0.5]}
							}
						},
						{
							"origin": [0.15314, 0.31831, 1.78545],
							"size": [0.1, 0.35355, 0.70711],
							"pivot": [0, -0.1, 0],
							"rotation": [-35.26439, -30, -35.26439],
							"uv": {
								"east": {"uv": [21, 20], "uv_size": [0.5, 0.5]}
							}
						},
						{
							"origin": [1.17785, -3.37647, 1.44302],
							"size": [0.1, 1.7875, 0.35355],
							"pivot": [0, -0.1, 0],
							"rotation": [7.05323, -44.78238, -4.98107],
							"uv": {
								"east": {"uv": [15, 5], "uv_size": [0.5, 2]}
							}
						},
						{
							"origin": [-0.4375, 0.55407, 1.78545],
							"size": [0.875, 0.32855, 0.70711],
							"pivot": [0, -0.1, 0],
							"rotation": [-45, 0, 0],
							"uv": {
								"east": {"uv": [21, 21], "uv_size": [0.5, 0.5]},
								"west": {"uv": [0, 22], "uv_size": [0.5, 0.5]}
							}
						},
						{
							"origin": [-0.1875, 0.30407, 1.78545],
							"size": [0.375, 0.25, 0.70711],
							"pivot": [0, -0.1, 0],
							"rotation": [-45, 0, 0],
							"uv": {
								"down": {"uv": [22, 0.5], "uv_size": [0.5, -0.5]}
							}
						},
						{
							"origin": [-0.25314, 0.31831, 1.78545],
							"size": [0.1, 0.35355, 0.70711],
							"pivot": [0, -0.1, 0],
							"rotation": [-35.26439, 30, 35.26439],
							"uv": {
								"west": {"uv": [1, 22], "uv_size": [0.5, 0.5]}
							}
						},
						{
							"origin": [-0.4375, -3.80147, 2.10323],
							"size": [0.875, 2.8, 0.25],
							"pivot": [0, -0.1, 0],
							"rotation": [5, 0, 0],
							"uv": {
								"east": {"uv": [3, 13], "uv_size": [0.5, 3]},
								"south": {"uv": [8, 4], "uv_size": [1, 3]},
								"west": {"uv": [4, 13], "uv_size": [0.5, 3]}
							}
						},
						{
							"origin": [-0.1875, -3.27647, 1.85323],
							"size": [0.375, 1.6, 0.25],
							"pivot": [0, -0.1, 0],
							"rotation": [5, 0, 0],
							"uv": {
								"north": {"uv": [4, 17], "uv_size": [0.5, 1.5]}
							}
						},
						{
							"origin": [-0.4375, -3.97647, 2.35323],
							"size": [0.875, 1.7375, 0.6],
							"pivot": [0, -0.1, 0],
							"rotation": [5, 0, 0],
							"uv": {
								"east": {"uv": [6, 17], "uv_size": [0.5, 1.5]},
								"west": {"uv": [17, 6], "uv_size": [0.5, 1.5]},
								"up": {"uv": [2, 19], "uv_size": [1, 0.5]}
							}
						},
						{
							"origin": [-0.375, -1.98897, 2.76573],
							"size": [0.75, 0.5875, 0.25],
							"pivot": [0, -0.1, 0],
							"rotation": [5, 0, 0],
							"uv": {
								"north": {"uv": [3, 19], "uv_size": [1, 0.5]},
								"east": {"uv": [22, 1], "uv_size": [0.5, 0.5]},
								"west": {"uv": [2, 22], "uv_size": [0.5, 0.5]}
							}
						},
						{
							"origin": [-0.375, -1.98897, 2.35323],
							"size": [0.75, 0.5875, 0.1625],
							"pivot": [0, -0.1, 0],
							"rotation": [5, 0, 0],
							"uv": {
								"east": {"uv": [22, 2], "uv_size": [0.5, 0.5]},
								"south": {"uv": [4, 19], "uv_size": [1, 0.5]},
								"west": {"uv": [3, 22], "uv_size": [0.5, 0.5]}
							}
						},
						{
							"origin": [-0.375, -2.23897, 2.35323],
							"size": [0.75, 0.25, 0.6625],
							"pivot": [0, -0.1, 0],
							"rotation": [5, 0, 0],
							"uv": {
								"east": {"uv": [22, 3], "uv_size": [0.5, 0.5]},
								"west": {"uv": [4, 22], "uv_size": [0.5, 0.5]},
								"up": {"uv": [19, 4], "uv_size": [1, 0.5]}
							}
						},
						{
							"origin": [-0.375, -1.40147, 2.35323],
							"size": [0.75, 0.3, 0.6625],
							"pivot": [0, -0.1, 0],
							"rotation": [5, 0, 0],
							"uv": {
								"east": {"uv": [22, 4], "uv_size": [0.5, 0.5]},
								"west": {"uv": [5, 22], "uv_size": [0.5, 0.5]},
								"down": {"uv": [5, 19.5], "uv_size": [1, -0.5]}
							}
						},
						{
							"origin": [-0.275, -1.98897, 2.51573],
							"size": [0.55, 0.5875, 0.25],
							"pivot": [0, -0.1, 0],
							"rotation": [5, 0, 0],
							"uv": {
								"east": {"uv": [22, 5], "uv_size": [0.5, 0.5]},
								"west": {"uv": [6, 22], "uv_size": [0.5, 0.5]}
							}
						},
						{
							"origin": [-0.4375, -1.62647, 2.60323],
							"size": [0.875, 0.2, 0.075],
							"pivot": [0, -0.1, 0],
							"rotation": [5, 0, 0],
							"uv": {
								"east": {"uv": [22, 6], "uv_size": [0.5, 0.5]},
								"west": {"uv": [7, 22], "uv_size": [0.5, 0.5]},
								"up": {"uv": [19, 5], "uv_size": [1, 0.5]},
								"down": {"uv": [6, 19.5], "uv_size": [1, -0.5]}
							}
						},
						{
							"origin": [-0.4375, -3.07318, 0.81441],
							"size": [0.875, 0.19446, 0.08839],
							"pivot": [0, -0.1, 0],
							"rotation": [50, 0, 0],
							"uv": {
								"east": {"uv": [22, 7], "uv_size": [0.5, 0.5]},
								"west": {"uv": [8, 22], "uv_size": [0.5, 0.5]},
								"up": {"uv": [7, 19], "uv_size": [1, 0.5]},
								"down": {"uv": [8, 19.5], "uv_size": [1, -0.5]}
							}
						},
						{
							"origin": [-0.4375, 0.66138, 2.83175],
							"size": [0.875, 0.19446, 0.08839],
							"pivot": [0, -0.1, 0],
							"rotation": [-40, 0, 0],
							"uv": {
								"east": {"uv": [22, 8], "uv_size": [0.5, 0.5]},
								"west": {"uv": [9, 22], "uv_size": [0.5, 0.5]},
								"up": {"uv": [9, 19], "uv_size": [1, 0.5]},
								"down": {"uv": [10, 19.5], "uv_size": [1, -0.5]}
							}
						},
						{
							"origin": [-0.4375, -1.56397, 2.54073],
							"size": [0.875, 0.075, 0.2],
							"pivot": [0, -0.1, 0],
							"rotation": [5, 0, 0],
							"uv": {
								"north": {"uv": [19, 10], "uv_size": [1, 0.5]},
								"east": {"uv": [22, 9], "uv_size": [0.5, 0.5]},
								"south": {"uv": [11, 19], "uv_size": [1, 0.5]},
								"west": {"uv": [10, 22], "uv_size": [0.5, 0.5]}
							}
						},
						{
							"origin": [-0.1875, -3.91397, 2.95323],
							"size": [0.375, 2.75, 0.25],
							"pivot": [0, -0.1, 0],
							"rotation": [5, 0, 0],
							"uv": {
								"south": {"uv": [5, 13], "uv_size": [0.5, 3]}
							}
						},
						{
							"origin": [2.2976, -3.91397, 1.77889],
							"size": [0.1, 1.675, 0.35355],
							"pivot": [0, -0.1, 0],
							"rotation": [7.05323, -44.78238, -4.98107],
							"uv": {
								"west": {"uv": [7, 17], "uv_size": [0.5, 1.5]},
								"up": {"uv": [22, 10], "uv_size": [0.5, 0.5]}
							}
						},
						{
							"origin": [4.17604, -4.89476, 4.73657],
							"size": [0.1, 0.35355, 1.50798],
							"pivot": [0, -0.1, 0],
							"rotation": [14.43276, -13.99545, 43.21918],
							"uv": {
								"east": {"uv": [8, 17], "uv_size": [1.5, 0.5]}
							}
						},
						{
							"origin": [1.42059, -2.13931, 4.02909],
							"size": [0.1, 0.35355, 3.6],
							"pivot": [0, -0.1, 0],
							"rotation": [-10.91159, 10.71892, 43.97326],
							"uv": {
								"east": {"uv": [3, 12], "uv_size": [3.5, 0.5]}
							}
						},
						{
							"origin": [-2.3976, -3.91397, 1.77889],
							"size": [0.1, 1.675, 0.35355],
							"pivot": [0, -0.1, 0],
							"rotation": [7.05323, 44.78238, 4.98107],
							"uv": {
								"east": {"uv": [17, 8], "uv_size": [0.5, 1.5]},
								"up": {"uv": [11, 22], "uv_size": [0.5, 0.5]}
							}
						},
						{
							"origin": [2.2976, -2.23897, 1.86728],
							"size": [0.1, 1.075, 0.26517],
							"pivot": [0, -0.1, 0],
							"rotation": [7.05323, -44.78238, -4.98107],
							"uv": {
								"west": {"uv": [12, 19], "uv_size": [0.5, 1]}
							}
						},
						{
							"origin": [-2.3976, -2.23897, 1.86728],
							"size": [0.1, 1.075, 0.26517],
							"pivot": [0, -0.1, 0],
							"rotation": [7.05323, 44.78238, 4.98107],
							"uv": {
								"east": {"uv": [19, 12], "uv_size": [0.5, 1]}
							}
						},
						{
							"origin": [-0.4375, 0.0515, 3.05273],
							"size": [0.875, 0.12374, 0.24749],
							"pivot": [0, -0.1, 0],
							"rotation": [-40, 0, 0],
							"uv": {
								"east": {"uv": [22, 11], "uv_size": [0.5, 0.5]},
								"west": {"uv": [12, 22], "uv_size": [0.5, 0.5]},
								"up": {"uv": [13, 19], "uv_size": [1, 0.5]}
							}
						},
						{
							"origin": [-0.4375, -5.54499, 7.16096],
							"size": [0.875, 1.1, 0.875],
							"uv": {
								"east": {"uv": [15, 8], "uv_size": [1, 1]},
								"west": {"uv": [15, 9], "uv_size": [1, 1]},
								"down": {"uv": [15, 13], "uv_size": [1, -1]}
							}
						},
						{
							"origin": [-0.1875, -5.54503, 6.95891],
							"size": [0.375, 0.20004, 0.20205],
							"uv": {
								"down": {"uv": [22, 12.5], "uv_size": [0.5, -0.5]}
							}
						},
						{
							"origin": [-5.45157, -5.54503, 4.52002],
							"size": [0.15714, 0.20004, 0.32144],
							"pivot": [0, -0.1, 0],
							"rotation": [-0.00001, 51.05501, 0],
							"uv": {
								"down": {"uv": [13, 22.5], "uv_size": [0.5, -0.5]}
							}
						},
						{
							"origin": [-0.4375, -6.9272, 4.73657],
							"size": [0.875, 0.48389, 1.50798],
							"pivot": [0, -0.1, 0],
							"rotation": [20, 0, 0],
							"uv": {
								"east": {"uv": [10, 17], "uv_size": [1.5, 0.5]},
								"west": {"uv": [17, 10], "uv_size": [1.5, 0.5]}
							}
						},
						{
							"origin": [-0.1875, -6.44331, 4.73657],
							"size": [0.375, 0.25, 1.50798],
							"pivot": [0, -0.1, 0],
							"rotation": [20, 0, 0],
							"uv": {
								"up": {"uv": [17, 11], "uv_size": [0.5, 1.5]}
							}
						},
						{
							"origin": [-4.27604, -4.89476, 4.73657],
							"size": [0.1, 0.35355, 1.50798],
							"pivot": [0, -0.1, 0],
							"rotation": [14.43276, 13.99545, -43.21918],
							"uv": {
								"west": {"uv": [12, 17], "uv_size": [1.5, 0.5]}
							}
						},
						{
							"origin": [-0.1875, -3.29365, 2.9205],
							"size": [0.375, 0.25, 4.85],
							"pivot": [0, -0.1, 0],
							"rotation": [-14.5, 0, 0],
							"uv": {
								"down": {"uv": [2, 14], "uv_size": [0.5, -5]}
							}
						},
						{
							"origin": [2.21406, -2.22567, 2.9205],
							"size": [0.17678, 0.35355, 4.85],
							"pivot": [0, -0.1, 0],
							"rotation": [-10.36319, 10.19771, 44.07281],
							"uv": {
								"north": {"uv": [22, 13], "uv_size": [0.5, 0.5]},
								"west": {"uv": [3, 10], "uv_size": [5, 0.5]}
							}
						},
						{
							"origin": [-2.39084, -2.22567, 2.9205],
							"size": [0.17678, 0.35355, 4.85],
							"pivot": [0, -0.1, 0],
							"rotation": [-10.36319, -10.19771, -44.07281],
							"uv": {
								"north": {"uv": [14, 22], "uv_size": [0.5, 0.5]},
								"east": {"uv": [8, 10], "uv_size": [5, 0.5]}
							}
						},
						{
							"origin": [-0.4375, -2.74652, 4.02909],
							"size": [0.875, 0.2, 3.6],
							"pivot": [0, -0.1, 0],
							"rotation": [-15.25, 0, 0],
							"uv": {
								"east": {"uv": [7, 12], "uv_size": [3.5, 0.5]},
								"west": {"uv": [11, 12], "uv_size": [3.5, 0.5]}
							}
						},
						{
							"origin": [-0.1875, -2.54652, 4.02909],
							"size": [0.375, 0.25, 3.6],
							"pivot": [0, -0.1, 0],
							"rotation": [-15.25, 0, 0],
							"uv": {
								"up": {"uv": [1, 12], "uv_size": [0.5, 3.5]}
							}
						},
						{
							"origin": [-1.52059, -2.13931, 4.02909],
							"size": [0.1, 0.35355, 3.6],
							"pivot": [0, -0.1, 0],
							"rotation": [-10.91159, -10.71892, -43.97326],
							"uv": {
								"west": {"uv": [13, 0], "uv_size": [3.5, 0.5]}
							}
						},
						{
							"origin": [-0.4375, -8.39598, 3.47908],
							"size": [0.875, 0.75, 0.4],
							"pivot": [0, -0.1, 0],
							"rotation": [30, 0, 0],
							"uv": {
								"east": {"uv": [19, 13], "uv_size": [0.5, 1]},
								"west": {"uv": [14, 19], "uv_size": [0.5, 1]}
							}
						},
						{
							"origin": [-0.1875, -8.29499, 3.30408],
							"size": [0.375, 0.65, 0.175],
							"pivot": [0, -0.1, 0],
							"rotation": [30, 0, 0],
							"uv": {
								"north": {"uv": [22, 14], "uv_size": [0.5, 0.5]}
							}
						},
						{
							"origin": [-2.84928, -7.23649, 4.51932],
							"size": [0.25, 0.08641, 0.28971],
							"pivot": [0, -0.1, 0],
							"rotation": [26.88252, 45.19227, 35.53768],
							"uv": {
								"west": {"uv": [15, 22], "uv_size": [0.5, 0.5]}
							}
						},
						{
							"origin": [-2.84929, -7.23649, 4.80903],
							"size": [0.25, 0.00946, 0.03173],
							"pivot": [0, -0.1, 0],
							"rotation": [26.88252, 45.19227, 35.53768],
							"uv": {
								"west": {"uv": [22, 15], "uv_size": [0.5, 0.5]}
							}
						},
						{
							"origin": [-2.84928, -8.29499, 2.04837],
							"size": [0.25, 0.64901, 0.30516],
							"pivot": [0, -0.1, 0],
							"rotation": [45.19357, 45.19227, 35.53768],
							"uv": {
								"west": {"uv": [16, 22], "uv_size": [0.5, 0.5]}
							}
						},
						{
							"origin": [5.29443, -5.54503, 4.52002],
							"size": [0.15714, 0.20004, 0.32144],
							"pivot": [0, -0.1, 0],
							"rotation": [-0.00001, -51.05501, 0],
							"uv": {
								"down": {"uv": [22, 16.5], "uv_size": [0.5, -0.5]}
							}
						},
						{
							"origin": [2.59929, -7.23649, 4.80903],
							"size": [0.25, 0.00946, 0.03173],
							"pivot": [0, -0.1, 0],
							"rotation": [26.88252, -45.19227, -35.53768],
							"uv": {
								"east": {"uv": [17, 22], "uv_size": [0.5, 0.5]}
							}
						},
						{
							"origin": [2.59928, -8.38601, 2.32341],
							"size": [0.25, 0.09102, 0.03012],
							"pivot": [0, -0.1, 0],
							"rotation": [45.19357, -45.19227, -35.53768],
							"uv": {
								"east": {"uv": [22, 17], "uv_size": [0.5, 0.5]}
							}
						},
						{
							"origin": [2.59928, -7.23649, 4.51932],
							"size": [0.25, 0.08641, 0.28971],
							"pivot": [0, -0.1, 0],
							"rotation": [26.88252, -45.19227, -35.53768],
							"uv": {
								"east": {"uv": [18, 22], "uv_size": [0.5, 0.5]}
							}
						},
						{
							"origin": [2.59928, -8.29499, 2.04837],
							"size": [0.25, 0.64901, 0.30516],
							"pivot": [0, -0.1, 0],
							"rotation": [45.19357, -45.19227, -35.53768],
							"uv": {
								"east": {"uv": [22, 18], "uv_size": [0.5, 0.5]}
							}
						},
						{
							"origin": [-2.84928, -8.38601, 2.32341],
							"size": [0.25, 0.09102, 0.03012],
							"pivot": [0, -0.1, 0],
							"rotation": [45.19357, 45.19227, 35.53768],
							"uv": {
								"west": {"uv": [19, 22], "uv_size": [0.5, 0.5]}
							}
						},
						{
							"origin": [-0.82272, -0.575, 0],
							"size": [0.44384, 1.025, 8.375],
							"pivot": [0, -0.1, 0],
							"rotation": [0, 0, 30],
							"uv": {
								"north": {"uv": [19, 14], "uv_size": [0.5, 1]},
								"east": {"uv": [5, 1], "uv_size": [8.5, 1]}
							}
						},
						{
							"origin": [-0.95, -0.5375, 3.25],
							"size": [1.9, 0.25, 2.75],
							"uv": {
								"north": {"uv": [13, 15], "uv_size": [2, 0.5]},
								"east": {"uv": [6, 13], "uv_size": [3, 0.5]},
								"south": {"uv": [15, 13], "uv_size": [2, 0.5]},
								"west": {"uv": [9, 13], "uv_size": [3, 0.5]}
							}
						},
						{
							"origin": [-0.9, -0.5375, 1.75],
							"size": [1.8, 0.25, 5.75],
							"uv": {
								"east": {"uv": [5, 8], "uv_size": [6, 0.5]},
								"west": {"uv": [8, 7], "uv_size": [6, 0.5]}
							}
						},
						{
							"origin": [-0.95, -0.2875, 1.75],
							"size": [1.9, 0.1875, 5.75],
							"uv": {
								"east": {"uv": [9, 4], "uv_size": [6, 0.5]},
								"west": {"uv": [5, 9], "uv_size": [6, 0.5]},
								"down": {"uv": [0, 6], "uv_size": [2, -6]}
							}
						},
						{
							"origin": [-0.95, -0.6, 1.75],
							"size": [1.9, 0.0625, 5.75],
							"uv": {
								"east": {"uv": [9, 5], "uv_size": [6, 0.5]},
								"west": {"uv": [9, 6], "uv_size": [6, 0.5]},
								"up": {"uv": [2, 0], "uv_size": [2, 6]}
							}
						},
						{
							"origin": [-0.95, -0.6, 7.5],
							"size": [1.9, 0.5, 0.875],
							"uv": {
								"north": {"uv": [15, 14], "uv_size": [2, 0.5]},
								"east": {"uv": [15, 19], "uv_size": [1, 0.5]},
								"west": {"uv": [19, 15], "uv_size": [1, 0.5]}
							}
						},
						{
							"origin": [-0.375, -1.2875, 0],
							"size": [0.75, 1.125, 0.2],
							"uv": {
								"north": {"uv": [15, 15], "uv_size": [1, 1]},
								"south": {"uv": [0, 16], "uv_size": [1, 1]},
								"down": {"uv": [16, 19.5], "uv_size": [1, -0.5]}
							}
						},
						{
							"origin": [0.35582, -0.98673, 0],
							"size": [0.51854, 1.26343, 0.2],
							"pivot": [0, -0.1, 0],
							"rotation": [0, 0, 27.07208],
							"uv": {
								"north": {"uv": [17, 13], "uv_size": [0.5, 1.5]},
								"south": {"uv": [14, 17], "uv_size": [0.5, 1.5]},
								"west": {"uv": [15, 17], "uv_size": [0.5, 1.5]}
							}
						},
						{
							"origin": [0.35582, -0.4233, 0.2],
							"size": [0.51854, 0.7, 0.8],
							"pivot": [0, -0.1, 0],
							"rotation": [0, 0, 27.07208],
							"uv": {
								"west": {"uv": [19, 16], "uv_size": [1, 0.5]}
							}
						},
						{
							"origin": [-0.87436, -0.4233, 0.2],
							"size": [0.51854, 0.7, 0.8],
							"pivot": [0, -0.1, 0],
							"rotation": [0, 0, -27.07208],
							"uv": {
								"east": {"uv": [17, 19], "uv_size": [1, 0.5]}
							}
						},
						{
							"origin": [-0.87436, -0.98673, 0],
							"size": [0.51854, 1.26343, 0.2],
							"pivot": [0, -0.1, 0],
							"rotation": [0, 0, -27.07208],
							"uv": {
								"north": {"uv": [17, 15], "uv_size": [0.5, 1.5]},
								"east": {"uv": [16, 17], "uv_size": [0.5, 1.5]},
								"south": {"uv": [17, 17], "uv_size": [0.5, 1.5]}
							}
						},
						{
							"origin": [-0.1875, -3.04365, 2.64114],
							"size": [0.375, 0.25, 0.27936],
							"pivot": [0, -0.1, 0],
							"rotation": [-14.5, 0, 0],
							"uv": {
								"north": {"uv": [22, 19], "uv_size": [0.5, 0.5]}
							}
						},
						{
							"origin": [-0.1875, -4.40603, -0.43228],
							"size": [0.375, 0.37489, 0.1863],
							"pivot": [0, -0.1, 0],
							"rotation": [33.67469, 0, 0],
							"uv": {
								"north": {"uv": [20, 22], "uv_size": [0.5, 0.5]},
								"east": {"uv": [22, 20], "uv_size": [0.5, 0.5]},
								"west": {"uv": [21, 22], "uv_size": [0.5, 0.5]}
							}
						},
						{
							"origin": [-1.80786, -3.04365, 2.09317],
							"size": [0.1863, 0.25, 0.37489],
							"pivot": [0, -0.1, 0],
							"rotation": [-19.13949, 40.21222, -12.62936],
							"uv": {
								"west": {"uv": [22, 21], "uv_size": [0.5, 0.5]},
								"down": {"uv": [22, 22.5], "uv_size": [0.5, -0.5]}
							}
						},
						{
							"origin": [1.62156, -3.04365, 2.09317],
							"size": [0.1863, 0.25, 0.37489],
							"pivot": [0, -0.1, 0],
							"rotation": [-19.13949, -40.21222, 12.62936],
							"uv": {
								"east": {"uv": [0, 23], "uv_size": [0.5, 0.5]},
								"down": {"uv": [23, 0.5], "uv_size": [0.5, -0.5]}
							}
						},
						{
							"origin": [-0.4375, -3.04365, 2.9205],
							"size": [0.875, 0.25, 4.85],
							"pivot": [0, -0.1, 0],
							"rotation": [-14.5, 0, 0],
							"uv": {
								"east": {"uv": [3, 11], "uv_size": [5, 0.5]},
								"west": {"uv": [8, 11], "uv_size": [5, 0.5]}
							}
						},
						{
							"origin": [2.16714, -3.1112, 7.32887],
							"size": [0.1, 2.55, 0.15],
							"pivot": [0, -0.1, 0],
							"rotation": [-6.82678, -17.75993, 2.09135],
							"uv": {
								"east": {"uv": [2, 14], "uv_size": [0.5, 2.5]}
							}
						},
						{
							"origin": [-0.33716, -2.61121, 8.10422],
							"size": [0.67432, 1.675, 0.31105],
							"pivot": [0, -0.1, 0],
							"rotation": [-6.5, 0, 0],
							"uv": {
								"north": {"uv": [0, 18], "uv_size": [0.5, 1.5]}
							}
						},
						{
							"origin": [-2.26714, -3.1112, 7.81819],
							"size": [0.1, 2.55, 0.325],
							"pivot": [0, -0.1, 0],
							"rotation": [-6.82678, 17.75993, -2.09135],
							"uv": {
								"west": {"uv": [6, 14], "uv_size": [0.5, 2.5]}
							}
						},
						{
							"origin": [2.16714, -3.1112, 7.81637],
							"size": [0.1, 2.55, 0.32682],
							"pivot": [0, -0.1, 0],
							"rotation": [-6.82678, -17.75993, 2.09135],
							"uv": {
								"east": {"uv": [7, 14], "uv_size": [0.5, 2.5]}
							}
						},
						{
							"origin": [-2.26714, -3.1112, 7.32887],
							"size": [0.1, 2.55, 0.15],
							"pivot": [0, -0.1, 0],
							"rotation": [-6.82678, 17.75993, -2.09135],
							"uv": {
								"west": {"uv": [8, 14], "uv_size": [0.5, 2.5]}
							}
						},
						{
							"origin": [-2.49214, -0.9362, 7.40387],
							"size": [0.325, 0.375, 0.4125],
							"inflate": -0.0001,
							"pivot": [0, -0.1, 0],
							"rotation": [-6.82678, 17.75993, -2.09135],
							"uv": {
								"west": {"uv": [1, 23], "uv_size": [0.5, 0.5]},
								"down": {"uv": [23, 1.5], "uv_size": [0.5, -0.5]}
							}
						},
						{
							"origin": [-2.49214, -3.1112, 7.40387],
							"size": [0.325, 0.5, 0.4125],
							"inflate": -0.0001,
							"pivot": [0, -0.1, 0],
							"rotation": [-6.82678, 17.75993, -2.09135],
							"uv": {
								"west": {"uv": [2, 23], "uv_size": [0.5, 0.5]},
								"up": {"uv": [23, 2], "uv_size": [0.5, 0.5]}
							}
						},
						{
							"origin": [2.16714, -0.9362, 7.40387],
							"size": [0.325, 0.375, 0.4125],
							"inflate": -0.0001,
							"pivot": [0, -0.1, 0],
							"rotation": [-6.82678, -17.75993, 2.09135],
							"uv": {
								"east": {"uv": [3, 23], "uv_size": [0.5, 0.5]},
								"down": {"uv": [23, 3.5], "uv_size": [0.5, -0.5]}
							}
						},
						{
							"origin": [2.16714, -3.1112, 7.40387],
							"size": [0.325, 0.5, 0.4125],
							"inflate": -0.0001,
							"pivot": [0, -0.1, 0],
							"rotation": [-6.82678, -17.75993, 2.09135],
							"uv": {
								"east": {"uv": [4, 23], "uv_size": [0.5, 0.5]},
								"up": {"uv": [23, 4], "uv_size": [0.5, 0.5]}
							}
						},
						{
							"origin": [-0.1875, -3.11121, 7.64027],
							"size": [0.375, 2.55, 0.1],
							"pivot": [0, -0.1, 0],
							"rotation": [-6.5, 0, 0],
							"uv": {
								"north": {"uv": [9, 14], "uv_size": [0.5, 2.5]}
							}
						},
						{
							"origin": [-0.23355, -2.61121, 7.68302],
							"size": [0.4671, 1.675, 0.1],
							"pivot": [0, -0.1, 0],
							"rotation": [-6.5, 0, 0],
							"uv": {
								"south": {"uv": [18, 0], "uv_size": [0.5, 1.5]}
							}
						},
						{
							"origin": [-1.27785, -3.37647, 1.44302],
							"size": [0.1, 1.7875, 0.35355],
							"pivot": [0, -0.1, 0],
							"rotation": [7.05323, 44.78238, 4.98107],
							"uv": {
								"west": {"uv": [1, 16], "uv_size": [0.5, 2]}
							}
						},
						{
							"origin": [-0.975, -0.6, 8.375],
							"size": [1.95, 0.5, 0.75],
							"uv": {
								"north": {"uv": [16, 2], "uv_size": [2, 0.5]},
								"east": {"uv": [19, 17], "uv_size": [1, 0.5]},
								"south": {"uv": [3, 16], "uv_size": [2, 0.5]},
								"west": {"uv": [18, 19], "uv_size": [1, 0.5]}
							}
						},
						{
							"origin": [-0.975, -1.00786, 8.94819],
							"size": [1.95, 2, 0.125],
							"pivot": [0, -0.1, 0],
							"rotation": [-10, 0, 0],
							"uv": {
								"east": {"uv": [5, 16], "uv_size": [0.5, 2]},
								"south": {"uv": [6, 2], "uv_size": [2, 2]},
								"west": {"uv": [16, 5], "uv_size": [0.5, 2]}
							}
						},
						{
							"origin": [-0.975, -1.82371, 8.37777],
							"size": [1.95, 2.25, 0.625],
							"pivot": [0, -0.1, 0],
							"rotation": [-6.5, 0, 0],
							"uv": {
								"north": {"uv": [0, 6], "uv_size": [2, 2.5]},
								"east": {"uv": [10, 14], "uv_size": [0.5, 2.5]},
								"south": {"uv": [2, 6], "uv_size": [2, 2.5]},
								"west": {"uv": [11, 14], "uv_size": [0.5, 2.5]}
							}
						},
						{
							"origin": [-0.975, -3.86504, 8.3125],
							"size": [1.95, 1.75, 0.625],
							"pivot": [0, -0.1, 0],
							"rotation": [-4.5, 0, 0],
							"uv": {
								"north": {"uv": [6, 4], "uv_size": [2, 2]},
								"east": {"uv": [16, 8], "uv_size": [0.5, 2]},
								"south": {"uv": [6, 6], "uv_size": [2, 2]},
								"west": {"uv": [16, 11], "uv_size": [0.5, 2]}
							}
						},
						{
							"origin": [-0.975, -1.13142, 9.06912],
							"size": [1.95, 0.2125, 0.59441],
							"pivot": [0, -0.1, 0],
							"rotation": [-22.5, 0, 0],
							"uv": {
								"north": {"uv": [16, 3], "uv_size": [2, 0.5]},
								"east": {"uv": [5, 23], "uv_size": [0.5, 0.5]},
								"south": {"uv": [13, 16], "uv_size": [2, 0.5]},
								"west": {"uv": [23, 5], "uv_size": [0.5, 0.5]}
							}
						},
						{
							"origin": [-0.4375, -2.23706, 9.06912],
							"size": [0.875, 1.10564, 0.59441],
							"pivot": [0, -0.1, 0],
							"rotation": [-22.5, 0, 0],
							"uv": {
								"south": {"uv": [15, 16], "uv_size": [1, 1]},
								"down": {"uv": [19, 18.5], "uv_size": [1, -0.5]}
							}
						},
						{
							"origin": [0.84443, -1.83069, 9.06912],
							"size": [0.4834, 1.22936, 0.59441],
							"pivot": [0, -0.1, 0],
							"rotation": [-20.43164, 9.6318, 24.18676],
							"uv": {
								"north": {"uv": [19, 19], "uv_size": [0.5, 1]},
								"south": {"uv": [0, 20], "uv_size": [0.5, 1]},
								"west": {"uv": [20, 0], "uv_size": [0.5, 1]}
							}
						},
						{
							"origin": [-1.32783, -1.83069, 9.06912],
							"size": [0.4834, 1.22936, 0.59441],
							"pivot": [0, -0.1, 0],
							"rotation": [-20.43164, -9.6318, -24.18676],
							"uv": {
								"north": {"uv": [1, 20], "uv_size": [0.5, 1]},
								"east": {"uv": [20, 1], "uv_size": [0.5, 1]},
								"south": {"uv": [2, 20], "uv_size": [0.5, 1]}
							}
						},
						{
							"origin": [0.37888, -0.5875, 8.375],
							"size": [0.46549, 1.075, 0.75],
							"pivot": [0, -0.1, 0],
							"rotation": [0, 0, -30],
							"uv": {
								"north": {"uv": [20, 2], "uv_size": [0.5, 1]},
								"south": {"uv": [3, 20], "uv_size": [0.5, 1]},
								"west": {"uv": [16, 15], "uv_size": [1, 1]}
							}
						},
						{
							"origin": [-0.4375, -0.1, 8.375],
							"size": [0.875, 0.93098, 0.75],
							"uv": {
								"north": {"uv": [16, 16], "uv_size": [1, 1]},
								"south": {"uv": [0, 17], "uv_size": [1, 1]},
								"up": {"uv": [17, 0], "uv_size": [1, 1]}
							}
						},
						{
							"origin": [-0.84437, -0.5875, 8.375],
							"size": [0.46549, 1.075, 0.75],
							"pivot": [0, -0.1, 0],
							"rotation": [0, 0, 30],
							"uv": {
								"north": {"uv": [20, 3], "uv_size": [0.5, 1]},
								"east": {"uv": [17, 1], "uv_size": [1, 1]},
								"south": {"uv": [4, 20], "uv_size": [0.5, 1]}
							}
						}
					]
				},
				{
					"name": "lever",
					"pivot": [0, -1.25, 3.85],
					"cubes": [
						{
							"origin": [-0.5, -1.1, 2.575],
							"size": [1, 0.2, 1.325],
							"uv": {
								"north": {"uv": [20, 4], "uv_size": [1, 0.5]},
								"east": {"uv": [1, 18], "uv_size": [1.5, 0.5]},
								"west": {"uv": [18, 2], "uv_size": [1.5, 0.5]},
								"up": {"uv": [13, 10], "uv_size": [1, 1.5]}
							}
						},
						{
							"origin": [-0.5, 0.45336, 3.90928],
							"size": [1, 0.2, 1],
							"pivot": [0, -0.1, 0],
							"rotation": [-22.5, 0, 0],
							"uv": {
								"east": {"uv": [5, 20], "uv_size": [1, 0.5]},
								"west": {"uv": [20, 5], "uv_size": [1, 0.5]},
								"up": {"uv": [2, 17], "uv_size": [1, 1]}
							}
						},
						{
							"origin": [-0.5, 0.56586, 4.90928],
							"size": [1, 0.0875, 0.4],
							"pivot": [0, -0.1, 0],
							"rotation": [-22.5, 0, 0],
							"uv": {
								"east": {"uv": [6, 23], "uv_size": [0.5, 0.5]},
								"west": {"uv": [23, 6], "uv_size": [0.5, 0.5]},
								"up": {"uv": [6, 20], "uv_size": [1, 0.5]}
							}
						},
						{
							"origin": [-0.5, -0.63766, 2.70953],
							"size": [1, 0.125, 3.125],
							"pivot": [0, -0.1, 0],
							"rotation": [-10, 0, 0],
							"uv": {
								"east": {"uv": [12, 13], "uv_size": [3, 0.5]},
								"south": {"uv": [20, 6], "uv_size": [1, 0.5]},
								"west": {"uv": [14, 1], "uv_size": [3, 0.5]},
								"up": {"uv": [0, 9], "uv_size": [1, 3]},
								"down": {"uv": [1, 12], "uv_size": [1, -3]}
							}
						},
						{
							"origin": [-0.25, -0.88766, 3.58453],
							"size": [0.5, 0.25, 2.25],
							"pivot": [0, -0.1, 0],
							"rotation": [-10, 0, 0],
							"uv": {
								"north": {"uv": [7, 23], "uv_size": [0.5, 0.5]},
								"south": {"uv": [23, 7], "uv_size": [0.5, 0.5]},
								"down": {"uv": [12, 16.5], "uv_size": [0.5, -2.5]}
							}
						},
						{
							"origin": [0.55696, -0.48018, 3.58453],
							"size": [0.17678, 0.35355, 2.25],
							"pivot": [0, -0.1, 0],
							"rotation": [-7.10708, 7.05302, 44.56145],
							"uv": {
								"north": {"uv": [8, 23], "uv_size": [0.5, 0.5]},
								"south": {"uv": [23, 8], "uv_size": [0.5, 0.5]},
								"west": {"uv": [14, 7], "uv_size": [2.5, 0.5]}
							}
						},
						{
							"origin": [-0.73374, -0.48018, 3.58453],
							"size": [0.17678, 0.35355, 2.25],
							"pivot": [0, -0.1, 0],
							"rotation": [-7.10708, -7.05302, -44.56145],
							"uv": {
								"north": {"uv": [9, 23], "uv_size": [0.5, 0.5]},
								"east": {"uv": [14, 10], "uv_size": [2.5, 0.5]},
								"south": {"uv": [23, 9], "uv_size": [0.5, 0.5]}
							}
						},
						{
							"origin": [-0.5, -0.51266, 3.40953],
							"size": [1, 0.0625, 1],
							"pivot": [0, -0.1, 0],
							"rotation": [-10, 0, 0],
							"uv": {
								"east": {"uv": [7, 20], "uv_size": [1, 0.5]},
								"west": {"uv": [20, 7], "uv_size": [1, 0.5]}
							}
						},
						{
							"origin": [-0.625, -1.3625, 3.575],
							"size": [1.25, 0.225, 0.55],
							"uv": {
								"north": {"uv": [18, 3], "uv_size": [1.5, 0.5]},
								"east": {"uv": [10, 23], "uv_size": [0.5, 0.5]},
								"south": {"uv": [18, 6], "uv_size": [1.5, 0.5]},
								"west": {"uv": [23, 10], "uv_size": [0.5, 0.5]}
							}
						},
						{
							"origin": [-0.625, -1.525, 3.7375],
							"size": [1.25, 0.55, 0.225],
							"uv": {
								"east": {"uv": [11, 23], "uv_size": [0.5, 0.5]},
								"west": {"uv": [23, 11], "uv_size": [0.5, 0.5]},
								"up": {"uv": [18, 7], "uv_size": [1.5, 0.5]},
								"down": {"uv": [8, 18.5], "uv_size": [1.5, -0.5]}
							}
						},
						{
							"origin": [-0.625, -3.90953, 1.79429],
							"size": [1.25, 0.548, 0.2298],
							"pivot": [0, -0.1, 0],
							"rotation": [45, 0, 0],
							"uv": {
								"east": {"uv": [12, 23], "uv_size": [0.5, 0.5]},
								"west": {"uv": [23, 12], "uv_size": [0.5, 0.5]},
								"up": {"uv": [18, 8], "uv_size": [1.5, 0.5]},
								"down": {"uv": [18, 9.5], "uv_size": [1.5, -0.5]}
							}
						},
						{
							"origin": [-0.625, 1.53519, 3.42063],
							"size": [1.25, 0.548, 0.2298],
							"pivot": [0, -0.1, 0],
							"rotation": [-45, 0, 0],
							"uv": {
								"east": {"uv": [13, 23], "uv_size": [0.5, 0.5]},
								"west": {"uv": [23, 13], "uv_size": [0.5, 0.5]},
								"up": {"uv": [10, 18], "uv_size": [1.5, 0.5]},
								"down": {"uv": [18, 11.5], "uv_size": [1.5, -0.5]}
							}
						}
					]
				}
			]
		}
	]
}