{
	"format_version": "1.12.0",
	"minecraft:geometry": [
		{
			"description": {
				"identifier": "geometry.grip_shift",
				"texture_width": 16,
				"texture_height": 16,
				"visible_bounds_width": 2,
				"visible_bounds_height": 1.5,
				"visible_bounds_offset": [0, 0.25, 0]
			},
			"bones": [
				{
					"name": "Fortis_Shift",
					"pivot": [0, 0.1625, 0],
					"cubes": [
						{
							"origin": [-0.75, -0.41251, -1.8],
							"size": [1.5, 0.4142, 3.6],
							"uv": {
								"north": {"uv": [9, 8], "uv_size": [1.5, 0.5]},
								"east": {"uv": [0, 8], "uv_size": [3.5, 0.5]},
								"south": {"uv": [9, 9], "uv_size": [1.5, 0.5]},
								"west": {"uv": [8, 0], "uv_size": [3.5, 0.5]},
								"up": {"uv": [0, 0], "uv_size": [1.5, 3.5]},
								"down": {"uv": [2, 3.5], "uv_size": [1.5, -3.5]}
							}
						},
						{
							"origin": [-0.75, 0.00169, -0.75],
							"size": [0.37044, 0.4, 1.75],
							"uv": {
								"north": {"uv": [10, 12], "uv_size": [0.5, 0.5]},
								"east": {"uv": [8, 6], "uv_size": [2, 0.5]},
								"south": {"uv": [11, 12], "uv_size": [0.5, 0.5]},
								"west": {"uv": [7, 8], "uv_size": [2, 0.5]},
								"up": {"uv": [0, 9], "uv_size": [0.5, 2]}
							}
						},
						{
							"origin": [0.37956, 0.00169, -0.75],
							"size": [0.37044, 0.4, 1.75],
							"uv": {
								"north": {"uv": [12, 12], "uv_size": [0.5, 0.5]},
								"east": {"uv": [8, 7], "uv_size": [2, 0.5]},
								"south": {"uv": [0, 13], "uv_size": [0.5, 0.5]},
								"west": {"uv": [1, 9], "uv_size": [2, 0.5]},
								"up": {"uv": [9, 1], "uv_size": [0.5, 2]}
							}
						},
						{
							"origin": [-0.75, -4.05537, 0.92746],
							"size": [1.5, 3.25, 0.2],
							"inflate": -0.0001,
							"pivot": [0, 0.14464, -0.02254],
							"rotation": [20.5, 0, 0],
							"uv": {
								"north": {"uv": [0, 4], "uv_size": [1.5, 3.5]},
								"east": {"uv": [8, 1], "uv_size": [0.5, 3.5]},
								"south": {"uv": [4, 0], "uv_size": [1.5, 3.5]},
								"west": {"uv": [4, 8], "uv_size": [0.5, 3.5]}
							}
						},
						{
							"origin": [-0.75, -0.9106, -1.19588],
							"size": [1.5, 0.2, 1.5],
							"inflate": -0.0001,
							"pivot": [0, 0.15021, -0.64588],
							"rotation": [-34.5, 0, 0],
							"uv": {
								"east": {"uv": [1, 10], "uv_size": [1.5, 0.5]},
								"west": {"uv": [10, 1], "uv_size": [1.5, 0.5]},
								"up": {"uv": [2, 6], "uv_size": [1.5, 1.5]},
								"down": {"uv": [6, 3.5], "uv_size": [1.5, -1.5]}
							}
						},
						{
							"origin": [-0.75, -1.17965, -0.66634],
							"size": [1.5, 0.2, 0.6],
							"pivot": [0, -0.11884, -0.11634],
							"rotation": [10.5, 0, 0],
							"uv": {
								"east": {"uv": [1, 13], "uv_size": [0.5, 0.5]},
								"west": {"uv": [2, 13], "uv_size": [0.5, 0.5]},
								"up": {"uv": [10, 2], "uv_size": [1.5, 0.5]},
								"down": {"uv": [10, 3.5], "uv_size": [1.5, -0.5]}
							}
						},
						{
							"origin": [-0.75, -1.21632, 0.06235],
							"size": [1.5, 0.2, 0.3],
							"inflate": -0.0001,
							"pivot": [0, -1.11632, 0.36235],
							"rotation": [-12, 0, 0],
							"uv": {
								"east": {"uv": [3, 13], "uv_size": [0.5, 0.5]},
								"west": {"uv": [4, 13], "uv_size": [0.5, 0.5]},
								"up": {"uv": [10, 4], "uv_size": [1.5, 0.5]},
								"down": {"uv": [5, 10.5], "uv_size": [1.5, -0.5]}
							}
						},
						{
							"origin": [-0.75, -1.37084, 0.27374],
							"size": [1.5, 0.2, 0.2],
							"pivot": [0, -1.27084, 0.57374],
							"rotation": [-34.5, 0, 0],
							"uv": {
								"east": {"uv": [5, 13], "uv_size": [0.5, 0.5]},
								"west": {"uv": [6, 13], "uv_size": [0.5, 0.5]},
								"up": {"uv": [10, 5], "uv_size": [1.5, 0.5]},
								"down": {"uv": [10, 6.5], "uv_size": [1.5, -0.5]}
							}
						},
						{
							"origin": [-0.75, -1.37011, 0.41856],
							"size": [1.5, 0.2, 0.2],
							"inflate": -0.0001,
							"pivot": [0, -1.27011, 0.51856],
							"rotation": [-57, 0, 0],
							"uv": {
								"east": {"uv": [13, 6], "uv_size": [0.5, 0.5]},
								"west": {"uv": [7, 13], "uv_size": [0.5, 0.5]},
								"up": {"uv": [7, 10], "uv_size": [1.5, 0.5]},
								"down": {"uv": [10, 7.5], "uv_size": [1.5, -0.5]}
							}
						},
						{
							"origin": [-0.75, -1.51606, 0.47679],
							"size": [1.5, 0.2, 0.2],
							"pivot": [0, -1.41606, 0.57679],
							"rotation": [-79.5, 0, 0],
							"uv": {
								"east": {"uv": [13, 7], "uv_size": [0.5, 0.5]},
								"west": {"uv": [8, 13], "uv_size": [0.5, 0.5]},
								"up": {"uv": [9, 10], "uv_size": [1.5, 0.5]},
								"down": {"uv": [0, 11.5], "uv_size": [1.5, -0.5]}
							}
						},
						{
							"origin": [-0.75, -1.67319, 0.47473],
							"size": [1.5, 0.2, 0.2],
							"inflate": -0.0001,
							"pivot": [0, -1.57319, 0.57473],
							"rotation": [-102, 0, 0],
							"uv": {
								"east": {"uv": [13, 8], "uv_size": [0.5, 0.5]},
								"west": {"uv": [9, 13], "uv_size": [0.5, 0.5]},
								"up": {"uv": [2, 11], "uv_size": [1.5, 0.5]},
								"down": {"uv": [5, 11.5], "uv_size": [1.5, -0.5]}
							}
						},
						{
							"origin": [-0.75, -1.81757, 0.4127],
							"size": [1.5, 0.2, 0.2],
							"pivot": [0, -1.71757, 0.5127],
							"rotation": [-124.5, 0, 0],
							"uv": {
								"east": {"uv": [13, 9], "uv_size": [0.5, 0.5]},
								"west": {"uv": [10, 13], "uv_size": [0.5, 0.5]},
								"up": {"uv": [7, 11], "uv_size": [1.5, 0.5]},
								"down": {"uv": [11, 8.5], "uv_size": [1.5, -0.5]}
							}
						},
						{
							"origin": [-0.75, -1.92722, 0.30015],
							"size": [1.5, 0.2, 0.25],
							"inflate": -0.0001,
							"pivot": [0, -1.82722, 0.40015],
							"rotation": [-147, 0, 0],
							"uv": {
								"east": {"uv": [13, 10], "uv_size": [0.5, 0.5]},
								"west": {"uv": [11, 13], "uv_size": [0.5, 0.5]},
								"up": {"uv": [9, 11], "uv_size": [1.5, 0.5]},
								"down": {"uv": [11, 9.5], "uv_size": [1.5, -0.5]}
							}
						},
						{
							"origin": [-0.75, -3.97165, -0.51791],
							"size": [1.5, 0.2, 1.48417],
							"pivot": [0, 0.35336, 0.61626],
							"rotation": [20.5, 0, 0],
							"uv": {
								"east": {"uv": [11, 10], "uv_size": [1.5, 0.5]},
								"west": {"uv": [11, 11], "uv_size": [1.5, 0.5]},
								"down": {"uv": [4, 7.5], "uv_size": [1.5, -1.5]}
							}
						},
						{
							"origin": [-0.75, -3.78362, -0.31575],
							"size": [1.5, 0.2, 1.05],
							"pivot": [0, 0.34139, 0.58425],
							"rotation": [20.5, 0, 0],
							"uv": {
								"east": {"uv": [12, 6], "uv_size": [1, 0.5]},
								"west": {"uv": [12, 7], "uv_size": [1, 0.5]},
								"up": {"uv": [5, 8], "uv_size": [1.5, 1]}
							}
						},
						{
							"origin": [-0.75, -3.33112, -0.11575],
							"size": [1.5, 0.258, 0.3075],
							"pivot": [0, 0.34139, 0.58425],
							"rotation": [20.5, 0, 0],
							"uv": {
								"east": {"uv": [13, 11], "uv_size": [0.5, 0.5]},
								"west": {"uv": [12, 13], "uv_size": [0.5, 0.5]},
								"down": {"uv": [0, 12.5], "uv_size": [1.5, -0.5]}
							}
						},
						{
							"origin": [-0.75, -3.57165, -0.31791],
							"size": [1.5, 0.6775, 0.2],
							"pivot": [0, 0.35336, 0.61626],
							"rotation": [20.5, 0, 0],
							"uv": {
								"east": {"uv": [13, 12], "uv_size": [0.5, 0.5]},
								"south": {"uv": [12, 0], "uv_size": [1.5, 0.5]},
								"west": {"uv": [13, 13], "uv_size": [0.5, 0.5]}
							}
						},
						{
							"origin": [-0.75, -3.57165, 0.13209],
							"size": [1.5, 0.2525, 0.3625],
							"pivot": [0, 0.35336, 0.61626],
							"rotation": [20.5, 0, 0],
							"uv": {
								"north": {"uv": [12, 1], "uv_size": [1.5, 0.5]},
								"east": {"uv": [0, 14], "uv_size": [0.5, 0.5]},
								"west": {"uv": [14, 0], "uv_size": [0.5, 0.5]}
							}
						},
						{
							"origin": [-0.75, -3.76763, -0.71834],
							"size": [1.5, 0.4, 0.4],
							"pivot": [0, 0.35738, 0.63166],
							"rotation": [20.5, 0, 0],
							"uv": {
								"north": {"uv": [2, 12], "uv_size": [1.5, 0.5]},
								"east": {"uv": [1, 14], "uv_size": [0.5, 0.5]},
								"west": {"uv": [14, 1], "uv_size": [0.5, 0.5]}
							}
						},
						{
							"origin": [-0.75, -4.0419, 0.88499],
							"size": [1.5, 0.1414, 0.2828],
							"inflate": -0.0001,
							"pivot": [0, -3.8419, 0.99279],
							"rotation": [-24.5, 0, 0],
							"uv": {
								"east": {"uv": [2, 14], "uv_size": [0.5, 0.5]},
								"west": {"uv": [14, 2], "uv_size": [0.5, 0.5]},
								"down": {"uv": [12, 2.5], "uv_size": [1.5, -0.5]}
							}
						},
						{
							"origin": [-0.75, -4.29409, 1.18242],
							"size": [1.5, 0.1414, 0.2828],
							"inflate": -0.0001,
							"pivot": [0, -3.69409, 1.29022],
							"rotation": [-114.5, 0, 0],
							"uv": {
								"east": {"uv": [3, 14], "uv_size": [0.5, 0.5]},
								"west": {"uv": [14, 3], "uv_size": [0.5, 0.5]},
								"down": {"uv": [12, 3.5], "uv_size": [1.5, -0.5]}
							}
						},
						{
							"origin": [-0.75, -4.10629, -0.41219],
							"size": [1.5, 1.825, 0.2],
							"pivot": [0, -0.30628, -1.36219],
							"rotation": [20.5, 0, 0],
							"uv": {
								"north": {"uv": [2, 4], "uv_size": [1.5, 2]},
								"east": {"uv": [3, 9], "uv_size": [0.5, 2]},
								"south": {"uv": [4, 4], "uv_size": [1.5, 2]},
								"west": {"uv": [9, 3], "uv_size": [0.5, 2]}
							}
						},
						{
							"origin": [-0.75, -1.92091, 0.60915],
							"size": [1.5, 0.2, 1.35],
							"inflate": -0.0002,
							"pivot": [0, -1.82091, 1.05915],
							"rotation": [-19.5, 0, 0],
							"uv": {
								"east": {"uv": [4, 12], "uv_size": [1.5, 0.5]},
								"west": {"uv": [12, 4], "uv_size": [1.5, 0.5]},
								"up": {"uv": [6, 4], "uv_size": [1.5, 1.5]},
								"down": {"uv": [6, 7.5], "uv_size": [1.5, -1.5]}
							}
						},
						{
							"origin": [-0.75, -3.28049, 0.69375],
							"size": [1.5, 0.2, 1.85],
							"inflate": -0.0002,
							"pivot": [0, -3.18049, 1.64375],
							"rotation": [-19.5, 0, 0],
							"uv": {
								"east": {"uv": [5, 9], "uv_size": [2, 0.5]},
								"south": {"uv": [12, 5], "uv_size": [1.5, 0.5]},
								"west": {"uv": [7, 9], "uv_size": [2, 0.5]},
								"up": {"uv": [6, 0], "uv_size": [1.5, 2]}
							}
						},
						{
							"origin": [-0.75, -0.62594, 2.47663],
							"size": [1.5, 0.4, 0.25],
							"inflate": -0.0002,
							"pivot": [0, 3.19907, 1.57663],
							"rotation": [-17, 0, 0],
							"uv": {
								"east": {"uv": [4, 14], "uv_size": [0.5, 0.5]},
								"south": {"uv": [6, 12], "uv_size": [1.5, 0.5]},
								"west": {"uv": [14, 4], "uv_size": [0.5, 0.5]}
							}
						}
					]
				}
			]
		}
	]
}