{
	"format_version": "1.12.0",
	"minecraft:geometry": [
		{
			"description": {
				"identifier": "geometry.rk2 - Converted",
				"texture_width": 16,
				"texture_height": 16,
				"visible_bounds_width": 2,
				"visible_bounds_height": 1.5,
				"visible_bounds_offset": [0, 0.25, 0]
			},
			"bones": [
				{
					"name": "rk2",
					"pivot": [0, 0, 1],
					"cubes": [
						{
							"origin": [-0.6, -0.12187, 0.25],
							"size": [1.2, 0.25, 1.5],
							"uv": {
								"east": {"uv": [9, 7], "uv_size": [1.5, 0.5]},
								"south": {"uv": [10, 10], "uv_size": [1, 0.5]},
								"west": {"uv": [9, 8], "uv_size": [1.5, 0.5]},
								"up": {"uv": [1, 4], "uv_size": [1, 1.5]},
								"down": {"uv": [2, 5.5], "uv_size": [1, -1.5]}
							}
						},
						{
							"origin": [-0.35, -0.12187, 0],
							"size": [0.7, 0.25, 0.25],
							"uv": {
								"north": {"uv": [0, 13], "uv_size": [0.5, 0.5]},
								"up": {"uv": [13, 0], "uv_size": [0.5, 0.5]}
							}
						},
						{
							"origin": [-0.56338, -0.12288, 0.08841],
							"size": [0.3535, 0.25, 0.25],
							"pivot": [-0.38663, 0.00313, 0.21341],
							"rotation": [0, 45, 0],
							"uv": {
								"north": {"uv": [1, 13], "uv_size": [0.5, 0.5]},
								"east": {"uv": [13, 1], "uv_size": [0.5, 0.5]},
								"south": {"uv": [2, 13], "uv_size": [0.5, 0.5]},
								"west": {"uv": [13, 2], "uv_size": [0.5, 0.5]},
								"up": {"uv": [3, 13], "uv_size": [0.5, 0.5]},
								"down": {"uv": [13, 3.5], "uv_size": [0.5, -0.5]}
							}
						},
						{
							"origin": [0.20988, -0.12288, 0.08841],
							"size": [0.3535, 0.25, 0.25],
							"pivot": [0.38663, 0.00313, 0.21341],
							"rotation": [0, -45, 0],
							"uv": {
								"north": {"uv": [4, 13], "uv_size": [0.5, 0.5]},
								"east": {"uv": [13, 4], "uv_size": [0.5, 0.5]},
								"south": {"uv": [5, 13], "uv_size": [0.5, 0.5]},
								"west": {"uv": [13, 5], "uv_size": [0.5, 0.5]},
								"up": {"uv": [6, 13], "uv_size": [0.5, 0.5]},
								"down": {"uv": [13, 6.5], "uv_size": [0.5, -0.5]}
							}
						},
						{
							"origin": [-0.35, -0.37188, 0],
							"size": [0.7, 0.25, 1.75],
							"uv": {
								"north": {"uv": [7, 13], "uv_size": [0.5, 0.5]},
								"east": {"uv": [4, 3], "uv_size": [2, 0.5]},
								"south": {"uv": [13, 7], "uv_size": [0.5, 0.5]},
								"west": {"uv": [5, 0], "uv_size": [2, 0.5]},
								"up": {"uv": [3, 5], "uv_size": [0.5, 2]},
								"down": {"uv": [4, 7], "uv_size": [0.5, -2]}
							}
						},
						{
							"origin": [-0.35, -2.87187, 0.25],
							"size": [0.7, 2.1, 1.5],
							"uv": {
								"north": {"uv": [5, 4], "uv_size": [0.5, 2]},
								"east": {"uv": [0, 0], "uv_size": [1.5, 2]},
								"south": {"uv": [0, 6], "uv_size": [0.5, 2]},
								"west": {"uv": [0, 2], "uv_size": [1.5, 2]},
								"up": {"uv": [9, 9], "uv_size": [0.5, 1.5]},
								"down": {"uv": [0, 11.5], "uv_size": [0.5, -1.5]}
							}
						},
						{
							"origin": [-0.6, -2.87187, 0.5],
							"size": [1.2, 2.1, 1],
							"uv": {
								"north": {"uv": [2, 0], "uv_size": [1, 2]},
								"east": {"uv": [2, 2], "uv_size": [1, 2]},
								"south": {"uv": [3, 0], "uv_size": [1, 2]},
								"west": {"uv": [3, 2], "uv_size": [1, 2]},
								"up": {"uv": [5, 1], "uv_size": [1, 1]},
								"down": {"uv": [1, 7], "uv_size": [1, -1]}
							}
						},
						{
							"origin": [-0.6, -0.77187, 0],
							"size": [1.2, 0.25, 1.75],
							"uv": {
								"north": {"uv": [1, 11], "uv_size": [1, 0.5]},
								"east": {"uv": [6, 1], "uv_size": [2, 0.5]},
								"south": {"uv": [2, 11], "uv_size": [1, 0.5]},
								"west": {"uv": [6, 2], "uv_size": [2, 0.5]},
								"up": {"uv": [0, 4], "uv_size": [1, 2]},
								"down": {"uv": [4, 2], "uv_size": [1, -2]}
							}
						},
						{
							"origin": [-0.599, -1.4272, -0.16789],
							"size": [1.198, 0.35, 0.75],
							"pivot": [0, -1.3022, 0.70711],
							"rotation": [-45, 0, 0],
							"uv": {
								"north": {"uv": [11, 2], "uv_size": [1, 0.5]},
								"east": {"uv": [11, 3], "uv_size": [1, 0.5]},
								"south": {"uv": [11, 4], "uv_size": [1, 0.5]},
								"west": {"uv": [5, 11], "uv_size": [1, 0.5]},
								"up": {"uv": [2, 6], "uv_size": [1, 1]},
								"down": {"uv": [6, 4], "uv_size": [1, -1]}
							}
						},
						{
							"origin": [-0.599, -1.08829, 1.23609],
							"size": [1.198, 0.25, 0.5],
							"pivot": [0, -0.91329, 1.36109],
							"rotation": [45, 0, 0],
							"uv": {
								"north": {"uv": [11, 5], "uv_size": [1, 0.5]},
								"east": {"uv": [8, 13], "uv_size": [0.5, 0.5]},
								"south": {"uv": [6, 11], "uv_size": [1, 0.5]},
								"west": {"uv": [13, 8], "uv_size": [0.5, 0.5]},
								"up": {"uv": [11, 6], "uv_size": [1, 0.5]},
								"down": {"uv": [11, 7.5], "uv_size": [1, -0.5]}
							}
						},
						{
							"origin": [-0.1, -0.52187, -0.001],
							"size": [0.2, 0.2, 1.75],
							"uv": {
								"north": {"uv": [9, 13], "uv_size": [0.5, 0.5]},
								"east": {"uv": [6, 4], "uv_size": [2, 0.5]},
								"south": {"uv": [13, 9], "uv_size": [0.5, 0.5]},
								"west": {"uv": [5, 6], "uv_size": [2, 0.5]},
								"up": {"uv": [1, 7], "uv_size": [0.5, 2]},
								"down": {"uv": [2, 9], "uv_size": [0.5, -2]}
							}
						},
						{
							"origin": [0.26163, -2.87087, 1.35984],
							"size": [0.25, 2.1, 0.3535],
							"pivot": [0.38663, -2.57188, 1.53659],
							"rotation": [0, -45, 0],
							"uv": {
								"north": {"uv": [3, 7], "uv_size": [0.5, 2]},
								"east": {"uv": [4, 7], "uv_size": [0.5, 2]},
								"south": {"uv": [5, 7], "uv_size": [0.5, 2]},
								"west": {"uv": [7, 5], "uv_size": [0.5, 2]},
								"up": {"uv": [10, 13], "uv_size": [0.5, 0.5]},
								"down": {"uv": [13, 10.5], "uv_size": [0.5, -0.5]}
							}
						},
						{
							"origin": [-0.51163, -2.87087, 0.28666],
							"size": [0.25, 2.1, 0.3535],
							"pivot": [-0.38663, -2.57188, 0.46341],
							"rotation": [0, -45, 0],
							"uv": {
								"north": {"uv": [6, 7], "uv_size": [0.5, 2]},
								"east": {"uv": [7, 7], "uv_size": [0.5, 2]},
								"south": {"uv": [0, 8], "uv_size": [0.5, 2]},
								"west": {"uv": [8, 0], "uv_size": [0.5, 2]},
								"up": {"uv": [11, 13], "uv_size": [0.5, 0.5]},
								"down": {"uv": [13, 11.5], "uv_size": [0.5, -0.5]}
							}
						},
						{
							"origin": [0.26163, -2.87087, 0.28666],
							"size": [0.25, 2.1, 0.3535],
							"pivot": [0.38663, -2.57188, 0.46341],
							"rotation": [0, 45, 0],
							"uv": {
								"north": {"uv": [8, 2], "uv_size": [0.5, 2]},
								"east": {"uv": [8, 4], "uv_size": [0.5, 2]},
								"south": {"uv": [8, 6], "uv_size": [0.5, 2]},
								"west": {"uv": [8, 8], "uv_size": [0.5, 2]},
								"up": {"uv": [12, 13], "uv_size": [0.5, 0.5]},
								"down": {"uv": [13, 12.5], "uv_size": [0.5, -0.5]}
							}
						},
						{
							"origin": [-0.51163, -2.87087, 1.35984],
							"size": [0.25, 2.1, 0.3535],
							"pivot": [-0.38663, -2.57188, 1.53659],
							"rotation": [0, 45, 0],
							"uv": {
								"north": {"uv": [9, 0], "uv_size": [0.5, 2]},
								"east": {"uv": [1, 9], "uv_size": [0.5, 2]},
								"south": {"uv": [2, 9], "uv_size": [0.5, 2]},
								"west": {"uv": [9, 2], "uv_size": [0.5, 2]},
								"up": {"uv": [13, 13], "uv_size": [0.5, 0.5]},
								"down": {"uv": [0, 14.5], "uv_size": [0.5, -0.5]}
							}
						},
						{
							"origin": [-0.35, -3.55417, 1.48662],
							"size": [0.7, 0.1414, 0.25],
							"pivot": [0, -3.48348, 1.61162],
							"rotation": [-45, 0, 0],
							"uv": {
								"north": {"uv": [14, 0], "uv_size": [0.5, 0.5]},
								"east": {"uv": [1, 14], "uv_size": [0.5, 0.5]},
								"south": {"uv": [14, 1], "uv_size": [0.5, 0.5]},
								"west": {"uv": [2, 14], "uv_size": [0.5, 0.5]},
								"up": {"uv": [14, 2], "uv_size": [0.5, 0.5]},
								"down": {"uv": [3, 14.5], "uv_size": [0.5, -0.5]}
							}
						},
						{
							"origin": [-0.35, -3.60849, 0.3177],
							"size": [0.7, 0.25, 0.1414],
							"pivot": [0, -3.48349, 0.3884],
							"rotation": [-45, 0, 0],
							"uv": {
								"north": {"uv": [14, 3], "uv_size": [0.5, 0.5]},
								"east": {"uv": [4, 14], "uv_size": [0.5, 0.5]},
								"south": {"uv": [14, 4], "uv_size": [0.5, 0.5]},
								"west": {"uv": [5, 14], "uv_size": [0.5, 0.5]},
								"up": {"uv": [14, 5], "uv_size": [0.5, 0.5]},
								"down": {"uv": [6, 14.5], "uv_size": [0.5, -0.5]}
							}
						},
						{
							"origin": [-0.35, -3.52187, 0.25],
							"size": [0.7, 0.5, 1.5],
							"uv": {
								"north": {"uv": [14, 6], "uv_size": [0.5, 0.5]},
								"east": {"uv": [10, 0], "uv_size": [1.5, 0.5]},
								"south": {"uv": [7, 14], "uv_size": [0.5, 0.5]},
								"west": {"uv": [10, 1], "uv_size": [1.5, 0.5]},
								"up": {"uv": [10, 2], "uv_size": [0.5, 1.5]},
								"down": {"uv": [3, 11.5], "uv_size": [0.5, -1.5]}
							}
						},
						{
							"origin": [-0.35, -3.62187, 0.35],
							"size": [0.7, 0.85, 1.3],
							"uv": {
								"north": {"uv": [11, 8], "uv_size": [0.5, 1]},
								"east": {"uv": [4, 2], "uv_size": [1.5, 1]},
								"south": {"uv": [9, 11], "uv_size": [0.5, 1]},
								"west": {"uv": [3, 4], "uv_size": [1.5, 1]},
								"up": {"uv": [4, 10], "uv_size": [0.5, 1.5]},
								"down": {"uv": [10, 5.5], "uv_size": [0.5, -1.5]}
							}
						},
						{
							"origin": [0.66213, -3.61988, 0.40711],
							"size": [0.25, 0.85, 0.2121],
							"pivot": [0.56213, -3.57188, 1.05711],
							"rotation": [0, 45, 0],
							"uv": {
								"north": {"uv": [10, 11], "uv_size": [0.5, 1]},
								"east": {"uv": [11, 10], "uv_size": [0.5, 1]},
								"south": {"uv": [11, 11], "uv_size": [0.5, 1]},
								"west": {"uv": [0, 12], "uv_size": [0.5, 1]},
								"up": {"uv": [14, 7], "uv_size": [0.5, 0.5]},
								"down": {"uv": [8, 14.5], "uv_size": [0.5, -0.5]}
							}
						},
						{
							"origin": [-0.91213, -3.61988, 0.40711],
							"size": [0.25, 0.85, 0.2121],
							"pivot": [-0.56213, -3.57188, 1.05711],
							"rotation": [0, -45, 0],
							"uv": {
								"north": {"uv": [12, 0], "uv_size": [0.5, 1]},
								"east": {"uv": [1, 12], "uv_size": [0.5, 1]},
								"south": {"uv": [12, 1], "uv_size": [0.5, 1]},
								"west": {"uv": [2, 12], "uv_size": [0.5, 1]},
								"up": {"uv": [14, 8], "uv_size": [0.5, 0.5]},
								"down": {"uv": [9, 14.5], "uv_size": [0.5, -0.5]}
							}
						},
						{
							"origin": [-0.39183, -3.61988, 0.46111],
							"size": [0.25, 0.85, 0.2121],
							"pivot": [0.80817, -3.57188, 1.11111],
							"rotation": [0, 45, 0],
							"uv": {
								"north": {"uv": [12, 2], "uv_size": [0.5, 1]},
								"east": {"uv": [3, 12], "uv_size": [0.5, 1]},
								"south": {"uv": [12, 3], "uv_size": [0.5, 1]},
								"west": {"uv": [4, 12], "uv_size": [0.5, 1]},
								"up": {"uv": [14, 9], "uv_size": [0.5, 0.5]},
								"down": {"uv": [10, 14.5], "uv_size": [0.5, -0.5]}
							}
						},
						{
							"origin": [0.14183, -3.61988, 0.46111],
							"size": [0.25, 0.85, 0.2121],
							"pivot": [-0.80817, -3.57188, 1.11111],
							"rotation": [0, -45, 0],
							"uv": {
								"north": {"uv": [12, 4], "uv_size": [0.5, 1]},
								"east": {"uv": [5, 12], "uv_size": [0.5, 1]},
								"south": {"uv": [12, 5], "uv_size": [0.5, 1]},
								"west": {"uv": [6, 12], "uv_size": [0.5, 1]},
								"up": {"uv": [14, 10], "uv_size": [0.5, 0.5]},
								"down": {"uv": [11, 14.5], "uv_size": [0.5, -0.5]}
							}
						},
						{
							"origin": [-0.6, -3.52187, 0.5],
							"size": [1.2, 0.5, 1],
							"uv": {
								"north": {"uv": [12, 6], "uv_size": [1, 0.5]},
								"east": {"uv": [7, 12], "uv_size": [1, 0.5]},
								"south": {"uv": [12, 7], "uv_size": [1, 0.5]},
								"west": {"uv": [8, 12], "uv_size": [1, 0.5]},
								"up": {"uv": [6, 5], "uv_size": [1, 1]},
								"down": {"uv": [7, 1], "uv_size": [1, -1]}
							}
						},
						{
							"origin": [0.3366, -3.55419, 0.5],
							"size": [0.25, 0.1414, 1],
							"pivot": [0.4616, -3.48349, 1],
							"rotation": [0, 0, 45],
							"uv": {
								"north": {"uv": [14, 11], "uv_size": [0.5, 0.5]},
								"east": {"uv": [12, 8], "uv_size": [1, 0.5]},
								"south": {"uv": [12, 14], "uv_size": [0.5, 0.5]},
								"west": {"uv": [9, 12], "uv_size": [1, 0.5]},
								"up": {"uv": [12, 9], "uv_size": [0.5, 1]},
								"down": {"uv": [10, 13], "uv_size": [0.5, -1]}
							}
						},
						{
							"origin": [-0.5866, -3.55419, 0.5],
							"size": [0.25, 0.1414, 1],
							"pivot": [-0.4616, -3.48349, 1],
							"rotation": [0, 0, -45],
							"uv": {
								"north": {"uv": [14, 12], "uv_size": [0.5, 0.5]},
								"east": {"uv": [12, 10], "uv_size": [1, 0.5]},
								"south": {"uv": [13, 14], "uv_size": [0.5, 0.5]},
								"west": {"uv": [11, 12], "uv_size": [1, 0.5]},
								"up": {"uv": [12, 11], "uv_size": [0.5, 1]},
								"down": {"uv": [12, 13], "uv_size": [0.5, -1]}
							}
						},
						{
							"origin": [-0.5, -3.62087, 0.5],
							"size": [1, 0.85, 1],
							"uv": {
								"north": {"uv": [7, 3], "uv_size": [1, 1]},
								"east": {"uv": [3, 9], "uv_size": [1, 1]},
								"south": {"uv": [4, 9], "uv_size": [1, 1]},
								"west": {"uv": [9, 4], "uv_size": [1, 1]},
								"up": {"uv": [5, 9], "uv_size": [1, 1]},
								"down": {"uv": [9, 6], "uv_size": [1, -1]}
							}
						},
						{
							"origin": [0.26163, -3.52087, 1.35984],
							"size": [0.25, 0.5, 0.3535],
							"pivot": [0.38663, -2.32188, 1.53659],
							"rotation": [0, -45, 0],
							"uv": {
								"north": {"uv": [14, 13], "uv_size": [0.5, 0.5]},
								"east": {"uv": [14, 14], "uv_size": [0.5, 0.5]},
								"south": {"uv": [0, 15], "uv_size": [0.5, 0.5]},
								"west": {"uv": [15, 0], "uv_size": [0.5, 0.5]},
								"up": {"uv": [1, 15], "uv_size": [0.5, 0.5]},
								"down": {"uv": [15, 1.5], "uv_size": [0.5, -0.5]}
							}
						},
						{
							"origin": [0.26163, -3.52087, 0.28666],
							"size": [0.25, 0.5, 0.3535],
							"pivot": [0.38663, -2.32188, 0.46341],
							"rotation": [0, 45, 0],
							"uv": {
								"north": {"uv": [2, 15], "uv_size": [0.5, 0.5]},
								"east": {"uv": [15, 2], "uv_size": [0.5, 0.5]},
								"south": {"uv": [3, 15], "uv_size": [0.5, 0.5]},
								"west": {"uv": [15, 3], "uv_size": [0.5, 0.5]},
								"up": {"uv": [4, 15], "uv_size": [0.5, 0.5]},
								"down": {"uv": [15, 4.5], "uv_size": [0.5, -0.5]}
							}
						},
						{
							"origin": [-0.51163, -3.52087, 1.35984],
							"size": [0.25, 0.5, 0.3535],
							"pivot": [-0.38663, -2.32188, 1.53659],
							"rotation": [0, 45, 0],
							"uv": {
								"north": {"uv": [5, 15], "uv_size": [0.5, 0.5]},
								"east": {"uv": [15, 5], "uv_size": [0.5, 0.5]},
								"south": {"uv": [6, 15], "uv_size": [0.5, 0.5]},
								"west": {"uv": [15, 6], "uv_size": [0.5, 0.5]},
								"up": {"uv": [7, 15], "uv_size": [0.5, 0.5]},
								"down": {"uv": [15, 7.5], "uv_size": [0.5, -0.5]}
							}
						},
						{
							"origin": [-0.51163, -3.52087, 0.28666],
							"size": [0.25, 0.5, 0.3535],
							"pivot": [-0.38663, -2.32188, 0.46341],
							"rotation": [0, -45, 0],
							"uv": {
								"north": {"uv": [8, 15], "uv_size": [0.5, 0.5]},
								"east": {"uv": [15, 8], "uv_size": [0.5, 0.5]},
								"south": {"uv": [9, 15], "uv_size": [0.5, 0.5]},
								"west": {"uv": [15, 9], "uv_size": [0.5, 0.5]},
								"up": {"uv": [10, 15], "uv_size": [0.5, 0.5]},
								"down": {"uv": [15, 10.5], "uv_size": [0.5, -0.5]}
							}
						},
						{
							"origin": [-0.54822, 0.00313, 0.249],
							"size": [0.25, 0.25, 1.5],
							"pivot": [-0.42322, 0.12813, 0.75],
							"rotation": [0, 0, 45],
							"uv": {
								"north": {"uv": [11, 15], "uv_size": [0.5, 0.5]},
								"east": {"uv": [5, 10], "uv_size": [1.5, 0.5]},
								"south": {"uv": [15, 11], "uv_size": [0.5, 0.5]},
								"up": {"uv": [7, 10], "uv_size": [0.5, 1.5]}
							}
						},
						{
							"origin": [0.29822, 0.00313, 0.249],
							"size": [0.25, 0.25, 1.5],
							"pivot": [0.42322, 0.12813, 0.75],
							"rotation": [0, 0, -45],
							"uv": {
								"north": {"uv": [12, 15], "uv_size": [0.5, 0.5]},
								"south": {"uv": [15, 12], "uv_size": [0.5, 0.5]},
								"west": {"uv": [10, 9], "uv_size": [1.5, 0.5]},
								"up": {"uv": [8, 10], "uv_size": [0.5, 1.5]}
							}
						},
						{
							"origin": [-0.75891, -0.54479, 0.001],
							"size": [0.3535, 0.6035, 1.75],
							"pivot": [0.06959, 0.68021, 0.75],
							"rotation": [0, 0, -45],
							"uv": {
								"north": {"uv": [13, 15], "uv_size": [0.5, 0.5]},
								"south": {"uv": [15, 13], "uv_size": [0.5, 0.5]},
								"west": {"uv": [6, 9], "uv_size": [2, 0.5]}
							}
						},
						{
							"origin": [0.40533, -0.54479, 0.002],
							"size": [0.3535, 0.6035, 1.75],
							"pivot": [-0.06967, 0.68021, 0.75],
							"rotation": [0, 0, 45],
							"uv": {
								"north": {"uv": [14, 15], "uv_size": [0.5, 0.5]},
								"east": {"uv": [9, 6], "uv_size": [2, 0.5]},
								"south": {"uv": [15, 14], "uv_size": [0.5, 0.5]}
							}
						}
					]
				}
			]
		}
	]
}