{
	"format_version": "1.12.0",
	"minecraft:geometry": [
		{
			"description": {
				"identifier": "geometry.grip_utg_usv",
				"texture_width": 16,
				"texture_height": 16,
				"visible_bounds_width": 2,
				"visible_bounds_height": 1.5,
				"visible_bounds_offset": [0, 0.25, 0]
			},
			"bones": [
				{
					"name": "UTG_UltraSlim",
					"pivot": [0, 0.1625, 0],
					"cubes": [
						{
							"origin": [-0.0625, -0.1875, -1.0625],
							"size": [0.125, 0.1875, 0.375],
							"uv": {
								"north": {"uv": [3, 2], "uv_size": [1, 1]},
								"up": {"uv": [3, 3], "uv_size": [1, 1]},
								"down": {"uv": [0, 5], "uv_size": [1, -1]}
							}
						},
						{
							"origin": [-0.375, -0.1875, -0.6875],
							"size": [0.75, 0.1875, 1.375],
							"uv": {
								"east": {"uv": [0, 13], "uv_size": [1, 1]},
								"west": {"uv": [13, 0], "uv_size": [1, 1]},
								"up": {"uv": [1, 13], "uv_size": [1, 1]},
								"down": {"uv": [13, 2], "uv_size": [1, -1]}
							}
						},
						{
							"origin": [-0.375, -0.16013, 0.58192],
							"size": [0.75, 0.25, 0.125],
							"inflate": -0.0001,
							"pivot": [0, 0, 0],
							"rotation": [-22.5, 0, 0],
							"uv": {
								"north": {"uv": [7, 10], "uv_size": [1, 1]},
								"east": {"uv": [10, 7], "uv_size": [1, 1]},
								"south": {"uv": [8, 10], "uv_size": [1, 1]},
								"west": {"uv": [10, 8], "uv_size": [1, 1]}
							}
						},
						{
							"origin": [-0.375, -0.74563, 0.47634],
							"size": [0.75, 0.375, 0.125],
							"uv": {
								"north": {"uv": [9, 10], "uv_size": [1, 1]},
								"east": {"uv": [10, 9], "uv_size": [1, 1]},
								"south": {"uv": [10, 10], "uv_size": [1, 1]},
								"west": {"uv": [0, 11], "uv_size": [1, 1]}
							}
						},
						{
							"origin": [-0.375, -1.12116, 0.15474],
							"size": [0.75, 0.25, 0.125],
							"inflate": -0.0001,
							"pivot": [0, 0, 0],
							"rotation": [22.5, 0, 0],
							"uv": {
								"north": {"uv": [11, 0], "uv_size": [1, 1]},
								"east": {"uv": [1, 11], "uv_size": [1, 1]},
								"south": {"uv": [11, 1], "uv_size": [1, 1]},
								"west": {"uv": [2, 11], "uv_size": [1, 1]}
							}
						},
						{
							"origin": [-0.375, -1.31927, 0.00708],
							"size": [0.75, 0.1875, 0.125],
							"pivot": [0, 0, 0],
							"rotation": [30, 0, 0],
							"uv": {
								"north": {"uv": [11, 2], "uv_size": [1, 1]},
								"east": {"uv": [3, 11], "uv_size": [1, 1]},
								"south": {"uv": [11, 3], "uv_size": [1, 1]},
								"west": {"uv": [4, 11], "uv_size": [1, 1]}
							}
						},
						{
							"origin": [-0.375, -1.79289, 0.69091],
							"size": [0.75, 0.75, 0.125],
							"inflate": -0.0001,
							"pivot": [0, 0, 0],
							"rotation": [-2.5, 0, 0],
							"uv": {
								"north": {"uv": [11, 4], "uv_size": [1, 1]},
								"east": {"uv": [5, 11], "uv_size": [1, 1]},
								"south": {"uv": [11, 5], "uv_size": [1, 1]},
								"west": {"uv": [6, 11], "uv_size": [1, 1]}
							}
						},
						{
							"origin": [-0.375, -2.61496, 0.84406],
							"size": [0.75, 0.9, 0.125],
							"pivot": [0, 0, 0],
							"rotation": [-7.5, 0, 0],
							"uv": {
								"north": {"uv": [11, 6], "uv_size": [1, 1]},
								"east": {"uv": [7, 11], "uv_size": [1, 1]},
								"south": {"uv": [11, 7], "uv_size": [1, 1]},
								"west": {"uv": [8, 11], "uv_size": [1, 1]}
							}
						},
						{
							"origin": [-0.275, -0.13513, 0.70692],
							"size": [0.55, 0.275, 0.1],
							"inflate": -0.0001,
							"pivot": [0, 0, 0],
							"rotation": [-22.5, 0, 0],
							"uv": {
								"east": {"uv": [13, 11], "uv_size": [1, 1]},
								"south": {"uv": [12, 13], "uv_size": [1, 1]},
								"west": {"uv": [13, 12], "uv_size": [1, 1]}
							}
						},
						{
							"origin": [-0.275, -0.72063, 0.60134],
							"size": [0.55, 0.325, 0.1],
							"uv": {
								"east": {"uv": [10, 13], "uv_size": [1, 1]},
								"south": {"uv": [13, 10], "uv_size": [1, 1]},
								"west": {"uv": [11, 13], "uv_size": [1, 1]}
							}
						},
						{
							"origin": [-0.275, -1.34033, 0.13208],
							"size": [0.55, 0.20856, 0.10001],
							"pivot": [0, 0, 0],
							"rotation": [30, 0, 0],
							"uv": {
								"east": {"uv": [13, 8], "uv_size": [1, 1]},
								"south": {"uv": [9, 13], "uv_size": [1, 1]},
								"west": {"uv": [13, 9], "uv_size": [1, 1]}
							}
						},
						{
							"origin": [-0.275, -1.10866, 0.27974],
							"size": [0.55, 0.2125, 0.1],
							"inflate": -0.0001,
							"pivot": [0, 0, 0],
							"rotation": [22.5, 0, 0],
							"uv": {
								"east": {"uv": [7, 13], "uv_size": [1, 1]},
								"south": {"uv": [13, 7], "uv_size": [1, 1]},
								"west": {"uv": [8, 13], "uv_size": [1, 1]}
							}
						},
						{
							"origin": [-0.275, -1.79733, 0.81591],
							"size": [0.55, 0.7916, 0.09999],
							"inflate": -0.0001,
							"pivot": [0, 0, 0],
							"rotation": [-2.5, 0, 0],
							"uv": {
								"east": {"uv": [13, 5], "uv_size": [1, 1]},
								"south": {"uv": [6, 13], "uv_size": [1, 1]},
								"west": {"uv": [13, 6], "uv_size": [1, 1]}
							}
						},
						{
							"origin": [-0.275, -2.61496, 0.96906],
							"size": [0.55, 0.9043, 0.1],
							"pivot": [0, 0, 0],
							"rotation": [-7.5, 0, 0],
							"uv": {
								"east": {"uv": [13, 3], "uv_size": [1, 1]},
								"south": {"uv": [4, 13], "uv_size": [1, 1]},
								"west": {"uv": [13, 4], "uv_size": [1, 1]},
								"down": {"uv": [5, 14], "uv_size": [1, -1]}
							}
						},
						{
							"origin": [-0.77622, -0.1875, -0.72821],
							"size": [0.48814, 0.1875, 0.24007],
							"inflate": -0.0001,
							"pivot": [0, 0, 0],
							"rotation": [0, -50.19443, 0],
							"uv": {
								"north": {"uv": [10, 2], "uv_size": [1, 1]},
								"up": {"uv": [3, 10], "uv_size": [1, 1]},
								"down": {"uv": [10, 4], "uv_size": [1, -1]}
							}
						},
						{
							"origin": [0.28808, -0.1875, -0.72821],
							"size": [0.48814, 0.1875, 0.24007],
							"inflate": -0.0001,
							"pivot": [0, 0, 0],
							"rotation": [0, 50.19443, 0],
							"uv": {
								"north": {"uv": [2, 13], "uv_size": [1, 1]},
								"up": {"uv": [13, 2], "uv_size": [1, 1]},
								"down": {"uv": [3, 14], "uv_size": [1, -1]}
							}
						},
						{
							"origin": [-0.225, -0.1875, 0.6875],
							"size": [0.45, 0.1875, 0.1875],
							"uv": {
								"south": {"uv": [4, 10], "uv_size": [1, 1]},
								"up": {"uv": [10, 4], "uv_size": [1, 1]},
								"down": {"uv": [5, 11], "uv_size": [1, -1]}
							}
						},
						{
							"origin": [-0.54271, -0.1875, 0.60517],
							"size": [0.24012, 0.1875, 0.11713],
							"inflate": -0.0001,
							"pivot": [0, 0, 0],
							"rotation": [0, 51.3402, 0],
							"uv": {
								"south": {"uv": [10, 5], "uv_size": [1, 1]},
								"up": {"uv": [6, 10], "uv_size": [1, 1]},
								"down": {"uv": [10, 7], "uv_size": [1, -1]}
							}
						},
						{
							"origin": [0.30259, -0.1875, 0.60517],
							"size": [0.24012, 0.1875, 0.11713],
							"inflate": -0.0001,
							"pivot": [0, 0, 0],
							"rotation": [0, -51.3402, 0],
							"uv": {
								"south": {"uv": [13, 13], "uv_size": [1, 1]},
								"up": {"uv": [0, 14], "uv_size": [1, 1]},
								"down": {"uv": [14, 1], "uv_size": [1, -1]}
							}
						},
						{
							"origin": [-0.375, 0.10606, -0.55873],
							"size": [0.75, 0.15, 0.1875],
							"pivot": [0, 0, 0],
							"rotation": [45, 0, 0],
							"uv": {
								"east": {"uv": [0, 9], "uv_size": [1, 1]},
								"west": {"uv": [9, 0], "uv_size": [1, 1]},
								"down": {"uv": [1, 10], "uv_size": [1, -1]}
							}
						},
						{
							"origin": [-0.375, -0.19363, -0.68914],
							"size": [0.75, 0.375, 0.125],
							"inflate": -0.0001,
							"pivot": [0, 0, 0],
							"rotation": [30, 0, 0],
							"uv": {
								"north": {"uv": [8, 6], "uv_size": [1, 1]},
								"east": {"uv": [7, 8], "uv_size": [1, 1]},
								"south": {"uv": [8, 7], "uv_size": [1, 1]},
								"west": {"uv": [8, 8], "uv_size": [1, 1]}
							}
						},
						{
							"origin": [-0.375, -0.76978, -0.5721],
							"size": [0.75, 0.375, 0.125],
							"pivot": [0, 0, 0],
							"rotation": [7.5, 0, 0],
							"uv": {
								"north": {"uv": [9, 1], "uv_size": [1, 1]},
								"east": {"uv": [2, 9], "uv_size": [1, 1]},
								"south": {"uv": [9, 2], "uv_size": [1, 1]},
								"west": {"uv": [3, 9], "uv_size": [1, 1]}
							}
						},
						{
							"origin": [-0.375, -1.25728, -0.24349],
							"size": [0.75, 0.375, 0.125],
							"inflate": -0.0002,
							"pivot": [0, 0, 0],
							"rotation": [-15, 0, 0],
							"uv": {
								"north": {"uv": [9, 3], "uv_size": [1, 1]},
								"east": {"uv": [4, 9], "uv_size": [1, 1]},
								"south": {"uv": [9, 4], "uv_size": [1, 1]},
								"west": {"uv": [5, 9], "uv_size": [1, 1]}
							}
						},
						{
							"origin": [-0.375, -1.27308, 0.40102],
							"size": [0.75, 0.125, 0.125],
							"inflate": -0.0001,
							"pivot": [0, 0, 0],
							"rotation": [-45, 0, 0],
							"uv": {
								"north": {"uv": [9, 5], "uv_size": [1, 1]},
								"east": {"uv": [6, 9], "uv_size": [1, 1]},
								"south": {"uv": [9, 6], "uv_size": [1, 1]},
								"west": {"uv": [7, 9], "uv_size": [1, 1]}
							}
						},
						{
							"origin": [-0.375, -1.30877, -0.61663],
							"size": [0.75, 0.125, 0.125],
							"uv": {
								"north": {"uv": [9, 7], "uv_size": [1, 1]},
								"east": {"uv": [8, 9], "uv_size": [1, 1]},
								"south": {"uv": [9, 8], "uv_size": [1, 1]},
								"west": {"uv": [9, 9], "uv_size": [1, 1]}
							}
						},
						{
							"origin": [-0.375, -0.86294, -1.28594],
							"size": [0.75, 0.2, 0.125],
							"inflate": -0.0001,
							"pivot": [0, 0, 0],
							"rotation": [37.5, 0, 0],
							"uv": {
								"north": {"uv": [0, 10], "uv_size": [1, 1]},
								"east": {"uv": [10, 0], "uv_size": [1, 1]},
								"south": {"uv": [1, 10], "uv_size": [1, 1]},
								"west": {"uv": [10, 1], "uv_size": [1, 1]}
							}
						},
						{
							"origin": [-0.375, -2.94237, -0.66398],
							"size": [0.75, 1.6, 0.125],
							"pivot": [0, 0, 0],
							"rotation": [6, 0, 0],
							"uv": {
								"north": {"uv": [0, 0], "uv_size": [1, 2]},
								"east": {"uv": [1, 0], "uv_size": [1, 2]},
								"south": {"uv": [0, 2], "uv_size": [1, 2]},
								"west": {"uv": [2, 0], "uv_size": [1, 2]},
								"down": {"uv": [2, 11], "uv_size": [1, -1]}
							}
						},
						{
							"origin": [-0.275, -0.81654, -1.38594],
							"size": [0.55, 0.1875, 0.1],
							"inflate": -0.0001,
							"pivot": [0, 0, 0],
							"rotation": [37.5, 0, 0],
							"uv": {
								"north": {"uv": [11, 12], "uv_size": [1, 1]},
								"east": {"uv": [12, 11], "uv_size": [1, 1]},
								"west": {"uv": [12, 12], "uv_size": [1, 1]}
							}
						},
						{
							"origin": [-0.275, -1.34276, -0.71661],
							"size": [0.55, 0.2005, 0.09997],
							"uv": {
								"north": {"uv": [12, 9], "uv_size": [1, 1]},
								"east": {"uv": [10, 12], "uv_size": [1, 1]},
								"west": {"uv": [12, 10], "uv_size": [1, 1]}
							}
						},
						{
							"origin": [-0.275, -1.31442, 0.30097],
							"size": [0.55, 0.125, 0.10005],
							"inflate": -0.0001,
							"pivot": [0, 0, 0],
							"rotation": [-45, 0, 0],
							"uv": {
								"north": {"uv": [8, 12], "uv_size": [1, 1]},
								"east": {"uv": [12, 8], "uv_size": [1, 1]},
								"west": {"uv": [9, 12], "uv_size": [1, 1]}
							}
						},
						{
							"origin": [-0.275, -1.23228, -0.34349],
							"size": [0.55, 0.325, 0.1],
							"inflate": -0.0002,
							"pivot": [0, 0, 0],
							"rotation": [-15, 0, 0],
							"uv": {
								"north": {"uv": [12, 6], "uv_size": [1, 1]},
								"east": {"uv": [7, 12], "uv_size": [1, 1]},
								"west": {"uv": [12, 7], "uv_size": [1, 1]}
							}
						},
						{
							"origin": [-0.275, -0.74478, -0.6721],
							"size": [0.55, 0.325, 0.1],
							"pivot": [0, 0, 0],
							"rotation": [7.5, 0, 0],
							"uv": {
								"north": {"uv": [5, 12], "uv_size": [1, 1]},
								"east": {"uv": [12, 5], "uv_size": [1, 1]},
								"west": {"uv": [6, 12], "uv_size": [1, 1]}
							}
						},
						{
							"origin": [-0.275, -0.16863, -0.78914],
							"size": [0.55, 0.4125, 0.1],
							"inflate": -0.0001,
							"pivot": [0, 0, 0],
							"rotation": [30, 0, 0],
							"uv": {
								"north": {"uv": [12, 3], "uv_size": [1, 1]},
								"east": {"uv": [4, 12], "uv_size": [1, 1]},
								"west": {"uv": [12, 4], "uv_size": [1, 1]}
							}
						},
						{
							"origin": [-0.275, -2.94237, -0.76398],
							"size": [0.55, 1.575, 0.1],
							"pivot": [0, 0, 0],
							"rotation": [6, 0, 0],
							"uv": {
								"north": {"uv": [1, 2], "uv_size": [1, 2]},
								"east": {"uv": [2, 2], "uv_size": [1, 2]},
								"west": {"uv": [3, 0], "uv_size": [1, 2]},
								"down": {"uv": [3, 13], "uv_size": [1, -1]}
							}
						},
						{
							"origin": [-0.3625, -1.60428, -1.05409],
							"size": [0.725, 0.15, 1.1375],
							"pivot": [0, 0, 0],
							"rotation": [23, 0, 0],
							"uv": {
								"east": {"uv": [11, 10], "uv_size": [1, 1]},
								"west": {"uv": [11, 11], "uv_size": [1, 1]},
								"up": {"uv": [0, 12], "uv_size": [1, 1]},
								"down": {"uv": [12, 1], "uv_size": [1, -1]}
							}
						},
						{
							"origin": [-0.3625, -0.9343, -0.07383],
							"size": [0.725, 0.15, 1.1375],
							"pivot": [0, 0, 0],
							"rotation": [-22, 0, 0],
							"uv": {
								"east": {"uv": [1, 12], "uv_size": [1, 1]},
								"west": {"uv": [12, 1], "uv_size": [1, 1]},
								"up": {"uv": [2, 12], "uv_size": [1, 1]},
								"down": {"uv": [12, 3], "uv_size": [1, -1]}
							}
						},
						{
							"origin": [-0.375, -2.78041, -1.10332],
							"size": [0.75, 0.2, 0.88792],
							"inflate": -0.0001,
							"pivot": [0, 0, 0],
							"rotation": [17.26374, 0, 0],
							"uv": {
								"east": {"uv": [11, 8], "uv_size": [1, 1]},
								"west": {"uv": [9, 11], "uv_size": [1, 1]},
								"up": {"uv": [11, 9], "uv_size": [1, 1]},
								"down": {"uv": [10, 12], "uv_size": [1, -1]}
							}
						},
						{
							"origin": [0.525, -0.09308, -0.23236],
							"size": [0.0625, 0.35, 0.35],
							"pivot": [0, 0, 0],
							"rotation": [-35, 0, 0],
							"uv": {
								"north": {"uv": [4, 0], "uv_size": [1, 1]},
								"south": {"uv": [1, 4], "uv_size": [1, 1]},
								"west": {"uv": [4, 1], "uv_size": [1, 1]},
								"up": {"uv": [2, 4], "uv_size": [1, 1]},
								"down": {"uv": [4, 3], "uv_size": [1, -1]}
							}
						},
						{
							"origin": [-0.6, 0.00821, -0.13321],
							"size": [1.125, 0.125, 0.125],
							"pivot": [0, 0, 0],
							"rotation": [-45, 0, 0],
							"uv": {
								"north": {"uv": [3, 4], "uv_size": [1, 1]},
								"east": {"uv": [4, 3], "uv_size": [1, 1]},
								"south": {"uv": [4, 4], "uv_size": [1, 1]},
								"up": {"uv": [0, 5], "uv_size": [1, 1]},
								"down": {"uv": [5, 1], "uv_size": [1, -1]}
							}
						},
						{
							"origin": [0.4375, -0.15, -0.125],
							"size": [0.125, 0.5, 0.25],
							"uv": {
								"west": {"uv": [1, 5], "uv_size": [1, 1]},
								"up": {"uv": [5, 1], "uv_size": [1, 1]},
								"down": {"uv": [2, 6], "uv_size": [1, -1]}
							}
						},
						{
							"origin": [0.4375, -0.19445, -0.1591],
							"size": [0.125, 0.53033, 0.17678],
							"pivot": [0, 0, 0],
							"rotation": [-45, 0, 0],
							"uv": {
								"west": {"uv": [5, 2], "uv_size": [1, 1]},
								"up": {"uv": [3, 5], "uv_size": [1, 1]},
								"down": {"uv": [5, 4], "uv_size": [1, -1]}
							}
						},
						{
							"origin": [0.4375, -0.19445, -0.01768],
							"size": [0.125, 0.53033, 0.17678],
							"pivot": [0, 0, 0],
							"rotation": [45, 0, 0],
							"uv": {
								"west": {"uv": [4, 5], "uv_size": [1, 1]},
								"up": {"uv": [5, 4], "uv_size": [1, 1]},
								"down": {"uv": [5, 6], "uv_size": [1, -1]}
							}
						},
						{
							"origin": [0.5, -0.025, -0.4625],
							"size": [0.0625, 0.25, 0.925],
							"uv": {
								"north": {"uv": [0, 6], "uv_size": [1, 1]},
								"south": {"uv": [6, 0], "uv_size": [1, 1]},
								"west": {"uv": [1, 6], "uv_size": [1, 1]}
							}
						},
						{
							"origin": [-0.26517, 0.44204, -0.4624],
							"size": [0.17668, 0.07066, 0.9249],
							"inflate": 0.0001,
							"pivot": [0, 0, 0],
							"rotation": [0, 0, -45],
							"uv": {
								"north": {"uv": [6, 1], "uv_size": [1, 1]},
								"south": {"uv": [2, 6], "uv_size": [1, 1]},
								"down": {"uv": [6, 3], "uv_size": [1, -1]}
							}
						},
						{
							"origin": [-0.44194, -0.35356, -0.4625],
							"size": [0.1768, 0.08839, 0.925],
							"inflate": 0.0001,
							"pivot": [0, 0, 0],
							"rotation": [0, 0, 45],
							"uv": {
								"north": {"uv": [3, 6], "uv_size": [1, 1]},
								"south": {"uv": [6, 3], "uv_size": [1, 1]},
								"up": {"uv": [4, 6], "uv_size": [1, 1]}
							}
						},
						{
							"origin": [0.20339, -0.41518, -0.4625],
							"size": [0.17658, 0.06143, 0.9248],
							"inflate": 0.0001,
							"pivot": [0, 0, 0],
							"rotation": [0, 0, -45],
							"uv": {
								"north": {"uv": [6, 4], "uv_size": [1, 1]},
								"south": {"uv": [5, 6], "uv_size": [1, 1]},
								"down": {"uv": [6, 6], "uv_size": [1, -1]}
							}
						},
						{
							"origin": [-0.4375, 0.25, -0.4625],
							"size": [0.0625, 0.1, 0.925],
							"uv": {
								"north": {"uv": [8, 4], "uv_size": [1, 1]},
								"south": {"uv": [5, 8], "uv_size": [1, 1]},
								"west": {"uv": [8, 5], "uv_size": [1, 1]},
								"up": {"uv": [6, 8], "uv_size": [1, 1]}
							}
						},
						{
							"origin": [-0.23855, 0.51269, -0.4625],
							"size": [0.17658, 0.04406, 0.9249],
							"inflate": 0.0001,
							"pivot": [0, 0, 0],
							"rotation": [0, 0, -45],
							"uv": {
								"north": {"uv": [3, 8], "uv_size": [1, 1]},
								"south": {"uv": [8, 3], "uv_size": [1, 1]},
								"up": {"uv": [4, 8], "uv_size": [1, 1]}
							}
						},
						{
							"origin": [-0.5625, -0.025, -0.4625],
							"size": [0.0625, 0.25, 0.925],
							"uv": {
								"north": {"uv": [8, 1], "uv_size": [1, 1]},
								"east": {"uv": [2, 8], "uv_size": [1, 1]},
								"south": {"uv": [8, 2], "uv_size": [1, 1]}
							}
						},
						{
							"origin": [-0.37997, -0.41518, -0.4625],
							"size": [0.17658, 0.06143, 0.9248],
							"inflate": 0.0001,
							"pivot": [0, 0, 0],
							"rotation": [0, 0, 45],
							"uv": {
								"north": {"uv": [0, 8], "uv_size": [1, 1]},
								"south": {"uv": [8, 0], "uv_size": [1, 1]},
								"down": {"uv": [1, 9], "uv_size": [1, -1]}
							}
						},
						{
							"origin": [-0.4375, -0.15, -0.4625],
							"size": [0.875, 0.15, 0.925],
							"inflate": -0.0001,
							"uv": {
								"north": {"uv": [6, 6], "uv_size": [1, 1]},
								"south": {"uv": [0, 7], "uv_size": [1, 1]},
								"down": {"uv": [7, 1], "uv_size": [1, -1]}
							}
						},
						{
							"origin": [0.375, 0.25, -0.4625],
							"size": [0.0625, 0.1, 0.925],
							"uv": {
								"north": {"uv": [1, 7], "uv_size": [1, 1]},
								"east": {"uv": [7, 1], "uv_size": [1, 1]},
								"south": {"uv": [2, 7], "uv_size": [1, 1]},
								"up": {"uv": [7, 2], "uv_size": [1, 1]}
							}
						},
						{
							"origin": [0.06197, 0.51269, -0.4625],
							"size": [0.17658, 0.04406, 0.9249],
							"inflate": 0.0001,
							"pivot": [0, 0, 0],
							"rotation": [0, 0, 45],
							"uv": {
								"north": {"uv": [6, 7], "uv_size": [1, 1]},
								"south": {"uv": [7, 6], "uv_size": [1, 1]},
								"up": {"uv": [7, 7], "uv_size": [1, 1]}
							}
						},
						{
							"origin": [0.08849, 0.44204, -0.4624],
							"size": [0.17668, 0.07066, 0.9249],
							"inflate": 0.0001,
							"pivot": [0, 0, 0],
							"rotation": [0, 0, 45],
							"uv": {
								"north": {"uv": [3, 7], "uv_size": [1, 1]},
								"south": {"uv": [7, 3], "uv_size": [1, 1]},
								"down": {"uv": [4, 8], "uv_size": [1, -1]}
							}
						},
						{
							"origin": [0.26514, -0.35356, -0.4625],
							"size": [0.1768, 0.08839, 0.925],
							"inflate": 0.0001,
							"pivot": [0, 0, 0],
							"rotation": [0, 0, -45],
							"uv": {
								"north": {"uv": [7, 4], "uv_size": [1, 1]},
								"south": {"uv": [5, 7], "uv_size": [1, 1]},
								"up": {"uv": [7, 5], "uv_size": [1, 1]}
							}
						}
					]
				}
			]
		}
	]
}