{
	"format_version": "1.12.0",
	"minecraft:geometry": [
		{
			"description": {
				"identifier": "geometry.muzzle_omega300",
				"texture_width": 32,
				"texture_height": 32,
				"visible_bounds_width": 3,
				"visible_bounds_height": 2.5,
				"visible_bounds_offset": [0, 0.75, 0]
			},
			"bones": [
				{
					"name": "SilencerCo_Omega300DTM",
					"pivot": [0, 0, 0],
					"cubes": [
						{
							"origin": [-0.1876, -0.7, -0.1],
							"size": [0.3752, 1.4, 0.1],
							"uv": {
								"south": {"uv": [12, 0], "uv_size": [0.5, 1.5]}
							}
						},
						{
							"origin": [-0.1876, -0.7, -0.1],
							"size": [0.3752, 1.4, 0.1],
							"pivot": [0, 0, 0],
							"rotation": [0, 0, 30],
							"uv": {
								"south": {"uv": [12, 2], "uv_size": [0.5, 1.5]}
							}
						},
						{
							"origin": [-0.1876, -0.7, -0.1],
							"size": [0.3752, 1.4, 0.1],
							"pivot": [0, 0, 0],
							"rotation": [0, 0, 60],
							"uv": {
								"south": {"uv": [12, 4], "uv_size": [0.5, 1.5]}
							}
						},
						{
							"origin": [-0.1876, -0.7, -0.1],
							"size": [0.3752, 1.4, 0.1],
							"pivot": [0, 0, 0],
							"rotation": [0, 0, 90],
							"uv": {
								"south": {"uv": [12, 6], "uv_size": [0.5, 1.5]}
							}
						},
						{
							"origin": [-0.1876, -0.7, -0.1],
							"size": [0.3752, 1.4, 0.1],
							"pivot": [0, 0, 0],
							"rotation": [0, 0, 120],
							"uv": {
								"south": {"uv": [12, 8], "uv_size": [0.5, 1.5]}
							}
						},
						{
							"origin": [-0.1876, -0.7, -0.1],
							"size": [0.3752, 1.4, 0.1],
							"pivot": [0, 0, 0],
							"rotation": [0, 0, 150],
							"uv": {
								"south": {"uv": [12, 10], "uv_size": [0.5, 1.5]}
							}
						},
						{
							"origin": [-0.2445, 0.2125, -7.2125],
							"size": [0.489, 0.7, 7],
							"uv": {
								"north": {"uv": [13, 5], "uv_size": [0.5, 0.75]},
								"up": {"uv": [0, 0], "uv_size": [0.5, 7]},
								"down": {"uv": [1, 7], "uv_size": [0.5, -7]}
							}
						},
						{
							"origin": [-0.2445, 0.2125, -7.2125],
							"size": [0.489, 0.7, 7],
							"pivot": [0, 0, 0],
							"rotation": [0, 0, 30],
							"uv": {
								"north": {"uv": [13, 6], "uv_size": [0.5, 0.75]},
								"up": {"uv": [2, 0], "uv_size": [0.5, 7]},
								"down": {"uv": [3, 7], "uv_size": [0.5, -7]}
							}
						},
						{
							"origin": [-0.2445, 0.2125, -7.2125],
							"size": [0.489, 0.7, 7],
							"pivot": [0, 0, 0],
							"rotation": [0, 0, 60],
							"uv": {
								"north": {"uv": [13, 7], "uv_size": [0.5, 0.75]},
								"up": {"uv": [4, 0], "uv_size": [0.5, 7]},
								"down": {"uv": [5, 7], "uv_size": [0.5, -7]}
							}
						},
						{
							"origin": [-0.2445, 0.2125, -7.2125],
							"size": [0.489, 0.7, 7],
							"pivot": [0, 0, 0],
							"rotation": [0, 0, 90],
							"uv": {
								"north": {"uv": [13, 8], "uv_size": [0.5, 0.75]},
								"up": {"uv": [6, 0], "uv_size": [0.5, 7]},
								"down": {"uv": [0, 14], "uv_size": [0.5, -7]}
							}
						},
						{
							"origin": [-0.2445, 0.2125, -7.2125],
							"size": [0.489, 0.7, 7],
							"pivot": [0, 0, 0],
							"rotation": [0, 0, 120],
							"uv": {
								"north": {"uv": [13, 9], "uv_size": [0.5, 0.75]},
								"up": {"uv": [7, 0], "uv_size": [0.5, 7]},
								"down": {"uv": [1, 14], "uv_size": [0.5, -7]}
							}
						},
						{
							"origin": [-0.2445, 0.2125, -7.2125],
							"size": [0.489, 0.7, 7],
							"pivot": [0, 0, 0],
							"rotation": [0, 0, 150],
							"uv": {
								"north": {"uv": [13, 10], "uv_size": [0.5, 0.75]},
								"up": {"uv": [2, 7], "uv_size": [0.5, 7]},
								"down": {"uv": [3, 14], "uv_size": [0.5, -7]}
							}
						},
						{
							"origin": [-0.2445, 0.2125, -7.2125],
							"size": [0.489, 0.7, 7],
							"pivot": [0, 0, 0],
							"rotation": [0, 0, -180],
							"uv": {
								"north": {"uv": [13, 11], "uv_size": [0.5, 0.75]},
								"up": {"uv": [4, 7], "uv_size": [0.5, 7]},
								"down": {"uv": [5, 14], "uv_size": [0.5, -7]}
							}
						},
						{
							"origin": [-0.2445, 0.2125, -7.2125],
							"size": [0.489, 0.7, 7],
							"pivot": [0, 0, 0],
							"rotation": [0, 0, -150],
							"uv": {
								"north": {"uv": [12, 13], "uv_size": [0.5, 0.75]},
								"up": {"uv": [6, 7], "uv_size": [0.5, 7]},
								"down": {"uv": [7, 14], "uv_size": [0.5, -7]}
							}
						},
						{
							"origin": [-0.2445, 0.2125, -7.2125],
							"size": [0.489, 0.7, 7],
							"pivot": [0, 0, 0],
							"rotation": [0, 0, -120],
							"uv": {
								"north": {"uv": [13, 12], "uv_size": [0.5, 0.75]},
								"up": {"uv": [8, 0], "uv_size": [0.5, 7]},
								"down": {"uv": [8, 14], "uv_size": [0.5, -7]}
							}
						},
						{
							"origin": [-0.2445, 0.2125, -7.2125],
							"size": [0.489, 0.7, 7],
							"pivot": [0, 0, 0],
							"rotation": [0, 0, -90],
							"uv": {
								"north": {"uv": [13, 13], "uv_size": [0.5, 0.75]},
								"up": {"uv": [9, 0], "uv_size": [0.5, 7]},
								"down": {"uv": [9, 14], "uv_size": [0.5, -7]}
							}
						},
						{
							"origin": [-0.2445, 0.2125, -7.2125],
							"size": [0.489, 0.7, 7],
							"pivot": [0, 0, 0],
							"rotation": [0, 0, -60],
							"uv": {
								"north": {"uv": [0, 14], "uv_size": [0.5, 0.75]},
								"up": {"uv": [10, 0], "uv_size": [0.5, 7]},
								"down": {"uv": [10, 14], "uv_size": [0.5, -7]}
							}
						},
						{
							"origin": [-0.2445, 0.2125, -7.2125],
							"size": [0.489, 0.7, 7],
							"pivot": [0, 0, 0],
							"rotation": [0, 0, -30],
							"uv": {
								"north": {"uv": [14, 0], "uv_size": [0.5, 0.75]},
								"up": {"uv": [11, 0], "uv_size": [0.5, 7]},
								"down": {"uv": [11, 14], "uv_size": [0.5, -7]}
							}
						},
						{
							"origin": [-0.2445, 0.2125, -7.6125],
							"size": [0.489, 0.7, 0.2],
							"pivot": [0, 0, 0],
							"rotation": [0, 0, -30],
							"uv": {
								"north": {"uv": [1, 14], "uv_size": [0.5, 0.75]},
								"south": {"uv": [14, 1], "uv_size": [0.5, 0.75]},
								"up": {"uv": [16, 16], "uv_size": [0.5, 0.25]},
								"down": {"uv": [0, 17.25], "uv_size": [0.5, -0.25]}
							}
						},
						{
							"origin": [-0.2445, 0.2125, -7.6125],
							"size": [0.489, 0.7, 0.2],
							"pivot": [0, 0, 0],
							"rotation": [0, 0, -60],
							"uv": {
								"north": {"uv": [2, 14], "uv_size": [0.5, 0.75]},
								"south": {"uv": [14, 2], "uv_size": [0.5, 0.75]},
								"up": {"uv": [17, 0], "uv_size": [0.5, 0.25]},
								"down": {"uv": [1, 17.25], "uv_size": [0.5, -0.25]}
							}
						},
						{
							"origin": [-0.2445, 0.2125, -7.6125],
							"size": [0.489, 0.7, 0.2],
							"pivot": [0, 0, 0],
							"rotation": [0, 0, -90],
							"uv": {
								"north": {"uv": [3, 14], "uv_size": [0.5, 0.75]},
								"south": {"uv": [14, 3], "uv_size": [0.5, 0.75]},
								"up": {"uv": [17, 1], "uv_size": [0.5, 0.25]},
								"down": {"uv": [2, 17.25], "uv_size": [0.5, -0.25]}
							}
						},
						{
							"origin": [-0.2445, 0.2125, -7.6125],
							"size": [0.489, 0.7, 0.2],
							"pivot": [0, 0, 0],
							"rotation": [0, 0, -120],
							"uv": {
								"north": {"uv": [4, 14], "uv_size": [0.5, 0.75]},
								"south": {"uv": [14, 4], "uv_size": [0.5, 0.75]},
								"up": {"uv": [17, 2], "uv_size": [0.5, 0.25]},
								"down": {"uv": [3, 17.25], "uv_size": [0.5, -0.25]}
							}
						},
						{
							"origin": [-0.2445, 0.2125, -7.6125],
							"size": [0.489, 0.7, 0.2],
							"pivot": [0, 0, 0],
							"rotation": [0, 0, -150],
							"uv": {
								"north": {"uv": [5, 14], "uv_size": [0.5, 0.75]},
								"south": {"uv": [14, 5], "uv_size": [0.5, 0.75]},
								"up": {"uv": [17, 3], "uv_size": [0.5, 0.25]},
								"down": {"uv": [4, 17.25], "uv_size": [0.5, -0.25]}
							}
						},
						{
							"origin": [-0.2445, 0.2125, -7.6125],
							"size": [0.489, 0.7, 0.2],
							"pivot": [0, 0, 0],
							"rotation": [0, 0, -180],
							"uv": {
								"north": {"uv": [6, 14], "uv_size": [0.5, 0.75]},
								"south": {"uv": [14, 6], "uv_size": [0.5, 0.75]},
								"up": {"uv": [17, 4], "uv_size": [0.5, 0.25]},
								"down": {"uv": [5, 17.25], "uv_size": [0.5, -0.25]}
							}
						},
						{
							"origin": [-0.2445, 0.2125, -7.6125],
							"size": [0.489, 0.7, 0.2],
							"pivot": [0, 0, 0],
							"rotation": [0, 0, 150],
							"uv": {
								"north": {"uv": [7, 14], "uv_size": [0.5, 0.75]},
								"south": {"uv": [14, 7], "uv_size": [0.5, 0.75]},
								"up": {"uv": [17, 5], "uv_size": [0.5, 0.25]},
								"down": {"uv": [6, 17.25], "uv_size": [0.5, -0.25]}
							}
						},
						{
							"origin": [-0.2445, 0.2125, -7.6125],
							"size": [0.489, 0.7, 0.2],
							"pivot": [0, 0, 0],
							"rotation": [0, 0, 120],
							"uv": {
								"north": {"uv": [8, 14], "uv_size": [0.5, 0.75]},
								"south": {"uv": [14, 8], "uv_size": [0.5, 0.75]},
								"up": {"uv": [17, 6], "uv_size": [0.5, 0.25]},
								"down": {"uv": [7, 17.25], "uv_size": [0.5, -0.25]}
							}
						},
						{
							"origin": [-0.2445, 0.2125, -7.6125],
							"size": [0.489, 0.7, 0.2],
							"pivot": [0, 0, 0],
							"rotation": [0, 0, 90],
							"uv": {
								"north": {"uv": [9, 14], "uv_size": [0.5, 0.75]},
								"south": {"uv": [14, 9], "uv_size": [0.5, 0.75]},
								"up": {"uv": [17, 7], "uv_size": [0.5, 0.25]},
								"down": {"uv": [8, 17.25], "uv_size": [0.5, -0.25]}
							}
						},
						{
							"origin": [-0.2445, 0.2125, -7.6125],
							"size": [0.489, 0.7, 0.2],
							"pivot": [0, 0, 0],
							"rotation": [0, 0, 60],
							"uv": {
								"north": {"uv": [10, 14], "uv_size": [0.5, 0.75]},
								"south": {"uv": [14, 10], "uv_size": [0.5, 0.75]},
								"up": {"uv": [17, 8], "uv_size": [0.5, 0.25]},
								"down": {"uv": [9, 17.25], "uv_size": [0.5, -0.25]}
							}
						},
						{
							"origin": [-0.2445, 0.2125, -7.6125],
							"size": [0.489, 0.7, 0.2],
							"pivot": [0, 0, 0],
							"rotation": [0, 0, 30],
							"uv": {
								"north": {"uv": [11, 14], "uv_size": [0.5, 0.75]},
								"south": {"uv": [14, 11], "uv_size": [0.5, 0.75]},
								"up": {"uv": [17, 9], "uv_size": [0.5, 0.25]},
								"down": {"uv": [10, 17.25], "uv_size": [0.5, -0.25]}
							}
						},
						{
							"origin": [-0.2445, 0.2125, -7.6125],
							"size": [0.489, 0.7, 0.2],
							"uv": {
								"north": {"uv": [12, 14], "uv_size": [0.5, 0.75]},
								"south": {"uv": [14, 12], "uv_size": [0.5, 0.75]},
								"up": {"uv": [17, 10], "uv_size": [0.5, 0.25]},
								"down": {"uv": [11, 17.25], "uv_size": [0.5, -0.25]}
							}
						},
						{
							"origin": [-0.2445, 0.2125, -8.0125],
							"size": [0.489, 0.7, 0.2],
							"pivot": [0, 0, 0],
							"rotation": [0, 0, -30],
							"uv": {
								"north": {"uv": [13, 14], "uv_size": [0.5, 0.75]},
								"south": {"uv": [14, 13], "uv_size": [0.5, 0.75]},
								"up": {"uv": [17, 11], "uv_size": [0.5, 0.25]},
								"down": {"uv": [12, 17.25], "uv_size": [0.5, -0.25]}
							}
						},
						{
							"origin": [-0.2445, 0.2125, -8.0125],
							"size": [0.489, 0.7, 0.2],
							"pivot": [0, 0, 0],
							"rotation": [0, 0, -60],
							"uv": {
								"north": {"uv": [14, 14], "uv_size": [0.5, 0.75]},
								"south": {"uv": [0, 15], "uv_size": [0.5, 0.75]},
								"up": {"uv": [17, 12], "uv_size": [0.5, 0.25]},
								"down": {"uv": [13, 17.25], "uv_size": [0.5, -0.25]}
							}
						},
						{
							"origin": [-0.2445, 0.2125, -8.0125],
							"size": [0.489, 0.7, 0.2],
							"pivot": [0, 0, 0],
							"rotation": [0, 0, -90],
							"uv": {
								"north": {"uv": [15, 0], "uv_size": [0.5, 0.75]},
								"south": {"uv": [1, 15], "uv_size": [0.5, 0.75]},
								"up": {"uv": [17, 13], "uv_size": [0.5, 0.25]},
								"down": {"uv": [14, 17.25], "uv_size": [0.5, -0.25]}
							}
						},
						{
							"origin": [-0.2445, 0.2125, -8.0125],
							"size": [0.489, 0.7, 0.2],
							"pivot": [0, 0, 0],
							"rotation": [0, 0, -120],
							"uv": {
								"north": {"uv": [15, 1], "uv_size": [0.5, 0.75]},
								"south": {"uv": [2, 15], "uv_size": [0.5, 0.75]},
								"up": {"uv": [17, 14], "uv_size": [0.5, 0.25]},
								"down": {"uv": [15, 17.25], "uv_size": [0.5, -0.25]}
							}
						},
						{
							"origin": [-0.2445, 0.2125, -8.0125],
							"size": [0.489, 0.7, 0.2],
							"pivot": [0, 0, 0],
							"rotation": [0, 0, -150],
							"uv": {
								"north": {"uv": [15, 2], "uv_size": [0.5, 0.75]},
								"south": {"uv": [3, 15], "uv_size": [0.5, 0.75]},
								"up": {"uv": [17, 15], "uv_size": [0.5, 0.25]},
								"down": {"uv": [16, 17.25], "uv_size": [0.5, -0.25]}
							}
						},
						{
							"origin": [-0.2445, 0.2125, -8.0125],
							"size": [0.489, 0.7, 0.2],
							"pivot": [0, 0, 0],
							"rotation": [0, 0, -180],
							"uv": {
								"north": {"uv": [15, 3], "uv_size": [0.5, 0.75]},
								"south": {"uv": [4, 15], "uv_size": [0.5, 0.75]},
								"up": {"uv": [17, 16], "uv_size": [0.5, 0.25]},
								"down": {"uv": [17, 17.25], "uv_size": [0.5, -0.25]}
							}
						},
						{
							"origin": [-0.2445, 0.2125, -8.0125],
							"size": [0.489, 0.7, 0.2],
							"pivot": [0, 0, 0],
							"rotation": [0, 0, 150],
							"uv": {
								"north": {"uv": [15, 4], "uv_size": [0.5, 0.75]},
								"south": {"uv": [5, 15], "uv_size": [0.5, 0.75]},
								"up": {"uv": [0, 18], "uv_size": [0.5, 0.25]},
								"down": {"uv": [18, 0.25], "uv_size": [0.5, -0.25]}
							}
						},
						{
							"origin": [-0.2445, 0.2125, -8.0125],
							"size": [0.489, 0.7, 0.2],
							"pivot": [0, 0, 0],
							"rotation": [0, 0, 120],
							"uv": {
								"north": {"uv": [15, 5], "uv_size": [0.5, 0.75]},
								"south": {"uv": [6, 15], "uv_size": [0.5, 0.75]},
								"up": {"uv": [1, 18], "uv_size": [0.5, 0.25]},
								"down": {"uv": [18, 1.25], "uv_size": [0.5, -0.25]}
							}
						},
						{
							"origin": [-0.2445, 0.2125, -8.0125],
							"size": [0.489, 0.7, 0.2],
							"pivot": [0, 0, 0],
							"rotation": [0, 0, 90],
							"uv": {
								"north": {"uv": [15, 6], "uv_size": [0.5, 0.75]},
								"south": {"uv": [7, 15], "uv_size": [0.5, 0.75]},
								"up": {"uv": [2, 18], "uv_size": [0.5, 0.25]},
								"down": {"uv": [18, 2.25], "uv_size": [0.5, -0.25]}
							}
						},
						{
							"origin": [-0.2445, 0.2125, -8.0125],
							"size": [0.489, 0.7, 0.2],
							"pivot": [0, 0, 0],
							"rotation": [0, 0, 60],
							"uv": {
								"north": {"uv": [15, 7], "uv_size": [0.5, 0.75]},
								"south": {"uv": [8, 15], "uv_size": [0.5, 0.75]},
								"up": {"uv": [3, 18], "uv_size": [0.5, 0.25]},
								"down": {"uv": [18, 3.25], "uv_size": [0.5, -0.25]}
							}
						},
						{
							"origin": [-0.2445, 0.2125, -8.0125],
							"size": [0.489, 0.7, 0.2],
							"pivot": [0, 0, 0],
							"rotation": [0, 0, 30],
							"uv": {
								"north": {"uv": [15, 8], "uv_size": [0.5, 0.75]},
								"south": {"uv": [9, 15], "uv_size": [0.5, 0.75]},
								"up": {"uv": [4, 18], "uv_size": [0.5, 0.25]},
								"down": {"uv": [18, 4.25], "uv_size": [0.5, -0.25]}
							}
						},
						{
							"origin": [-0.2445, 0.2125, -8.0125],
							"size": [0.489, 0.7, 0.2],
							"uv": {
								"north": {"uv": [15, 9], "uv_size": [0.5, 0.75]},
								"south": {"uv": [10, 15], "uv_size": [0.5, 0.75]},
								"up": {"uv": [5, 18], "uv_size": [0.5, 0.25]},
								"down": {"uv": [18, 5.25], "uv_size": [0.5, -0.25]}
							}
						},
						{
							"origin": [-0.2445, 0.2125, -8.4125],
							"size": [0.489, 0.7, 0.2],
							"inflate": 0.0001,
							"pivot": [0, 0, 0],
							"rotation": [0, 0, -30],
							"uv": {
								"north": {"uv": [15, 10], "uv_size": [0.5, 0.75]},
								"east": {"uv": [10, 16], "uv_size": [0.25, 0.75]},
								"south": {"uv": [11, 15], "uv_size": [0.5, 0.75]},
								"west": {"uv": [16, 10], "uv_size": [0.25, 0.75]},
								"up": {"uv": [6, 18], "uv_size": [0.5, 0.25]},
								"down": {"uv": [18, 6.25], "uv_size": [0.5, -0.25]}
							}
						},
						{
							"origin": [-0.2445, 0.2125, -8.3125],
							"size": [0.489, 0.7, 0.1],
							"pivot": [0, 0, 0],
							"rotation": [0, 0, -60],
							"uv": {
								"north": {"uv": [15, 11], "uv_size": [0.5, 0.75]},
								"south": {"uv": [12, 15], "uv_size": [0.5, 0.75]},
								"up": {"uv": [7, 18], "uv_size": [0.5, 0.25]},
								"down": {"uv": [18, 7.25], "uv_size": [0.5, -0.25]}
							}
						},
						{
							"origin": [-0.2445, 0.2125, -8.4125],
							"size": [0.489, 0.7, 0.2],
							"pivot": [0, 0, 0],
							"rotation": [0, 0, -90],
							"uv": {
								"north": {"uv": [15, 12], "uv_size": [0.5, 0.75]},
								"east": {"uv": [11, 16], "uv_size": [0.25, 0.75]},
								"south": {"uv": [13, 15], "uv_size": [0.5, 0.75]},
								"west": {"uv": [16, 11], "uv_size": [0.25, 0.75]},
								"up": {"uv": [8, 18], "uv_size": [0.5, 0.25]},
								"down": {"uv": [18, 8.25], "uv_size": [0.5, -0.25]}
							}
						},
						{
							"origin": [-0.2445, 0.2125, -8.3125],
							"size": [0.489, 0.7, 0.1],
							"pivot": [0, 0, 0],
							"rotation": [0, 0, -120],
							"uv": {
								"north": {"uv": [15, 13], "uv_size": [0.5, 0.75]},
								"south": {"uv": [14, 15], "uv_size": [0.5, 0.75]},
								"up": {"uv": [9, 18], "uv_size": [0.5, 0.25]},
								"down": {"uv": [18, 9.25], "uv_size": [0.5, -0.25]}
							}
						},
						{
							"origin": [-0.2445, 0.2125, -8.4125],
							"size": [0.489, 0.7, 0.2],
							"inflate": 0.0001,
							"pivot": [0, 0, 0],
							"rotation": [0, 0, -150],
							"uv": {
								"north": {"uv": [15, 14], "uv_size": [0.5, 0.75]},
								"east": {"uv": [12, 16], "uv_size": [0.25, 0.75]},
								"south": {"uv": [15, 15], "uv_size": [0.5, 0.75]},
								"west": {"uv": [16, 12], "uv_size": [0.25, 0.75]},
								"up": {"uv": [10, 18], "uv_size": [0.5, 0.25]},
								"down": {"uv": [18, 10.25], "uv_size": [0.5, -0.25]}
							}
						},
						{
							"origin": [-0.2445, 0.2125, -8.3125],
							"size": [0.489, 0.7, 0.1],
							"pivot": [0, 0, 0],
							"rotation": [0, 0, -180],
							"uv": {
								"north": {"uv": [0, 16], "uv_size": [0.5, 0.75]},
								"south": {"uv": [16, 0], "uv_size": [0.5, 0.75]},
								"up": {"uv": [11, 18], "uv_size": [0.5, 0.25]},
								"down": {"uv": [18, 11.25], "uv_size": [0.5, -0.25]}
							}
						},
						{
							"origin": [-0.2445, 0.2125, -8.4125],
							"size": [0.489, 0.7, 0.2],
							"pivot": [0, 0, 0],
							"rotation": [0, 0, 150],
							"uv": {
								"north": {"uv": [1, 16], "uv_size": [0.5, 0.75]},
								"east": {"uv": [13, 16], "uv_size": [0.25, 0.75]},
								"south": {"uv": [16, 1], "uv_size": [0.5, 0.75]},
								"west": {"uv": [16, 13], "uv_size": [0.25, 0.75]},
								"up": {"uv": [12, 18], "uv_size": [0.5, 0.25]},
								"down": {"uv": [18, 12.25], "uv_size": [0.5, -0.25]}
							}
						},
						{
							"origin": [-0.2445, 0.2125, -8.3125],
							"size": [0.489, 0.7, 0.1],
							"pivot": [0, 0, 0],
							"rotation": [0, 0, 120],
							"uv": {
								"north": {"uv": [2, 16], "uv_size": [0.5, 0.75]},
								"south": {"uv": [16, 2], "uv_size": [0.5, 0.75]},
								"up": {"uv": [13, 18], "uv_size": [0.5, 0.25]},
								"down": {"uv": [18, 13.25], "uv_size": [0.5, -0.25]}
							}
						},
						{
							"origin": [-0.2445, 0.2125, -8.4125],
							"size": [0.489, 0.7, 0.2],
							"inflate": -0.0001,
							"pivot": [0, 0, 0],
							"rotation": [0, 0, 90],
							"uv": {
								"north": {"uv": [3, 16], "uv_size": [0.5, 0.75]},
								"east": {"uv": [14, 16], "uv_size": [0.25, 0.75]},
								"south": {"uv": [16, 3], "uv_size": [0.5, 0.75]},
								"west": {"uv": [16, 14], "uv_size": [0.25, 0.75]},
								"up": {"uv": [14, 18], "uv_size": [0.5, 0.25]},
								"down": {"uv": [18, 14.25], "uv_size": [0.5, -0.25]}
							}
						},
						{
							"origin": [-0.2445, 0.2125, -8.3125],
							"size": [0.489, 0.7, 0.1],
							"pivot": [0, 0, 0],
							"rotation": [0, 0, 60],
							"uv": {
								"north": {"uv": [4, 16], "uv_size": [0.5, 0.75]},
								"south": {"uv": [16, 4], "uv_size": [0.5, 0.75]},
								"up": {"uv": [15, 18], "uv_size": [0.5, 0.25]},
								"down": {"uv": [18, 15.25], "uv_size": [0.5, -0.25]}
							}
						},
						{
							"origin": [-0.2445, 0.2125, -8.4125],
							"size": [0.489, 0.7, 0.2],
							"pivot": [0, 0, 0],
							"rotation": [0, 0, 30],
							"uv": {
								"north": {"uv": [5, 16], "uv_size": [0.5, 0.75]},
								"east": {"uv": [15, 16], "uv_size": [0.25, 0.75]},
								"south": {"uv": [16, 5], "uv_size": [0.5, 0.75]},
								"west": {"uv": [16, 15], "uv_size": [0.25, 0.75]},
								"up": {"uv": [16, 18], "uv_size": [0.5, 0.25]},
								"down": {"uv": [18, 16.25], "uv_size": [0.5, -0.25]}
							}
						},
						{
							"origin": [-0.2445, 0.2125, -8.3125],
							"size": [0.489, 0.7, 0.1],
							"uv": {
								"north": {"uv": [6, 16], "uv_size": [0.5, 0.75]},
								"south": {"uv": [16, 6], "uv_size": [0.5, 0.75]},
								"up": {"uv": [17, 18], "uv_size": [0.5, 0.25]},
								"down": {"uv": [18, 17.25], "uv_size": [0.5, -0.25]}
							}
						},
						{
							"origin": [-0.05, 0.3125, -8.2125],
							"size": [0.1, 0.5, 1],
							"pivot": [0, 0, 0],
							"rotation": [0, 0, -180],
							"uv": {
								"east": {"uv": [12, 12], "uv_size": [1, 0.5]},
								"west": {"uv": [13, 0], "uv_size": [1, 0.5]},
								"up": {"uv": [7, 16], "uv_size": [0.25, 1]},
								"down": {"uv": [16, 8], "uv_size": [0.25, -1]}
							}
						},
						{
							"origin": [-0.05, 0.3125, -8.2125],
							"size": [0.1, 0.5, 1],
							"pivot": [0, 0, 0],
							"rotation": [0, 0, 60],
							"uv": {
								"east": {"uv": [13, 1], "uv_size": [1, 0.5]},
								"west": {"uv": [13, 2], "uv_size": [1, 0.5]},
								"up": {"uv": [8, 16], "uv_size": [0.25, 1]},
								"down": {"uv": [16, 9], "uv_size": [0.25, -1]}
							}
						},
						{
							"origin": [-0.05, 0.3125, -8.2125],
							"size": [0.1, 0.5, 1],
							"pivot": [0, 0, 0],
							"rotation": [0, 0, -60],
							"uv": {
								"east": {"uv": [13, 3], "uv_size": [1, 0.5]},
								"west": {"uv": [13, 4], "uv_size": [1, 0.5]},
								"up": {"uv": [9, 16], "uv_size": [0.25, 1]},
								"down": {"uv": [16, 10], "uv_size": [0.25, -1]}
							}
						},
						{
							"origin": [0.03634, 0.39499, -0.82709],
							"size": [0.05591, 0.1, 0.30586],
							"pivot": [0, 0, 0],
							"rotation": [-45.50374, -7.55886, 7.62541],
							"uv": {
								"up": {"uv": [19, 5], "uv_size": [0.25, 0.25]}
							}
						},
						{
							"origin": [-0.09225, 0.39499, -0.82709],
							"size": [0.05591, 0.1, 0.30586],
							"pivot": [0, 0, 0],
							"rotation": [-45.50374, 7.55886, -7.62541],
							"uv": {
								"up": {"uv": [6, 19], "uv_size": [0.25, 0.25]}
							}
						},
						{
							"origin": [-0.1876, 0.39498, -0.79549],
							"size": [0.3752, 0.1, 0.30052],
							"pivot": [0, 0, 0],
							"rotation": [-45, 0, 0],
							"uv": {
								"up": {"uv": [18, 18], "uv_size": [0.5, 0.25]}
							}
						},
						{
							"origin": [-0.1876, -0.49498, -0.79549],
							"size": [0.3752, 0.1, 0.30052],
							"pivot": [0, 0, 0],
							"rotation": [45, 0, 0],
							"uv": {
								"down": {"uv": [0, 19.25], "uv_size": [0.5, -0.25]}
							}
						},
						{
							"origin": [-0.09225, -0.49499, -0.82709],
							"size": [0.05591, 0.1, 0.30586],
							"pivot": [0, 0, 0],
							"rotation": [45.50374, 7.55886, 7.62541],
							"uv": {
								"down": {"uv": [19, 6.25], "uv_size": [0.25, -0.25]}
							}
						},
						{
							"origin": [0.03634, -0.49499, -0.82709],
							"size": [0.05591, 0.1, 0.30586],
							"pivot": [0, 0, 0],
							"rotation": [45.50374, -7.55886, -7.62541],
							"uv": {
								"down": {"uv": [7, 19.25], "uv_size": [0.25, -0.25]}
							}
						},
						{
							"origin": [0.03634, 0.39499, -0.82709],
							"size": [0.05591, 0.1, 0.30586],
							"pivot": [0, 0, 0],
							"rotation": [-45.50374, -7.55886, 157.62541],
							"uv": {
								"up": {"uv": [19, 7], "uv_size": [0.25, 0.25]}
							}
						},
						{
							"origin": [-0.1876, 0.39498, -0.79549],
							"size": [0.3752, 0.1, 0.30052],
							"pivot": [0, 0, 0],
							"rotation": [-45, 0, 150],
							"uv": {
								"up": {"uv": [19, 0], "uv_size": [0.5, 0.25]}
							}
						},
						{
							"origin": [-0.09225, 0.39499, -0.82709],
							"size": [0.05591, 0.1, 0.30586],
							"pivot": [0, 0, 0],
							"rotation": [-45.50374, 7.55886, 142.37459],
							"uv": {
								"up": {"uv": [8, 19], "uv_size": [0.25, 0.25]}
							}
						},
						{
							"origin": [0.03634, 0.39499, -0.82709],
							"size": [0.05591, 0.1, 0.30586],
							"pivot": [0, 0, 0],
							"rotation": [-45.50374, -7.55886, 127.62541],
							"uv": {
								"up": {"uv": [19, 8], "uv_size": [0.25, 0.25]}
							}
						},
						{
							"origin": [-0.1876, 0.39498, -0.79549],
							"size": [0.3752, 0.1, 0.30052],
							"pivot": [0, 0, 0],
							"rotation": [-45, 0, 120],
							"uv": {
								"up": {"uv": [1, 19], "uv_size": [0.5, 0.25]}
							}
						},
						{
							"origin": [-0.09225, 0.39499, -0.82709],
							"size": [0.05591, 0.1, 0.30586],
							"pivot": [0, 0, 0],
							"rotation": [-45.50374, 7.55886, 112.37459],
							"uv": {
								"up": {"uv": [9, 19], "uv_size": [0.25, 0.25]}
							}
						},
						{
							"origin": [0.03634, 0.39499, -0.82709],
							"size": [0.05591, 0.1, 0.30586],
							"pivot": [0, 0, 0],
							"rotation": [-45.50374, -7.55886, 97.62541],
							"uv": {
								"up": {"uv": [19, 9], "uv_size": [0.25, 0.25]}
							}
						},
						{
							"origin": [-0.1876, 0.39498, -0.79549],
							"size": [0.3752, 0.1, 0.30052],
							"pivot": [0, 0, 0],
							"rotation": [-45, 0, 90],
							"uv": {
								"up": {"uv": [19, 1], "uv_size": [0.5, 0.25]}
							}
						},
						{
							"origin": [-0.09225, 0.39499, -0.82709],
							"size": [0.05591, 0.1, 0.30586],
							"pivot": [0, 0, 0],
							"rotation": [-45.50374, 7.55886, 82.37459],
							"uv": {
								"up": {"uv": [10, 19], "uv_size": [0.25, 0.25]}
							}
						},
						{
							"origin": [0.03634, 0.39499, -0.82709],
							"size": [0.05591, 0.1, 0.30586],
							"pivot": [0, 0, 0],
							"rotation": [-45.50374, -7.55886, 67.62541],
							"uv": {
								"up": {"uv": [19, 10], "uv_size": [0.25, 0.25]}
							}
						},
						{
							"origin": [-0.1876, 0.39498, -0.79549],
							"size": [0.3752, 0.1, 0.30052],
							"pivot": [0, 0, 0],
							"rotation": [-45, 0, 60],
							"uv": {
								"up": {"uv": [2, 19], "uv_size": [0.5, 0.25]}
							}
						},
						{
							"origin": [-0.09225, 0.39499, -0.82709],
							"size": [0.05591, 0.1, 0.30586],
							"pivot": [0, 0, 0],
							"rotation": [-45.50374, 7.55886, 52.37459],
							"uv": {
								"up": {"uv": [11, 19], "uv_size": [0.25, 0.25]}
							}
						},
						{
							"origin": [0.03634, 0.39499, -0.82709],
							"size": [0.05591, 0.1, 0.30586],
							"pivot": [0, 0, 0],
							"rotation": [-45.50374, -7.55886, 37.62541],
							"uv": {
								"up": {"uv": [19, 11], "uv_size": [0.25, 0.25]}
							}
						},
						{
							"origin": [-0.1876, 0.39498, -0.79549],
							"size": [0.3752, 0.1, 0.30052],
							"pivot": [0, 0, 0],
							"rotation": [-45, 0, 30],
							"uv": {
								"up": {"uv": [19, 2], "uv_size": [0.5, 0.25]}
							}
						},
						{
							"origin": [-0.09225, 0.39499, -0.82709],
							"size": [0.05591, 0.1, 0.30586],
							"pivot": [0, 0, 0],
							"rotation": [-45.50374, 7.55886, 22.37459],
							"uv": {
								"up": {"uv": [12, 19], "uv_size": [0.25, 0.25]}
							}
						},
						{
							"origin": [-0.09225, 0.39499, -0.82709],
							"size": [0.05591, 0.1, 0.30586],
							"pivot": [0, 0, 0],
							"rotation": [-45.50374, 7.55886, -157.62541],
							"uv": {
								"up": {"uv": [19, 12], "uv_size": [0.25, 0.25]}
							}
						},
						{
							"origin": [-0.1876, 0.39498, -0.79549],
							"size": [0.3752, 0.1, 0.30052],
							"pivot": [0, 0, 0],
							"rotation": [-45, 0, -150],
							"uv": {
								"up": {"uv": [3, 19], "uv_size": [0.5, 0.25]}
							}
						},
						{
							"origin": [0.03634, 0.39499, -0.82709],
							"size": [0.05591, 0.1, 0.30586],
							"pivot": [0, 0, 0],
							"rotation": [-45.50374, -7.55886, -142.37459],
							"uv": {
								"up": {"uv": [13, 19], "uv_size": [0.25, 0.25]}
							}
						},
						{
							"origin": [-0.09225, 0.39499, -0.82709],
							"size": [0.05591, 0.1, 0.30586],
							"pivot": [0, 0, 0],
							"rotation": [-45.50374, 7.55886, -127.62541],
							"uv": {
								"up": {"uv": [19, 13], "uv_size": [0.25, 0.25]}
							}
						},
						{
							"origin": [-0.1876, 0.39498, -0.79549],
							"size": [0.3752, 0.1, 0.30052],
							"pivot": [0, 0, 0],
							"rotation": [-45, 0, -120],
							"uv": {
								"up": {"uv": [19, 3], "uv_size": [0.5, 0.25]}
							}
						},
						{
							"origin": [0.03634, 0.39499, -0.82709],
							"size": [0.05591, 0.1, 0.30586],
							"pivot": [0, 0, 0],
							"rotation": [-45.50374, -7.55886, -112.37459],
							"uv": {
								"up": {"uv": [14, 19], "uv_size": [0.25, 0.25]}
							}
						},
						{
							"origin": [-0.09225, 0.39499, -0.82709],
							"size": [0.05591, 0.1, 0.30586],
							"pivot": [0, 0, 0],
							"rotation": [-45.50374, 7.55886, -97.62541],
							"uv": {
								"up": {"uv": [19, 14], "uv_size": [0.25, 0.25]}
							}
						},
						{
							"origin": [-0.1876, 0.39498, -0.79549],
							"size": [0.3752, 0.1, 0.30052],
							"pivot": [0, 0, 0],
							"rotation": [-45, 0, -90],
							"uv": {
								"up": {"uv": [4, 19], "uv_size": [0.5, 0.25]}
							}
						},
						{
							"origin": [0.03634, 0.39499, -0.82709],
							"size": [0.05591, 0.1, 0.30586],
							"pivot": [0, 0, 0],
							"rotation": [-45.50374, -7.55886, -82.37459],
							"uv": {
								"up": {"uv": [15, 19], "uv_size": [0.25, 0.25]}
							}
						},
						{
							"origin": [-0.09225, 0.39499, -0.82709],
							"size": [0.05591, 0.1, 0.30586],
							"pivot": [0, 0, 0],
							"rotation": [-45.50374, 7.55886, -67.62541],
							"uv": {
								"up": {"uv": [19, 15], "uv_size": [0.25, 0.25]}
							}
						},
						{
							"origin": [-0.1876, 0.39498, -0.79549],
							"size": [0.3752, 0.1, 0.30052],
							"pivot": [0, 0, 0],
							"rotation": [-45, 0, -60],
							"uv": {
								"up": {"uv": [19, 4], "uv_size": [0.5, 0.25]}
							}
						},
						{
							"origin": [0.03634, 0.39499, -0.82709],
							"size": [0.05591, 0.1, 0.30586],
							"pivot": [0, 0, 0],
							"rotation": [-45.50374, -7.55886, -52.37459],
							"uv": {
								"up": {"uv": [16, 19], "uv_size": [0.25, 0.25]}
							}
						},
						{
							"origin": [-0.09225, 0.39499, -0.82709],
							"size": [0.05591, 0.1, 0.30586],
							"pivot": [0, 0, 0],
							"rotation": [-45.50374, 7.55886, -37.62541],
							"uv": {
								"up": {"uv": [19, 16], "uv_size": [0.25, 0.25]}
							}
						},
						{
							"origin": [-0.1876, 0.39498, -0.79549],
							"size": [0.3752, 0.1, 0.30052],
							"pivot": [0, 0, 0],
							"rotation": [-45, 0, -30],
							"uv": {
								"up": {"uv": [5, 19], "uv_size": [0.5, 0.25]}
							}
						},
						{
							"origin": [0.03634, 0.39499, -0.82709],
							"size": [0.05591, 0.1, 0.30586],
							"pivot": [0, 0, 0],
							"rotation": [-45.50374, -7.55886, -22.37459],
							"uv": {
								"up": {"uv": [17, 19], "uv_size": [0.25, 0.25]}
							}
						}
					]
				}
			]
		}
	]
}