{
	"format_version": "1.12.0",
	"minecraft:geometry": [
		{
			"description": {
				"identifier": "geometry.unknown",
				"texture_width": 16,
				"texture_height": 16,
				"visible_bounds_width": 2,
				"visible_bounds_height": 1.5,
				"visible_bounds_offset": [0, 0.25, 0]
			},
			"bones": [
				{
					"name": "muzzle",
					"pivot": [0, 0.08245, -1.07121],
					"cubes": [
						{
							"origin": [-0.625, -0.25, -1.25],
							"size": [0.375, 0.5, 0.25],
							"uv": {
								"north": {"uv": [2, 8], "uv_size": [0.5, 0.5]},
								"east": {"uv": [8, 2], "uv_size": [0.5, 0.5]},
								"south": {"uv": [3, 8], "uv_size": [0.5, 0.5]},
								"west": {"uv": [8, 3], "uv_size": [0.5, 0.5]}
							}
						},
						{
							"origin": [0.25, -0.25, -1.25],
							"size": [0.375, 0.5, 0.25],
							"uv": {
								"north": {"uv": [4, 8], "uv_size": [0.5, 0.5]},
								"east": {"uv": [8, 4], "uv_size": [0.5, 0.5]},
								"south": {"uv": [5, 8], "uv_size": [0.5, 0.5]},
								"west": {"uv": [8, 5], "uv_size": [0.5, 0.5]}
							}
						},
						{
							"origin": [0.374, 0.0625, -1.625],
							"size": [0.25, 0.125, 0.125],
							"pivot": [0.4375, 0.125, -1.375],
							"rotation": [-45, 0, 0],
							"uv": {
								"east": {"uv": [6, 8], "uv_size": [0.5, 0.5]},
								"south": {"uv": [8, 6], "uv_size": [0.5, 0.5]},
								"west": {"uv": [7, 8], "uv_size": [0.5, 0.5]}
							}
						},
						{
							"origin": [0.374, 0.25, -1.4375],
							"size": [0.25, 0.125, 0.125],
							"pivot": [0.4375, 0.125, -1.375],
							"rotation": [-45, 0, 0],
							"uv": {
								"east": {"uv": [8, 7], "uv_size": [0.5, 0.5]},
								"west": {"uv": [8, 8], "uv_size": [0.5, 0.5]},
								"down": {"uv": [0, 9.5], "uv_size": [0.5, -0.5]}
							}
						},
						{
							"origin": [0.374, 0.25, -0.9375],
							"size": [0.25, 0.125, 0.125],
							"pivot": [0.4375, 0.125, -0.875],
							"rotation": [-45, 0, 0],
							"uv": {
								"east": {"uv": [9, 0], "uv_size": [0.5, 0.5]},
								"west": {"uv": [1, 9], "uv_size": [0.5, 0.5]},
								"down": {"uv": [9, 1.5], "uv_size": [0.5, -0.5]}
							}
						},
						{
							"origin": [0.374, 0.0625, -1.125],
							"size": [0.25, 0.125, 0.125],
							"pivot": [0.4375, 0.125, -0.875],
							"rotation": [-45, 0, 0],
							"uv": {
								"east": {"uv": [2, 9], "uv_size": [0.5, 0.5]},
								"south": {"uv": [9, 2], "uv_size": [0.5, 0.5]},
								"west": {"uv": [3, 9], "uv_size": [0.5, 0.5]}
							}
						},
						{
							"origin": [-0.624, 0.25, -0.9375],
							"size": [0.25, 0.125, 0.125],
							"pivot": [-0.4375, 0.125, -0.875],
							"rotation": [-45, 0, 0],
							"uv": {
								"east": {"uv": [9, 3], "uv_size": [0.5, 0.5]},
								"west": {"uv": [4, 9], "uv_size": [0.5, 0.5]},
								"down": {"uv": [9, 4.5], "uv_size": [0.5, -0.5]}
							}
						},
						{
							"origin": [-0.624, 0.0625, -1.125],
							"size": [0.25, 0.125, 0.125],
							"pivot": [-0.4375, 0.125, -0.875],
							"rotation": [-45, 0, 0],
							"uv": {
								"east": {"uv": [5, 9], "uv_size": [0.5, 0.5]},
								"south": {"uv": [9, 5], "uv_size": [0.5, 0.5]},
								"west": {"uv": [6, 9], "uv_size": [0.5, 0.5]}
							}
						},
						{
							"origin": [-0.624, 0.25, -1.4375],
							"size": [0.25, 0.125, 0.125],
							"pivot": [-0.4375, 0.125, -1.375],
							"rotation": [-45, 0, 0],
							"uv": {
								"east": {"uv": [9, 6], "uv_size": [0.5, 0.5]},
								"west": {"uv": [7, 9], "uv_size": [0.5, 0.5]},
								"down": {"uv": [9, 7.5], "uv_size": [0.5, -0.5]}
							}
						},
						{
							"origin": [-0.624, 0.0625, -1.625],
							"size": [0.25, 0.125, 0.125],
							"pivot": [-0.4375, 0.125, -1.375],
							"rotation": [-45, 0, 0],
							"uv": {
								"east": {"uv": [8, 9], "uv_size": [0.5, 0.5]},
								"south": {"uv": [9, 8], "uv_size": [0.5, 0.5]},
								"west": {"uv": [9, 9], "uv_size": [0.5, 0.5]}
							}
						},
						{
							"origin": [-0.624, -0.375, -0.9375],
							"size": [0.25, 0.125, 0.125],
							"pivot": [-0.4375, -0.125, -0.875],
							"rotation": [45, 0, 0],
							"uv": {
								"east": {"uv": [0, 10], "uv_size": [0.5, 0.5]},
								"west": {"uv": [10, 0], "uv_size": [0.5, 0.5]},
								"up": {"uv": [1, 10], "uv_size": [0.5, 0.5]}
							}
						},
						{
							"origin": [-0.624, -0.1875, -1.125],
							"size": [0.25, 0.125, 0.125],
							"pivot": [-0.4375, -0.125, -0.875],
							"rotation": [45, 0, 0],
							"uv": {
								"east": {"uv": [10, 1], "uv_size": [0.5, 0.5]},
								"south": {"uv": [2, 10], "uv_size": [0.5, 0.5]},
								"west": {"uv": [10, 2], "uv_size": [0.5, 0.5]}
							}
						},
						{
							"origin": [-0.624, -0.375, -1.4375],
							"size": [0.25, 0.125, 0.125],
							"pivot": [-0.4375, -0.125, -1.375],
							"rotation": [45, 0, 0],
							"uv": {
								"east": {"uv": [3, 10], "uv_size": [0.5, 0.5]},
								"west": {"uv": [10, 3], "uv_size": [0.5, 0.5]},
								"up": {"uv": [4, 10], "uv_size": [0.5, 0.5]}
							}
						},
						{
							"origin": [-0.624, -0.1875, -1.625],
							"size": [0.25, 0.125, 0.125],
							"pivot": [-0.4375, -0.125, -1.375],
							"rotation": [45, 0, 0],
							"uv": {
								"east": {"uv": [10, 4], "uv_size": [0.5, 0.5]},
								"south": {"uv": [5, 10], "uv_size": [0.5, 0.5]},
								"west": {"uv": [10, 5], "uv_size": [0.5, 0.5]}
							}
						},
						{
							"origin": [0.374, -0.1875, -1.625],
							"size": [0.25, 0.125, 0.125],
							"pivot": [0.4375, -0.125, -1.375],
							"rotation": [45, 0, 0],
							"uv": {
								"east": {"uv": [6, 10], "uv_size": [0.5, 0.5]},
								"south": {"uv": [10, 6], "uv_size": [0.5, 0.5]},
								"west": {"uv": [7, 10], "uv_size": [0.5, 0.5]}
							}
						},
						{
							"origin": [0.374, -0.375, -1.4375],
							"size": [0.25, 0.125, 0.125],
							"pivot": [0.4375, -0.125, -1.375],
							"rotation": [45, 0, 0],
							"uv": {
								"east": {"uv": [10, 7], "uv_size": [0.5, 0.5]},
								"west": {"uv": [8, 10], "uv_size": [0.5, 0.5]},
								"up": {"uv": [10, 8], "uv_size": [0.5, 0.5]}
							}
						},
						{
							"origin": [0.374, -0.1875, -1.125],
							"size": [0.25, 0.125, 0.125],
							"pivot": [0.4375, -0.125, -0.875],
							"rotation": [45, 0, 0],
							"uv": {
								"east": {"uv": [9, 10], "uv_size": [0.5, 0.5]},
								"south": {"uv": [10, 9], "uv_size": [0.5, 0.5]},
								"west": {"uv": [10, 10], "uv_size": [0.5, 0.5]}
							}
						},
						{
							"origin": [0.374, -0.375, -0.9375],
							"size": [0.25, 0.125, 0.125],
							"pivot": [0.4375, -0.125, -0.875],
							"rotation": [45, 0, 0],
							"uv": {
								"east": {"uv": [0, 11], "uv_size": [0.5, 0.5]},
								"west": {"uv": [11, 0], "uv_size": [0.5, 0.5]},
								"up": {"uv": [1, 11], "uv_size": [0.5, 0.5]}
							}
						},
						{
							"origin": [-0.625, 0.25, -1.5],
							"size": [0.25, 0.125, 0.75],
							"uv": {
								"east": {"uv": [0, 4], "uv_size": [1, 0.5]},
								"west": {"uv": [4, 0], "uv_size": [1, 0.5]},
								"down": {"uv": [4, 2], "uv_size": [0.5, -1]}
							}
						},
						{
							"origin": [0.375, 0.25, -1.5],
							"size": [0.25, 0.125, 0.75],
							"uv": {
								"east": {"uv": [4, 2], "uv_size": [1, 0.5]},
								"west": {"uv": [3, 4], "uv_size": [1, 0.5]},
								"down": {"uv": [4, 4], "uv_size": [0.5, -1]}
							}
						},
						{
							"origin": [-0.625, -0.375, -1.5],
							"size": [0.25, 0.125, 0.75],
							"uv": {
								"east": {"uv": [4, 4], "uv_size": [1, 0.5]},
								"west": {"uv": [0, 5], "uv_size": [1, 0.5]},
								"up": {"uv": [5, 0], "uv_size": [0.5, 1]}
							}
						},
						{
							"origin": [0.375, -0.375, -1.5],
							"size": [0.25, 0.125, 0.75],
							"uv": {
								"east": {"uv": [1, 5], "uv_size": [1, 0.5]},
								"west": {"uv": [5, 1], "uv_size": [1, 0.5]},
								"up": {"uv": [2, 5], "uv_size": [0.5, 1]}
							}
						},
						{
							"origin": [0.25, -0.375, -1.75],
							"size": [0.375, 0.75, 0.25],
							"uv": {
								"north": {"uv": [5, 2], "uv_size": [0.5, 1]},
								"east": {"uv": [3, 5], "uv_size": [0.5, 1]},
								"south": {"uv": [5, 3], "uv_size": [0.5, 1]},
								"west": {"uv": [4, 5], "uv_size": [0.5, 1]}
							}
						},
						{
							"origin": [-0.625, -0.375, -1.75],
							"size": [0.375, 0.75, 0.25],
							"uv": {
								"north": {"uv": [5, 4], "uv_size": [0.5, 1]},
								"east": {"uv": [5, 5], "uv_size": [0.5, 1]},
								"south": {"uv": [0, 6], "uv_size": [0.5, 1]},
								"west": {"uv": [6, 0], "uv_size": [0.5, 1]}
							}
						},
						{
							"origin": [-0.625, -0.375, -0.75],
							"size": [0.375, 0.75, 0.75],
							"uv": {
								"north": {"uv": [1, 6], "uv_size": [0.5, 1]},
								"east": {"uv": [0, 2], "uv_size": [1, 1]},
								"south": {"uv": [6, 1], "uv_size": [0.5, 1]},
								"west": {"uv": [2, 0], "uv_size": [1, 1]}
							}
						},
						{
							"origin": [0.25, -0.375, -0.75],
							"size": [0.375, 0.75, 0.75],
							"uv": {
								"north": {"uv": [2, 6], "uv_size": [0.5, 1]},
								"east": {"uv": [1, 2], "uv_size": [1, 1]},
								"south": {"uv": [6, 2], "uv_size": [0.5, 1]},
								"west": {"uv": [2, 1], "uv_size": [1, 1]}
							}
						},
						{
							"origin": [-0.5, 0.25, -1.75],
							"size": [1, 0.25, 0.25],
							"uv": {
								"north": {"uv": [3, 6], "uv_size": [1, 0.5]},
								"east": {"uv": [11, 1], "uv_size": [0.5, 0.5]},
								"south": {"uv": [6, 3], "uv_size": [1, 0.5]},
								"west": {"uv": [2, 11], "uv_size": [0.5, 0.5]},
								"up": {"uv": [4, 6], "uv_size": [1, 0.5]},
								"down": {"uv": [6, 4.5], "uv_size": [1, -0.5]}
							}
						},
						{
							"origin": [-0.375, 0.25, -1.25],
							"size": [0.75, 0.25, 0.25],
							"uv": {
								"north": {"uv": [5, 6], "uv_size": [1, 0.5]},
								"east": {"uv": [11, 2], "uv_size": [0.5, 0.5]},
								"south": {"uv": [6, 5], "uv_size": [1, 0.5]},
								"west": {"uv": [3, 11], "uv_size": [0.5, 0.5]},
								"up": {"uv": [6, 6], "uv_size": [1, 0.5]},
								"down": {"uv": [0, 7.5], "uv_size": [1, -0.5]}
							}
						},
						{
							"origin": [-0.3125, 0.249, -1.625],
							"size": [0.125, 0.25, 0.125],
							"pivot": [-0.25, 0.375, -1.375],
							"rotation": [0, 45, 0],
							"uv": {
								"south": {"uv": [11, 3], "uv_size": [0.5, 0.5]},
								"up": {"uv": [4, 11], "uv_size": [0.5, 0.5]},
								"down": {"uv": [11, 4.5], "uv_size": [0.5, -0.5]}
							}
						},
						{
							"origin": [-0.5, 0.249, -1.4375],
							"size": [0.125, 0.25, 0.125],
							"pivot": [-0.25, 0.375, -1.375],
							"rotation": [0, 45, 0],
							"uv": {
								"west": {"uv": [5, 11], "uv_size": [0.5, 0.5]},
								"up": {"uv": [11, 5], "uv_size": [0.5, 0.5]},
								"down": {"uv": [6, 11.5], "uv_size": [0.5, -0.5]}
							}
						},
						{
							"origin": [0.1875, 0.249, -1.625],
							"size": [0.125, 0.25, 0.125],
							"pivot": [0.25, 0.375, -1.375],
							"rotation": [0, -45, 0],
							"uv": {
								"south": {"uv": [11, 6], "uv_size": [0.5, 0.5]},
								"up": {"uv": [7, 11], "uv_size": [0.5, 0.5]},
								"down": {"uv": [11, 7.5], "uv_size": [0.5, -0.5]}
							}
						},
						{
							"origin": [0.375, 0.249, -1.4375],
							"size": [0.125, 0.25, 0.125],
							"pivot": [0.25, 0.375, -1.375],
							"rotation": [0, -45, 0],
							"uv": {
								"east": {"uv": [8, 11], "uv_size": [0.5, 0.5]},
								"up": {"uv": [11, 8], "uv_size": [0.5, 0.5]},
								"down": {"uv": [9, 11.5], "uv_size": [0.5, -0.5]}
							}
						},
						{
							"origin": [0.1875, 0.249, -1.125],
							"size": [0.125, 0.25, 0.125],
							"pivot": [0.25, 0.375, -0.875],
							"rotation": [0, -45, 0],
							"uv": {
								"south": {"uv": [11, 9], "uv_size": [0.5, 0.5]},
								"up": {"uv": [10, 11], "uv_size": [0.5, 0.5]},
								"down": {"uv": [11, 10.5], "uv_size": [0.5, -0.5]}
							}
						},
						{
							"origin": [0.375, 0.249, -0.9375],
							"size": [0.125, 0.25, 0.125],
							"pivot": [0.25, 0.375, -0.875],
							"rotation": [0, -45, 0],
							"uv": {
								"east": {"uv": [11, 11], "uv_size": [0.5, 0.5]},
								"up": {"uv": [0, 12], "uv_size": [0.5, 0.5]},
								"down": {"uv": [12, 0.5], "uv_size": [0.5, -0.5]}
							}
						},
						{
							"origin": [-0.3125, 0.249, -1.125],
							"size": [0.125, 0.25, 0.125],
							"pivot": [-0.25, 0.375, -0.875],
							"rotation": [0, 45, 0],
							"uv": {
								"south": {"uv": [1, 12], "uv_size": [0.5, 0.5]},
								"up": {"uv": [12, 1], "uv_size": [0.5, 0.5]},
								"down": {"uv": [2, 12.5], "uv_size": [0.5, -0.5]}
							}
						},
						{
							"origin": [-0.5, 0.249, -0.9375],
							"size": [0.125, 0.25, 0.125],
							"pivot": [-0.25, 0.375, -0.875],
							"rotation": [0, 45, 0],
							"uv": {
								"west": {"uv": [12, 2], "uv_size": [0.5, 0.5]},
								"up": {"uv": [3, 12], "uv_size": [0.5, 0.5]},
								"down": {"uv": [12, 3.5], "uv_size": [0.5, -0.5]}
							}
						},
						{
							"origin": [-0.5, 0.25, -0.75],
							"size": [1, 0.25, 0.75],
							"uv": {
								"north": {"uv": [7, 0], "uv_size": [1, 0.5]},
								"east": {"uv": [1, 7], "uv_size": [1, 0.5]},
								"south": {"uv": [7, 1], "uv_size": [1, 0.5]},
								"west": {"uv": [2, 7], "uv_size": [1, 0.5]},
								"up": {"uv": [2, 2], "uv_size": [1, 1]},
								"down": {"uv": [0, 4], "uv_size": [1, -1]}
							}
						},
						{
							"origin": [-0.5, 0.375, -1.5],
							"size": [0.125, 0.125, 0.75],
							"uv": {
								"north": {"uv": [4, 12], "uv_size": [0.5, 0.5]},
								"east": {"uv": [7, 2], "uv_size": [1, 0.5]},
								"south": {"uv": [12, 4], "uv_size": [0.5, 0.5]},
								"west": {"uv": [3, 7], "uv_size": [1, 0.5]},
								"up": {"uv": [7, 3], "uv_size": [0.5, 1]},
								"down": {"uv": [4, 8], "uv_size": [0.5, -1]}
							}
						},
						{
							"origin": [0.375, 0.375, -1.5],
							"size": [0.125, 0.125, 0.75],
							"uv": {
								"north": {"uv": [5, 12], "uv_size": [0.5, 0.5]},
								"east": {"uv": [7, 4], "uv_size": [1, 0.5]},
								"south": {"uv": [12, 5], "uv_size": [0.5, 0.5]},
								"west": {"uv": [5, 7], "uv_size": [1, 0.5]},
								"up": {"uv": [7, 5], "uv_size": [0.5, 1]},
								"down": {"uv": [6, 8], "uv_size": [0.5, -1]}
							}
						},
						{
							"origin": [-0.72725, 0.62186, -1.75],
							"size": [0.17678, 0.125, 1.75],
							"pivot": [-0.22725, 0.68436, -1.25],
							"rotation": [0, 0, -45],
							"uv": {
								"north": {"uv": [6, 12], "uv_size": [0.5, 0.5]},
								"south": {"uv": [12, 6], "uv_size": [0.5, 0.5]},
								"up": {"uv": [3, 0], "uv_size": [0.5, 2]}
							}
						},
						{
							"origin": [0.55048, 0.62186, -1.75],
							"size": [0.17678, 0.125, 1.75],
							"pivot": [0.22725, 0.68436, -1.25],
							"rotation": [0, 0, 45],
							"uv": {
								"north": {"uv": [7, 12], "uv_size": [0.5, 0.5]},
								"south": {"uv": [12, 7], "uv_size": [0.5, 0.5]},
								"up": {"uv": [1, 3], "uv_size": [0.5, 2]}
							}
						},
						{
							"origin": [0.55048, -0.74686, -1.75],
							"size": [0.17678, 0.125, 1.75],
							"pivot": [0.22725, -0.68436, -1.25],
							"rotation": [0, 0, -45],
							"uv": {
								"north": {"uv": [8, 12], "uv_size": [0.5, 0.5]},
								"south": {"uv": [12, 8], "uv_size": [0.5, 0.5]},
								"down": {"uv": [2, 5], "uv_size": [0.5, -2]}
							}
						},
						{
							"origin": [-0.72725, -0.74686, -1.75],
							"size": [0.17678, 0.125, 1.75],
							"pivot": [-0.22725, -0.68436, -1.25],
							"rotation": [0, 0, 45],
							"uv": {
								"north": {"uv": [9, 12], "uv_size": [0.5, 0.5]},
								"south": {"uv": [12, 9], "uv_size": [0.5, 0.5]},
								"down": {"uv": [3, 4], "uv_size": [0.5, -2]}
							}
						},
						{
							"origin": [-0.5, -0.5, -1.75],
							"size": [1, 0.25, 1.75],
							"uv": {
								"north": {"uv": [7, 6], "uv_size": [1, 0.5]},
								"south": {"uv": [7, 7], "uv_size": [1, 0.5]},
								"up": {"uv": [0, 0], "uv_size": [1, 2]},
								"down": {"uv": [1, 2], "uv_size": [1, -2]}
							}
						},
						{
							"origin": [0.25, -0.125, -1.749],
							"size": [0.25, 0.25, 0.25],
							"pivot": [0, 0, -1.625],
							"rotation": [0, 0, 45],
							"uv": {
								"north": {"uv": [10, 12], "uv_size": [0.5, 0.5]},
								"east": {"uv": [12, 10], "uv_size": [0.5, 0.5]},
								"south": {"uv": [11, 12], "uv_size": [0.5, 0.5]}
							}
						},
						{
							"origin": [-0.125, -0.5, -1.749],
							"size": [0.25, 0.25, 0.25],
							"pivot": [0, 0, -1.625],
							"rotation": [0, 0, 45],
							"uv": {
								"north": {"uv": [12, 11], "uv_size": [0.5, 0.5]},
								"south": {"uv": [12, 12], "uv_size": [0.5, 0.5]},
								"up": {"uv": [0, 13], "uv_size": [0.5, 0.5]}
							}
						},
						{
							"origin": [-0.5, -0.125, -1.749],
							"size": [0.25, 0.25, 0.25],
							"pivot": [0, 0, -1.625],
							"rotation": [0, 0, 45],
							"uv": {
								"north": {"uv": [13, 0], "uv_size": [0.5, 0.5]},
								"south": {"uv": [1, 13], "uv_size": [0.5, 0.5]},
								"west": {"uv": [13, 1], "uv_size": [0.5, 0.5]}
							}
						},
						{
							"origin": [-0.125, 0.25, -1.749],
							"size": [0.25, 0.25, 0.25],
							"pivot": [0, 0, -1.625],
							"rotation": [0, 0, 45],
							"uv": {
								"north": {"uv": [2, 13], "uv_size": [0.5, 0.5]},
								"south": {"uv": [13, 2], "uv_size": [0.5, 0.5]},
								"down": {"uv": [3, 13.5], "uv_size": [0.5, -0.5]}
							}
						},
						{
							"origin": [-0.5, -0.125, -1.249],
							"size": [0.25, 0.25, 0.25],
							"pivot": [0, 0, -1.625],
							"rotation": [0, 0, 45],
							"uv": {
								"north": {"uv": [13, 3], "uv_size": [0.5, 0.5]},
								"south": {"uv": [4, 13], "uv_size": [0.5, 0.5]},
								"west": {"uv": [13, 4], "uv_size": [0.5, 0.5]}
							}
						},
						{
							"origin": [-0.125, -0.5, -1.249],
							"size": [0.25, 0.25, 0.25],
							"pivot": [0, 0, -1.625],
							"rotation": [0, 0, 45],
							"uv": {
								"north": {"uv": [5, 13], "uv_size": [0.5, 0.5]},
								"south": {"uv": [13, 5], "uv_size": [0.5, 0.5]},
								"up": {"uv": [6, 13], "uv_size": [0.5, 0.5]}
							}
						},
						{
							"origin": [-0.125, 0.25, -1.249],
							"size": [0.25, 0.25, 0.25],
							"pivot": [0, 0, -1.625],
							"rotation": [0, 0, 45],
							"uv": {
								"north": {"uv": [13, 6], "uv_size": [0.5, 0.5]},
								"south": {"uv": [7, 13], "uv_size": [0.5, 0.5]},
								"down": {"uv": [13, 7.5], "uv_size": [0.5, -0.5]}
							}
						},
						{
							"origin": [0.25, -0.125, -1.249],
							"size": [0.25, 0.25, 0.25],
							"pivot": [0, 0, -1.625],
							"rotation": [0, 0, 45],
							"uv": {
								"north": {"uv": [8, 13], "uv_size": [0.5, 0.5]},
								"east": {"uv": [13, 8], "uv_size": [0.5, 0.5]},
								"south": {"uv": [9, 13], "uv_size": [0.5, 0.5]}
							}
						},
						{
							"origin": [-0.5, -0.125, -0.749],
							"size": [0.25, 0.25, 0.75],
							"pivot": [0, 0, -1.625],
							"rotation": [0, 0, 45],
							"uv": {
								"north": {"uv": [13, 9], "uv_size": [0.5, 0.5]},
								"south": {"uv": [10, 13], "uv_size": [0.5, 0.5]},
								"west": {"uv": [0, 8], "uv_size": [1, 0.5]}
							}
						},
						{
							"origin": [-0.125, -0.5, -0.749],
							"size": [0.25, 0.25, 0.75],
							"pivot": [0, 0, -1.625],
							"rotation": [0, 0, 45],
							"uv": {
								"north": {"uv": [13, 10], "uv_size": [0.5, 0.5]},
								"south": {"uv": [11, 13], "uv_size": [0.5, 0.5]},
								"up": {"uv": [8, 0], "uv_size": [0.5, 1]}
							}
						},
						{
							"origin": [-0.125, 0.25, -0.749],
							"size": [0.25, 0.25, 0.75],
							"pivot": [0, 0, -1.625],
							"rotation": [0, 0, 45],
							"uv": {
								"north": {"uv": [13, 11], "uv_size": [0.5, 0.5]},
								"south": {"uv": [12, 13], "uv_size": [0.5, 0.5]},
								"down": {"uv": [1, 9], "uv_size": [0.5, -1]}
							}
						},
						{
							"origin": [0.25, -0.125, -0.749],
							"size": [0.25, 0.25, 0.75],
							"pivot": [0, 0, -1.625],
							"rotation": [0, 0, 45],
							"uv": {
								"north": {"uv": [13, 12], "uv_size": [0.5, 0.5]},
								"east": {"uv": [8, 1], "uv_size": [1, 0.5]},
								"south": {"uv": [13, 13], "uv_size": [0.5, 0.5]}
							}
						}
					]
				}
			]
		}
	]
}