{
	"format_version": "1.12.0",
	"minecraft:geometry": [
		{
			"description": {
				"identifier": "geometry.unknown",
				"texture_width": 32,
				"texture_height": 32,
				"visible_bounds_width": 2,
				"visible_bounds_height": 1.5,
				"visible_bounds_offset": [0, 0.25, 0]
			},
			"bones": [
				{
					"name": "muzzle",
					"pivot": [0, 0, 0],
					"cubes": [
						{
							"origin": [-0.25888, -0.625, -0.24],
							"size": [0.51777, 1.25, 0.25],
							"pivot": [0, 0, -0.125],
							"rotation": [0, 0, 45],
							"uv": {
								"south": {"uv": [15, 15], "uv_size": [0.5, 1.5]},
								"up": {"uv": [16, 3], "uv_size": [0.5, 0.5]},
								"down": {"uv": [16, 4.5], "uv_size": [0.5, -0.5]}
							}
						},
						{
							"origin": [-0.25888, -0.625, -0.24],
							"size": [0.51777, 1.25, 0.25],
							"uv": {
								"south": {"uv": [2, 16], "uv_size": [0.5, 1.5]},
								"up": {"uv": [6, 16], "uv_size": [0.5, 0.5]},
								"down": {"uv": [7, 16.5], "uv_size": [0.5, -0.5]}
							}
						},
						{
							"origin": [-0.625, -0.25888, -0.24],
							"size": [1.25, 0.51777, 0.25],
							"pivot": [0, 0, -0.125],
							"rotation": [0, 0, 45],
							"uv": {
								"east": {"uv": [16, 8], "uv_size": [0.5, 0.5]},
								"south": {"uv": [16, 2], "uv_size": [1.5, 0.5]},
								"west": {"uv": [16, 11], "uv_size": [0.5, 0.5]}
							}
						},
						{
							"origin": [-0.625, -0.25888, -0.24],
							"size": [1.25, 0.51777, 0.25],
							"uv": {
								"east": {"uv": [16, 12], "uv_size": [0.5, 0.5]},
								"south": {"uv": [3, 16], "uv_size": [1.5, 0.5]},
								"west": {"uv": [16, 13], "uv_size": [0.5, 0.5]}
							}
						}
					]
				},
				{
					"name": "octagon",
					"pivot": [0, 0, -0.5],
					"cubes": [
						{
							"origin": [-0.36244, 0.25, -6],
							"size": [0.72487, 0.625, 3],
							"pivot": [0, 0, -0.5],
							"rotation": [0, 0, 45],
							"uv": {
								"north": {"uv": [16, 14], "uv_size": [0.5, 0.5]},
								"east": {"uv": [6, 0], "uv_size": [3, 0.5]},
								"south": {"uv": [16, 15], "uv_size": [0.5, 0.5]},
								"west": {"uv": [6, 1], "uv_size": [3, 0.5]},
								"up": {"uv": [6, 2], "uv_size": [0.5, 3]},
								"down": {"uv": [2, 10], "uv_size": [0.5, -3]}
							}
						},
						{
							"origin": [-0.36244, -0.875, -6],
							"size": [0.72487, 0.625, 3],
							"uv": {
								"north": {"uv": [16, 16], "uv_size": [0.5, 0.5]},
								"east": {"uv": [7, 2], "uv_size": [3, 0.5]},
								"south": {"uv": [0, 17], "uv_size": [0.5, 0.5]},
								"west": {"uv": [3, 7], "uv_size": [3, 0.5]},
								"up": {"uv": [6, 7], "uv_size": [0.5, 3]},
								"down": {"uv": [7, 10], "uv_size": [0.5, -3]}
							}
						},
						{
							"origin": [0.25, -0.36244, -6],
							"size": [0.625, 0.72487, 3],
							"pivot": [0, 0, -0.5],
							"rotation": [0, 0, 45],
							"uv": {
								"north": {"uv": [17, 0], "uv_size": [0.5, 0.5]},
								"east": {"uv": [7, 3], "uv_size": [3, 0.5]},
								"south": {"uv": [1, 17], "uv_size": [0.5, 0.5]},
								"west": {"uv": [7, 4], "uv_size": [3, 0.5]},
								"up": {"uv": [0, 8], "uv_size": [0.5, 3]},
								"down": {"uv": [1, 11], "uv_size": [0.5, -3]}
							}
						},
						{
							"origin": [-0.875, -0.36244, -6],
							"size": [0.625, 0.72487, 3],
							"uv": {
								"north": {"uv": [17, 1], "uv_size": [0.5, 0.5]},
								"east": {"uv": [3, 8], "uv_size": [3, 0.5]},
								"south": {"uv": [3, 17], "uv_size": [0.5, 0.5]},
								"west": {"uv": [8, 5], "uv_size": [3, 0.5]},
								"up": {"uv": [8, 6], "uv_size": [0.5, 3]},
								"down": {"uv": [3, 12], "uv_size": [0.5, -3]}
							}
						},
						{
							"origin": [-0.36244, -0.875, -6],
							"size": [0.72487, 0.625, 3],
							"pivot": [0, 0, -0.5],
							"rotation": [0, 0, 45],
							"uv": {
								"north": {"uv": [5, 18], "uv_size": [0.5, 0.5]},
								"east": {"uv": [10, 4], "uv_size": [3, 0.5]},
								"south": {"uv": [18, 5], "uv_size": [0.5, 0.5]},
								"west": {"uv": [10, 8], "uv_size": [3, 0.5]},
								"up": {"uv": [7, 10], "uv_size": [0.5, 3]},
								"down": {"uv": [10, 12], "uv_size": [0.5, -3]}
							}
						},
						{
							"origin": [-0.36244, 0.25, -6],
							"size": [0.72487, 0.625, 3],
							"uv": {
								"north": {"uv": [4, 18], "uv_size": [0.5, 0.5]},
								"east": {"uv": [10, 2], "uv_size": [3, 0.5]},
								"south": {"uv": [18, 4], "uv_size": [0.5, 0.5]},
								"west": {"uv": [10, 3], "uv_size": [3, 0.5]},
								"up": {"uv": [2, 10], "uv_size": [0.5, 3]},
								"down": {"uv": [6, 13], "uv_size": [0.5, -3]}
							}
						},
						{
							"origin": [-0.875, -0.36244, -6],
							"size": [0.625, 0.72487, 3],
							"pivot": [0, 0, -0.5],
							"rotation": [0, 0, 45],
							"uv": {
								"north": {"uv": [3, 18], "uv_size": [0.5, 0.5]},
								"east": {"uv": [9, 6], "uv_size": [3, 0.5]},
								"south": {"uv": [18, 3], "uv_size": [0.5, 0.5]},
								"west": {"uv": [9, 7], "uv_size": [3, 0.5]},
								"up": {"uv": [8, 9], "uv_size": [0.5, 3]},
								"down": {"uv": [9, 11], "uv_size": [0.5, -3]}
							}
						},
						{
							"origin": [0.25, -0.36244, -6],
							"size": [0.625, 0.72487, 3],
							"uv": {
								"north": {"uv": [2, 18], "uv_size": [0.5, 0.5]},
								"east": {"uv": [9, 0], "uv_size": [3, 0.5]},
								"south": {"uv": [18, 2], "uv_size": [0.5, 0.5]},
								"west": {"uv": [9, 1], "uv_size": [3, 0.5]},
								"up": {"uv": [4, 9], "uv_size": [0.5, 3]},
								"down": {"uv": [5, 12], "uv_size": [0.5, -3]}
							}
						},
						{
							"origin": [-0.33344, -0.805, -3],
							"size": [0.66688, 1.61, 2.5],
							"pivot": [0, 0, -1.75],
							"rotation": [0, 0, 45],
							"uv": {
								"east": {"uv": [2, 5], "uv_size": [2.5, 1.5]},
								"west": {"uv": [5, 5], "uv_size": [2.5, 1.5]},
								"up": {"uv": [9, 11], "uv_size": [0.5, 2.5]},
								"down": {"uv": [3, 14.5], "uv_size": [0.5, -2.5]}
							}
						},
						{
							"origin": [-0.805, -0.33344, -3],
							"size": [1.61, 0.66688, 2.5],
							"uv": {
								"east": {"uv": [11, 10], "uv_size": [2.5, 0.5]},
								"west": {"uv": [11, 11], "uv_size": [2.5, 0.5]},
								"up": {"uv": [4, 0], "uv_size": [1.5, 2.5]},
								"down": {"uv": [0, 7.5], "uv_size": [1.5, -2.5]}
							}
						},
						{
							"origin": [-0.33344, -0.805, -3],
							"size": [0.66688, 1.61, 2.5],
							"uv": {
								"east": {"uv": [0, 3], "uv_size": [2.5, 1.5]},
								"west": {"uv": [3, 3], "uv_size": [2.5, 1.5]},
								"up": {"uv": [0, 11], "uv_size": [0.5, 2.5]},
								"down": {"uv": [1, 13.5], "uv_size": [0.5, -2.5]}
							}
						},
						{
							"origin": [-0.805, -0.33344, -3],
							"size": [1.61, 0.66688, 2.5],
							"pivot": [0, 0, -1.75],
							"rotation": [0, 0, 45],
							"uv": {
								"east": {"uv": [11, 5], "uv_size": [2.5, 0.5]},
								"west": {"uv": [11, 9], "uv_size": [2.5, 0.5]},
								"up": {"uv": [0, 0], "uv_size": [1.5, 2.5]},
								"down": {"uv": [2, 2.5], "uv_size": [1.5, -2.5]}
							}
						},
						{
							"origin": [-0.36244, -0.875, -0.5],
							"size": [0.72487, 1.75, 0.5],
							"uv": {
								"north": {"uv": [11, 15], "uv_size": [0.5, 2]},
								"east": {"uv": [12, 15], "uv_size": [0.5, 2]},
								"south": {"uv": [13, 15], "uv_size": [0.5, 2]},
								"west": {"uv": [14, 15], "uv_size": [0.5, 2]},
								"up": {"uv": [9, 18], "uv_size": [0.5, 0.5]},
								"down": {"uv": [18, 9.5], "uv_size": [0.5, -0.5]}
							}
						},
						{
							"origin": [-0.36244, -0.875, -0.5],
							"size": [0.72487, 1.75, 0.5],
							"pivot": [0, 0, 3],
							"rotation": [0, 0, 45],
							"uv": {
								"north": {"uv": [5, 15], "uv_size": [0.5, 2]},
								"east": {"uv": [8, 15], "uv_size": [0.5, 2]},
								"south": {"uv": [9, 15], "uv_size": [0.5, 2]},
								"west": {"uv": [10, 15], "uv_size": [0.5, 2]},
								"up": {"uv": [8, 18], "uv_size": [0.5, 0.5]},
								"down": {"uv": [18, 8.5], "uv_size": [0.5, -0.5]}
							}
						},
						{
							"origin": [-0.875, -0.36244, -0.5],
							"size": [1.75, 0.72487, 0.5],
							"uv": {
								"north": {"uv": [15, 1], "uv_size": [2, 0.5]},
								"east": {"uv": [7, 18], "uv_size": [0.5, 0.5]},
								"south": {"uv": [3, 15], "uv_size": [2, 0.5]},
								"west": {"uv": [18, 7], "uv_size": [0.5, 0.5]},
								"up": {"uv": [15, 6], "uv_size": [2, 0.5]},
								"down": {"uv": [15, 7.5], "uv_size": [2, -0.5]}
							}
						},
						{
							"origin": [-0.875, -0.36244, -0.5],
							"size": [1.75, 0.72487, 0.5],
							"pivot": [0, 0, 3],
							"rotation": [0, 0, 45],
							"uv": {
								"north": {"uv": [14, 11], "uv_size": [2, 0.5]},
								"east": {"uv": [6, 18], "uv_size": [0.5, 0.5]},
								"south": {"uv": [12, 14], "uv_size": [2, 0.5]},
								"west": {"uv": [18, 6], "uv_size": [0.5, 0.5]},
								"up": {"uv": [14, 14], "uv_size": [2, 0.5]},
								"down": {"uv": [15, 0.5], "uv_size": [2, -0.5]}
							}
						},
						{
							"origin": [-0.11244, 0.749, -3.0625],
							"size": [0.22487, 0.125, 2.625],
							"pivot": [0, 0, -1.75],
							"rotation": [0, -7.5, 45],
							"uv": {
								"east": {"uv": [12, 0], "uv_size": [2.5, 0.5]},
								"west": {"uv": [12, 1], "uv_size": [2.5, 0.5]},
								"up": {"uv": [4, 12], "uv_size": [0.5, 2.5]}
							}
						},
						{
							"origin": [-0.11244, 0.749, -3.0625],
							"size": [0.22487, 0.125, 2.625],
							"pivot": [0, 0, -1.75],
							"rotation": [0, -7.5, -45],
							"uv": {
								"east": {"uv": [12, 6], "uv_size": [2.5, 0.5]},
								"west": {"uv": [12, 7], "uv_size": [2.5, 0.5]},
								"up": {"uv": [5, 12], "uv_size": [0.5, 2.5]}
							}
						},
						{
							"origin": [-0.11244, -0.874, -3.0625],
							"size": [0.22487, 0.125, 2.625],
							"pivot": [0, 0, -1.75],
							"rotation": [0, 7.5, -45],
							"uv": {
								"east": {"uv": [13, 3], "uv_size": [2.5, 0.5]},
								"west": {"uv": [13, 4], "uv_size": [2.5, 0.5]},
								"down": {"uv": [2, 15.5], "uv_size": [0.5, -2.5]}
							}
						},
						{
							"origin": [-0.11244, -0.874, -3.0625],
							"size": [0.22487, 0.125, 2.625],
							"pivot": [0, 0, -1.75],
							"rotation": [0, 7.5, 45],
							"uv": {
								"east": {"uv": [10, 12], "uv_size": [2.5, 0.5]},
								"west": {"uv": [13, 2], "uv_size": [2.5, 0.5]},
								"down": {"uv": [8, 14.5], "uv_size": [0.5, -2.5]}
							}
						},
						{
							"origin": [-0.11244, 0.749, -3.0625],
							"size": [0.22487, 0.125, 2.625],
							"pivot": [0, 0, -1.75],
							"rotation": [0, -7.5, 0],
							"uv": {
								"east": {"uv": [14, 9], "uv_size": [2.5, 0.5]},
								"west": {"uv": [14, 10], "uv_size": [2.5, 0.5]},
								"up": {"uv": [1, 14], "uv_size": [0.5, 2.5]}
							}
						},
						{
							"origin": [-0.11244, 0.749, -3.0625],
							"size": [0.22487, 0.125, 2.625],
							"pivot": [0, 0, -1.75],
							"rotation": [0, -7.5, -90],
							"uv": {
								"east": {"uv": [14, 5], "uv_size": [2.5, 0.5]},
								"west": {"uv": [9, 14], "uv_size": [2.5, 0.5]},
								"up": {"uv": [0, 14], "uv_size": [0.5, 2.5]}
							}
						},
						{
							"origin": [-0.11244, -0.874, -3.0625],
							"size": [0.22487, 0.125, 2.625],
							"pivot": [0, 0, -1.75],
							"rotation": [0, 7.5, 0],
							"uv": {
								"east": {"uv": [13, 12], "uv_size": [2.5, 0.5]},
								"west": {"uv": [13, 13], "uv_size": [2.5, 0.5]},
								"down": {"uv": [7, 15.5], "uv_size": [0.5, -2.5]}
							}
						},
						{
							"origin": [-0.11244, -0.874, -3.0625],
							"size": [0.22487, 0.125, 2.625],
							"pivot": [0, 0, -1.75],
							"rotation": [0, 7.5, -90],
							"uv": {
								"east": {"uv": [13, 8], "uv_size": [2.5, 0.5]},
								"west": {"uv": [10, 13], "uv_size": [2.5, 0.5]},
								"down": {"uv": [6, 15.5], "uv_size": [0.5, -2.5]}
							}
						},
						{
							"origin": [-0.32619, 0.65, -6.125],
							"size": [0.65239, 0.1375, 0.25],
							"pivot": [0, 0, -6],
							"rotation": [0, 0, 45],
							"uv": {
								"north": {"uv": [17, 9], "uv_size": [0.5, 0.5]},
								"south": {"uv": [10, 17], "uv_size": [0.5, 0.5]},
								"up": {"uv": [17, 10], "uv_size": [0.5, 0.5]},
								"down": {"uv": [11, 17.5], "uv_size": [0.5, -0.5]}
							}
						},
						{
							"origin": [-0.32619, 0.65, -6.125],
							"size": [0.65239, 0.1375, 0.25],
							"uv": {
								"north": {"uv": [17, 7], "uv_size": [0.5, 0.5]},
								"south": {"uv": [8, 17], "uv_size": [0.5, 0.5]},
								"up": {"uv": [17, 8], "uv_size": [0.5, 0.5]},
								"down": {"uv": [9, 17.5], "uv_size": [0.5, -0.5]}
							}
						},
						{
							"origin": [0.65, -0.32619, -6.125],
							"size": [0.1375, 0.65239, 0.25],
							"pivot": [0, 0, -6],
							"rotation": [0, 0, 45],
							"uv": {
								"north": {"uv": [17, 5], "uv_size": [0.5, 0.5]},
								"east": {"uv": [6, 17], "uv_size": [0.5, 0.5]},
								"south": {"uv": [17, 6], "uv_size": [0.5, 0.5]},
								"west": {"uv": [7, 17], "uv_size": [0.5, 0.5]}
							}
						},
						{
							"origin": [0.65, -0.32619, -6.125],
							"size": [0.1375, 0.65239, 0.25],
							"uv": {
								"north": {"uv": [17, 3], "uv_size": [0.5, 0.5]},
								"east": {"uv": [4, 17], "uv_size": [0.5, 0.5]},
								"south": {"uv": [17, 4], "uv_size": [0.5, 0.5]},
								"west": {"uv": [5, 17], "uv_size": [0.5, 0.5]}
							}
						},
						{
							"origin": [-0.32619, -0.7875, -6.125],
							"size": [0.65239, 0.1375, 0.25],
							"uv": {
								"north": {"uv": [0, 18], "uv_size": [0.5, 0.5]},
								"south": {"uv": [18, 0], "uv_size": [0.5, 0.5]},
								"up": {"uv": [1, 18], "uv_size": [0.5, 0.5]},
								"down": {"uv": [18, 1.5], "uv_size": [0.5, -0.5]}
							}
						},
						{
							"origin": [-0.32619, -0.7875, -6.125],
							"size": [0.65239, 0.1375, 0.25],
							"pivot": [0, 0, -6],
							"rotation": [0, 0, 45],
							"uv": {
								"north": {"uv": [17, 15], "uv_size": [0.5, 0.5]},
								"south": {"uv": [16, 17], "uv_size": [0.5, 0.5]},
								"up": {"uv": [17, 16], "uv_size": [0.5, 0.5]},
								"down": {"uv": [17, 17.5], "uv_size": [0.5, -0.5]}
							}
						},
						{
							"origin": [-0.7875, -0.32619, -6.125],
							"size": [0.1375, 0.65239, 0.25],
							"uv": {
								"north": {"uv": [17, 13], "uv_size": [0.5, 0.5]},
								"east": {"uv": [14, 17], "uv_size": [0.5, 0.5]},
								"south": {"uv": [17, 14], "uv_size": [0.5, 0.5]},
								"west": {"uv": [15, 17], "uv_size": [0.5, 0.5]}
							}
						},
						{
							"origin": [-0.7875, -0.32619, -6.125],
							"size": [0.1375, 0.65239, 0.25],
							"pivot": [0, 0, -6],
							"rotation": [0, 0, 45],
							"uv": {
								"north": {"uv": [17, 11], "uv_size": [0.5, 0.5]},
								"east": {"uv": [12, 17], "uv_size": [0.5, 0.5]},
								"south": {"uv": [17, 12], "uv_size": [0.5, 0.5]},
								"west": {"uv": [13, 17], "uv_size": [0.5, 0.5]}
							}
						}
					]
				}
			]
		}
	]
}