{
	"format_version": "1.12.0",
	"minecraft:geometry": [
		{
			"description": {
				"identifier": "geometry.muzzle_osd2",
				"texture_width": 32,
				"texture_height": 32,
				"visible_bounds_width": 3,
				"visible_bounds_height": 2.5,
				"visible_bounds_offset": [0, 0.75, 0]
			},
			"bones": [
				{
					"name": "SteyrArms_BreezerOSD2",
					"pivot": [0, 0, 0],
					"cubes": [
						{
							"origin": [-0.39349, -0.95, -11.75],
							"size": [0.78698, 0.7, 0.6],
							"inflate": 0.0001,
							"uv": {
								"north": {"uv": [11, 3], "uv_size": [1, 1]},
								"south": {"uv": [11, 6], "uv_size": [1, 1]},
								"down": {"uv": [0, 16.5], "uv_size": [1, -0.5]}
							}
						},
						{
							"origin": [-0.39349, 0.25, -11.75],
							"size": [0.78698, 0.7, 0.6],
							"pivot": [0, 0, -6.44],
							"rotation": [0, 0, 45],
							"uv": {
								"north": {"uv": [14, 3], "uv_size": [1, 1]},
								"south": {"uv": [14, 4], "uv_size": [1, 1]},
								"up": {"uv": [16, 0], "uv_size": [1, 0.5]}
							}
						},
						{
							"origin": [-0.39349, 0.25, -11.75],
							"size": [0.78698, 0.7, 0.6],
							"pivot": [0, 0, -6.44],
							"rotation": [0, 0, -45],
							"uv": {
								"north": {"uv": [14, 5], "uv_size": [1, 1]},
								"south": {"uv": [6, 14], "uv_size": [1, 1]},
								"up": {"uv": [1, 16], "uv_size": [1, 0.5]}
							}
						},
						{
							"origin": [-0.39349, 0.25, -11.75],
							"size": [0.78698, 0.7, 0.6],
							"inflate": 0.0001,
							"uv": {
								"north": {"uv": [8, 14], "uv_size": [1, 1]},
								"south": {"uv": [14, 8], "uv_size": [1, 1]},
								"up": {"uv": [16, 1], "uv_size": [1, 0.5]}
							}
						},
						{
							"origin": [-0.39349, -0.95, -11.75],
							"size": [0.78698, 0.7, 0.6],
							"pivot": [0, 0, -6.44],
							"rotation": [0, 0, -45],
							"uv": {
								"north": {"uv": [9, 14], "uv_size": [1, 1]},
								"south": {"uv": [14, 9], "uv_size": [1, 1]},
								"down": {"uv": [2, 16.5], "uv_size": [1, -0.5]}
							}
						},
						{
							"origin": [-0.39349, -0.95, -11.75],
							"size": [0.78698, 0.7, 0.6],
							"pivot": [0, 0, -6.44],
							"rotation": [0, 0, 45],
							"uv": {
								"north": {"uv": [14, 10], "uv_size": [1, 1]},
								"south": {"uv": [14, 11], "uv_size": [1, 1]},
								"down": {"uv": [16, 2.5], "uv_size": [1, -0.5]}
							}
						},
						{
							"origin": [0.25, -0.3935, -11.75],
							"size": [0.7, 0.787, 0.6],
							"inflate": 0.0002,
							"uv": {
								"north": {"uv": [14, 12], "uv_size": [1, 1]},
								"south": {"uv": [13, 14], "uv_size": [1, 1]},
								"west": {"uv": [16, 3], "uv_size": [0.5, 1]}
							}
						},
						{
							"origin": [-0.95, -0.3935, -11.75],
							"size": [0.7, 0.787, 0.6],
							"inflate": 0.0002,
							"uv": {
								"north": {"uv": [14, 13], "uv_size": [1, 1]},
								"east": {"uv": [16, 4], "uv_size": [0.5, 1]},
								"south": {"uv": [14, 14], "uv_size": [1, 1]}
							}
						},
						{
							"origin": [-0.95, -0.3935, -2.15],
							"size": [1.9, 0.787, 1],
							"uv": {
								"north": {"uv": [9, 3], "uv_size": [2, 1]},
								"east": {"uv": [0, 15], "uv_size": [1, 1]},
								"west": {"uv": [15, 0], "uv_size": [1, 1]}
							}
						},
						{
							"origin": [-0.39349, -0.95, -2.15],
							"size": [0.78698, 1.9, 1],
							"uv": {
								"north": {"uv": [9, 4], "uv_size": [1, 2]},
								"south": {"uv": [2, 10], "uv_size": [1, 2]},
								"up": {"uv": [1, 15], "uv_size": [1, 1]},
								"down": {"uv": [15, 2], "uv_size": [1, -1]}
							}
						},
						{
							"origin": [-0.95, -0.3935, -8.15],
							"size": [1.9, 0.787, 1.75],
							"uv": {
								"north": {"uv": [3, 10], "uv_size": [2, 1]},
								"east": {"uv": [10, 4], "uv_size": [2, 1]},
								"south": {"uv": [5, 10], "uv_size": [2, 1]},
								"west": {"uv": [10, 5], "uv_size": [2, 1]}
							}
						},
						{
							"origin": [-0.39349, -0.95, -8.15],
							"size": [0.78698, 1.9, 7],
							"pivot": [0, 0, -6.34],
							"rotation": [0, 0, 45],
							"uv": {
								"north": {"uv": [7, 10], "uv_size": [1, 2]},
								"up": {"uv": [0, 0], "uv_size": [1, 7]},
								"down": {"uv": [1, 7], "uv_size": [1, -7]}
							}
						},
						{
							"origin": [-0.39349, -0.95, -8.15],
							"size": [0.78698, 1.9, 7],
							"pivot": [0, 0, -6.34],
							"rotation": [0, 0, -45],
							"uv": {
								"north": {"uv": [10, 9], "uv_size": [1, 2]},
								"up": {"uv": [2, 0], "uv_size": [1, 7]},
								"down": {"uv": [3, 7], "uv_size": [1, -7]}
							}
						},
						{
							"origin": [-0.39349, -0.95, -8.15],
							"size": [0.78698, 1.9, 1.75],
							"uv": {
								"north": {"uv": [3, 11], "uv_size": [1, 2]},
								"south": {"uv": [4, 11], "uv_size": [1, 2]},
								"up": {"uv": [5, 11], "uv_size": [1, 2]},
								"down": {"uv": [6, 13], "uv_size": [1, -2]}
							}
						},
						{
							"origin": [-0.95, 0.0935, -6.4],
							"size": [1.9, 0.3, 4.25],
							"uv": {
								"east": {"uv": [8, 8], "uv_size": [4.5, 0.5]},
								"west": {"uv": [9, 0], "uv_size": [4.5, 0.5]}
							}
						},
						{
							"origin": [-0.95, -0.3935, -6.4],
							"size": [1.9, 0.3, 4.25],
							"uv": {
								"east": {"uv": [9, 1], "uv_size": [4.5, 0.5]},
								"west": {"uv": [9, 2], "uv_size": [4.5, 0.5]}
							}
						},
						{
							"origin": [0.09349, -0.95, -6.4],
							"size": [0.3, 1.9, 4.25],
							"uv": {
								"up": {"uv": [8, 9], "uv_size": [0.5, 4.5]},
								"down": {"uv": [9, 13.5], "uv_size": [0.5, -4.5]}
							}
						},
						{
							"origin": [-0.39349, -0.95, -6.4],
							"size": [0.3, 1.9, 4.25],
							"uv": {
								"up": {"uv": [0, 10], "uv_size": [0.5, 4.5]},
								"down": {"uv": [1, 14.5], "uv_size": [0.5, -4.5]}
							}
						},
						{
							"origin": [-0.3125, -0.95, -11.15],
							"size": [0.625, 1.9, 3],
							"uv": {
								"up": {"uv": [13, 3], "uv_size": [0.5, 3]},
								"down": {"uv": [13, 11], "uv_size": [0.5, -3]}
							}
						},
						{
							"origin": [-0.3125, -0.95, -11.15],
							"size": [0.625, 1.9, 3],
							"pivot": [0, 0, -9.65],
							"rotation": [0, 0, -45],
							"uv": {
								"up": {"uv": [11, 13], "uv_size": [0.5, 3]},
								"down": {"uv": [13, 14], "uv_size": [0.5, -3]}
							}
						},
						{
							"origin": [-0.3125, -0.95, -11.15],
							"size": [0.625, 1.9, 3],
							"pivot": [0, 0, -9.65],
							"rotation": [0, 0, 45],
							"uv": {
								"up": {"uv": [12, 13], "uv_size": [0.5, 3]},
								"down": {"uv": [14, 3], "uv_size": [0.5, -3]}
							}
						},
						{
							"origin": [-0.95, -0.3125, -11.15],
							"size": [1.9, 0.625, 3],
							"uv": {
								"east": {"uv": [13, 6], "uv_size": [3, 0.5]},
								"west": {"uv": [3, 14], "uv_size": [3, 0.5]}
							}
						},
						{
							"origin": [-0.2175, 0.4, -1.15],
							"size": [0.435, 0.125, 2.125],
							"uv": {
								"south": {"uv": [17, 4], "uv_size": [0.5, 0.5]},
								"up": {"uv": [15, 2], "uv_size": [0.5, 2]},
								"down": {"uv": [3, 17], "uv_size": [0.5, -2]}
							}
						},
						{
							"origin": [-0.52572, -0.69352, -6.4],
							"size": [1.47572, 1.21129, 4.25],
							"pivot": [-0.00001, -0.30001, -7.34],
							"rotation": [0, 0, -45],
							"uv": {
								"up": {"uv": [4, 0], "uv_size": [1.5, 4.5]},
								"down": {"uv": [4, 9.5], "uv_size": [1.5, -4.5]}
							}
						},
						{
							"origin": [-0.45078, -0.89272, -11.15],
							"size": [0.90156, 1.78544, 3],
							"pivot": [0, 0, -9.65],
							"rotation": [0, 0, 45],
							"uv": {
								"up": {"uv": [0, 7], "uv_size": [1, 3]},
								"down": {"uv": [1, 10], "uv_size": [1, -3]}
							}
						},
						{
							"origin": [-0.45078, -0.89272, -11.15],
							"size": [0.90156, 1.78544, 3],
							"pivot": [0, 0, -9.65],
							"rotation": [0, 0, -45],
							"uv": {
								"up": {"uv": [2, 7], "uv_size": [1, 3]},
								"down": {"uv": [3, 10], "uv_size": [1, -3]}
							}
						},
						{
							"origin": [-0.45078, -0.89272, -11.15],
							"size": [0.90156, 1.78544, 3],
							"uv": {
								"up": {"uv": [8, 0], "uv_size": [1, 3]},
								"down": {"uv": [8, 6], "uv_size": [1, -3]}
							}
						},
						{
							"origin": [-0.89272, -0.45078, -11.15],
							"size": [1.78544, 0.90156, 3],
							"uv": {
								"east": {"uv": [8, 6], "uv_size": [3, 1]},
								"west": {"uv": [8, 7], "uv_size": [3, 1]}
							}
						},
						{
							"origin": [-0.10149, 0.32657, -0.57669],
							"size": [0.2746, 0.1, 0.5],
							"pivot": [0, 0, 0.75],
							"rotation": [-10.76481, -4.33309, 0.82295],
							"uv": {
								"up": {"uv": [5, 17], "uv_size": [0.5, 0.5]}
							}
						},
						{
							"origin": [-0.27461, 0.05059, -1.36892],
							"size": [0.54923, 0.1, 0.75],
							"inflate": 0.0001,
							"pivot": [0, 0, 0.75],
							"rotation": [-22.5, 0, 0],
							"uv": {
								"up": {"uv": [16, 5], "uv_size": [0.5, 1]}
							}
						},
						{
							"origin": [-0.20599, 0.39897, -0.05],
							"size": [0.2379, 0.1, 0.51695],
							"inflate": 0.0001,
							"pivot": [0, 0, 0.7625],
							"rotation": [-5.5499, 2.25107, -0.21868],
							"uv": {
								"up": {"uv": [17, 5], "uv_size": [0.5, 0.5]}
							}
						},
						{
							"origin": [-0.2175, 0.4, -1.15],
							"size": [0.435, 0.125, 2.125],
							"pivot": [0, 0, 0.75],
							"rotation": [0, 0, 45],
							"uv": {
								"south": {"uv": [6, 17], "uv_size": [0.5, 0.5]},
								"up": {"uv": [4, 15], "uv_size": [0.5, 2]},
								"down": {"uv": [15, 6], "uv_size": [0.5, -2]}
							}
						},
						{
							"origin": [-0.2175, 0.4, -1.15],
							"size": [0.435, 0.125, 2.125],
							"pivot": [0, 0, 0.75],
							"rotation": [0, 0, -45],
							"uv": {
								"south": {"uv": [17, 6], "uv_size": [0.5, 0.5]},
								"up": {"uv": [5, 15], "uv_size": [0.5, 2]},
								"down": {"uv": [6, 17], "uv_size": [0.5, -2]}
							}
						},
						{
							"origin": [-0.2175, 0.4, -1.15],
							"size": [0.435, 0.125, 2.125],
							"pivot": [0, 0, 0.75],
							"rotation": [0, 0, -90],
							"uv": {
								"south": {"uv": [7, 17], "uv_size": [0.5, 0.5]},
								"up": {"uv": [15, 7], "uv_size": [0.5, 2]},
								"down": {"uv": [8, 17], "uv_size": [0.5, -2]}
							}
						},
						{
							"origin": [-0.2175, 0.4, -1.15],
							"size": [0.435, 0.125, 2.125],
							"pivot": [0, 0, 0.75],
							"rotation": [0, 0, 90],
							"uv": {
								"south": {"uv": [17, 7], "uv_size": [0.5, 0.5]},
								"up": {"uv": [9, 15], "uv_size": [0.5, 2]},
								"down": {"uv": [15, 11], "uv_size": [0.5, -2]}
							}
						},
						{
							"origin": [-0.2175, -0.525, -1.15],
							"size": [0.435, 0.125, 2.125],
							"pivot": [0, 0, 0.75],
							"rotation": [0, 0, -45],
							"uv": {
								"south": {"uv": [8, 17], "uv_size": [0.5, 0.5]},
								"up": {"uv": [10, 15], "uv_size": [0.5, 2]},
								"down": {"uv": [15, 13], "uv_size": [0.5, -2]}
							}
						},
						{
							"origin": [-0.2175, -0.525, -1.15],
							"size": [0.435, 0.125, 2.125],
							"uv": {
								"south": {"uv": [17, 8], "uv_size": [0.5, 0.5]},
								"up": {"uv": [13, 15], "uv_size": [0.5, 2]},
								"down": {"uv": [15, 15], "uv_size": [0.5, -2]}
							}
						},
						{
							"origin": [-0.2175, -0.525, -1.15],
							"size": [0.435, 0.125, 2.125],
							"pivot": [0, 0, 0.75],
							"rotation": [0, 0, 45],
							"uv": {
								"south": {"uv": [9, 17], "uv_size": [0.5, 0.5]},
								"up": {"uv": [14, 15], "uv_size": [0.5, 2]},
								"down": {"uv": [15, 17], "uv_size": [0.5, -2]}
							}
						},
						{
							"origin": [-0.03191, 0.39897, -0.05],
							"size": [0.2379, 0.1, 0.51695],
							"pivot": [0, 0, 0.7625],
							"rotation": [-5.5499, -2.25107, 0.21868],
							"uv": {
								"up": {"uv": [17, 9], "uv_size": [0.5, 0.5]}
							}
						},
						{
							"origin": [-0.20599, 0.39897, -0.05],
							"size": [0.2379, 0.1, 0.51695],
							"inflate": 0.0001,
							"pivot": [0, 0, 0.7625],
							"rotation": [-5.5499, 2.25107, 44.78132],
							"uv": {
								"up": {"uv": [10, 17], "uv_size": [0.5, 0.5]}
							}
						},
						{
							"origin": [-0.03191, 0.39897, -0.05],
							"size": [0.2379, 0.1, 0.51695],
							"pivot": [0, 0, 0.7625],
							"rotation": [-5.5499, -2.25107, 45.21868],
							"uv": {
								"up": {"uv": [17, 10], "uv_size": [0.5, 0.5]}
							}
						},
						{
							"origin": [-0.20599, 0.39897, -0.05],
							"size": [0.2379, 0.1, 0.51695],
							"inflate": 0.0001,
							"pivot": [0, 0, 0.7625],
							"rotation": [-5.5499, 2.25107, 89.78132],
							"uv": {
								"up": {"uv": [11, 17], "uv_size": [0.5, 0.5]}
							}
						},
						{
							"origin": [-0.03191, 0.39897, -0.05],
							"size": [0.2379, 0.1, 0.51695],
							"pivot": [0, 0, 0.7625],
							"rotation": [-5.5499, -2.25107, 90.21868],
							"uv": {
								"up": {"uv": [17, 11], "uv_size": [0.5, 0.5]}
							}
						},
						{
							"origin": [-0.20599, 0.39897, -0.05],
							"size": [0.2379, 0.1, 0.51695],
							"inflate": 0.0001,
							"pivot": [0, 0, 0.7625],
							"rotation": [-5.5499, 2.25107, -45.21868],
							"uv": {
								"up": {"uv": [12, 17], "uv_size": [0.5, 0.5]}
							}
						},
						{
							"origin": [-0.03191, 0.39897, -0.05],
							"size": [0.2379, 0.1, 0.51695],
							"pivot": [0, 0, 0.7625],
							"rotation": [-5.5499, -2.25107, -44.78132],
							"uv": {
								"up": {"uv": [17, 12], "uv_size": [0.5, 0.5]}
							}
						},
						{
							"origin": [-0.20599, 0.39897, -0.05],
							"size": [0.2379, 0.1, 0.51695],
							"inflate": 0.0001,
							"pivot": [0, 0, 0.7625],
							"rotation": [-5.5499, 2.25107, -90.21868],
							"uv": {
								"up": {"uv": [13, 17], "uv_size": [0.5, 0.5]}
							}
						},
						{
							"origin": [-0.03191, 0.39897, -0.05],
							"size": [0.2379, 0.1, 0.51695],
							"pivot": [0, 0, 0.7625],
							"rotation": [-5.5499, -2.25107, -89.78132],
							"uv": {
								"up": {"uv": [17, 13], "uv_size": [0.5, 0.5]}
							}
						},
						{
							"origin": [-0.03191, -0.49897, -0.05],
							"size": [0.2379, 0.1, 0.51695],
							"inflate": 0.0001,
							"pivot": [0, 0, 0.7625],
							"rotation": [5.5499, -2.25107, -45.21868],
							"uv": {
								"down": {"uv": [14, 17.5], "uv_size": [0.5, -0.5]}
							}
						},
						{
							"origin": [-0.20599, -0.49897, -0.05],
							"size": [0.2379, 0.1, 0.51695],
							"pivot": [0, 0, 0.7625],
							"rotation": [5.5499, 2.25107, -44.78132],
							"uv": {
								"down": {"uv": [17, 14.5], "uv_size": [0.5, -0.5]}
							}
						},
						{
							"origin": [-0.03191, -0.49897, -0.05],
							"size": [0.2379, 0.1, 0.51695],
							"inflate": 0.0001,
							"pivot": [0, 0, 0.7625],
							"rotation": [5.5499, -2.25107, -0.21868],
							"uv": {
								"down": {"uv": [15, 17.5], "uv_size": [0.5, -0.5]}
							}
						},
						{
							"origin": [-0.20599, -0.49897, -0.05],
							"size": [0.2379, 0.1, 0.51695],
							"pivot": [0, 0, 0.7625],
							"rotation": [5.5499, 2.25107, 0.21868],
							"uv": {
								"down": {"uv": [17, 15.5], "uv_size": [0.5, -0.5]}
							}
						},
						{
							"origin": [-0.03191, -0.49897, -0.05],
							"size": [0.2379, 0.1, 0.51695],
							"inflate": 0.0001,
							"pivot": [0, 0, 0.7625],
							"rotation": [5.5499, -2.25107, 44.78132],
							"uv": {
								"down": {"uv": [16, 17.5], "uv_size": [0.5, -0.5]}
							}
						},
						{
							"origin": [-0.20599, -0.49897, -0.05],
							"size": [0.2379, 0.1, 0.51695],
							"pivot": [0, 0, 0.7625],
							"rotation": [5.5499, 2.25107, 45.21868],
							"uv": {
								"down": {"uv": [17, 16.5], "uv_size": [0.5, -0.5]}
							}
						},
						{
							"origin": [-0.05693, 0.05059, -1.40439],
							"size": [0.11741, 0.1, 0.75936],
							"pivot": [0, 0, 0.75],
							"rotation": [-22.75241, 8.31585, -3.47105],
							"uv": {
								"up": {"uv": [16, 6], "uv_size": [0.5, 1]}
							}
						},
						{
							"origin": [-0.06048, 0.05059, -1.40439],
							"size": [0.11741, 0.1, 0.75936],
							"pivot": [0, 0, 0.75],
							"rotation": [-22.75241, -8.31585, 3.47105],
							"uv": {
								"up": {"uv": [7, 16], "uv_size": [0.5, 1]}
							}
						},
						{
							"origin": [-0.27461, 0.05059, -1.36892],
							"size": [0.54923, 0.1, 0.75],
							"inflate": 0.0001,
							"pivot": [0, 0, 0.75],
							"rotation": [-22.5, 0, 45],
							"uv": {
								"up": {"uv": [16, 7], "uv_size": [0.5, 1]}
							}
						},
						{
							"origin": [-0.05693, 0.05059, -1.40439],
							"size": [0.11741, 0.1, 0.75936],
							"pivot": [0, 0, 0.75],
							"rotation": [-22.75241, 8.31585, 41.52895],
							"uv": {
								"up": {"uv": [16, 8], "uv_size": [0.5, 1]}
							}
						},
						{
							"origin": [-0.06048, 0.05059, -1.40439],
							"size": [0.11741, 0.1, 0.75936],
							"pivot": [0, 0, 0.75],
							"rotation": [-22.75241, -8.31585, 48.47105],
							"uv": {
								"up": {"uv": [16, 9], "uv_size": [0.5, 1]}
							}
						},
						{
							"origin": [-0.27461, 0.05059, -1.36892],
							"size": [0.54923, 0.1, 0.75],
							"inflate": 0.0001,
							"pivot": [0, 0, 0.75],
							"rotation": [-22.5, 0, -45],
							"uv": {
								"up": {"uv": [16, 10], "uv_size": [0.5, 1]}
							}
						},
						{
							"origin": [-0.05693, 0.05059, -1.40439],
							"size": [0.11741, 0.1, 0.75936],
							"pivot": [0, 0, 0.75],
							"rotation": [-22.75241, 8.31585, -48.47105],
							"uv": {
								"up": {"uv": [11, 16], "uv_size": [0.5, 1]}
							}
						},
						{
							"origin": [-0.06048, 0.05059, -1.40439],
							"size": [0.11741, 0.1, 0.75936],
							"pivot": [0, 0, 0.75],
							"rotation": [-22.75241, -8.31585, -41.52895],
							"uv": {
								"up": {"uv": [16, 11], "uv_size": [0.5, 1]}
							}
						},
						{
							"origin": [-0.27461, -0.15059, -1.36892],
							"size": [0.54923, 0.1, 0.75],
							"inflate": 0.0001,
							"pivot": [0, 0, 0.75],
							"rotation": [22.5, 0, 45],
							"uv": {
								"down": {"uv": [12, 17], "uv_size": [0.5, -1]}
							}
						},
						{
							"origin": [-0.05693, -0.15059, -1.40439],
							"size": [0.11741, 0.1, 0.75936],
							"pivot": [0, 0, 0.75],
							"rotation": [22.75241, 8.31585, 48.47105],
							"uv": {
								"down": {"uv": [16, 13], "uv_size": [0.5, -1]}
							}
						},
						{
							"origin": [-0.06048, -0.15059, -1.40439],
							"size": [0.11741, 0.1, 0.75936],
							"pivot": [0, 0, 0.75],
							"rotation": [22.75241, -8.31585, 41.52895],
							"uv": {
								"down": {"uv": [16, 14], "uv_size": [0.5, -1]}
							}
						},
						{
							"origin": [-0.05693, -0.15059, -1.40439],
							"size": [0.11741, 0.1, 0.75936],
							"pivot": [0, 0, 0.75],
							"rotation": [22.75241, 8.31585, 3.47105],
							"uv": {
								"down": {"uv": [16, 15], "uv_size": [0.5, -1]}
							}
						},
						{
							"origin": [-0.27461, -0.15059, -1.36892],
							"size": [0.54923, 0.1, 0.75],
							"inflate": 0.0001,
							"pivot": [0, 0, 0.75],
							"rotation": [22.5, 0, 0],
							"uv": {
								"down": {"uv": [16, 16], "uv_size": [0.5, -1]}
							}
						},
						{
							"origin": [-0.06048, -0.15059, -1.40439],
							"size": [0.11741, 0.1, 0.75936],
							"pivot": [0, 0, 0.75],
							"rotation": [22.75241, -8.31585, -3.47105],
							"uv": {
								"down": {"uv": [16, 17], "uv_size": [0.5, -1]}
							}
						},
						{
							"origin": [-0.27461, -0.15059, -1.36892],
							"size": [0.54923, 0.1, 0.75],
							"inflate": 0.0001,
							"pivot": [0, 0, 0.75],
							"rotation": [22.5, 0, -45],
							"uv": {
								"down": {"uv": [0, 18], "uv_size": [0.5, -1]}
							}
						},
						{
							"origin": [-0.05693, -0.15059, -1.40439],
							"size": [0.11741, 0.1, 0.75936],
							"pivot": [0, 0, 0.75],
							"rotation": [22.75241, 8.31585, -41.52895],
							"uv": {
								"down": {"uv": [17, 1], "uv_size": [0.5, -1]}
							}
						},
						{
							"origin": [-0.06048, -0.15059, -1.40439],
							"size": [0.11741, 0.1, 0.75936],
							"pivot": [0, 0, 0.75],
							"rotation": [22.75241, -8.31585, -48.47105],
							"uv": {
								"down": {"uv": [1, 18], "uv_size": [0.5, -1]}
							}
						},
						{
							"origin": [-0.27461, 0.05059, -1.36892],
							"size": [0.54923, 0.1, 0.75],
							"inflate": 0.0001,
							"pivot": [0, 0, 0.75],
							"rotation": [-22.5, 0, 90],
							"uv": {
								"up": {"uv": [17, 1], "uv_size": [0.5, 1]}
							}
						},
						{
							"origin": [-0.06048, 0.05059, -1.40439],
							"size": [0.11741, 0.1, 0.75936],
							"pivot": [0, 0, 0.75],
							"rotation": [-22.75241, -8.31585, 93.47105],
							"uv": {
								"up": {"uv": [2, 17], "uv_size": [0.5, 1]}
							}
						},
						{
							"origin": [-0.05693, 0.05059, -1.40439],
							"size": [0.11741, 0.1, 0.75936],
							"pivot": [0, 0, 0.75],
							"rotation": [-22.75241, 8.31585, 86.52895],
							"uv": {
								"up": {"uv": [17, 2], "uv_size": [0.5, 1]}
							}
						},
						{
							"origin": [-0.27461, 0.05059, -1.36892],
							"size": [0.54923, 0.1, 0.75],
							"inflate": 0.0001,
							"pivot": [0, 0, 0.75],
							"rotation": [-22.5, 0, -90],
							"uv": {
								"up": {"uv": [3, 17], "uv_size": [0.5, 1]}
							}
						},
						{
							"origin": [-0.06048, 0.05059, -1.40439],
							"size": [0.11741, 0.1, 0.75936],
							"pivot": [0, 0, 0.75],
							"rotation": [-22.75241, -8.31585, -86.52895],
							"uv": {
								"up": {"uv": [17, 3], "uv_size": [0.5, 1]}
							}
						},
						{
							"origin": [-0.05693, 0.05059, -1.40439],
							"size": [0.11741, 0.1, 0.75936],
							"pivot": [0, 0, 0.75],
							"rotation": [-22.75241, 8.31585, -93.47105],
							"uv": {
								"up": {"uv": [4, 17], "uv_size": [0.5, 1]}
							}
						},
						{
							"origin": [-0.17311, 0.32657, -0.57669],
							"size": [0.2746, 0.1, 0.5],
							"inflate": 0.0001,
							"pivot": [0, 0, 0.75],
							"rotation": [-10.76481, 4.33309, -0.82295],
							"uv": {
								"up": {"uv": [17, 17], "uv_size": [0.5, 0.5]}
							}
						},
						{
							"origin": [-0.17311, 0.32657, -0.57669],
							"size": [0.2746, 0.1, 0.5],
							"inflate": 0.0001,
							"pivot": [0, 0, 0.75],
							"rotation": [-10.76481, 4.33309, 44.17705],
							"uv": {
								"up": {"uv": [0, 18], "uv_size": [0.5, 0.5]}
							}
						},
						{
							"origin": [-0.10149, 0.32657, -0.57669],
							"size": [0.2746, 0.1, 0.5],
							"pivot": [0, 0, 0.75],
							"rotation": [-10.76481, -4.33309, 45.82295],
							"uv": {
								"up": {"uv": [18, 0], "uv_size": [0.5, 0.5]}
							}
						},
						{
							"origin": [-0.17311, 0.32657, -0.57669],
							"size": [0.2746, 0.1, 0.5],
							"inflate": 0.0001,
							"pivot": [0, 0, 0.75],
							"rotation": [-10.76481, 4.33309, 89.17705],
							"uv": {
								"up": {"uv": [1, 18], "uv_size": [0.5, 0.5]}
							}
						},
						{
							"origin": [-0.10149, 0.32657, -0.57669],
							"size": [0.2746, 0.1, 0.5],
							"pivot": [0, 0, 0.75],
							"rotation": [-10.76481, -4.33309, 90.82295],
							"uv": {
								"up": {"uv": [18, 1], "uv_size": [0.5, 0.5]}
							}
						},
						{
							"origin": [-0.17311, 0.32657, -0.57669],
							"size": [0.2746, 0.1, 0.5],
							"inflate": 0.0001,
							"pivot": [0, 0, 0.75],
							"rotation": [-10.76481, 4.33309, -90.82295],
							"uv": {
								"up": {"uv": [2, 18], "uv_size": [0.5, 0.5]}
							}
						},
						{
							"origin": [-0.10149, 0.32657, -0.57669],
							"size": [0.2746, 0.1, 0.5],
							"pivot": [0, 0, 0.75],
							"rotation": [-10.76481, -4.33309, -89.17705],
							"uv": {
								"up": {"uv": [18, 2], "uv_size": [0.5, 0.5]}
							}
						},
						{
							"origin": [-0.17311, 0.32657, -0.57669],
							"size": [0.2746, 0.1, 0.5],
							"inflate": 0.0001,
							"pivot": [0, 0, 0.75],
							"rotation": [-10.76481, 4.33309, -45.82295],
							"uv": {
								"up": {"uv": [3, 18], "uv_size": [0.5, 0.5]}
							}
						},
						{
							"origin": [-0.10149, 0.32657, -0.57669],
							"size": [0.2746, 0.1, 0.5],
							"pivot": [0, 0, 0.75],
							"rotation": [-10.76481, -4.33309, -44.17705],
							"uv": {
								"up": {"uv": [18, 3], "uv_size": [0.5, 0.5]}
							}
						},
						{
							"origin": [-0.17311, -0.42657, -0.57669],
							"size": [0.2746, 0.1, 0.5],
							"pivot": [0, 0, 0.75],
							"rotation": [10.76481, 4.33309, 45.82295],
							"uv": {
								"down": {"uv": [4, 18.5], "uv_size": [0.5, -0.5]}
							}
						},
						{
							"origin": [-0.10149, -0.42657, -0.57669],
							"size": [0.2746, 0.1, 0.5],
							"inflate": 0.0001,
							"pivot": [0, 0, 0.75],
							"rotation": [10.76481, -4.33309, 44.17705],
							"uv": {
								"down": {"uv": [18, 4.5], "uv_size": [0.5, -0.5]}
							}
						},
						{
							"origin": [-0.17311, -0.42657, -0.57669],
							"size": [0.2746, 0.1, 0.5],
							"pivot": [0, 0, 0.75],
							"rotation": [10.76481, 4.33309, 0.82295],
							"uv": {
								"down": {"uv": [5, 18.5], "uv_size": [0.5, -0.5]}
							}
						},
						{
							"origin": [-0.10149, -0.42657, -0.57669],
							"size": [0.2746, 0.1, 0.5],
							"inflate": 0.0001,
							"pivot": [0, 0, 0.75],
							"rotation": [10.76481, -4.33309, -0.82295],
							"uv": {
								"down": {"uv": [18, 5.5], "uv_size": [0.5, -0.5]}
							}
						},
						{
							"origin": [-0.17311, -0.42657, -0.57669],
							"size": [0.2746, 0.1, 0.5],
							"pivot": [0, 0, 0.75],
							"rotation": [10.76481, 4.33309, -44.17705],
							"uv": {
								"down": {"uv": [6, 18.5], "uv_size": [0.5, -0.5]}
							}
						},
						{
							"origin": [-0.10149, -0.42657, -0.57669],
							"size": [0.2746, 0.1, 0.5],
							"inflate": 0.0001,
							"pivot": [0, 0, 0.75],
							"rotation": [10.76481, -4.33309, -45.82295],
							"uv": {
								"down": {"uv": [18, 6.5], "uv_size": [0.5, -0.5]}
							}
						},
						{
							"origin": [-0.1036, -0.25, -8.15],
							"size": [0.2072, 0.5, -3.6],
							"uv": {
								"up": {"uv": [11, 9], "uv_size": [0.5, 3.5]},
								"down": {"uv": [10, 14.5], "uv_size": [0.5, -3.5]}
							}
						},
						{
							"origin": [-0.1036, -0.25, -8.15],
							"size": [0.2072, 0.5, -3.6],
							"pivot": [0, 0, -9.95],
							"rotation": [0, 0, -45],
							"uv": {
								"up": {"uv": [2, 12], "uv_size": [0.5, 3.5]},
								"down": {"uv": [12, 6.5], "uv_size": [0.5, -3.5]}
							}
						},
						{
							"origin": [-0.1036, -0.25, -8.15],
							"size": [0.2072, 0.5, -3.6],
							"pivot": [0, 0, -9.95],
							"rotation": [0, 0, 45],
							"uv": {
								"up": {"uv": [12, 3], "uv_size": [0.5, 3.5]},
								"down": {"uv": [2, 15.5], "uv_size": [0.5, -3.5]}
							}
						},
						{
							"origin": [-0.25, -0.1036, -8.15],
							"size": [0.5, 0.2072, -3.6],
							"uv": {
								"east": {"uv": [11, 7], "uv_size": [3.5, 0.5]},
								"west": {"uv": [3, 13], "uv_size": [3.5, 0.5]}
							}
						},
						{
							"origin": [-0.95, -0.69352, -6.4],
							"size": [1.47572, 1.21129, 4.25],
							"pivot": [0.00001, -0.30001, -7.34],
							"rotation": [0, 0, 45],
							"uv": {
								"up": {"uv": [6, 0], "uv_size": [1.5, 4.5]},
								"down": {"uv": [6, 9.5], "uv_size": [1.5, -4.5]}
							}
						}
					]
				}
			]
		}
	]
}