{
  "model": "maxstuff:attachment/glaser_geo",
  "texture": "maxstuff:attachment/uv/glaser",
  "slot": "maxstuff:attachment/slot/glaser",
  "sight": true,
  "sounds": {
    "install": "tacz:attachments/scope_general_c",
    "uninstall": "tacz:attachments/scope_general_c"
  },
  "zoom": [
    1.2,
    1.33
  ],
  "views": [
    2,
    1
  ],
  "views_fov": [
    70.0,
    70.0
  ],
  "laser": {
    // 默认的镭射颜色 default laser color, 0x = #
    "default_color": "#db3333",
    // 是否允许在改装界面自定义该镭射的颜色 can be customized
    "can_edit": true,
    // 激光的长度（因为是渐变，末端可能实际完全看不见）laser length
    "length": 5.4
  }
}