{
  "slot": "maxstuff:attachment/slot/scope_acog_canted",
  "model": "maxstuff:attachment/scope_acog_canted_geo",
  "texture": "maxstuff:attachment/uv/scope_acog_canted",
  "lod": {
    "model": "tacz:attachment/lod/scope_acog_ta31",
    "texture": "tacz:attachment/lod/scope_acog_ta31"
  },
  "zoom": [
    2.5,
    1.35
  ],
  "views": [
    2,
    1
  ],
  "views_fov": [
    55.0,
    60.0
  ],
  "scope": true,
  "sight": true,
  "sounds": {
    "install": "tacz:attachments/scope_general_b",
    "uninstall": "tacz:attachments/scope_general_b"
  }
}