{
	"format_version": "1.8.0",
	"animations": {
		"static_idle": {
			"loop": true,
			"bones": {
				"constraint": {
					"rotation": [0.2, 0.2, 0.4],
					"position": [0.1, 0.1, 0.1]
				},
				"lefthand": {
					"rotation": [90.4533, -389.73135, -129.57361],
					"position": [7.4, -11.7, -5.5],
					"scale": [1, 1.5, 1]
				},
				"righthand": {
					"rotation": [100.03742, 4.92385, -179.12962],
					"position": [-6.8, -14.2, 7.4],
					"scale": [1, 1.5, 1]
				}
			}
		},
		"reload_tactical": {
			"animation_length": 2.2333,
			"bones": {
				"constraint": {
					"rotation": [0.2, 0.2, 0.4],
					"position": [0.1, 0.1, 0.1]
				},
				"lefthand": {
					"rotation": {
						"0.0": [90.4533, -389.73135, -129.57361],
						"0.1667": [90.4533, -389.73135, -129.57361],
						"0.2": [117.5156, -371.73591, -197.33349],
						"1.1333": [117.52, -371.74, -197.33],
						"1.2667": [119.69807, -358.37197, -221.51391],
						"1.4667": [119.69807, -358.37197, -221.51391],
						"1.7": [90.4533, -389.73135, -129.57361]
					},
					"position": {
						"0.0": [7.4, -11.7, -5.5],
						"0.1667": [20.4, -44.7, -8.5],
						"0.2": [6.22, -15.7, -0.5],
						"1.1333": [6.215, -15.7, -0.5],
						"1.2667": [5.76, -20.7, 4.5],
						"1.4667": [5.76, -20.7, 4.5],
						"1.7": [7.4, -11.7, -5.5]
					},
					"scale": [1, 1.5, 1]
				},
				"righthand": {
					"rotation": [100.03742, 4.92385, -179.12962],
					"position": [-6.8, -14.2, 7.4],
					"scale": [1, 1.5, 1]
				},
				"root": {
					"rotation": {
						"0.0": [0, 0, 0],
						"0.2": {
							"pre": [4.98788, 0.34834, -3.98483],
							"post": [4.98788, 0.34834, -3.98483],
							"lerp_mode": "catmullrom"
						},
						"0.3667": {
							"post": [-9.82, -0.82, -19.19],
							"lerp_mode": "catmullrom"
						},
						"0.5333": {
							"post": [-14.58745, -1.66009, -21.07978],
							"lerp_mode": "catmullrom"
						},
						"0.6": {
							"post": [-12.25915, -0.35361, -17.98746],
							"lerp_mode": "catmullrom"
						},
						"0.6667": {
							"post": [-11.81696, -0.40889, -17.82259],
							"lerp_mode": "catmullrom"
						},
						"0.7667": {
							"post": [-11.69285, -1.30105, -25.91215],
							"lerp_mode": "catmullrom"
						},
						"0.8667": {
							"post": [-12.36, -1.75, -38.48],
							"lerp_mode": "catmullrom"
						},
						"0.9333": {
							"post": [-10.60561, -1.26065, -34.69387],
							"lerp_mode": "catmullrom"
						},
						"1.0": {
							"post": [-11.98977, -2.23004, -37.49371],
							"lerp_mode": "catmullrom"
						},
						"1.0667": {
							"post": [-7.54377, -0.42303, -33.22771],
							"lerp_mode": "catmullrom"
						},
						"1.1333": {
							"post": [-7.8232, -0.4255, -35.50104],
							"lerp_mode": "catmullrom"
						},
						"1.2": {
							"post": [-9.35, -0.34, -36.6],
							"lerp_mode": "catmullrom"
						},
						"1.3": {
							"post": [-11.0932, -0.4255, -35.50104],
							"lerp_mode": "catmullrom"
						},
						"1.4": [-10.76, -2.58, -10.25],
						"1.4667": [-8.4, -2.11, -3.93],
						"1.5": [-6.91, -1.79, 2],
						"1.5667": [-0.5, -1.44, 5.92],
						"1.6": [2.13, -0.73, 6.34],
						"1.6333": [2, -0.14, 4],
						"1.7": [1.65, 0.01, 0.75],
						"1.7667": [1, 0, -2],
						"1.8": [1, -0.02, 0],
						"1.8667": [0.7, -0.01, 0.15],
						"1.9": [0.3, -0.01, 0.07],
						"1.9667": [0, 0, 0.01]
					},
					"position": {
						"0.0": [0, 0, 0],
						"0.1667": [0.29, -1.1, -1.305],
						"0.3333": {
							"pre": [-0.48, 0.835, -0.67],
							"post": [-0.48, 0.835, -0.67],
							"lerp_mode": "catmullrom"
						},
						"0.5333": {
							"post": [-0.435, 0.725, -0.68],
							"lerp_mode": "catmullrom"
						},
						"0.6": {
							"post": [-0.15, 0.54, -0.73],
							"lerp_mode": "catmullrom"
						},
						"0.7": {
							"post": [-0.56, 0.54, -0.73],
							"lerp_mode": "catmullrom"
						},
						"0.8333": {
							"post": [-0.575, 0.405, -0.97],
							"lerp_mode": "catmullrom"
						},
						"0.9": {
							"post": [-0.555, 0.3, -0.9],
							"lerp_mode": "catmullrom"
						},
						"0.9667": {
							"post": [-0.545, 0.435, -0.76],
							"lerp_mode": "catmullrom"
						},
						"1.0333": {
							"post": [-0.57, 0.87, -0.46],
							"lerp_mode": "catmullrom"
						},
						"1.2": {
							"post": [-0.53, 0.745, -0.585],
							"lerp_mode": "catmullrom"
						},
						"1.4": [-0.195, -1.28, 0.81],
						"1.4667": [-0.215, -1.91, 1.15],
						"1.5": [-0.135, -2.2, 1.02],
						"1.5667": [-0.255, -1.81, -0.07],
						"1.6": [-0.3, -1.09, -0.375],
						"1.6333": [0, -0.5, -0.5],
						"1.7": [0.06, -0.19, -0.2],
						"1.7667": [0, -0.1, 0.5],
						"1.8": [0, -0.07, 0.28],
						"1.8667": [0, -0.09, -0.07],
						"1.9": [0, -0.06, -0.19],
						"1.9667": [0, -0.03, -0.1],
						"2.0": [0, 0, 0]
					}
				},
				"lefthand_and_mag": {
					"rotation": {
						"0.1667": [0, 0, 0],
						"0.2": [0, 0, 0],
						"0.4": [0, 0, 0],
						"0.5333": [0, 0, 0],
						"0.6333": [-12.5, 0, 0],
						"0.7333": [-12.2127, -2.68507, -12.2127],
						"0.8667": [-27.71, -2.69, -12.21],
						"0.9333": [-27.71, -2.69, -12.21],
						"1.0": [0, 0, 0]
					},
					"position": {
						"0.1667": [0, 0, 0],
						"0.2": [12, -12, 0],
						"0.3333": [6.06, -4.57, 0],
						"0.4333": [1.605, 2, 0],
						"0.5333": [1.605, 2, 0],
						"0.6667": [1.61, -2, -1],
						"0.7667": [0, -2, -0.57],
						"0.9": [0, -0.66, -0.615],
						"0.9667": [0, 0, -0.35],
						"1.0333": [0, 0, 0]
					}
				},
				"mag_and_bullet": {
					"rotation": {
						"0.1667": [0, 0, 0],
						"0.2": [0, 0, 0]
					},
					"position": {
						"0.1667": [12, -28, 0],
						"0.2": [0, 0, 0]
					}
				},
				"additional_magazine": {
					"rotation": {
						"0.5333": [0, 0, 0],
						"0.6333": [-12.5, 0, 0],
						"0.7333": [-12.2127, -2.68507, -12.2127],
						"0.8667": [-21.71, -2.69, -12.21],
						"0.9333": [-21.71, -2.69, -12.21],
						"1.0": [0, 0, 0],
						"1.1333": [0, 0, 0],
						"1.2667": [0, 0, -25]
					},
					"position": {
						"0.5333": [0, 0, 0],
						"0.6667": [0.015, -2, -1],
						"0.7667": [-1.595, -2, -0.57],
						"0.9": [-1.595, -0.66, -0.615],
						"0.9667": [-1.595, 0, -0.35],
						"1.0333": [-1.595, 0, 0],
						"1.1333": [-1.59, 0, 0],
						"1.2667": [-1.59, -5, 6],
						"1.4": [3.41, -5, 5]
					},
					"scale": {
						"1.2667": [1, 1, 1],
						"1.3": [0, 0, 0]
					}
				},
				"magrelease": {
					"rotation": {
						"0.5": [0, 0, 0],
						"0.5667": [-29, 0, 0],
						"0.6333": [0, 0, 0],
						"0.9333": [0, 0, 0],
						"1.0": [-29, 0, 0],
						"1.0667": [0, 0, 0]
					}
				},
				"camera": {
					"rotation": {
						"0.0": {
							"post": [0, 0, 0],
							"lerp_mode": "catmullrom"
						},
						"0.1333": {
							"post": [0.75, 0.505, 0.62],
							"lerp_mode": "catmullrom"
						},
						"0.3333": {
							"post": [1.165, 0.51, -0.505],
							"lerp_mode": "catmullrom"
						},
						"0.4333": {
							"post": [0.75, 0.51, -0.245],
							"lerp_mode": "catmullrom"
						},
						"0.5667": {
							"post": [0.75, 0.51, -0.24],
							"lerp_mode": "catmullrom"
						},
						"0.6667": {
							"post": [0.47, 0.51, -1.24],
							"lerp_mode": "catmullrom"
						},
						"0.7333": {
							"post": [0.75, 0.51, -1.24],
							"lerp_mode": "catmullrom"
						},
						"0.9": {
							"post": [0.535, 0.51, -2.24],
							"lerp_mode": "catmullrom"
						},
						"1.0": {
							"post": [1.555, 0.51, -1.815],
							"lerp_mode": "catmullrom"
						},
						"1.1": {
							"post": [0.795, 0.51, -2.115],
							"lerp_mode": "catmullrom"
						},
						"1.2": {
							"post": [1.44, 0.51, -1.92],
							"lerp_mode": "catmullrom"
						},
						"1.3667": {
							"post": [1.14, 0.51, -1.92],
							"lerp_mode": "catmullrom"
						},
						"1.5667": {
							"post": [-0.31, 0.51, -0.745],
							"lerp_mode": "catmullrom"
						},
						"1.7": {
							"post": [0.69, 0.05, 0.335],
							"lerp_mode": "catmullrom"
						},
						"1.8333": {
							"post": [-0.36, 0.05, -0.4],
							"lerp_mode": "catmullrom"
						},
						"1.9667": {
							"post": [0.21, 0.05, -0.175],
							"lerp_mode": "catmullrom"
						},
						"2.1333": {
							"post": [0, 0, 0],
							"lerp_mode": "catmullrom"
						}
					}
				}
			},
			"sound_effects": {
				"0.0333": {
					"effect": "tacz:ak47/ak47_reload_raise_shoulder"
				},
				"0.5": {
					"effect": "tacz:ak47/ak47_reload_magout"
				},
				"0.8667": {
					"effect": "tacz:ak47/ak47_reload_magin"
				},
				"1.2": {
					"effect": "ak47_reload_mvt"
				},
				"1.3667": {
					"effect": "tacz:ak47/ak47_inspect_over"
				}
			}
		},
		"inspect": {
			"animation_length": 7.4667,
			"bones": {
				"root": {
					"rotation": {
						"0.0": [0, 0, 0],
						"0.2667": {
							"pre": [15, -1, 5],
							"post": [15, -1, 5],
							"lerp_mode": "catmullrom"
						},
						"0.5667": {
							"post": [-11.651, -44.9572, 1.13133],
							"lerp_mode": "catmullrom"
						},
						"1.7667": {
							"post": [-5.65103, -44.9572, -14.1313],
							"lerp_mode": "catmullrom"
						},
						"2.0333": {
							"post": [-0.44, -5.27, -5.4],
							"lerp_mode": "catmullrom"
						},
						"2.3667": {
							"post": [-6.3347, 12.20364, 38.15886],
							"lerp_mode": "catmullrom"
						},
						"2.5": {
							"post": [-7.17213, 11.72958, 38.8695],
							"lerp_mode": "catmullrom"
						},
						"2.6333": {
							"post": [-4.17, 11.73, 38.87],
							"lerp_mode": "catmullrom"
						},
						"2.7333": {
							"post": [-5.575, 11.73, 38.87],
							"lerp_mode": "catmullrom"
						},
						"2.8": {
							"post": [-3.555, 11.73, 38.87],
							"lerp_mode": "catmullrom"
						},
						"2.9": {
							"post": [-5.17, 11.73, 38.87],
							"lerp_mode": "catmullrom"
						},
						"3.1": {
							"post": [-6.975, 11.73, 38.87],
							"lerp_mode": "catmullrom"
						},
						"3.3667": {
							"post": [-9.155, 11.73, 38.87],
							"lerp_mode": "catmullrom"
						},
						"3.6": {
							"post": [-9.57013, 11.33567, 36.86885],
							"lerp_mode": "catmullrom"
						},
						"3.9333": {
							"post": [-11.76461, 11.13777, 35.87151],
							"lerp_mode": "catmullrom"
						},
						"4.2333": {
							"post": [-11.16498, 11.73632, 38.86974],
							"lerp_mode": "catmullrom"
						},
						"4.4333": {
							"post": [-12.09669, 12.66279, 43.89781],
							"lerp_mode": "catmullrom"
						},
						"4.5667": {
							"post": [-13.65527, 15.04475, 45.89189],
							"lerp_mode": "catmullrom"
						},
						"4.8": {
							"post": [-13.98503, 14.35523, 46.94343],
							"lerp_mode": "catmullrom"
						},
						"5.0333": {
							"post": [-13.66, 13.14, 45.89],
							"lerp_mode": "catmullrom"
						},
						"5.1": {
							"post": [-11.66, 13.14, 45.89],
							"lerp_mode": "catmullrom"
						},
						"5.2": {
							"post": [-12.66, 13.14, 45.89],
							"lerp_mode": "catmullrom"
						},
						"5.3": {
							"post": [-12.43017, 13.35721, 46.89282],
							"lerp_mode": "catmullrom"
						},
						"5.3333": {
							"post": [-10.8856, 12.9217, 44.88613],
							"lerp_mode": "catmullrom"
						},
						"5.4333": {
							"post": [-12.66359, 13.1241, 45.89479],
							"lerp_mode": "catmullrom"
						},
						"5.6333": {
							"post": [-14.14752, 11.49527, 43.16553],
							"lerp_mode": "catmullrom"
						},
						"5.7667": {
							"post": [-14.15, 11.5, 41.91],
							"lerp_mode": "catmullrom"
						},
						"5.9333": {
							"post": [-16.15, 11.5, 39.98],
							"lerp_mode": "catmullrom"
						},
						"6.1333": {
							"post": [-14.15, 11.5, 39.98],
							"lerp_mode": "catmullrom"
						},
						"6.2667": {
							"post": [-13.35, 11.27, 38.99],
							"lerp_mode": "catmullrom"
						},
						"6.3667": {
							"post": [-10.35, 11.27, 38.99],
							"lerp_mode": "catmullrom"
						},
						"6.4667": {
							"post": [-12.35, 11.27, 38.99],
							"lerp_mode": "catmullrom"
						},
						"6.6": {
							"post": [-11.35, 11.27, 38.99],
							"lerp_mode": "catmullrom"
						},
						"6.8333": {
							"post": [-20.8764, 1.46966, -1.15142],
							"lerp_mode": "catmullrom"
						},
						"7.0333": {
							"post": [-6, 0, 0],
							"lerp_mode": "catmullrom"
						},
						"7.1667": {
							"post": [4, 0, 0],
							"lerp_mode": "catmullrom"
						},
						"7.2667": {
							"post": [0, 0, 0],
							"lerp_mode": "catmullrom"
						}
					},
					"position": {
						"0.0": [0, 0, 0],
						"0.2333": {
							"pre": [-0.05, -0.4, 1],
							"post": [-0.05, -0.4, 1],
							"lerp_mode": "catmullrom"
						},
						"0.5333": {
							"post": [-0.14, 1.03, -0.275],
							"lerp_mode": "catmullrom"
						},
						"1.7667": {
							"post": [0, 0.44, -0.465],
							"lerp_mode": "catmullrom"
						},
						"2.0": {
							"post": [0, -2.925, -0.465],
							"lerp_mode": "catmullrom"
						},
						"2.3": {
							"post": [2.255, -1.685, -1.465],
							"lerp_mode": "catmullrom"
						},
						"2.4333": {
							"post": [2.655, -1.405, -1.665],
							"lerp_mode": "catmullrom"
						},
						"2.5667": {
							"post": [2.655, -1.4, -1.465],
							"lerp_mode": "catmullrom"
						},
						"2.7": {
							"post": [2.655, -1.4, -1.465],
							"lerp_mode": "catmullrom"
						},
						"2.7667": {
							"post": [2.655, -1.775, -1.465],
							"lerp_mode": "catmullrom"
						},
						"2.8667": {
							"post": [2.655, -1.14, -1.465],
							"lerp_mode": "catmullrom"
						},
						"3.1667": {
							"post": [2.655, -1.02, -1.05],
							"lerp_mode": "catmullrom"
						},
						"3.5333": {
							"post": [2.655, -1.14, -1.04],
							"lerp_mode": "catmullrom"
						},
						"3.7333": {
							"post": [2.655, -1.44, -1.04],
							"lerp_mode": "catmullrom"
						},
						"3.9": {
							"post": [2.655, -1.62, -1.04],
							"lerp_mode": "catmullrom"
						},
						"4.0667": {
							"post": [2.655, -1.75, -1.04],
							"lerp_mode": "catmullrom"
						},
						"4.1667": {
							"post": [2.655, -1.665, -1.04],
							"lerp_mode": "catmullrom"
						},
						"4.4": {
							"post": [2.655, -1.66, -0.965],
							"lerp_mode": "catmullrom"
						},
						"4.6333": {
							"post": [2.655, -1.66, -0.08],
							"lerp_mode": "catmullrom"
						},
						"5.0667": {
							"post": [2.655, -1.66, -0.08],
							"lerp_mode": "catmullrom"
						},
						"5.1": {
							"post": [2.655, -1.66, -0.865],
							"lerp_mode": "catmullrom"
						},
						"5.1667": {
							"post": [2.655, -1.66, -0.575],
							"lerp_mode": "catmullrom"
						},
						"5.3": {
							"post": [2.655, -1.66, -0.37],
							"lerp_mode": "catmullrom"
						},
						"5.3333": {
							"post": [2.655, -1.66, -0.835],
							"lerp_mode": "catmullrom"
						},
						"5.4": {
							"post": [2.655, -1.66, -0.485],
							"lerp_mode": "catmullrom"
						},
						"5.5333": {
							"post": [2.655, -1.66, -0.485],
							"lerp_mode": "catmullrom"
						},
						"5.6667": {
							"post": [2.655, -1.83, -0.485],
							"lerp_mode": "catmullrom"
						},
						"5.8": {
							"post": [2.655, -1.83, -0.485],
							"lerp_mode": "catmullrom"
						},
						"5.9667": {
							"post": [2.655, -1.415, -0.485],
							"lerp_mode": "catmullrom"
						},
						"6.1667": {
							"post": [2.655, -1.215, -0.48],
							"lerp_mode": "catmullrom"
						},
						"6.3": {
							"post": [2.655, -1.92, -0.61],
							"lerp_mode": "catmullrom"
						},
						"6.3667": {
							"post": [2.655, -1.34, -0.61],
							"lerp_mode": "catmullrom"
						},
						"6.5": {
							"post": [2.655, -1.695, -0.61],
							"lerp_mode": "catmullrom"
						},
						"6.6333": {
							"post": [2.655, -1.815, -0.61],
							"lerp_mode": "catmullrom"
						},
						"6.8": {
							"post": [1.855, -2.27, 0.39],
							"lerp_mode": "catmullrom"
						},
						"7.0": {
							"post": [0, -1, -1.2],
							"lerp_mode": "catmullrom"
						},
						"7.1333": {
							"post": [0, -0.2, -1],
							"lerp_mode": "catmullrom"
						},
						"7.2333": {
							"post": [0, 0, 0.5],
							"lerp_mode": "catmullrom"
						},
						"7.3333": {
							"post": [0, 0, 0],
							"lerp_mode": "catmullrom"
						}
					}
				},
				"mag_and_bullet": {
					"rotation": {
						"2.6333": [0, 0, 0],
						"2.7333": [-27, 0, 0],
						"2.8667": [-27, 0, 0],
						"3.0": {
							"pre": [-11.59948, -9.57658, -39.02504],
							"post": [-11.59948, -9.57658, -39.02504],
							"lerp_mode": "catmullrom"
						},
						"3.3667": {
							"post": [-12.07946, -8.96434, -36.05496],
							"lerp_mode": "catmullrom"
						},
						"3.6333": {
							"post": [-11.6, -9.58, -39.03],
							"lerp_mode": "catmullrom"
						},
						"3.8": {
							"post": [-16.6, -9.58, -39.03],
							"lerp_mode": "catmullrom"
						},
						"3.9": {
							"post": [-9.1, -9.58, -39.03],
							"lerp_mode": "catmullrom"
						},
						"4.0": {
							"post": [-14.1, -9.58, -39.03],
							"lerp_mode": "catmullrom"
						},
						"4.3333": {
							"post": [-3.61631, -34.18107, -83.62398],
							"lerp_mode": "catmullrom"
						},
						"4.4667": {
							"post": [-3.61631, -34.18107, -83.62398],
							"lerp_mode": "catmullrom"
						},
						"4.6333": {
							"post": [-15.0244, -42.34405, -57.71763],
							"lerp_mode": "catmullrom"
						},
						"5.0667": {
							"post": [-15.02, -42.345, -57.72],
							"lerp_mode": "catmullrom"
						},
						"5.1333": {
							"post": [-41.00609, -39.33268, -33.89825],
							"lerp_mode": "catmullrom"
						},
						"5.2667": {
							"post": [-40.04534, -22.48398, -11.9859],
							"lerp_mode": "catmullrom"
						},
						"5.4333": {
							"post": [-40.04534, -22.48398, -11.9859],
							"lerp_mode": "catmullrom"
						},
						"5.5667": {
							"post": [-25.55, -22.48, -11.99],
							"lerp_mode": "catmullrom"
						},
						"5.7667": {
							"post": [-25.55, -22.48, -11.99],
							"lerp_mode": "catmullrom"
						},
						"5.9333": {
							"post": [-25.55, 0, -11.99],
							"lerp_mode": "catmullrom"
						},
						"6.0333": {
							"post": [-25.55, 0, 3],
							"lerp_mode": "catmullrom"
						},
						"6.1333": {
							"post": [-30.54618, 0.50827, 3.86121],
							"lerp_mode": "catmullrom"
						},
						"6.2333": [-30.55, 0, 0],
						"6.3": [0, 0, 0]
					},
					"position": {
						"2.7": [0, 0, 0],
						"2.8": [0, -3.605, -3],
						"2.9333": [-2, -3.61, -3],
						"3.0667": {
							"pre": [-4, -3.155, 1],
							"post": [-4, -3.155, 1],
							"lerp_mode": "catmullrom"
						},
						"3.3333": {
							"post": [-3.865, -3.27, 1],
							"lerp_mode": "catmullrom"
						},
						"3.6": {
							"post": [-4, -3.15, 1],
							"lerp_mode": "catmullrom"
						},
						"3.8": {
							"post": [-3, -5.15, 1],
							"lerp_mode": "catmullrom"
						},
						"3.9333": {
							"post": [-6, -0.15, 1],
							"lerp_mode": "catmullrom"
						},
						"4.0333": {
							"post": [-7, -1.155, 1],
							"lerp_mode": "catmullrom"
						},
						"4.1333": {
							"post": [-8, -1.155, 1],
							"lerp_mode": "catmullrom"
						},
						"4.3667": [-8, 2.27, -1],
						"4.4667": [-8, 2.27, -1],
						"4.6333": {
							"pre": [-8, 4.27, 1.155],
							"post": [-8, 4.27, 1.155],
							"lerp_mode": "catmullrom"
						},
						"5.0667": {
							"post": [-8, 4.27, 1.155],
							"lerp_mode": "catmullrom"
						},
						"5.1333": {
							"post": [-9, 4.27, 3],
							"lerp_mode": "catmullrom"
						},
						"5.2333": {
							"post": [-5.665, 6.27, 3],
							"lerp_mode": "catmullrom"
						},
						"5.3": {
							"post": [-4, 6.27, 3],
							"lerp_mode": "catmullrom"
						},
						"5.4667": {
							"post": [-4, 6.27, 3],
							"lerp_mode": "catmullrom"
						},
						"5.6333": {
							"post": [-4, -2.42, 3],
							"lerp_mode": "catmullrom"
						},
						"5.8": {
							"post": [-1, -3.795, 0],
							"lerp_mode": "catmullrom"
						},
						"5.9": {
							"post": [0, -1.79, 0.25],
							"lerp_mode": "catmullrom"
						},
						"5.9667": {
							"post": [0, -0.29, 0],
							"lerp_mode": "catmullrom"
						},
						"6.0667": {
							"post": [0, -0.18, 0.09],
							"lerp_mode": "catmullrom"
						},
						"6.1333": {
							"post": [0, -0.29, -0.1],
							"lerp_mode": "catmullrom"
						},
						"6.2": {
							"post": [0, 0, 0],
							"lerp_mode": "catmullrom"
						}
					}
				},
				"lefthand": {
					"rotation": {
						"0.0": [90.4533, -389.73135, -129.57361],
						"0.1667": [108.46954, -383.72308, -168.36218],
						"0.3667": [119.32944, -413.69147, -185.06658],
						"0.8333": [119.32944, -413.69147, -185.06658],
						"1.1": [119.32944, -413.69147, -185.06658],
						"1.8333": [119.32944, -413.69147, -185.06658],
						"2.0": [90.4533, -389.73135, -129.57361]
					},
					"position": {
						"0.0": [7.4, -11.7, -5.5],
						"0.1667": [7.4, -13.7, -5.5],
						"0.3": [7.4, -12.775, -3.03],
						"0.8333": [7.4, -12.775, -3.03],
						"1.1": [7.4, -12.775, -3.03],
						"1.8333": [7.4, -12.775, -3.03],
						"2.0": [7.4, -11.7, -5.5]
					},
					"scale": [1, 1.5, 1]
				},
				"am17_bolt": {
					"position": {
						"4.4667": [0, 0, 0],
						"4.6333": {
							"pre": [0, 0, 2],
							"post": [0, 0, 2],
							"lerp_mode": "catmullrom"
						},
						"5.0667": {
							"post": [0, 0, 2],
							"lerp_mode": "catmullrom"
						},
						"5.1": {
							"post": [0, 0, 0],
							"lerp_mode": "catmullrom"
						}
					}
				},
				"magrelease": {
					"rotation": {
						"2.6333": [0, 0, 0],
						"2.7": [-20, 0, 0],
						"2.7667": [0, 0, 0],
						"6.2333": [0, 0, 0],
						"6.3": [-20, 0, 0],
						"6.3333": [0, 0, 0]
					}
				},
				"additional_magazine": {
					"scale": 0
				},
				"righthand": {
					"rotation": {
						"0.0": [100.03742, 4.92385, -179.12962],
						"2.3333": [100.04, 4.92, -179.13],
						"2.5333": [105.32629, 17.31908, -177.31067],
						"4.0333": [105.32629, 17.31908, -177.31067],
						"4.2333": [93.31, 22.14, -175.89],
						"5.5333": [93.13608, 12.15573, -176.47764],
						"5.7": [104.85162, 10.08105, -179.32369],
						"6.7": [104.85, 10.08, -179.32],
						"6.8333": [107.28609, 16.83994, -177.44992],
						"6.9333": [100.03742, 4.92385, -179.12962]
					},
					"position": {
						"0.0": [-6.8, -14.2, 7.4],
						"2.3333": [-6.8, -14.2, 7.4],
						"2.4333": [-9.8, -14.2, 7.4],
						"2.5333": [-6.3, -14.2, 0.2],
						"3.8": [-6.3, -14.2, 0.2],
						"4.0": [-6.3, -17.2, 0.2],
						"5.5333": [-6.3, -17.2, 0.2],
						"5.7": [-6.3, -17.2, -0.16],
						"5.8": [-6.3, -18.2, -0.16],
						"6.7": [-6.3, -18.2, -0.16],
						"6.8": [-8.635, -15.2, 2.84],
						"6.9": [-8.63, -15.2, 7.84],
						"7.0": [-6.8, -14.2, 7.4]
					},
					"scale": [1, 1.5, 1]
				},
				"rh_and_mag": {
					"rotation": {
						"2.6333": [0, 0, 0],
						"2.7333": [-27, 0, 0],
						"2.8667": [-27, 0, 0],
						"3.0": {
							"pre": [-11.59948, -9.57658, -39.02504],
							"post": [-11.59948, -9.57658, -39.02504],
							"lerp_mode": "catmullrom"
						},
						"3.3667": {
							"post": [-12.07946, -8.96434, -36.05496],
							"lerp_mode": "catmullrom"
						},
						"3.6333": {
							"post": [-11.6, -9.58, -39.03],
							"lerp_mode": "catmullrom"
						},
						"3.8": {
							"post": [-16.6, -9.58, -39.03],
							"lerp_mode": "catmullrom"
						},
						"3.9": {
							"post": [-9.1, -9.58, -39.03],
							"lerp_mode": "catmullrom"
						},
						"4.0": {
							"post": [-14.1, -9.58, -39.03],
							"lerp_mode": "catmullrom"
						},
						"4.3333": {
							"post": [-3.61631, -34.18107, -83.62398],
							"lerp_mode": "catmullrom"
						},
						"4.4667": {
							"post": [-3.61631, -34.18107, -83.62398],
							"lerp_mode": "catmullrom"
						},
						"4.6333": {
							"post": [-15.0244, -42.34405, -57.71763],
							"lerp_mode": "catmullrom"
						},
						"5.0667": {
							"post": [-15.02, -42.345, -57.72],
							"lerp_mode": "catmullrom"
						},
						"5.1333": {
							"post": [-41.00609, -39.33268, -33.89825],
							"lerp_mode": "catmullrom"
						},
						"5.2667": {
							"post": [-40.04534, -22.48398, -11.9859],
							"lerp_mode": "catmullrom"
						},
						"5.4333": {
							"post": [-40.04534, -22.48398, -11.9859],
							"lerp_mode": "catmullrom"
						},
						"5.5667": {
							"post": [-25.55, -22.48, -11.99],
							"lerp_mode": "catmullrom"
						},
						"5.7667": {
							"post": [-25.55, -22.48, -11.99],
							"lerp_mode": "catmullrom"
						},
						"5.9333": {
							"post": [-25.55, 0, -11.99],
							"lerp_mode": "catmullrom"
						},
						"6.0333": {
							"post": [-25.55, 0, 3],
							"lerp_mode": "catmullrom"
						},
						"6.1333": {
							"post": [-30.54618, 0.50827, 3.86121],
							"lerp_mode": "catmullrom"
						},
						"6.2333": [-30.55, 0, 0],
						"6.3": [0, 0, 0]
					},
					"position": {
						"2.7": [0, 0, 0],
						"2.8": [0, -3.605, -3],
						"2.9333": [-2, -3.61, -3],
						"3.0667": {
							"pre": [-4, -3.155, 1],
							"post": [-4, -3.155, 1],
							"lerp_mode": "catmullrom"
						},
						"3.3333": {
							"post": [-3.865, -3.27, 1],
							"lerp_mode": "catmullrom"
						},
						"3.6": {
							"post": [-4, -3.15, 1],
							"lerp_mode": "catmullrom"
						},
						"3.8": {
							"post": [-3, -5.15, 1],
							"lerp_mode": "catmullrom"
						},
						"3.9333": {
							"post": [-6, -0.15, 1],
							"lerp_mode": "catmullrom"
						},
						"4.0333": {
							"post": [-7, -1.155, 1],
							"lerp_mode": "catmullrom"
						},
						"4.1333": {
							"post": [-8, -1.155, 1],
							"lerp_mode": "catmullrom"
						},
						"4.3667": [-8, 2.27, -1],
						"4.4667": [-8, 2.27, -1],
						"4.6333": {
							"pre": [-8, 4.27, 1.155],
							"post": [-8, 4.27, 1.155],
							"lerp_mode": "catmullrom"
						},
						"5.0667": {
							"post": [-8, 4.27, 1.155],
							"lerp_mode": "catmullrom"
						},
						"5.1333": {
							"post": [-9, 4.27, 3],
							"lerp_mode": "catmullrom"
						},
						"5.2333": {
							"post": [-5.665, 6.27, 3],
							"lerp_mode": "catmullrom"
						},
						"5.3": {
							"post": [-4, 6.27, 3],
							"lerp_mode": "catmullrom"
						},
						"5.4667": {
							"post": [-4, 6.27, 3],
							"lerp_mode": "catmullrom"
						},
						"5.6333": {
							"post": [-4, -2.42, 3],
							"lerp_mode": "catmullrom"
						},
						"5.8": {
							"post": [-1, -3.795, 0],
							"lerp_mode": "catmullrom"
						},
						"5.9": {
							"post": [0, -1.79, 0.25],
							"lerp_mode": "catmullrom"
						},
						"5.9667": {
							"post": [0, -0.29, 0],
							"lerp_mode": "catmullrom"
						},
						"6.0667": {
							"post": [0, -0.18, 0.09],
							"lerp_mode": "catmullrom"
						},
						"6.1333": {
							"post": [0, -0.29, -0.1],
							"lerp_mode": "catmullrom"
						},
						"6.2": {
							"post": [0, 0, 0],
							"lerp_mode": "catmullrom"
						}
					}
				},
				"camera": {
					"rotation": {
						"0.0": [0, 0, 0],
						"0.1333": {
							"pre": [2, 0, 1],
							"post": [2, 0, 1],
							"lerp_mode": "catmullrom"
						},
						"0.2667": {
							"post": [2.4, 0, 1.3],
							"lerp_mode": "catmullrom"
						},
						"0.5333": {
							"post": [-3, 0, -1],
							"lerp_mode": "catmullrom"
						},
						"1.3333": {
							"post": [4.52, 8, -0.71],
							"lerp_mode": "catmullrom"
						},
						"1.8333": {
							"post": [3.52, 2, 1.45],
							"lerp_mode": "catmullrom"
						},
						"2.0667": {
							"post": [2.655, 0, 0.64],
							"lerp_mode": "catmullrom"
						},
						"2.4": {
							"post": [2.52, 0, -0.55],
							"lerp_mode": "catmullrom"
						},
						"2.5667": {
							"post": [2.515, 0, -0.55],
							"lerp_mode": "catmullrom"
						},
						"2.7": {
							"post": [2.52, 0, -0.55],
							"lerp_mode": "catmullrom"
						},
						"2.7667": {
							"post": [1.775, 0, 0.135],
							"lerp_mode": "catmullrom"
						},
						"2.8667": {
							"post": [2.715, 0, -0.68],
							"lerp_mode": "catmullrom"
						},
						"2.9667": {
							"post": [2.59, 0, -0.5],
							"lerp_mode": "catmullrom"
						},
						"3.4": {
							"post": [2.59, 2.295, -1.5],
							"lerp_mode": "catmullrom"
						},
						"3.6333": {
							"post": [3.455, 1.7, -0.84],
							"lerp_mode": "catmullrom"
						},
						"3.8": {
							"post": [4.25, 1.7, -0.84],
							"lerp_mode": "catmullrom"
						},
						"3.9333": {
							"post": [3.53, 1.7, -0.435],
							"lerp_mode": "catmullrom"
						},
						"4.0667": {
							"post": [4.205, 1.7, -0.795],
							"lerp_mode": "catmullrom"
						},
						"4.4667": {
							"post": [4.2, 2.285, -1.32],
							"lerp_mode": "catmullrom"
						},
						"4.7333": {
							"post": [5.21, 3.17, -2.465],
							"lerp_mode": "catmullrom"
						},
						"5.0667": {
							"post": [5.21, 3.17, -2.47],
							"lerp_mode": "catmullrom"
						},
						"5.1333": {
							"post": [3.21, 3.17, -1.215],
							"lerp_mode": "catmullrom"
						},
						"5.2667": {
							"post": [4.4, 3.17, -1.91],
							"lerp_mode": "catmullrom"
						},
						"5.3333": {
							"post": [3.71, 3.17, -1.095],
							"lerp_mode": "catmullrom"
						},
						"5.4333": {
							"post": [4.775, 3.17, -1.975],
							"lerp_mode": "catmullrom"
						},
						"5.7333": {
							"post": [6.78, 5.17, -3.97],
							"lerp_mode": "catmullrom"
						},
						"6.0": {
							"post": [4.905, 3.17, -1.97],
							"lerp_mode": "catmullrom"
						},
						"6.2": {
							"post": [3.985, 3.17, -0.96],
							"lerp_mode": "catmullrom"
						},
						"6.3": {
							"post": [5.91, 3.17, -1.97],
							"lerp_mode": "catmullrom"
						},
						"6.4": {
							"post": [4.4, 3.17, -0.54],
							"lerp_mode": "catmullrom"
						},
						"6.5": {
							"post": [4.905, 3.17, -1.13],
							"lerp_mode": "catmullrom"
						},
						"6.6667": {
							"post": [3.91, 1.17, -0.54],
							"lerp_mode": "catmullrom"
						},
						"6.9": {
							"post": [5.925, -1.955, 1.225],
							"lerp_mode": "catmullrom"
						},
						"7.1333": {
							"post": [1.985, 0.82, -0.62],
							"lerp_mode": "catmullrom"
						},
						"7.3": {
							"post": [-0.78, -0.525, 0.305],
							"lerp_mode": "catmullrom"
						},
						"7.4333": {
							"post": [0, 0, 0],
							"lerp_mode": "catmullrom"
						}
					}
				}
			},
			"sound_effects": {
				"0.0333": {
					"effect": "tacz:ak47/ak47_inspect_up"
				},
				"1.7333": {
					"effect": "tacz:ak47/ak47_inspect_turn"
				},
				"2.5667": {
					"effect": "tacz:ak47/ak47_inspect_magout"
				},
				"3.9": {
					"effect": "tacz:aug/aug_inspect_maghitwell"
				},
				"4.3667": {
					"effect": "tacz:ak47/ak47_inspect_pull"
				},
				"4.9": {
					"effect": "tacz:ak47/ak47_inspect_release"
				},
				"5.3333": {
					"effect": "tacz:ak47/ak47_inspect_hit"
				},
				"5.8": {
					"effect": "tacz:ak47/ak47_reload_empty_magbump"
				},
				"6.2333": {
					"effect": "tacz:ak47/ak47_inspect_magin"
				},
				"6.9": {
					"effect": "tacz:ak47/ak47_inspect_over"
				}
			}
		},
		"draw": {
			"animation_length": 0.95,
			"bones": {
				"righthand": {
					"rotation": {
						"0.25": [100.72722, -2.77836, -170.38597],
						"0.4": [100.03742, 4.92385, -179.12962],
						"0.45": [100.03742, 4.92385, -179.12962]
					},
					"position": {
						"0.15": [-10.07, -17.7, 6.73],
						"0.25": [-8.5, -14.2, 6.4],
						"0.4": [-6.6, -14.2, 6.7],
						"0.45": [-6.8, -14.2, 7.4]
					},
					"scale": [1, 1.5, 1]
				},
				"lefthand": {
					"rotation": {
						"0.0": [57.22, -380.04, -110.23],
						"0.05": [60.82, -381.84, -112.57],
						"0.1": [66.06, -384.48, -115.98],
						"0.15": [72.13, -387.54, -119.93],
						"0.2": [78.26, -390.56, -123.88],
						"0.25": [83.64, -393.11, -127.29],
						"0.3": [87.48, -394.73, -129.62],
						"0.35": [91.14, -394.56, -130.82],
						"0.4": [90.96, -392.23, -129.6],
						"0.45": [91.07, -391.3, -129.59],
						"0.5": [90.73, -390.38, -129.58],
						"0.55": [90.45, -389.73, -129.57]
					},
					"position": {
						"0.0": [7.4, -13.2, -5.5],
						"0.05": [7.4, -12.95, -5.5],
						"0.1": [7.4, -12.7, -5.5],
						"0.15": [7.4, -12.45, -5.5],
						"0.2": [7.4, -12.2, -5.5],
						"0.25": [7.4, -11.95, -5.5],
						"0.3": [7.4, -11.7, -5.5]
					},
					"scale": [1, 1.5, 1]
				},
				"root": {
					"rotation": {
						"0.0": [22.5, -22.5, 32.5],
						"0.05": [20.06, -18.7, 31.22],
						"0.1": [16.81, -14.77, 27.74],
						"0.15": [13.95, -14.79, 18.79],
						"0.2": [10.39, -13.75, 10.06],
						"0.25": [4.22, -5.52, 8.04],
						"0.3": [-0.89, 2.46, 7.09],
						"0.35": [-1.11, 3.39, 4.02],
						"0.4": [0.15, 2.42, 0.27],
						"0.45": [1.11, 1.43, -2],
						"0.5": [0.39, 0.29, 2.28],
						"0.55": [0.04, 0.2, -1.89],
						"0.6": [0.01, 0.16, -0.83],
						"0.65": [0.03, 0.12, 0.67],
						"0.7": [0.02, 0.09, 0.71],
						"0.75": [0.01, 0.05, 0.5],
						"0.8": [0.01, 0.02, 0.2],
						"0.85": [0, 0, 0]
					},
					"position": {
						"0.0": [-5, -14, 0],
						"0.05": [-4.77, -12.25, -0.1],
						"0.1": [-4.41, -9.74, -0.25],
						"0.15": [-3.79, -7.23, -0.38],
						"0.2": [-2.68, -4.71, -0.51],
						"0.25": [-1.31, -2.18, -0.63],
						"0.3": [-0.3, -0.4, -0.6],
						"0.35": [0.01, 0.1, -0.37],
						"0.4": [0.07, 0.06, -0.01],
						"0.45": [0.03, -0.18, 0.33],
						"0.5": [0.01, -0.3, 0.5],
						"0.55": [0.02, -0.18, 0.14],
						"0.6": [-0.01, -0.07, -0.32],
						"0.65": [-0.01, -0.03, -0.29],
						"0.7": [0, -0.01, -0.13],
						"0.75": [0, 0, 0]
					}
				},
				"camera": {
					"rotation": {
						"0.0": [0, 0, 0],
						"0.05": [0.24, -0.01, 0.01],
						"0.1": [0.55, -0.05, 0.1],
						"0.15": [0.88, -0.18, 0.43],
						"0.2": [1.1, -0.3, 0.7],
						"0.25": [1.08, -0.3, 0.66],
						"0.3": [0.98, -0.28, 0.53],
						"0.35": [0.85, -0.24, 0.39],
						"0.4": [0.7, -0.2, 0.3],
						"0.45": [0.26, -0.1, 0.37],
						"0.5": [-0.1, 0, 0.4],
						"0.55": [0.2, 0.1, -0.3],
						"0.6": [0.12, 0.06, -0.14],
						"0.65": [0, 0, 0.1],
						"0.7": [-0.01, -0.01, 0.07],
						"0.75": [0, 0, 0]
					}
				},
				"additional_magazine": {
					"scale": 0
				}
			},
			"sound_effects": {
				"0.05": {
					"effect": "ar_akilo_drop"
				},
				"0.4": {
					"effect": "ar_akilo_raise_shoulder"
				}
			}
		},
		"put_away": {
			"loop": "hold_on_last_frame",
			"animation_length": 0.5,
			"bones": {
				"righthand": {
					"rotation": [100.03742, 4.92385, -179.12962],
					"position": [-6.8, -14.2, 7.4],
					"scale": [1, 1.5, 1]
				},
				"lefthand": {
					"rotation": {
						"0.0": [90.45, -389.73, -129.57],
						"0.0333": [125.75, -383.9, -174.6],
						"0.0667": [135.6, -376.74, -192.58],
						"0.1": [144.23, -367.72, -211.05],
						"0.1333": [150.15, -361.22, -224.03]
					},
					"position": {
						"0.0": [7.4, -11.7, -5.5],
						"0.0333": [8.57, -10.83, -4.7],
						"0.0667": [8.73, -10.05, -3.69],
						"0.1": [8.79, -9.09, -2.67],
						"0.1333": [8.82, -8.4, -1.95]
					},
					"scale": [1, 1.5, 1]
				},
				"root": {
					"rotation": {
						"0.0": [0, 0, 0],
						"0.0333": [-0.47, -1.28, -1.35],
						"0.0667": [-0.64, -3.66, -2.19],
						"0.1": [-0.13, -6.1, -1.43],
						"0.1333": [0.72, -9.1, 0.04],
						"0.1667": [1.8, -12.38, 1.96],
						"0.2": [2.75, -14.8, 3.7],
						"0.2333": [3.83, -17.28, 5.74],
						"0.2667": [5.02, -20.11, 7.96],
						"0.3": [6.24, -23.59, 10.25],
						"0.3333": [7.57, -28.02, 12.73],
						"0.3667": [9, -33.18, 15.42],
						"0.4": [10.4, -38.56, 18.03],
						"0.4333": [11.64, -43.66, 20.29],
						"0.4667": [12.74, -48.81, 22.19]
					},
					"position": {
						"0.0": [0, 0, 0],
						"0.0333": [-0.21, -0.18, 0.14],
						"0.0667": [-0.45, -0.49, 0.28],
						"0.1": [-0.56, -0.77, 0.33],
						"0.1333": [-0.64, -1.11, 0.35],
						"0.1667": [-0.67, -1.47, 0.34],
						"0.2": [-0.67, -1.72, 0.3],
						"0.2333": [-0.65, -1.98, 0.23],
						"0.2667": [-0.58, -2.27, 0.15],
						"0.3": [-0.43, -2.62, 0.06],
						"0.3333": [-0.22, -3.06, -0.04],
						"0.3667": [0.06, -3.56, -0.15],
						"0.4": [0.42, -4.1, -0.26],
						"0.4333": [0.92, -4.65, -0.33],
						"0.4667": [1.49, -5.13, -0.36]
					}
				},
				"camera": {
					"rotation": {
						"0.0": [0, 0, 0],
						"0.0333": [0.05, 0, -0.04],
						"0.0667": [0.13, 0, -0.09],
						"0.1": [0.22, 0, -0.13],
						"0.1333": [0.3, 0, -0.12],
						"0.1667": [0.43, 0, 0],
						"0.2": [0.56, 0, 0.18],
						"0.2333": [0.64, 0, 0.3],
						"0.2667": [0.65, 0, 0.3],
						"0.3": [0.62, 0, 0.26],
						"0.3333": [0.57, 0, 0.2],
						"0.4667": [0, 0, 0]
					}
				},
				"additional_magazine": {
					"scale": 0
				}
			}
		},
		"shoot": {
			"loop": true,
			"animation_length": 0.5667,
			"bones": {
				"root": {
					"rotation": {
						"0.0": [0, 0, 0],
						"0.0167": [-1.75, 0, -1.12],
						"0.0333": [-1.82, 0, 0.15],
						"0.05": [-1.47, 0, 1.3],
						"0.0667": [-1.2, 0, 1.11],
						"0.0833": [-0.84, 0, 0.62],
						"0.1": [-0.44, 0, 0],
						"0.1167": [-0.09, 0, -0.54],
						"0.1333": [0.13, 0, -0.81],
						"0.15": [0.17, 0, -0.54],
						"0.1667": [0, 0, 0.11],
						"0.1833": [-0.12, 0, 0.48],
						"0.2": [-0.12, 0, 0.3],
						"0.2167": [-0.09, 0, -0.12],
						"0.2333": [-0.04, 0, -0.54],
						"0.25": [0.02, 0, -0.76],
						"0.2667": [0.06, 0, -0.72],
						"0.2833": [0.11, 0, -0.58],
						"0.3": [0.17, 0, -0.38],
						"0.3167": [0.22, 0, -0.16],
						"0.3333": [0.27, 0, 0.04],
						"0.35": [0.3, 0, 0.18],
						"0.3667": [0.31, -0.01, 0.24],
						"0.3833": [0.32, -0.01, 0.28],
						"0.4": [0.31, -0.03, 0.3],
						"0.4167": [0.3, -0.04, 0.3],
						"0.4333": [0.29, -0.05, 0.3],
						"0.45": [0.27, -0.05, 0.29],
						"0.4667": [0.25, -0.05, 0.27],
						"0.4833": [0.22, -0.05, 0.25],
						"0.5": [0.17, -0.04, 0.2],
						"0.5167": [0.12, -0.03, 0.14],
						"0.5333": [0.07, -0.02, 0.09],
						"0.55": [0.03, -0.01, 0.03],
						"0.5667": [0, 0, 0]
					},
					"position": {
						"0.0": [0, 0, 0],
						"0.0167": [0, -0.07, 1.55],
						"0.0333": [0, -0.07, 1.59],
						"0.05": [0, -0.07, 1.56],
						"0.0667": [0, -0.06, 1.47],
						"0.0833": [0, -0.05, 1.34],
						"0.1": [0, -0.05, 1.19],
						"0.1167": [0, -0.05, 1.04],
						"0.1333": [0, -0.08, 0.77],
						"0.15": [0, -0.11, 0.43],
						"0.1667": [0, -0.14, 0.11],
						"0.1833": [0, -0.15, -0.1],
						"0.2": [0, -0.15, -0.14],
						"0.2167": [0, -0.14, -0.14],
						"0.2333": [0, -0.13, -0.11],
						"0.25": [0, -0.12, -0.06],
						"0.2667": [0, -0.1, -0.01],
						"0.2833": [0, -0.09, 0.03],
						"0.3": [0, -0.07, 0.06],
						"0.3167": [0, -0.06, 0.06],
						"0.3333": [0, -0.05, 0.05],
						"0.35": [0, -0.04, 0.04],
						"0.3667": [0, -0.03, 0.03],
						"0.3833": [0, -0.02, 0.02],
						"0.4": [0, -0.01, 0.01],
						"0.4167": [0, 0, 0],
						"0.4333": [0, 0, 0],
						"0.45": [0, 0.01, 0],
						"0.4667": [0, 0.01, 0],
						"0.4833": [0, 0.01, 0],
						"0.5": [0, 0, 0],
						"0.5167": [0, 0, 0],
						"0.5333": [0, 0, 0],
						"0.55": [0, 0, 0],
						"0.5667": [0, 0, 0]
					}
				},
				"bolt": {
					"position": {
						"0.0167": [0, 0, 0],
						"0.05": [0, 0, 5],
						"0.0833": [0, 0, 0],
						"0.1": [0, 0, 0.3],
						"0.1167": [0, 0, 0],
						"0.15": [0, 0, 0.1],
						"0.1833": [0, 0, 0]
					}
				},
				"constraint": {
					"rotation": {
						"0.15": [0.3, 0.3, 0.3],
						"0.2333": [0.1, 0.1, 0.1],
						"0.3333": [0, 0, 0]
					},
					"position": {
						"0.15": [0.15, 0.05, 0.4],
						"0.2333": [0.1, 0, 0.1],
						"0.3333": [0, 0, 0]
					}
				},
				"additional_magazine": {
					"scale": 0
				},
				"camera": {
					"rotation": {
						"0.0": [0, 0, 0],
						"0.0167": [0, 0, 0],
						"0.0333": [0, 0, 1.02],
						"0.05": [0, 0, -0.7],
						"0.0667": [0, 0, -0.1],
						"0.0833": [0, 0, 0.6],
						"0.1": [0, 0, 0.41],
						"0.1167": [0, 0, -0.03],
						"0.1333": [0, 0, -0.3],
						"0.15": [0, 0, -0.22],
						"0.1667": [0, 0, 0],
						"0.1833": [0, 0, 0.23],
						"0.2": [0, 0, 0.35],
						"0.2167": [0, 0, 0.31],
						"0.2333": [0, 0, 0.2],
						"0.25": [0, 0, 0.06],
						"0.2667": [0, 0, -0.07],
						"0.2833": [0, 0, -0.15],
						"0.3": [0, 0, -0.16],
						"0.3167": [0, 0, -0.14],
						"0.3333": [0, 0, -0.11],
						"0.35": [0, 0, -0.06],
						"0.3667": [0, 0, -0.02],
						"0.3833": [0, 0, 0]
					}
				}
			}
		},
		"inspect_empty": {
			"animation_length": 8.15,
			"bones": {
				"righthand": {
					"rotation": {
						"0.0": [100.03742, 4.92385, -179.12962],
						"5.0": [100.04, 4.92, -179.13],
						"5.05": [97.09, -1.21, -153.71],
						"5.1": [94.15, -7.33, -128.29],
						"5.15": [91.2, -13.46, -102.88],
						"5.2": [88.26, -19.59, -77.46],
						"5.25": [89.34, -16.59, -77.44],
						"5.3": [90.42, -13.59, -77.42],
						"5.35": [91.5, -10.59, -77.39],
						"5.4": [91.92, -16.56, -77.09],
						"5.45": [92.5, -45.25, -77.06],
						"5.5": [94.37, -43.71, -81.15],
						"5.55": [97.08, -38.36, -87.23],
						"5.6": [99.49, -31.75, -92.71],
						"5.65": [100.45, -26.44, -94.97],
						"5.7": [96.44, -19.68, -86.41],
						"5.75": [91.34, -14.79, -75.41],
						"5.8": [90.54, -10.82, -73.73],
						"5.85": [90.93, -40.08, -75.52],
						"5.9": [91.3, -37.29, -77.31],
						"5.95": [91.82, -30.64, -79.86],
						"6.0": [92.37, -22.32, -82.52],
						"6.05": [92.81, -14.52, -84.6],
						"6.1": [93.01, -9.41, -85.42],
						"6.15": [92.25, -5.17, -80.89],
						"6.2": [91.31, -9.79, -75.29],
						"6.25": [92.03, -50.02, -76.62],
						"6.3": [93.95, -51.79, -79.35],
						"6.35": [96.46, -48.66, -82.87],
						"6.4": [98.1, -46.08, -85.2],
						"6.45": [98.15, -46, -85.34],
						"6.5": [97.54, -46.32, -84.61],
						"6.55": [96.75, -46.76, -83.6],
						"6.6": [96.23, -47.05, -82.94],
						"6.65": [96.05, -47.11, -82.77],
						"6.7": [95.78, -47.18, -82.55],
						"6.75": [95.46, -47.25, -82.32],
						"6.8": [95.16, -47.31, -82.12],
						"6.85": [94.95, -47.35, -81.98],
						"6.9": [94.89, -47.35, -81.96],
						"6.95": [95.05, -47.31, -82.08],
						"7.0": [95.47, -47.21, -82.39],
						"7.05": [96.23, -47.05, -82.94],
						"7.1": [113.33, -43.46, -95.1],
						"7.15": [112.4, -35.88, -108.65],
						"7.2": [109.56, -25.01, -127.57],
						"7.25": [105.85, -13.1, -148.12],
						"7.3": [102.33, -2.37, -166.55],
						"7.35": [100.04, 4.92, -179.13]
					},
					"position": {
						"0.0": [-6.8, -14.2, 7.4],
						"5.0": [-6.3, -14.2, 7.4],
						"5.05": [-8.01, -13.35, 5.48],
						"5.1": [-8.85, -12.28, 3.08],
						"5.15": [-9.43, -11.23, 0.8],
						"5.2": [-9.05, -10.47, -0.15],
						"5.25": [-9.05, -10.47, -0.15],
						"5.3": [-9.05, -10.47, -0.15],
						"5.35": [-9.05, -10.47, -0.15],
						"5.4": [-9.05, -10.61, 2.01],
						"5.45": [-9.05, -10.74, 4.18],
						"5.5": [-9.13, -10.87, 4.16],
						"5.55": [-10.64, -10.24, 4.65],
						"5.6": [-10.5, -9.97, 3.79],
						"5.65": [-10.08, -9.7, 2.53],
						"5.7": [-9.7, -9.57, 1.44],
						"5.75": [-9.05, -10.18, -0.15],
						"5.8": [-9, -10.42, 1.84],
						"5.85": [-9.04, -10.59, 4],
						"5.9": [-9.04, -10.59, 3.8],
						"5.95": [-9.04, -11.38, 5.09],
						"6.0": [-9.04, -11.09, 3.34],
						"6.05": [-9.05, -10.2, 1.59],
						"6.1": [-9.05, -10.47, -0.15],
						"6.15": [-9.05, -10.47, -0.15],
						"6.2": [-9.05, -10.47, -0.15],
						"6.25": [-9.05, -10.49, 4.39],
						"6.3": [-9.05, -10.49, 4.39],
						"6.35": [-9.05, -10.49, 4.39],
						"6.4": [-9.05, -10.49, 4.39],
						"6.45": [-9.05, -10.49, 4.39],
						"6.5": [-9.05, -10.49, 4.39],
						"6.55": [-9.05, -10.49, 4.39],
						"6.6": [-9.05, -10.49, 4.39],
						"6.65": [-9.05, -10.49, 4.39],
						"6.7": [-9.05, -10.49, 4.39],
						"6.75": [-9.05, -10.49, 4.39],
						"6.8": [-9.05, -10.49, 4.39],
						"6.85": [-9.05, -10.49, 4.39],
						"6.9": [-9.05, -10.49, 4.39],
						"6.95": [-9.05, -10.49, 4.39],
						"7.0": [-9.05, -10.49, 4.39],
						"7.05": [-9.05, -10.49, 4.39],
						"7.1": [-8.96, -11.94, 3.16],
						"7.15": [-8.63, -12.38, 3.72],
						"7.2": [-8.14, -12.89, 4.66],
						"7.25": [-7.61, -13.42, 5.75],
						"7.3": [-7.13, -13.88, 6.74],
						"7.35": [-6.8, -14.2, 7.4]
					},
					"scale": [1, 1.5, 1]
				},
				"lefthand": {
					"rotation": {
						"0.0": [90.4533, -389.73135, -129.57361],
						"0.15": [108.12763, -408.44328, -187.84224],
						"0.3": [99.03115, -410.32616, -175.88398],
						"1.5": [99.03, -410.33, -175.88],
						"1.55": [100.84, -403.04, -181.84],
						"1.6": [103.46, -392.64, -190.33],
						"1.65": [106.31, -382.34, -198.62],
						"1.7": [110.78, -367, -210.72],
						"1.75": [115.56, -355.23, -219.61],
						"1.8": [120.47, -355.53, -218.13],
						"1.85": [125.38, -355.82, -216.65],
						"1.9": [124.62, -356.19, -215.72],
						"1.95": [123.86, -356.56, -214.8],
						"2.0": [121.63, -365.17, -211.76],
						"2.05": [119.4, -373.78, -208.73],
						"2.1": [111.8, -366.89, -195.47],
						"2.15": [109.53, -363.08, -194.23],
						"2.2": [107.25, -359.28, -192.98],
						"2.25": [104.97, -355.47, -191.74],
						"2.3": [106.67, -355.52, -191.53],
						"2.35": [108.36, -355.58, -191.32],
						"2.4": [110.05, -355.64, -191.11],
						"2.75": [110.05473, -355.63742, -191.11203],
						"2.9": [108.49, -354.88, -191.9],
						"3.0": [109.1233, -358.76128, -180.52526],
						"4.0": [109.1233, -358.76128, -180.52526],
						"4.1": [115.79932, -356.8725, -209.45764],
						"4.75": [115.79932, -356.8725, -209.45764],
						"4.95": [111.59, -376.59, -161.53],
						"5.05": [72.4533, -389.73135, -129.57361],
						"5.3": [69.4533, -389.73135, -129.57361],
						"7.4": [71.4533, -389.73135, -129.57361],
						"7.55": [90.4533, -389.73135, -129.57361]
					},
					"position": {
						"0.0": [7.4, -11.7, -5.5],
						"0.15": [14.3, -27.8, -3.8],
						"0.3": [9.9, -45.2, 22.9],
						"1.5": [9.9, -45.2, 22.9],
						"1.55": [8.99, -36.38, 15.62],
						"1.6": [8.09, -27.57, 8.33],
						"1.65": [7.18, -18.75, 1.05],
						"1.7": [7.27, -17.62, -0.23],
						"1.75": [7.35, -16.5, -1.5],
						"1.8": [7.35, -16.5, -1.5],
						"1.85": [7.35, -16.5, -1.5],
						"1.9": [7.35, -16.5, -1.5],
						"1.95": [7.35, -16.5, -1.5],
						"2.0": [7.35, -16.74, -1.3],
						"2.05": [7.35, -16.98, -1.1],
						"2.1": [7.34, -16.96, -1.01],
						"2.15": [7.33, -16.95, -0.92],
						"2.2": [7.32, -16.93, -0.83],
						"2.25": [7.31, -16.92, -0.74],
						"2.9": [7.31, -16.92, -0.745],
						"3.0": [8.54, -16.78, -1.6],
						"4.0": [8.54, -16.78, -1.6],
						"4.1": [7.65, -17.1, -1.275],
						"4.75": [7.65, -17.1, -1.275],
						"4.9": [7.91, -15.06, -4.48],
						"5.05": [8.1, -12.1, -5.5],
						"7.4": [8.1, -12.1, -5.5],
						"7.55": [7.4, -11.7, -5.5]
					},
					"scale": [1, 1.5, 1]
				},
				"root": {
					"rotation": {
						"0.0": [0, 0, 0],
						"0.05": [-0.62, 0.43, -0.94],
						"0.1": [-1.68, 0.82, -2.72],
						"0.15": [-3.95, -0.36, -7.56],
						"0.2": [-8.54, -4.6, -18.61],
						"0.25": [-14.33, -10.41, -32.73],
						"0.3": [-18.77, -14.74, -42.66],
						"0.35": [-20.73, -16.13, -44.45],
						"0.4": [-21.35, -16.04, -42.06],
						"0.45": [-21.53, -15.87, -40.06],
						"0.5": [-21.34, -15.94, -40.19],
						"0.55": [-20.72, -15.92, -40.72],
						"0.6": [-20.26, -16.24, -41.03],
						"0.65": [-20.22, -16.64, -40.95],
						"0.7": [-20.25, -17.18, -40.76],
						"0.75": [-20.33, -17.81, -40.51],
						"0.8": [-20.42, -18.47, -40.27],
						"0.85": [-20.5, -19.1, -40.09],
						"0.9": [-20.53, -19.65, -40.05],
						"0.95": [-20.52, -20.59, -40.36],
						"1.0": [-20.45, -21.43, -40.94],
						"1.05": [-20.31, -22.22, -41.47],
						"1.1": [-19.9, -23.44, -41.99],
						"1.15": [-19.5, -24.31, -42.51],
						"1.2": [-19.41, -24.38, -43.02],
						"1.25": [-19.4, -24.2, -43.57],
						"1.3": [-19.4, -24.04, -43.96],
						"1.35": [-19.47, -24.11, -44.03],
						"1.4": [-19.61, -24.27, -43.96],
						"1.45": [-19.64, -24.31, -43.9],
						"1.5": [-19.4, -24.04, -43.96],
						"1.55": [-18.2, -23.17, -45.14],
						"1.6": [-16.62, -21.87, -46.48],
						"1.65": [-15.99, -20.15, -45.35],
						"1.7": [-17.21, -17.52, -39.08],
						"1.75": [-19.37, -14.47, -30.34],
						"1.8": [-21.04, -12.52, -24.55],
						"1.85": [-21.69, -14.72, -30.29],
						"1.9": [-22.85, -15.52, -32.06],
						"1.95": [-23.93, -16.04, -33.1],
						"2.0": [-23.93, -16.04, -33.1],
						"2.05": [-23.82, -18.75, -38.32],
						"2.1": [-25.34, -16.99, -36.54],
						"2.15": [-26.69, -14.89, -34.23],
						"2.2": [-26.07, -14.81, -34.6],
						"2.25": [-25.15, -14.84, -35.23],
						"2.3": [-25.17, -14.01, -34.85],
						"2.35": [-25.42, -12.86, -34.14],
						"2.4": [-25.65, -11.93, -33.23],
						"2.45": [-25.76, -11.55, -32.25],
						"2.5": [-25.87, -11.31, -31.02],
						"2.55": [-25.95, -11.17, -29.94],
						"2.6": [-26.02, -11.06, -29.42],
						"2.65": [-26.04, -11.01, -29.55],
						"2.7": [-26.04, -11.01, -30.02],
						"2.75": [-26.04, -11.03, -30.67],
						"2.8": [-26.03, -11.06, -31.37],
						"2.85": [-26.02, -11.09, -31.98],
						"2.9": [-26.02, -11.09, -32.35],
						"2.95": [-26.03, -11.08, -32.45],
						"3.0": [-26.04, -11.07, -32.48],
						"3.05": [-26.06, -11.05, -32.44],
						"3.1": [-26.07, -11.03, -32.36],
						"3.15": [-26.09, -11.01, -32.27],
						"3.2": [-26.1, -10.99, -32.16],
						"3.25": [-26.11, -10.96, -32.07],
						"3.3": [-26.11, -10.94, -32.01],
						"3.35": [-26.1, -10.91, -32.01],
						"3.4": [-26.1, -10.89, -32.04],
						"3.45": [-26.1, -10.87, -32.12],
						"3.5": [-26.12, -10.84, -32.22],
						"3.55": [-26.14, -10.82, -32.34],
						"3.6": [-26.15, -10.79, -32.47],
						"3.65": [-26.16, -10.77, -32.6],
						"3.7": [-26.15, -10.74, -32.71],
						"3.75": [-26.13, -10.72, -32.8],
						"3.8": [-26.08, -10.69, -32.86],
						"3.85": [-26.01, -10.66, -32.88],
						"3.9": [-25.9, -10.63, -32.84],
						"3.95": [-25.76, -10.6, -32.73],
						"4.0": [-24.68, -10.24, -31.08],
						"4.05": [-23.25, -9.88, -28.89],
						"4.1": [-22.18, -10.23, -28.68],
						"4.15": [-21.77, -12.08, -32.58],
						"4.2": [-21.72, -14.66, -38.45],
						"4.25": [-21.84, -16.35, -42.44],
						"4.3": [-22.09, -16.28, -42.57],
						"4.35": [-22.51, -15.34, -40.82],
						"4.4": [-23.02, -14.59, -39.21],
						"4.45": [-24.38, -14.76, -38.72],
						"4.5": [-25.01, -14.56, -37.23],
						"4.55": [-20.36, -9.81, -25.97],
						"4.6": [-19.38, -12.98, -35.76],
						"4.65": [-22.53, -10.51, -29.94],
						"4.7": [-22.52, -11.57, -32.43],
						"4.75": [-22.36, -11.69, -32.99],
						"4.8": [-22.7, -9.09, -28.43],
						"4.85": [-23.29, -5.25, -21.17],
						"4.9": [-24.36, -1.68, -11.65],
						"4.95": [-26.49, 0.98, 1.25],
						"5.0": [-29.12, 3.37, 16.4],
						"5.05": [-30.82, 5.9, 29.9],
						"5.1": [-30.88, 8.21, 38.24],
						"5.15": [-30.23, 10.76, 45.83],
						"5.2": [-29.43, 13.07, 52.14],
						"5.25": [-29.01, 14.71, 56.61],
						"5.3": [-29.48, 15.39, 58.5],
						"5.35": [-30.4, 15.1, 56.95],
						"5.4": [-31.43, 15.67, 56.6],
						"5.45": [-32.15, 16.11, 56.11],
						"5.5": [-31.81, 15.86, 55.6],
						"5.55": [-31.17, 15.46, 55.32],
						"5.6": [-30.61, 15.2, 56.35],
						"5.65": [-30.64, 14.3, 55.57],
						"5.7": [-30.79, 13.54, 54.72],
						"5.75": [-30.87, 13.61, 54.71],
						"5.8": [-30.97, 13.92, 54.9],
						"5.85": [-31.08, 14.24, 55.08],
						"5.9": [-31.19, 14.37, 55.06],
						"5.95": [-31.59, 13.31, 53.3],
						"6.0": [-31.3, 14.58, 54.85],
						"6.05": [-30.98, 15.86, 56.57],
						"6.1": [-30.9, 15.78, 56.8],
						"6.15": [-30.91, 15.29, 56.62],
						"6.2": [-31.14, 14.88, 56.17],
						"6.25": [-33.29, 14.47, 53.28],
						"6.3": [-32.87, 15.67, 55.15],
						"6.35": [-32.19, 16.74, 57.18],
						"6.4": [-32.14, 16.49, 56.99],
						"6.45": [-32.22, 15.82, 56.19],
						"6.5": [-32.31, 15.27, 55.58],
						"6.55": [-32.36, 15.1, 55.49],
						"6.6": [-32.42, 15.02, 55.53],
						"6.65": [-32.45, 14.97, 55.63],
						"6.7": [-32.4, 14.88, 55.72],
						"6.75": [-32.3, 14.84, 55.79],
						"6.8": [-32.14, 14.84, 55.94],
						"6.85": [-31.95, 14.84, 56.11],
						"6.9": [-31.75, 14.82, 56.24],
						"6.95": [-31.58, 14.75, 56.29],
						"7.0": [-31.46, 14.59, 56.21],
						"7.05": [-31.42, 14.31, 55.95],
						"7.1": [-32.47, 10.07, 50.5],
						"7.15": [-31.72, 7.7, 45.46],
						"7.2": [-30.57, 4.69, 38.71],
						"7.25": [-28.93, 1.84, 32.1],
						"7.3": [-26.67, -0.08, 27.51],
						"7.35": [-19.25, -0.37, 26.84],
						"7.4": [-11.7, 0.59, 26.88],
						"7.45": [-8.76, 0.62, 22.16],
						"7.5": [-6.74, 0.56, 15.58],
						"7.55": [-4.93, 0.46, 9.54],
						"7.6": [-2.23, 0.23, 1.97],
						"7.65": [0, 0, -3],
						"7.7": [3, -0.05, 0.4],
						"7.75": [1.5, -0.03, 1.02],
						"7.8": [0, 0, 1.64],
						"7.85": [0, 0, 0.82],
						"7.9": [0, 0, 0],
						"7.95": [0, 0, 0],
						"8.0": [0, 0, 0],
						"8.05": [0, 0, 0]
					},
					"position": {
						"0.0": [0, 0, 0],
						"0.05": [-0.08, -0.25, 0.01],
						"0.1": [-0.19, -0.56, 0.03],
						"0.15": [-0.3, -0.65, 0],
						"0.2": [-0.41, -0.28, -0.12],
						"0.25": [-0.52, 0.32, -0.29],
						"0.3": [-0.6, 0.8, -0.4],
						"0.35": [-0.62, 1.09, -0.38],
						"0.4": [-0.6, 1.2, -0.3],
						"0.45": [-0.6, 1.21, -0.29],
						"0.5": [-0.6, 1.19, -0.29],
						"0.55": [-0.6, 1.21, -0.28],
						"0.6": [-0.6, 1.24, -0.27],
						"0.65": [-0.6, 1.3, -0.27],
						"0.7": [-0.6, 1.38, -0.3],
						"0.75": [-0.6, 1.49, -0.36],
						"0.8": [-0.6, 1.64, -0.43],
						"0.85": [-0.6, 1.8, -0.52],
						"0.9": [-0.6, 1.96, -0.62],
						"0.95": [-0.6, 2.08, -0.72],
						"1.0": [-0.6, 2.21, -0.83],
						"1.05": [-0.6, 2.34, -0.95],
						"1.1": [-0.6, 2.45, -1.05],
						"1.15": [-0.6, 2.53, -1.12],
						"1.2": [-0.6, 2.58, -1.17],
						"1.25": [-0.6, 2.61, -1.2],
						"1.3": [-0.6, 2.61, -1.21],
						"1.35": [-0.6, 2.59, -1.22],
						"1.4": [-0.6, 2.53, -1.22],
						"1.45": [-0.61, 2.36, -1.28],
						"1.5": [-0.6, 1.8, -1.22],
						"1.55": [-0.6, 0.78, -1.08],
						"1.6": [-0.58, -0.52, -0.85],
						"1.65": [-0.45, -1.39, -0.43],
						"1.7": [-0.1, -1.45, 0.38],
						"1.75": [0.36, -1.09, 1.38],
						"1.8": [0.7, -0.8, 2.1],
						"1.85": [0.7, -0.9, 2.1],
						"1.9": [0.69, -0.81, 2.1],
						"1.95": [0.7, -0.7, 2.1],
						"2.0": [0.85, -0.7, 2.1],
						"2.05": [1, -0.7, 2.1],
						"2.1": [0.97, -0.91, 2.1],
						"2.15": [0.47, -1, 2.1],
						"2.2": [-0.05, -1.1, 2.1],
						"2.25": [-0.28, -1.4, 2.1],
						"2.3": [-0.26, -1.52, 2.1],
						"2.35": [-0.2, -1.6, 2.1],
						"2.4": [-0.16, -1.59, 2.1],
						"2.45": [-0.12, -1.54, 2.1],
						"2.5": [-0.12, -1.5, 2.1],
						"2.55": [-0.15, -1.48, 2.1],
						"2.6": [-0.19, -1.47, 2.1],
						"2.65": [-0.23, -1.45, 2.1],
						"2.7": [-0.28, -1.43, 2.1],
						"2.75": [-0.33, -1.41, 2.1],
						"2.8": [-0.37, -1.4, 2.1],
						"2.85": [-0.4, -1.4, 2.1],
						"2.9": [-0.41, -1.4, 2.1],
						"2.95": [-0.41, -1.4, 2.1],
						"3.0": [-0.42, -1.41, 2.1],
						"3.05": [-0.43, -1.41, 2.1],
						"3.1": [-0.43, -1.42, 2.1],
						"3.15": [-0.44, -1.43, 2.1],
						"3.2": [-0.45, -1.44, 2.1],
						"3.25": [-0.45, -1.45, 2.1],
						"3.3": [-0.46, -1.46, 2.1],
						"3.35": [-0.46, -1.47, 2.1],
						"3.4": [-0.47, -1.48, 2.1],
						"3.45": [-0.47, -1.48, 2.1],
						"3.5": [-0.47, -1.49, 2.1],
						"3.55": [-0.47, -1.5, 2.1],
						"3.6": [-0.47, -1.51, 2.1],
						"3.65": [-0.47, -1.51, 2.1],
						"3.7": [-0.46, -1.52, 2.1],
						"3.75": [-0.46, -1.52, 2.1],
						"3.8": [-0.45, -1.52, 2.1],
						"3.85": [-0.44, -1.52, 2.1],
						"3.9": [-0.43, -1.52, 2.1],
						"3.95": [-0.42, -1.51, 2.1],
						"4.0": [-0.4, -1.5, 2.1],
						"4.05": [-0.17, -1.34, 2.1],
						"4.1": [0.16, -1.11, 2.1],
						"4.15": [0.39, -0.92, 2.1],
						"4.2": [0.45, -0.78, 2.1],
						"4.25": [0.4, -0.7, 2.1],
						"4.3": [0.35, -0.64, 2.1],
						"4.35": [0.3, -0.6, 2.1],
						"4.4": [0.3, -0.54, 2.1],
						"4.45": [0.3, -0.5, 2.1],
						"4.5": [0.2, -0.5, 2.1],
						"4.55": [0.24, -0.61, 2.1],
						"4.6": [0.3, -0.8, 2.1],
						"4.65": [0.29, -0.93, 2.12],
						"4.7": [0.27, -1.1, 2.14],
						"4.75": [0.3, -1.43, 2.1],
						"4.8": [0.39, -2.1, 1.97],
						"4.85": [0.53, -2.94, 1.78],
						"4.9": [0.7, -3.56, 1.5],
						"4.95": [0.94, -3.63, 1.04],
						"5.0": [1.18, -3.7, 0.58],
						"5.05": [1.43, -3.76, 0.12],
						"5.1": [1.61, -3.68, 0.07],
						"5.15": [1.76, -3.54, 0.2],
						"5.2": [1.87, -3.47, 0.31],
						"5.25": [1.95, -3.51, 0.31],
						"5.3": [2, -3.62, 0.29],
						"5.35": [2.03, -3.74, 0.29],
						"5.4": [2.04, -4.13, 0.44],
						"5.45": [2.03, -4.34, 0.49],
						"5.5": [2.21, -4.33, 0.5],
						"5.55": [2.38, -4.28, 0.53],
						"5.6": [2.36, -4.2, 0.61],
						"5.65": [2.25, -4.15, 0.72],
						"5.7": [2.09, -4.23, 0.85],
						"5.75": [1.95, -4.37, 0.96],
						"5.8": [1.94, -4.66, 1.05],
						"5.85": [1.82, -4.79, 1.07],
						"5.9": [1.71, -4.86, 1.07],
						"5.95": [1.88, -4.71, 0.99],
						"6.0": [1.9, -4.71, 0.96],
						"6.05": [1.89, -4.68, 0.98],
						"6.1": [1.85, -4.57, 1.1],
						"6.15": [1.78, -4.43, 1.27],
						"6.2": [1.74, -4.36, 1.39],
						"6.25": [1.78, -4.66, 1.36],
						"6.3": [1.81, -4.51, 1.32],
						"6.35": [1.82, -4.32, 1.28],
						"6.4": [1.79, -4.3, 1.25],
						"6.45": [1.74, -4.31, 1.22],
						"6.5": [1.71, -4.29, 1.2],
						"6.55": [1.71, -4.26, 1.2],
						"6.6": [1.71, -4.22, 1.2],
						"6.65": [1.72, -4.17, 1.21],
						"6.7": [1.74, -4.12, 1.21],
						"6.75": [1.75, -4.07, 1.22],
						"6.8": [1.77, -4.02, 1.23],
						"6.85": [1.78, -3.99, 1.23],
						"6.9": [1.8, -3.92, 1.24],
						"6.95": [1.81, -3.86, 1.24],
						"7.0": [1.83, -3.83, 1.24],
						"7.05": [1.84, -3.84, 1.24],
						"7.1": [1.84, -4.38, 1.23],
						"7.15": [1.84, -4.14, 1.23],
						"7.2": [1.84, -4.93, 0.93],
						"7.25": [1.81, -5.71, 0.44],
						"7.3": [1.74, -5.64, -0.18],
						"7.35": [1.6, -5.25, -1.06],
						"7.4": [1.36, -4.88, -2.62],
						"7.45": [1.08, -4.2, -4],
						"7.5": [0.8, -2.71, -4.52],
						"7.55": [0.52, -1.23, -4.04],
						"7.6": [0.23, -0.6, -1.48],
						"7.65": [0, -0.3, 0.95],
						"7.7": [-0.03, -0.09, 0.7],
						"7.75": [0, 0.02, -0.14],
						"7.8": [0, 0.07, -0.03],
						"7.85": [0, 0.12, 0.08],
						"7.9": [0, 0.08, 0.05],
						"7.95": [0, 0.04, 0.03],
						"8.0": [0, 0, 0]
					}
				},
				"additional_magazine": {
					"scale": {
						"0.0": [0, 0, 0],
						"2.2": [0, 0, 0],
						"7.3": [0, 0, 0],
						"8.05": {
							"pre": [0, 0, 0],
							"post": [1, 1, 1]
						}
					}
				},
				"lefthand_and_mag": {
					"rotation": {
						"1.85": [0, 0, 0],
						"1.9": [-7.25, -0.03, -1],
						"1.95": [-14.5, -0.07, -2],
						"2.0": [-16.25, -0.13, -6.02],
						"2.05": [-18, -0.19, -10.04],
						"2.1": [-30.21, -4.88, -35.06],
						"2.15": [-23.47, -1.54, -37.8],
						"2.2": [-15.17, 2.84, -37.16],
						"2.25": [-14.09, 5.06, -36.59],
						"2.3": [-14.92, 6.52, -35.04],
						"2.35": [-14.98, 7.3, -33.24],
						"2.4": [-15.1, 7.85, -31.03],
						"2.45": [-15.17, 8.07, -29.2],
						"2.5": [-15.17, 8.06, -28.8],
						"2.55": [-15.14, 8.01, -28.68],
						"2.6": [-15.11, 7.9, -28.69],
						"2.65": [-15.07, 7.72, -28.66],
						"2.7": [-15.03, 7.46, -28.43],
						"2.75": [-15, 7.12, -27.84],
						"2.8": [-14.99, 6.67, -26.72],
						"2.85": [-16.36, 2.97, -21.6],
						"2.9": [-15.16, 1.05, -9.17],
						"2.95": [-9.28, 4.04, 9.35],
						"3.0": [-1.08, 9.07, 32.68],
						"3.05": [5.57, 13.8, 51.69],
						"3.1": [10.39, 19.58, 66.7],
						"3.15": [12.39, 23.87, 73.57],
						"3.2": [12.39, 24.85, 73.96],
						"3.25": [11.43, 24.79, 71.44],
						"3.3": [10.62, 24.67, 69.27],
						"3.35": [10.31, 24.8, 68.53],
						"3.4": [10.17, 24.85, 68.19],
						"3.45": [9.84, 24.91, 67.56],
						"3.5": [9.71, 25.02, 67.1],
						"3.55": [9.79, 25.1, 67.12],
						"3.6": [9.93, 25.21, 67.24],
						"3.65": [10.11, 25.34, 67.41],
						"3.7": [10.31, 25.46, 67.57],
						"3.75": [10.5, 25.56, 67.65],
						"3.8": [10.67, 25.61, 67.6],
						"3.85": [10.8, 25.61, 67.35],
						"3.9": [10.94, 25.04, 64.61],
						"3.95": [11.07, 24.48, 61.87],
						"4.0": [10.31, 16.85, 21.65],
						"4.05": [11.46, 9.14, -19.76],
						"4.1": [21.58, 7.7, -32.91],
						"4.15": [27.03, 7.27, -34.77],
						"4.2": [-9.91, 0, -26.18],
						"4.25": [-13.21, 0, -19.95],
						"4.3": [-16.5, 0, -13.72],
						"4.35": [-26, 0, 0],
						"4.4": [-24.5, 0, 0],
						"4.45": [-22.5, 0, 0],
						"4.5": [-25.25, 0, 0],
						"4.55": [0, 0, 0]
					},
					"position": {
						"1.85": [0, 0, 0],
						"1.9": [0, -0.15, -0.05],
						"1.95": [0, -0.3, -0.1],
						"2.0": [0.15, -0.45, -0.35],
						"2.05": [0.3, -0.6, -0.6],
						"2.1": [1.4, -6.7, -5.4],
						"2.15": [1.97, -7.63, -3.93],
						"2.2": [2.6, -7.38, -1.51],
						"2.25": [3.14, -6.51, -0.39],
						"2.3": [3.72, -5.19, 0.63],
						"2.35": [4.2, -4.02, 1.39],
						"2.4": [4.64, -2.81, 1.9],
						"2.45": [4.91, -1.99, 2.02],
						"2.5": [5.04, -1.73, 2.02],
						"2.55": [5.11, -1.68, 1.92],
						"2.6": [5.13, -1.71, 1.85],
						"2.65": [5.12, -1.79, 1.84],
						"2.7": [5.07, -1.94, 1.83],
						"2.75": [5.01, -2.09, 1.85],
						"2.8": [4.95, -2.2, 1.9],
						"2.85": [4.79, -2.2, 2.17],
						"2.9": [4.75, -2.2, 2.4],
						"2.95": [5.46, -2.73, 2.16],
						"3.0": [6.82, -3.4, 1.79],
						"3.05": [8.15, -4.1, 1.3],
						"3.1": [8.52, -4.6, 0.64],
						"3.15": [8.55, -4.9, 0.1],
						"3.2": [8.55, -4.87, 0.04],
						"3.25": [8.5, -4.72, 0.13],
						"3.3": [8.45, -4.6, 0.2],
						"3.35": [8.39, -4.58, 0.21],
						"3.4": [8.35, -4.6, 0.2],
						"3.45": [8.36, -4.6, 0.22],
						"3.5": [8.35, -4.6, 0.2],
						"3.55": [8.34, -4.59, 0.17],
						"3.6": [8.32, -4.58, 0.14],
						"3.65": [8.3, -4.57, 0.09],
						"3.7": [8.28, -4.56, 0.05],
						"3.75": [8.25, -4.55, 0.01],
						"3.8": [8.21, -4.55, -0.03],
						"3.85": [8.16, -4.55, -0.05],
						"3.9": [7.92, -4.62, -0.03],
						"3.95": [7.68, -4.7, 0],
						"4.0": [4.28, -5.79, 0.75],
						"4.05": [0.97, -6.63, 1.31],
						"4.1": [0.62, -6.01, 0.69],
						"4.15": [1.1, -4.8, -0.1],
						"4.2": [1.1, -2, -0.1],
						"4.25": [0.75, -1.5, -0.25],
						"4.3": [0.4, -1, -0.4],
						"4.35": [0.1, -1, -0.5],
						"4.4": [0.1, -1, -0.7],
						"4.45": [0.1, -1, -0.7],
						"4.5": [0.05, -0.5, -0.25],
						"4.55": [0, 0, 0]
					}
				},
				"magrelease": {
					"rotation": {
						"1.7": [0, 0, 0],
						"1.75": [-20, 0, 0],
						"2.2": [-20, 0, 0],
						"2.25": [0, 0, 0],
						"4.5": [0, 0, 0],
						"4.55": [-20, 0, 0],
						"4.65": [0, 0, 0]
					}
				},
				"bolt": {
					"position": {
						"5.35": [0, 0, 0],
						"5.45": [0, 0, 5.075],
						"5.5": [0, 0, 4.675],
						"5.55": [0, 0, 0],
						"5.6": [0, 0, 0.1],
						"5.65": [0, 0, 0],
						"5.75": [0, 0, 0],
						"5.85": [0, 0, 4.675],
						"5.9": [0, 0, 4.675],
						"5.95": [0, 0, 0],
						"6.05": [0, 0, 0.1],
						"6.1": [0, 0, 0],
						"6.2": [0, 0, 0],
						"6.25": [0, 0, 5.675],
						"7.05": [0, 0, 5.675],
						"7.1": [0, 0, 0],
						"7.15": [0, 0, 0.325],
						"7.2": [0, 0, 0]
					}
				},
				"bullet": {
					"scale": {
						"0.0": [0, 0, 0],
						"7.8": {
							"pre": [0, 0, 0],
							"post": [1, 1, 1]
						}
					}
				},
				"spring": {
					"scale": {
						"5.35": [1, 1, 1],
						"5.5": [1, 1, 0.2],
						"5.55": [1, 1, 1],
						"5.75": [1, 1, 1],
						"5.85": [1, 1, 0.2],
						"5.9": [1, 1, 0.2],
						"5.95": [1, 1, 1],
						"6.2": [1, 1, 1],
						"6.25": [1, 1, 0.2],
						"7.05": [1, 1, 0.2],
						"7.1": [1, 1, 1]
					}
				},
				"camera": {
					"rotation": {
						"0.0": [0, 0, 0],
						"0.05": [0.46, 0.14, -0.11],
						"0.1": [1.1, 0.33, -0.27],
						"0.15": [1.72, 0.5, -0.45],
						"0.2": [2.14, 0.6, -0.61],
						"0.25": [2.56, 0.68, -0.8],
						"0.3": [2.92, 0.75, -0.98],
						"0.35": [3.18, 0.8, -1.1],
						"0.4": [3.26, 0.77, -1.15],
						"0.45": [3.21, 0.69, -1.14],
						"0.5": [3.14, 0.66, -1.12],
						"0.55": [3.13, 0.8, -1.1],
						"0.6": [3.08, 1.15, -1.09],
						"0.65": [2.99, 1.65, -1.07],
						"0.7": [3.09, 2.26, -1.07],
						"0.75": [3.59, 2.93, -1.1],
						"0.8": [4.41, 3.52, -1.17],
						"0.85": [5.56, 4.17, -1.27],
						"0.9": [6.86, 4.87, -1.38],
						"0.95": [8.16, 5.58, -1.48],
						"1.0": [9.3, 6.27, -1.55],
						"1.05": [11, 7.52, -1.58],
						"1.1": [12.55, 8.76, -1.57],
						"1.15": [13.61, 9.68, -1.55],
						"1.2": [14.02, 10.07, -1.55],
						"1.25": [14.32, 10.41, -1.55],
						"1.3": [14.41, 10.6, -1.55],
						"1.35": [14.19, 10.53, -1.55],
						"1.4": [13.55, 10.08, -1.55],
						"1.45": [12.54, 9.26, -1.56],
						"1.5": [11.11, 8.06, -1.57],
						"1.55": [9.43, 6.66, -1.58],
						"1.6": [7.7, 5.22, -1.58],
						"1.65": [6.1, 3.91, -1.58],
						"1.7": [4.82, 2.93, -1.55],
						"1.75": [3.01, 1.78, -1.42],
						"1.8": [1.73, 1.19, -1.23],
						"1.85": [0.9, 0.8, -1.1],
						"1.9": [0.63, 0.61, -1.12],
						"1.95": [0.67, 0.57, -1.22],
						"2.0": [0.85, 0.57, -1.25],
						"2.05": [1, 0.5, -1.1],
						"2.1": [1.5, -0.3, 1.2],
						"2.15": [1.12, -0.43, -0.85],
						"2.2": [0.7, -0.5, -2.95],
						"2.25": [0.66, -0.61, -2.26],
						"2.3": [0.9, -0.8, -1.1],
						"2.35": [1.18, -0.97, -1.06],
						"2.4": [1.57, -1.19, -1.21],
						"2.45": [1.97, -1.42, -1.42],
						"2.5": [2.3, -1.6, -1.55],
						"2.55": [2.54, -1.74, -1.58],
						"2.6": [2.73, -1.85, -1.58],
						"2.65": [2.88, -1.94, -1.56],
						"2.7": [3, -2, -1.55],
						"2.75": [3.06, -1.98, -1.54],
						"2.8": [3.08, -1.89, -1.51],
						"2.85": [3.08, -1.86, -1.51],
						"2.9": [3.09, -2, -1.55],
						"2.95": [3.11, -2.31, -1.64],
						"3.0": [3.14, -2.76, -1.77],
						"3.05": [3.17, -3.26, -1.91],
						"3.1": [3.19, -3.74, -2.04],
						"3.15": [3.2, -4.1, -2.12],
						"3.2": [3.2, -4.34, -2.16],
						"3.25": [3.18, -4.51, -2.17],
						"3.3": [3.16, -4.64, -2.15],
						"3.35": [3.13, -4.73, -2.13],
						"3.4": [3.11, -4.8, -2.12],
						"3.45": [3.1, -4.84, -2.12],
						"3.5": [3.09, -4.86, -2.12],
						"3.55": [3.07, -4.86, -2.12],
						"3.6": [3.06, -4.85, -2.12],
						"3.65": [3.04, -4.83, -2.12],
						"3.7": [3, -4.8, -2.12],
						"3.75": [2.97, -4.82, -2.13],
						"3.8": [2.94, -4.89, -2.13],
						"3.85": [2.91, -4.94, -2.13],
						"3.9": [2.85, -4.94, -2.13],
						"3.95": [2.75, -4.81, -2.13],
						"4.0": [2.6, -4.5, -2.12],
						"4.05": [2.31, -3.78, -2.11],
						"4.1": [1.91, -2.74, -2.1],
						"4.15": [1.49, -1.6, -2.08],
						"4.2": [1.09, -0.55, -2.05],
						"4.25": [0.8, 0.2, -2],
						"4.3": [0.61, 0.59, -1.95],
						"4.35": [0.47, 0.76, -1.9],
						"4.4": [0.38, 0.8, -1.83],
						"4.45": [0.36, 0.78, -1.72],
						"4.5": [0.4, 0.8, -1.55],
						"4.55": [1.5, 0.8, 0.02],
						"4.6": [1.14, 0.8, -1.12],
						"4.65": [0.7, 0.8, -2.33],
						"4.7": [0.84, 0.85, -1.89],
						"4.75": [1.1, 0.8, -1.2],
						"4.8": [1.12, 0.58, -1.22],
						"4.85": [1.12, 0.27, -1.4],
						"4.9": [1.3, 0, -1.55],
						"4.95": [1.67, -0.14, -1.57],
						"5.0": [2.19, -0.24, -1.57],
						"5.05": [2.71, -0.33, -1.56],
						"5.1": [3.1, -0.4, -1.55],
						"5.15": [3.28, -0.44, -1.54],
						"5.2": [3.41, -0.47, -1.53],
						"5.25": [3.47, -0.48, -1.51],
						"5.3": [3.5, -0.49, -1.52],
						"5.35": [3.5, -0.5, -1.55],
						"5.4": [3.25, -0.51, -1.88],
						"5.45": [2.97, -0.5, -2.06],
						"5.5": [3.19, -0.49, -0.81],
						"5.55": [4.17, -0.49, -1.79],
						"5.6": [4.52, -0.49, -1.46],
						"5.65": [4.67, -0.49, -1.06],
						"5.7": [4.43, -0.49, -1.16],
						"5.75": [4.03, -0.48, -1.41],
						"5.8": [3.63, -0.47, -1.72],
						"5.85": [3.32, -0.46, -1.84],
						"5.9": [3.46, -0.45, -0.69],
						"5.95": [4.47, -0.45, -1.75],
						"6.0": [4.57, -0.45, -1.65],
						"6.05": [4.56, -0.44, -1.39],
						"6.1": [4.47, -0.43, -1.22],
						"6.15": [4.2, -0.42, -1.32],
						"6.2": [3.85, -0.41, -1.52],
						"6.25": [3.7, -0.4, -1.58],
						"6.3": [4.76, -0.4, -0.61],
						"6.35": [4.2, -0.4, -1.14],
						"6.4": [3.56, -0.4, -1.69],
						"6.45": [3.61, -0.4, -1.53],
						"6.5": [3.84, -0.4, -1.16],
						"6.55": [3.97, -0.4, -0.91],
						"6.6": [3.9, -0.4, -0.94],
						"6.65": [3.75, -0.4, -1.05],
						"6.7": [3.59, -0.4, -1.19],
						"6.75": [3.45, -0.4, -1.27],
						"6.8": [3.3, -0.4, -1.26],
						"6.85": [3.18, -0.4, -1.19],
						"6.9": [3.11, -0.4, -1.13],
						"6.95": [3.1, -0.4, -1.13],
						"7.0": [3.15, -0.41, -1.14],
						"7.05": [3.27, -0.41, -1.06],
						"7.1": [4.14, -0.42, -0.14],
						"7.15": [3.69, -0.42, -0.44],
						"7.2": [3.07, -0.42, -0.86],
						"7.25": [2.72, -0.42, -1.01],
						"7.3": [2.55, -0.4, -0.89],
						"7.35": [2.76, -0.33, -0.19],
						"7.4": [2.92, -0.26, 0.52],
						"7.45": [2.59, -0.22, 0.67],
						"7.5": [1.97, -0.18, 0.57],
						"7.55": [0.95, -0.08, 0.19],
						"7.6": [0.03, 0, 0],
						"7.65": [-0.15, 0, 1.6],
						"7.7": [-0.06, 0, 0.53],
						"7.75": [0.05, 0, -0.64],
						"7.8": [0.05, 0, -0.58],
						"7.85": [0.02, 0, -0.2],
						"7.9": [0, 0, 0.09],
						"7.95": [0, 0, 0.13],
						"8.0": [0, 0, 0.11],
						"8.05": [0, 0, 0.07],
						"8.1": [0, 0, 0.03],
						"8.15": [0, 0, 0]
					}
				}
			},
			"sound_effects": {
				"0.0": {
					"effect": "tacz:ak47/ak47_inspect_up"
				},
				"1.65": {
					"effect": "tacz:ak47/ak47_inspect_raise_grab"
				},
				"1.75": {
					"effect": "tacz:ak47/ak47_inspect_magout"
				},
				"2.6": {
					"effect": "tacz:ak47/ak47_inspect_mvt"
				},
				"4.05": {
					"effect": "tacz:ak47/ak47_inspect_magbump"
				},
				"4.4": {
					"effect": "tacz:ak47/ak47_inspect_magin"
				},
				"4.7": {
					"effect": "tacz:ak47/ak47_inspect_turn"
				},
				"5.25": {
					"effect": "tacz:ak47/ak47_inspect_empty_chamber"
				},
				"6.8": {
					"effect": "tacz:ak47/ak47_inspect_empty_release"
				},
				"7.3": {
					"effect": "tacz:ak47/ak47_inspect_over"
				}
			}
		},
		"reload_empty": {
			"animation_length": 2.9167,
			"bones": {
				"root": {
					"rotation": {
						"0.0": {
							"post": [0, 0, 0],
							"lerp_mode": "catmullrom"
						},
						"0.1667": {
							"post": [5.36, -2.79, -3.23],
							"lerp_mode": "catmullrom"
						},
						"0.3333": {
							"post": [4.07, 0, -7.5],
							"lerp_mode": "catmullrom"
						},
						"0.6042": {
							"post": [-11, 0, -2.5],
							"lerp_mode": "catmullrom"
						},
						"0.7292": {
							"post": [-10, 0, -2.5],
							"lerp_mode": "catmullrom"
						},
						"0.8333": {
							"post": [-9.82, -0.82, -4.19],
							"lerp_mode": "catmullrom"
						},
						"0.9792": {
							"post": [-10, 0, -2.5],
							"lerp_mode": "catmullrom"
						},
						"1.0417": {
							"post": [-14.58745, -1.66009, -6.07978],
							"lerp_mode": "catmullrom"
						},
						"1.1042": {
							"post": [-12.25915, -0.35361, -2.98746],
							"lerp_mode": "catmullrom"
						},
						"1.1667": {
							"post": [-11.81696, -0.40889, -2.82259],
							"lerp_mode": "catmullrom"
						},
						"1.2917": {
							"post": [-11.69285, -1.30105, -13.91215],
							"lerp_mode": "catmullrom"
						},
						"1.375": {
							"post": [-11.54, -1.55, -15.95],
							"lerp_mode": "catmullrom"
						},
						"1.4375": {
							"post": [-12.36, -1.75, -16.48],
							"lerp_mode": "catmullrom"
						},
						"1.5625": {
							"post": [-11.98977, -2.23004, -15.49371],
							"lerp_mode": "catmullrom"
						},
						"1.6042": {
							"post": [-7.54377, -0.42303, -11.22771],
							"lerp_mode": "catmullrom"
						},
						"1.6667": {
							"post": [-7.8232, -0.4255, -13.50104],
							"lerp_mode": "catmullrom"
						},
						"1.7292": {
							"post": [-9.35, -0.34, -14.6],
							"lerp_mode": "catmullrom"
						},
						"1.875": {
							"post": [-11.0932, -0.4255, -13.50104],
							"lerp_mode": "catmullrom"
						},
						"1.9375": {
							"post": [-10, 0, -12.5],
							"lerp_mode": "catmullrom"
						},
						"2.0": {
							"post": [-16.39745, -1.66009, -17.42978],
							"lerp_mode": "catmullrom"
						},
						"2.0625": {
							"post": [-13.77915, -0.35361, -14.98746],
							"lerp_mode": "catmullrom"
						},
						"2.1667": {
							"post": [-13.77915, -0.35361, -14.98746],
							"lerp_mode": "catmullrom"
						},
						"2.2708": [-6.91, -1.79, 2],
						"2.3333": [-0.5, -1.44, 5.92],
						"2.375": [2.13, -0.73, 6.34],
						"2.4375": [2, -0.14, 4],
						"2.4583": [1.65, 0.01, 0.75],
						"2.5417": [1, 0, -2],
						"2.6042": [1, -0.02, 0],
						"2.625": [0.7, -0.01, 0.15],
						"2.7083": [0.3, -0.01, 0.07],
						"2.7292": [0, 0, 0]
					},
					"position": {
						"0.0": {
							"post": [0, 0, 0],
							"lerp_mode": "catmullrom"
						},
						"0.125": {
							"post": [0.06, -0.7, -0.345],
							"lerp_mode": "catmullrom"
						},
						"0.2917": {
							"post": [0, 0.28, 0.155],
							"lerp_mode": "catmullrom"
						},
						"0.5": {
							"post": [-1.345, 0.355, 0.845],
							"lerp_mode": "catmullrom"
						},
						"0.625": {
							"post": [-1.345, 0.065, 0.355],
							"lerp_mode": "catmullrom"
						},
						"0.8333": {
							"post": [-1.345, 0.065, 0.355],
							"lerp_mode": "catmullrom"
						},
						"0.9375": {
							"post": [-1.4, 0.08, 0.345],
							"lerp_mode": "catmullrom"
						},
						"1.0208": {
							"post": [-1.3, -0.045, 0.345],
							"lerp_mode": "catmullrom"
						},
						"1.0833": {
							"post": [-1.015, -0.23, 0.295],
							"lerp_mode": "catmullrom"
						},
						"1.1875": {
							"post": [-1.425, -0.23, 0.295],
							"lerp_mode": "catmullrom"
						},
						"1.3333": {
							"post": [-1.45, -0.14, 0.265],
							"lerp_mode": "catmullrom"
						},
						"1.3958": {
							"post": [-1.45, 0.1, 0.255],
							"lerp_mode": "catmullrom"
						},
						"1.4583": {
							"post": [-1.43, -0.085, 0.245],
							"lerp_mode": "catmullrom"
						},
						"1.5417": {
							"post": [-1.41, 0.01, 0.265],
							"lerp_mode": "catmullrom"
						},
						"1.6042": {
							"post": [-1.435, 0.285, 0.565],
							"lerp_mode": "catmullrom"
						},
						"1.7292": {
							"post": [-1.395, -0.225, 0.44],
							"lerp_mode": "catmullrom"
						},
						"1.8958": {
							"post": [-1.4, 0.08, 0.345],
							"lerp_mode": "catmullrom"
						},
						"2.0": {
							"post": [-1.3, -0.045, -0.525],
							"lerp_mode": "catmullrom"
						},
						"2.0625": {
							"post": [-1.015, -0.23, 0.07],
							"lerp_mode": "catmullrom"
						},
						"2.2292": {
							"post": [-0.3, -1.09, 0.09],
							"lerp_mode": "catmullrom"
						},
						"2.3333": {
							"post": [0, -0.5, -0.5],
							"lerp_mode": "catmullrom"
						},
						"2.3958": {
							"post": [0.06, -0.19, -0.2],
							"lerp_mode": "catmullrom"
						},
						"2.5417": {
							"post": [0, -0.1, 0.5],
							"lerp_mode": "catmullrom"
						},
						"2.6042": {
							"post": [0, -0.07, 0.28],
							"lerp_mode": "catmullrom"
						},
						"2.625": {
							"post": [0, -0.09, -0.07],
							"lerp_mode": "catmullrom"
						},
						"2.7083": {
							"post": [0, -0.06, -0.19],
							"lerp_mode": "catmullrom"
						},
						"2.7292": {
							"post": [0, -0.03, -0.1],
							"lerp_mode": "catmullrom"
						},
						"2.7708": {
							"post": [0, 0, 0],
							"lerp_mode": "catmullrom"
						}
					}
				},
				"constraint": {
					"rotation": [0.2, 0.2, 0.4],
					"position": [0.1, 0.1, 0.1]
				},
				"lefthand_and_mag": {
					"rotation": {
						"0.5": [0, 0, 0],
						"0.5417": [0, 0, 0],
						"0.7292": [-39, 0, -96.165],
						"0.8333": [-50, 0, -96.165],
						"0.875": [-50, 0, -96.165],
						"1.0": [6, 0, -96.165],
						"1.1042": [-2.61316, 2.46487, -83.32903],
						"1.2917": {
							"pre": [-17.5, 0, 0],
							"post": [-17.5, 0, 0],
							"lerp_mode": "catmullrom"
						},
						"1.3958": [-23.5, 0, 0],
						"1.4583": [-26.47128, 1.19579, 2.75158],
						"1.5417": [-23.48724, -0.79736, -1.83424],
						"1.6042": [0, 0, 0]
					},
					"position": {
						"0.5": {
							"pre": [0, 0, 0],
							"post": [0, 0, 0],
							"lerp_mode": "catmullrom"
						},
						"0.5625": {
							"post": [5, -25, 0],
							"lerp_mode": "catmullrom"
						},
						"0.7708": {
							"post": [0.87, -12, 2.9],
							"lerp_mode": "catmullrom"
						},
						"0.9375": [0.495, -2.5, 2.9],
						"0.9583": [0.495, -2.5, 2.9],
						"1.0417": [4.53, -2.5, -1],
						"1.125": {
							"pre": [4.53, -1, 0.485],
							"post": [4.53, -1, 0.485],
							"lerp_mode": "catmullrom"
						},
						"1.2708": {
							"post": [1.635, -5.07, -1.73],
							"lerp_mode": "catmullrom"
						},
						"1.375": [0, -0.83, -0.445],
						"1.4375": [-0.105, -0.865, -0.12],
						"1.5": [0, -0.42, -0.07],
						"1.6042": [0, 0, 0]
					}
				},
				"mag_and_bullet": {
					"scale": {
						"0.7917": [0, 0, 0],
						"0.8333": [1, 1, 1]
					}
				},
				"lefthand": {
					"rotation": {
						"0.3333": [90.4533, -389.73135, -129.57361],
						"0.5": [90.4533, -389.73135, -129.57361],
						"0.5417": [117.5156, -371.73591, -197.33349],
						"1.0417": [117.52, -371.74, -197.33],
						"1.125": [99.81368, -361.88866, -195.5977],
						"1.5": [99.81368, -361.88866, -195.5977],
						"1.6042": [119.71382, -359.5999, -192.60928],
						"1.6667": [117.5156, -371.73591, -197.33349],
						"1.7292": [117.5156, -371.73591, -197.33349],
						"1.875": [90.4533, -389.73135, -129.57361]
					},
					"position": {
						"0.3333": [7.4, -11.7, -5.5],
						"0.4375": [20.4, -22.7, -8.5],
						"0.5": [20.4, -44.7, -4.5],
						"0.5417": [6.765, -15.7, 0.485],
						"1.0417": [6.76, -15.7, 0.485],
						"1.125": [6.76, -15.7, 0.485],
						"1.5": [6.76, -15.7, 0.485],
						"1.6667": [6.765, -15.7, 0.485],
						"1.7292": [6.765, -15.7, 0.485],
						"1.7917": [7.08, -17.7, -2.895],
						"1.875": [7.4, -11.7, -5.5]
					},
					"scale": [1, 1.5, 1]
				},
				"bolt": {
					"position": {
						"0.2708": [0, 0, 0],
						"0.375": [0, 0, 5],
						"1.8958": [0, 0, 5],
						"1.9375": [0, 0, 0],
						"2.0": [0, 0, 0.335],
						"2.0625": [0, 0, 0],
						"2.125": [0, 0, 0.1],
						"2.2292": [0, 0, 0]
					}
				},
				"magrelease": {
					"rotation": {
						"0.8958": [0, 0, 0],
						"0.9583": [-29, 0, 0],
						"1.0417": [0, 0, 0],
						"1.5417": [0, 0, 0],
						"1.6042": [-29, 0, 0],
						"1.6667": [0, 0, 0]
					}
				},
				"righthand": {
					"rotation": {
						"0.0625": [100.03742, 4.92385, -179.12962],
						"0.125": {
							"pre": [101.14663, -0.72036, -149.63273],
							"post": [101.14663, -0.72036, -149.63273],
							"lerp_mode": "catmullrom"
						},
						"0.2083": {
							"post": [95.85571, -9.53216, -95.04837],
							"lerp_mode": "catmullrom"
						},
						"0.2708": {
							"post": [95.85571, -9.53216, -95.04837],
							"lerp_mode": "catmullrom"
						},
						"1.8958": [95.86, -9.53, -95.05],
						"2.0": [92.37989, -9.49155, -104.92619],
						"2.125": [85.86, -9.53, -95.05],
						"2.1875": [101.14663, -0.72036, -149.63273],
						"2.25": [100.03742, 4.92385, -179.12962]
					},
					"position": {
						"0.0625": [-6.8, -14.2, 7.4],
						"0.125": {
							"pre": [-8.8, -14.2, 7.4],
							"post": [-8.8, -14.2, 7.4],
							"lerp_mode": "catmullrom"
						},
						"0.2083": {
							"post": [-8.8, -9.5, 0.4],
							"lerp_mode": "catmullrom"
						},
						"0.2708": {
							"post": [-8.8, -9.5, 0.4],
							"lerp_mode": "catmullrom"
						},
						"0.375": [-8.8, -9.5, 5.155],
						"1.8958": [-8.8, -9.5, 5.155],
						"1.9583": [-9.8, -9.5, 7.4],
						"2.1042": [-9.8, -9.5, 7.4],
						"2.1667": [-8.8, -14.2, 7.4],
						"2.2292": [-6.8, -14.2, 7.4]
					},
					"scale": [1, 1.5, 1]
				},
				"additional_magazine": {
					"rotation": {
						"0.8958": [0, 0, 0],
						"0.9583": [-2.5, 0, 0],
						"1.0": [-40.35, 1.36, -7.69],
						"1.0417": [-80.94, -5.24, -22.93],
						"1.1042": [-101.58, 0.87, -57.44],
						"1.1667": [-107.08, -6.14, -87.98],
						"1.2083": [-114.66, -17.18, -123.29],
						"1.2708": [-140.94, -29.32, -134.9],
						"1.2917": [-205.79, -43.83, -100.88],
						"1.3958": [-289.34, -59.46, -43.16],
						"1.4375": [-348.58, -69.44, 0.93],
						"1.5": [-377.08, -70.32, 16.86],
						"1.5417": [-337.45, -58.83, 14.05],
						"1.6042": [-168.72, -29.41, 7.03],
						"1.625": [0, 0, 0]
					},
					"position": {
						"0.8958": [0, 0, 0],
						"0.9583": [0, 0, 0],
						"1.0": [0, -2.2, -1.2],
						"1.0417": [2.7, -4.5, -4],
						"1.1042": [5.1, -6.3, -8.1],
						"1.1667": [6.27, -7.39, -11.04],
						"1.2083": [7.3, -9.5, -14.1],
						"1.2708": [8.27, -14.14, -16.8],
						"1.2917": [8.6, -19.4, -19.1],
						"1.3958": [7.47, -23.14, -14.415],
						"1.4375": [5.62, -27.59, -15.525],
						"1.5": [3.8, -35.32, -11.75],
						"1.5417": [1.13, -43.16, -10.42],
						"1.6042": [-8.61, -52.18, 0.38],
						"1.625": [-2.3, -32.2, 15.6]
					},
					"scale": {
						"1.2917": [1, 1, 1],
						"1.625": [0, 0, 0]
					}
				},
				"camera": {
					"rotation": {
						"0.0": {
							"post": [0, 0, 0],
							"lerp_mode": "catmullrom"
						},
						"0.0625": {
							"post": [0.14, 0.06, -0.05],
							"lerp_mode": "catmullrom"
						},
						"0.1667": {
							"post": [0.57, 0.22, -0.2],
							"lerp_mode": "catmullrom"
						},
						"0.2708": {
							"post": [0.89, 0.37, -0.36],
							"lerp_mode": "catmullrom"
						},
						"0.375": {
							"post": [1.1, 0.51, -0.53],
							"lerp_mode": "catmullrom"
						},
						"0.4583": {
							"post": [0.93, 0.465, -0.52],
							"lerp_mode": "catmullrom"
						},
						"0.625": {
							"post": [0.93, 0.465, -0.52],
							"lerp_mode": "catmullrom"
						},
						"0.8958": {
							"post": [1.555, 0.43, -0.48],
							"lerp_mode": "catmullrom"
						},
						"0.9583": {
							"post": [0.215, 0.04, -0.07],
							"lerp_mode": "catmullrom"
						},
						"1.0417": {
							"post": [1.27, 0.49, -0.355],
							"lerp_mode": "catmullrom"
						},
						"1.125": {
							"post": [1.045, 0.345, -0.165],
							"lerp_mode": "catmullrom"
						},
						"1.5": {
							"post": [0.71, 0.05, 0.41],
							"lerp_mode": "catmullrom"
						},
						"1.6042": {
							"post": [0.305, 0.05, 0.005],
							"lerp_mode": "catmullrom"
						},
						"1.6667": {
							"post": [0.845, 0.05, 0.5],
							"lerp_mode": "catmullrom"
						},
						"1.7292": {
							"post": [0.69, 0.05, 0.335],
							"lerp_mode": "catmullrom"
						},
						"1.9583": {
							"post": [0.71, 0.05, 0.41],
							"lerp_mode": "catmullrom"
						},
						"2.0625": {
							"post": [0.305, 0.05, 0.005],
							"lerp_mode": "catmullrom"
						},
						"2.125": {
							"post": [0.845, 0.05, 0.5],
							"lerp_mode": "catmullrom"
						},
						"2.2083": {
							"post": [0.69, 0.05, 0.335],
							"lerp_mode": "catmullrom"
						},
						"2.3333": {
							"post": [-0.36, 0.05, -0.4],
							"lerp_mode": "catmullrom"
						},
						"2.4583": {
							"post": [0.21, 0.05, -0.175],
							"lerp_mode": "catmullrom"
						},
						"2.625": {
							"post": [-0.29, 0.05, 0.4],
							"lerp_mode": "catmullrom"
						},
						"2.7292": {
							"post": [0, 0, 0],
							"lerp_mode": "catmullrom"
						}
					}
				}
			},
			"sound_effects": {
				"0.0417": {
					"effect": "tacz:ak47/ak47_reload_empty_up"
				},
				"0.0625": {
					"effect": "tacz:ak47/ak47_inspect_pull"
				},
				"0.8333": {
					"effect": "tacz:ak47/ak47_reload_empty_maghit"
				},
				"0.9375": {
					"effect": "tacz:ak47/ak47_reload_empty_magout"
				},
				"1.2708": {
					"effect": "tacz:ak47/ak47_reload_empty_magbump"
				},
				"1.3542": {
					"effect": "tacz:ak47/ak47_reload_empty_mag_drop"
				},
				"1.5208": {
					"effect": "tacz:ak47/ak47_reload_empty_magin"
				},
				"1.7708": {
					"effect": "tacz:ak47/ak47_inspect_release"
				},
				"2.0": {
					"effect": "tacz:ak47/ak47_reload_empty_mvt"
				},
				"2.2917": {
					"effect": "tacz:ak47/ak47_reload_empty_shoulder"
				}
			}
		}
	}
}