{
	"format_version": "1.8.0",
	"animations": {
		"static_idle": {
			"animation_length": 0.0333,
			"bones": {
				"lefthand": {
					"rotation": [104.41741, -8.06723, -198.01172],
					"position": [8, -8.3, -6.3],
					"scale": [1, 1.5, 1]
				},
				"righthand": {
					"rotation": [97.52832, -355.04288, -179.34574],
					"position": [-6.8, -10, 3],
					"scale": [1, 1.5, 1]
				},
				"constraint": {
					"rotation": [0.05, 0.05, 0.05],
					"position": [0.15, 0.15, 0.5]
				}
			}
		},
		"static_bolt_caught": {
			"loop": true,
			"bones": {
				"bolt_cover": {
					"position": [0, 0, 2]
				},
				"release": {
					"rotation": [0, -8, 0],
					"position": [0.15, 0, 0]
				},
				"bone11": {
					"position": [0, 0, 3]
				}
			}
		},
		"draw": {
			"animation_length": 0.8,
			"bones": {
				"root": {
					"rotation": {
						"0.0": {
							"post": [-9.61009, -56.87057, 63.98187],
							"lerp_mode": "catmullrom"
						},
						"0.2": {
							"post": [-0.50564, -24.85404, 21.72854],
							"lerp_mode": "catmullrom"
						},
						"0.2333": {
							"post": [3.25904, -15.44766, 1.21211],
							"lerp_mode": "catmullrom"
						},
						"0.3333": {
							"post": [0, -2.40625, 0],
							"lerp_mode": "catmullrom"
						},
						"0.4": {
							"post": [0.01893, 0.98758, 1.36002],
							"lerp_mode": "catmullrom"
						},
						"0.5": {
							"post": [0.01346, -0.41108, 0.31188],
							"lerp_mode": "catmullrom"
						},
						"0.6333": {
							"post": [0, 0, 0],
							"lerp_mode": "catmullrom"
						},
						"0.8": {
							"post": [0, 0, 0],
							"lerp_mode": "catmullrom"
						}
					},
					"position": {
						"0.0": {
							"post": [0, -7.1, -0.8],
							"lerp_mode": "catmullrom"
						},
						"0.2333": {
							"post": [0.6, -1.32422, -0.8],
							"lerp_mode": "catmullrom"
						},
						"0.4": {
							"post": [0.125, -0.22031, 0.325],
							"lerp_mode": "catmullrom"
						},
						"0.5": {
							"post": [0, -0.02734, -0.125],
							"lerp_mode": "catmullrom"
						},
						"0.6333": {
							"post": [0, 0, 0],
							"lerp_mode": "catmullrom"
						},
						"0.8": {
							"post": [0, 0, 0],
							"lerp_mode": "catmullrom"
						}
					}
				},
				"lefthand": {
					"rotation": {
						"0.0": [104.41741, -8.06723, -198.01172],
						"0.1333": [112.79028, -18.1629, -221.85831],
						"0.3333": [103.52646, -9.94181, -192.48457],
						"0.4": [104.41741, -8.06723, -198.01172],
						"0.5": [104.41741, -8.06723, -198.01172]
					},
					"position": {
						"0.0": [7.4, -10.3, -6.3],
						"0.1333": [10.96589, -12.28169, -3.30545],
						"0.3333": [8.07017, -8.3, -7.15908],
						"0.4": [8, -8.3, -6.3],
						"0.5": [8, -8.3, -6.3]
					},
					"scale": [1, 1.5, 1]
				},
				"righthand": {
					"rotation": [97.52832, -355.04288, -179.34574],
					"position": [-6.8, -10, 3],
					"scale": [1, 1.5, 1]
				},
				"camera": {
					"rotation": {
						"0.0": {
							"post": [0, 0, 0],
							"lerp_mode": "catmullrom"
						},
						"0.1": {
							"post": [0.8, -0.125, 0.2],
							"lerp_mode": "catmullrom"
						},
						"0.2": {
							"post": [1, -0.25, 0.5],
							"lerp_mode": "catmullrom"
						},
						"0.3": {
							"post": [0.15, -0.275, 0.625],
							"lerp_mode": "catmullrom"
						},
						"0.4": {
							"post": [0.25, -0.15, -0.225],
							"lerp_mode": "catmullrom"
						},
						"0.4667": {
							"post": [0.09, -0.08, 0.405],
							"lerp_mode": "catmullrom"
						},
						"0.5333": {
							"post": [-0.075, -0.025, -0.2],
							"lerp_mode": "catmullrom"
						},
						"0.6333": {
							"post": [0, 0, 0],
							"lerp_mode": "catmullrom"
						},
						"0.7": {
							"post": [0, 0, 0],
							"lerp_mode": "catmullrom"
						}
					}
				}
			},
			"sound_effects": {
				"0.0": {
					"effect": "tacz:victor45/victor_draw"
				}
			}
		},
		"put_away": {
			"animation_length": 0.3333,
			"bones": {
				"root": {
					"rotation": {
						"0.0": {
							"post": [0, 0, 0],
							"lerp_mode": "catmullrom"
						},
						"0.0333": {
							"post": [-0.63896, -1.66012, -2.21234],
							"lerp_mode": "catmullrom"
						},
						"0.0667": {
							"post": [1.7612, -3.38433, 2.24203],
							"lerp_mode": "catmullrom"
						},
						"0.1": {
							"post": [9.68031, -6.51688, 11.76588],
							"lerp_mode": "catmullrom"
						},
						"0.1667": {
							"post": [18.16463, -14.24936, 3.48493],
							"lerp_mode": "catmullrom"
						}
					},
					"position": {
						"0.0": {
							"post": [0, 0, 0],
							"lerp_mode": "catmullrom"
						},
						"0.0333": {
							"post": [-0.45, -1.09, 0.28],
							"lerp_mode": "catmullrom"
						},
						"0.0667": {
							"post": [-0.87, -2.395, 0.34],
							"lerp_mode": "catmullrom"
						},
						"0.1": {
							"post": [-1.135, -4.82, 0.56],
							"lerp_mode": "catmullrom"
						},
						"0.1667": {
							"post": [-1.175, -9.6, 2.05],
							"lerp_mode": "catmullrom"
						},
						"0.2": {
							"post": [-1.17, -15.6, 2.05],
							"lerp_mode": "catmullrom"
						}
					}
				},
				"lefthand": {
					"rotation": [104.41741, -8.06723, -198.01172],
					"position": [8, -8.3, -6.3],
					"scale": [1, 1.5, 1]
				},
				"righthand": {
					"rotation": [97.52832, -355.04288, -179.34574],
					"position": [-6.8, -10, 3],
					"scale": [1, 1.5, 1]
				},
				"camera": {
					"rotation": {
						"0.0": {
							"post": [0, 0, 0],
							"lerp_mode": "catmullrom"
						},
						"0.0667": {
							"post": [0.3, 0, -0.125],
							"lerp_mode": "catmullrom"
						},
						"0.1333": {
							"post": [0.64, 0, 0.3],
							"lerp_mode": "catmullrom"
						},
						"0.2": {
							"post": [0.5, 0, 0.15],
							"lerp_mode": "catmullrom"
						},
						"0.2667": {
							"post": [0, 0, 0],
							"lerp_mode": "catmullrom"
						}
					}
				}
			},
			"sound_effects": {
				"0.0": {
					"effect": "tacz:victor45/victor_put_away"
				}
			}
		},
		"shoot": {
			"animation_length": 0.6333,
			"bones": {
				"constraint": {
					"rotation": {
						"0.0": [0.2, 0.2, 0.2],
						"0.1": [0.1, 0.2, 0.4],
						"0.3": [0, 0, 0]
					},
					"position": {
						"0.1": [0.2, 0.02, 0.35],
						"0.3": [0, 0, 0]
					}
				},
				"root": {
					"rotation": {
						"0.0": [0, 0, 0],
						"0.0333": [-0.32, 0, 0.49],
						"0.0667": [-2.4, 0, -1.21],
						"0.1": [-2.11, 0, 0.33],
						"0.1333": [-1.05, -0.01, 0.08],
						"0.1667": [-0.02, 0, -0.29],
						"0.2": [0.15, 0.08, -0.17],
						"0.2333": [0.1, 0.19, 0.08],
						"0.2667": [0.04, 0.24, 0.23],
						"0.3": [0.03, 0.18, 0.18],
						"0.3333": [0, 0.07, 0.05],
						"0.3667": [-0.02, -0.04, -0.09],
						"0.4": [-0.04, -0.11, -0.17],
						"0.4333": [-0.04, -0.12, -0.17],
						"0.4667": [-0.03, -0.1, -0.14],
						"0.5": [-0.02, -0.06, -0.09],
						"0.5333": [-0.01, -0.02, -0.03],
						"0.5667": [0, 0, 0]
					},
					"position": {
						"0.0": [0, 0, 0],
						"0.0333": [0, -0.06, 1.48],
						"0.0667": [0, -0.06, 1.19],
						"0.1": [0, -0.03, 0.52],
						"0.1333": [0, 0, -0.09],
						"0.1667": [0, 0, -0.15],
						"0.2": [0, 0, -0.1],
						"0.2333": [0, 0, 0],
						"0.2667": [0, 0, 0.05],
						"0.3": [0, 0, 0.05],
						"0.3333": [0, 0, 0.04],
						"0.3667": [0, 0, 0.03],
						"0.4": [0, 0, 0.01],
						"0.4333": [0, 0, 0],
						"0.4667": [0, 0, 0],
						"0.5": [0, 0, 0],
						"0.5333": [0, 0, 0],
						"0.5667": [0, 0, 0],
						"0.6": [0, 0, 0],
						"0.6333": [0, 0, 0]
					}
				},
				"bone11": {
					"position": {
						"0.0": [0, 0, 0],
						"0.0333": [0, 0, 3],
						"0.0667": [0, 0, 0]
					}
				},
				"bullet_in_barrel": {
					"position": {
						"0.0333": [0, -0.6, 0],
						"0.0667": [0, 0, 0]
					}
				},
				"camera": {
					"rotation": {
						"0.0": [0, 0, 0],
						"0.0333": [0, 0, 0.7],
						"0.0667": [0, 0, -0.32],
						"0.1": [0, 0, -0.06],
						"0.1333": [0, 0, 0.28],
						"0.1667": [0, 0, 0.06],
						"0.2": [0, 0, -0.2],
						"0.2333": [0, 0, -0.1],
						"0.2667": [0, 0, 0.05],
						"0.3": [0, 0, 0.04],
						"0.3333": [0, 0, 0]
					}
				}
			},
			"sound_effects": {
				"0.0": {
					"effect": "weap_mpapa5_fire_first_plr_01"
				}
			}
		},
		"reload_tactical": {
			"animation_length": 2.4667,
			"bones": {
				"lefthand": {
					"rotation": {
						"0.0": [104.41741, -8.06723, -198.01172],
						"0.3": [104.42, -8.07, -198.01],
						"1.4667": [104.42, -8.07, -198.01],
						"1.6667": [99.02667, -15.74939, -288.02976],
						"1.7667": [99.02667, -15.74939, -288.02976],
						"1.9333": [104.41741, -8.06723, -198.01172]
					},
					"position": {
						"0.0": [8, -8.3, -6.3],
						"0.3": [7, -14.3, -3.3],
						"1.4667": [7, -14.3, -3.3],
						"1.6667": [15, -28.3, 9.7],
						"1.7667": [15, -28.3, 9.7],
						"1.9333": [8, -8.3, -6.3]
					},
					"scale": [1, 1.5, 1]
				},
				"righthand": {
					"rotation": [97.52832, -355.04288, -179.34574],
					"position": [-6.8, -10, 3],
					"scale": [1, 1.5, 1]
				},
				"constraint": {
					"rotation": [0.05, 0.05, 0.05],
					"position": [0.15, 0.15, 0.5]
				},
				"root": {
					"rotation": {
						"0.0": {
							"post": [0, 0, 0],
							"lerp_mode": "catmullrom"
						},
						"0.1333": {
							"post": [-9.88, -5.73, -5.32],
							"lerp_mode": "catmullrom"
						},
						"0.2": {
							"post": [-17.12, -9.29, -13.64],
							"lerp_mode": "catmullrom"
						},
						"0.3": {
							"post": [-21.32, -10.96, -26.79],
							"lerp_mode": "catmullrom"
						},
						"0.4333": {
							"post": [-20.42, -8.99, -22.93],
							"lerp_mode": "catmullrom"
						},
						"0.4667": {
							"post": [-20.64, -9.03, -23.43],
							"lerp_mode": "catmullrom"
						},
						"0.5333": {
							"post": [-22.23, -9.68, -21.28],
							"lerp_mode": "catmullrom"
						},
						"0.7": {
							"post": [-25.66216, -9.79346, -20.37238],
							"lerp_mode": "catmullrom"
						},
						"0.8667": {
							"post": [-22.33, -9.72, -21.15],
							"lerp_mode": "catmullrom"
						},
						"0.9667": {
							"post": [-22.93849, -7.75872, -16.60963],
							"lerp_mode": "catmullrom"
						},
						"1.0333": {
							"post": [-22.37, -9.26, -26.715],
							"lerp_mode": "catmullrom"
						},
						"1.1": {
							"post": [-21.35987, -11.5375, -26.00317],
							"lerp_mode": "catmullrom"
						},
						"1.2667": {
							"post": [-18.48871, -15.81356, -35.97631],
							"lerp_mode": "catmullrom"
						},
						"1.3": {
							"post": [-18.75549, -15.49066, -34.99587],
							"lerp_mode": "catmullrom"
						},
						"1.3667": {
							"post": [-18.46, -14.87, -26.08],
							"lerp_mode": "catmullrom"
						},
						"1.4333": {
							"post": [-21.0029, -13.48621, -29.00322],
							"lerp_mode": "catmullrom"
						},
						"1.5": {
							"post": [-19.1929, -13.48621, -25.56322],
							"lerp_mode": "catmullrom"
						},
						"1.6333": [-18.425, -11.8, -31.72],
						"1.7667": {
							"pre": [-10.01, -0.63, -25.08],
							"post": [-10.01, -0.63, -25.08],
							"lerp_mode": "catmullrom"
						},
						"1.8333": {
							"post": [-1.57, 2.05, -18.655],
							"lerp_mode": "catmullrom"
						},
						"1.9667": {
							"post": [0.43, 0.6, -3.95],
							"lerp_mode": "catmullrom"
						},
						"2.0": {
							"post": [0.9, -0.45, -0.72],
							"lerp_mode": "catmullrom"
						},
						"2.1": {
							"post": [0.12, -0.18, 0.27],
							"lerp_mode": "catmullrom"
						},
						"2.1333": {
							"post": [0.08, -0.49, 1.58],
							"lerp_mode": "catmullrom"
						},
						"2.1667": {
							"post": [0.02, -0.32, 0.28],
							"lerp_mode": "catmullrom"
						},
						"2.3": {
							"post": [0, 0, 0],
							"lerp_mode": "catmullrom"
						}
					},
					"position": {
						"0.0": {
							"post": [0, 0, 0],
							"lerp_mode": "catmullrom"
						},
						"0.0333": {
							"post": [-0.08, -0.515, -0.21],
							"lerp_mode": "catmullrom"
						},
						"0.1": {
							"post": [-0.32, -0.915, -0.73],
							"lerp_mode": "catmullrom"
						},
						"0.2": {
							"post": [-0.75, -0.27, -0.93],
							"lerp_mode": "catmullrom"
						},
						"0.2667": {
							"post": [-0.91, -0.11, -0.6],
							"lerp_mode": "catmullrom"
						},
						"0.3667": {
							"post": [-0.92, -0.5, 0.12],
							"lerp_mode": "catmullrom"
						},
						"0.4667": {
							"post": [-0.94, -0.39, -0.19],
							"lerp_mode": "catmullrom"
						},
						"0.6": {
							"post": [-0.94, -0.25, -0.12],
							"lerp_mode": "catmullrom"
						},
						"0.7667": {
							"post": [-0.94, -0.2, -0.1],
							"lerp_mode": "catmullrom"
						},
						"0.8667": {
							"post": [-0.94, -0.24, -0.12],
							"lerp_mode": "catmullrom"
						},
						"0.9333": {
							"post": [-0.94, -1.45, -0.415],
							"lerp_mode": "catmullrom"
						},
						"1.0333": {
							"post": [-0.94, -1.435, -0.315],
							"lerp_mode": "catmullrom"
						},
						"1.2667": {
							"post": [-0.585, 0.095, -0.12],
							"lerp_mode": "catmullrom"
						},
						"1.3333": {
							"post": [-0.585, -0.145, -0.12],
							"lerp_mode": "catmullrom"
						},
						"1.3667": {
							"post": [-0.585, -0.85, -0.12],
							"lerp_mode": "catmullrom"
						},
						"1.4667": {
							"post": [-0.585, -0.49, -0.12],
							"lerp_mode": "catmullrom"
						},
						"1.5333": {
							"post": [-0.585, -0.315, -0.12],
							"lerp_mode": "catmullrom"
						},
						"1.6667": [-0.585, -0.28, -0.12],
						"1.7667": {
							"pre": [-0.475, -0.38, -0.03],
							"post": [-0.475, -0.38, -0.03],
							"lerp_mode": "catmullrom"
						},
						"1.8": {
							"post": [-0.255, -0.495, 0.19],
							"lerp_mode": "catmullrom"
						},
						"1.9333": {
							"post": [-0.15, -0.455, -0.61],
							"lerp_mode": "catmullrom"
						},
						"2.0": {
							"post": [-0.05, -0.295, -0.31],
							"lerp_mode": "catmullrom"
						},
						"2.1": {
							"post": [0, -0.12, 0.57],
							"lerp_mode": "catmullrom"
						},
						"2.1667": {
							"post": [0, -0.04, -0.07],
							"lerp_mode": "catmullrom"
						},
						"2.2667": {
							"post": [0, -0.01, -0.07],
							"lerp_mode": "catmullrom"
						},
						"2.3333": {
							"post": [0, 0, -0.01],
							"lerp_mode": "catmullrom"
						},
						"2.4333": {
							"post": [0, 0, 0],
							"lerp_mode": "catmullrom"
						}
					}
				},
				"additional_magazine": {
					"rotation": {
						"1.0": [0, 0, 0],
						"1.1333": [0, 0, 60],
						"1.4667": [0, 0, 60],
						"1.6667": [0, 0, 0]
					},
					"position": {
						"0.8667": [0, 0, 0],
						"1.0": [0, -7, 1],
						"1.1333": [3, -7, 0],
						"1.2333": [3, -5, 0],
						"1.2667": [3, -5, 0],
						"1.3333": [3, -1, 0],
						"1.4667": [3, -1, 0],
						"1.6667": [10, -14, 12]
					}
				},
				"mag_and_hand": {
					"rotation": {
						"0.0": [0, 0, 0],
						"0.3": [0, 0, -60],
						"0.7333": [-25, 0, -60],
						"1.0": [-25, 0, -60],
						"1.1333": [5, 0, 0],
						"1.2667": [5, 0, 0],
						"1.3333": [0, 0, 0]
					},
					"position": {
						"0.0": [0, 0, 0],
						"0.3": [4, -16, 18],
						"0.7333": [6, 1, -2],
						"0.8667": [6, 1, -2],
						"1.0": [6, -5, -2],
						"1.1333": [0, -5, 2],
						"1.2333": [0, -3.5, 1.285],
						"1.2667": [0, -3.5, 1.285],
						"1.3333": [0, 0, 0]
					}
				},
				"mag_and_bullet": {
					"rotation": {
						"0.0": [0, 0, 0],
						"0.3": [0, 0, 0]
					},
					"position": {
						"0.0": [0, -19, 18],
						"0.3": [0, 0, 0]
					}
				},
				"camera": {
					"rotation": {
						"0.0": {
							"post": [0, 0, 0],
							"lerp_mode": "catmullrom"
						},
						"0.1667": {
							"post": [0.35, 0.06, -0.16],
							"lerp_mode": "catmullrom"
						},
						"0.3667": {
							"post": [1.54, 0.13, -1.12],
							"lerp_mode": "catmullrom"
						},
						"0.4667": {
							"post": [1.28, 0.28, -0.9],
							"lerp_mode": "catmullrom"
						},
						"0.7": {
							"post": [1.65, -0.04, -1.19],
							"lerp_mode": "catmullrom"
						},
						"0.9333": {
							"post": [1.58, 0.01, -0.92],
							"lerp_mode": "catmullrom"
						},
						"0.9667": {
							"post": [2.47, -0.25, -0.36],
							"lerp_mode": "catmullrom"
						},
						"1.1": {
							"post": [1.82, -0.28, -1.27],
							"lerp_mode": "catmullrom"
						},
						"1.2333": {
							"post": [1.89, -0.19, -0.67],
							"lerp_mode": "catmullrom"
						},
						"1.3333": {
							"post": [1.99, -0.07, -0.92],
							"lerp_mode": "catmullrom"
						},
						"1.3667": {
							"post": [2, 0.41, -2.07],
							"lerp_mode": "catmullrom"
						},
						"1.4667": {
							"post": [2.81, -0.475, -0.38],
							"lerp_mode": "catmullrom"
						},
						"1.5333": {
							"post": [1.77, -0.14, -1.42],
							"lerp_mode": "catmullrom"
						},
						"1.7": {
							"post": [2.11, 0.04, -0.94],
							"lerp_mode": "catmullrom"
						},
						"1.8333": {
							"post": [1.55, -0.32, -0.9],
							"lerp_mode": "catmullrom"
						},
						"2.0333": {
							"post": [-0.17, -0.04, 0.2],
							"lerp_mode": "catmullrom"
						},
						"2.1333": {
							"post": [0.16, 0, -0.29],
							"lerp_mode": "catmullrom"
						},
						"2.1667": {
							"post": [-0.03, 0, -0.05],
							"lerp_mode": "catmullrom"
						},
						"2.3": {
							"post": [-0.08, 0, 0.06],
							"lerp_mode": "catmullrom"
						},
						"2.3333": {
							"post": [0, 0, 0],
							"lerp_mode": "catmullrom"
						}
					}
				}
			},
			"sound_effects": {
				"0.0": {
					"effect": "ccrp:apc9k/p43_sm_acharlie9_reload_branched_smag_raise"
				},
				"0.6333": {
					"effect": "ccrp:apc9k/p43_sm_acharlie9_reload_fast_mvmnt"
				},
				"0.8667": {
					"effect": "ccrp:apc9k/p43_sm_acharlie9_reload_fast_magout"
				},
				"1.2": {
					"effect": "ccrp:apc9k/p43_sm_acharlie9_reload_magin"
				},
				"1.6667": {
					"effect": "ccrp:apc9k/p43_sm_acharlie9_reload_end"
				}
			}
		},
		"reload_empty": {
			"animation_length": 2.9,
			"bones": {
				"lefthand": {
					"rotation": {
						"0.0": [104.41741, -8.06723, -198.01172],
						"0.3667": [104.42, -8.07, -198.01],
						"1.4333": [104.42, -8.07, -198.01],
						"1.6667": [104.9965, 36.68091, -271.12025],
						"1.7667": [104.9965, 36.68091, -271.12025],
						"1.9": [116.87416, 58.95619, -307.81876],
						"2.0": [142.485, -3.7, -255.605],
						"2.2": [142.485, -3.7, -255.605],
						"2.4": [104.41741, -8.06723, -198.01172]
					},
					"position": {
						"0.0": [8, -8.3, -6.3],
						"0.3667": [7, -14.3, -3.3],
						"1.4333": [7, -14.3, -3.3],
						"1.5667": [10, -11.3, -5.3],
						"1.6667": [8.555, -5.32, -4.565],
						"1.7667": [8.555, -5.32, -4.565],
						"1.9": [8.56, -5.32, -0.57],
						"1.9333": [9.56, -5.32, 0.43],
						"2.0": [9.56, -8.32, 6.43],
						"2.2": [9.56, -8.32, 6.43],
						"2.4": [8, -8.3, -6.3]
					},
					"scale": [1, 1.5, 1]
				},
				"righthand": {
					"rotation": [97.52832, -355.04288, -179.34574],
					"position": [-6.8, -10, 3],
					"scale": [1, 1.5, 1]
				},
				"constraint": {
					"rotation": [0.05, 0.05, 0.05],
					"position": [0.15, 0.15, 0.5]
				},
				"root": {
					"rotation": {
						"0.0": {
							"post": [0, 0, 0],
							"lerp_mode": "catmullrom"
						},
						"0.1333": {
							"post": [-11, -4, 7.5],
							"lerp_mode": "catmullrom"
						},
						"0.2667": {
							"post": [-11, -4, 7.5],
							"lerp_mode": "catmullrom"
						},
						"0.3333": {
							"post": [-5.17761, -30.09997, -31.36701],
							"lerp_mode": "catmullrom"
						},
						"0.4": {
							"post": [-16.21475, -28.06321, -17.69308],
							"lerp_mode": "catmullrom"
						},
						"0.5": {
							"post": [-12.43387, -29.33676, -25.69149],
							"lerp_mode": "catmullrom"
						},
						"0.7333": {
							"post": [-13.9, -27.42, -23.055],
							"lerp_mode": "catmullrom"
						},
						"0.9": {
							"post": [-14.465, -22.13, -18.255],
							"lerp_mode": "catmullrom"
						},
						"1.1": {
							"post": [-24.85, -18.11, -14.57],
							"lerp_mode": "catmullrom"
						},
						"1.2": {
							"post": [-24.85, -18.11, -14.57],
							"lerp_mode": "catmullrom"
						},
						"1.2333": {
							"post": [-25.96, -17.42, -13.07],
							"lerp_mode": "catmullrom"
						},
						"1.3": {
							"post": [-27.73288, -15.95291, -9.85187],
							"lerp_mode": "catmullrom"
						},
						"1.3667": {
							"post": [-27.49, -17.34, -16.42],
							"lerp_mode": "catmullrom"
						},
						"1.4333": {
							"post": [-25.42462, -17.25725, -12.66779],
							"lerp_mode": "catmullrom"
						},
						"1.5333": {
							"post": [-20.34, -11.89, -8.505],
							"lerp_mode": "catmullrom"
						},
						"1.6667": {
							"post": [-12.67371, -4.05383, -10.20136],
							"lerp_mode": "catmullrom"
						},
						"1.7667": {
							"post": [-6.90147, -2.79179, -12.29892],
							"lerp_mode": "catmullrom"
						},
						"1.8333": {
							"post": [-7.98815, -2.86046, -8.00289],
							"lerp_mode": "catmullrom"
						},
						"1.9": {
							"post": [-8.92894, -3.31832, -6.68533],
							"lerp_mode": "catmullrom"
						},
						"1.9667": {
							"post": [-7.12739, -4.25042, -2.98555],
							"lerp_mode": "catmullrom"
						},
						"2.0": {
							"post": [-8.84, -3.55, -8.17],
							"lerp_mode": "catmullrom"
						},
						"2.0333": {
							"post": [-9.2069, 0.00304, 1.39442],
							"lerp_mode": "catmullrom"
						},
						"2.1": {
							"post": [-8.84267, 0.59908, -8.41704],
							"lerp_mode": "catmullrom"
						},
						"2.2": {
							"post": [-4.34448, 0.52179, 1.58429],
							"lerp_mode": "catmullrom"
						},
						"2.3": {
							"post": [-1.41943, -0.04478, -0.96969],
							"lerp_mode": "catmullrom"
						},
						"2.3667": {
							"post": [0.69, -0.28, -0.65],
							"lerp_mode": "catmullrom"
						},
						"2.4": {
							"post": [2.92, 0.89375, 1.08],
							"lerp_mode": "catmullrom"
						},
						"2.4667": {
							"post": [0.69919, 0.13505, -0.22805],
							"lerp_mode": "catmullrom"
						},
						"2.5333": {
							"post": [0.33125, -0.28125, 1.25],
							"lerp_mode": "catmullrom"
						},
						"2.6333": {
							"post": [0.20625, 0.09375, -0.78125],
							"lerp_mode": "catmullrom"
						},
						"2.7333": {
							"post": [0.0875, 0, 0.46875],
							"lerp_mode": "catmullrom"
						},
						"2.8333": {
							"post": [0, 0, 0],
							"lerp_mode": "catmullrom"
						}
					},
					"position": {
						"0.0": {
							"post": [0, 0, 0],
							"lerp_mode": "catmullrom"
						},
						"0.1": {
							"post": [-1.195, 1.01, -0.805],
							"lerp_mode": "catmullrom"
						},
						"0.2333": {
							"post": [-1.195, 1.01, -0.805],
							"lerp_mode": "catmullrom"
						},
						"0.3": {
							"post": [-0.535, -0.99, -0.53],
							"lerp_mode": "catmullrom"
						},
						"0.4333": {
							"post": [-0.39, -1.405, -0.51],
							"lerp_mode": "catmullrom"
						},
						"0.6667": {
							"post": [-0.235, -0.99, -0.53],
							"lerp_mode": "catmullrom"
						},
						"0.8667": {
							"post": [-0.23, -0.755, -0.53],
							"lerp_mode": "catmullrom"
						},
						"1.1": {
							"post": [-0.23, 0.735, -0.53],
							"lerp_mode": "catmullrom"
						},
						"1.2333": {
							"post": [-0.23, 0.735, -0.53],
							"lerp_mode": "catmullrom"
						},
						"1.2667": {
							"post": [-0.23, -0.435, 0.175],
							"lerp_mode": "catmullrom"
						},
						"1.4667": {
							"post": [-0.23, -0.1, 0.175],
							"lerp_mode": "catmullrom"
						},
						"1.7333": {
							"post": [-0.47, -1.28125, 0.46],
							"lerp_mode": "catmullrom"
						},
						"1.8333": {
							"post": [-0.56375, -1.3675, 0.48375],
							"lerp_mode": "catmullrom"
						},
						"1.9333": {
							"post": [-0.5825, -1.24, 0.30875],
							"lerp_mode": "catmullrom"
						},
						"2.0": {
							"post": [-0.51, -1.3525, -0.64875],
							"lerp_mode": "catmullrom"
						},
						"2.0333": {
							"post": [-0.47, -1.39, -1.6225],
							"lerp_mode": "catmullrom"
						},
						"2.1667": {
							"post": [-0.4225, -1.18, -1.18],
							"lerp_mode": "catmullrom"
						},
						"2.2667": {
							"post": [-0.2875, -1.61875, -1.775],
							"lerp_mode": "catmullrom"
						},
						"2.4": {
							"post": [-0.08, -0.975, -1.43],
							"lerp_mode": "catmullrom"
						},
						"2.5333": {
							"post": [0, -0.175, 0.25625],
							"lerp_mode": "catmullrom"
						},
						"2.6": {
							"post": [0, -0.075, -0.29375],
							"lerp_mode": "catmullrom"
						},
						"2.7": {
							"post": [0, 0, 0.11875],
							"lerp_mode": "catmullrom"
						},
						"2.8": {
							"post": [0, 0, -0.025],
							"lerp_mode": "catmullrom"
						},
						"2.9": {
							"post": [0, 0, 0],
							"lerp_mode": "catmullrom"
						}
					}
				},
				"Bolt": {
					"position": {
						"1.7333": [0, 0, 0],
						"1.9": [0, 0, 4.7],
						"1.9333": [0, 0, 4.7],
						"1.9667": [0, 0, 0]
					}
				},
				"bolt1": {
					"rotation": {
						"1.6667": [0, 0, 0],
						"1.7": [0, -90, 0],
						"1.9667": [0, -90, 0],
						"2.0": [0, 0, 0],
						"2.0333": [0, -14, 0],
						"2.1": [0, 0, 0],
						"2.1333": [0, -4, 0],
						"2.2": [0, 0, 0]
					}
				},
				"additional_magazine": {
					"rotation": {
						"0.2667": [0, 0, 0],
						"0.3667": [0, 0, 0]
					},
					"position": {
						"0.2667": [0, 0, 0],
						"0.3667": [0, -19, 2]
					}
				},
				"mag_and_hand": {
					"rotation": {
						"0.0": [0, 0, 0],
						"0.3667": [0, 0, -60],
						"0.8667": [0, 0, -60],
						"1.0667": [5, 0, 0],
						"1.2": [5, 0, 0],
						"1.2667": [0, 0, 0]
					},
					"position": {
						"0.0": [0, 0, 0],
						"0.3667": [4, -16, 18],
						"0.8667": [4, -16, 18],
						"1.0667": [0, -5, 2],
						"1.1667": [0, -3.5, 1.285],
						"1.2": [0, -3.5, 1.285],
						"1.2667": [0, 0, 0]
					}
				},
				"mag_and_bullet": {
					"rotation": {
						"0.0": [0, 0, 0],
						"0.3667": [0, 0, 0]
					},
					"position": {
						"0.0": [0, -19, 18],
						"0.3667": [0, 0, 0]
					}
				},
				"camera": {
					"rotation": {
						"0.0": {
							"post": [0, 0, 0],
							"lerp_mode": "catmullrom"
						},
						"0.2333": {
							"post": [-1.08, 0, 1.1],
							"lerp_mode": "catmullrom"
						},
						"0.3": {
							"post": [0.885, 0, -0.57],
							"lerp_mode": "catmullrom"
						},
						"0.4": {
							"post": [0.32, 0, 0.215],
							"lerp_mode": "catmullrom"
						},
						"0.5": {
							"post": [0.715, 0, -0.29],
							"lerp_mode": "catmullrom"
						},
						"0.6333": {
							"post": [0.465, 0, 0.16],
							"lerp_mode": "catmullrom"
						},
						"0.8": {
							"post": [0.59, 0, 0.005],
							"lerp_mode": "catmullrom"
						},
						"1.0333": {
							"post": [-0.455, 0, 0.995],
							"lerp_mode": "catmullrom"
						},
						"1.2333": {
							"post": [-0.35, 0, 0.86],
							"lerp_mode": "catmullrom"
						},
						"1.2667": {
							"post": [0.675, 0, -0.42],
							"lerp_mode": "catmullrom"
						},
						"1.3333": {
							"post": [-0.145, 0, 0.17],
							"lerp_mode": "catmullrom"
						},
						"1.4333": {
							"post": [0.415, 0, -0.145],
							"lerp_mode": "catmullrom"
						},
						"1.5333": {
							"post": [-0.165, 0, 0.03],
							"lerp_mode": "catmullrom"
						},
						"1.7": {
							"post": [0.6, 0.5, -0.875],
							"lerp_mode": "catmullrom"
						},
						"1.8333": {
							"post": [0.65, 0.355, -0.55],
							"lerp_mode": "catmullrom"
						},
						"1.9": {
							"post": [0.94, 0.635, 0.375],
							"lerp_mode": "catmullrom"
						},
						"1.9667": {
							"post": [-0.025, 0.855, -0.465],
							"lerp_mode": "catmullrom"
						},
						"2.0": {
							"post": [0.77, -0.04, 0.55],
							"lerp_mode": "catmullrom"
						},
						"2.0667": {
							"post": [1, -0.89, -0.63],
							"lerp_mode": "catmullrom"
						},
						"2.1333": {
							"post": [0.315, -0.315, -0.085],
							"lerp_mode": "catmullrom"
						},
						"2.2333": {
							"post": [0.53, -0.35, -0.395],
							"lerp_mode": "catmullrom"
						},
						"2.3333": {
							"post": [0.7, -0.37, -0.485],
							"lerp_mode": "catmullrom"
						},
						"2.4667": {
							"post": [-0.55625, 0, 0.725],
							"lerp_mode": "catmullrom"
						},
						"2.5667": {
							"post": [0.03125, 0, -0.25],
							"lerp_mode": "catmullrom"
						},
						"2.6333": {
							"post": [-0.025, 0, 0.2375],
							"lerp_mode": "catmullrom"
						},
						"2.7333": {
							"post": [0.03375, 0, -0.095],
							"lerp_mode": "catmullrom"
						},
						"2.8333": {
							"post": [0, 0, 0],
							"lerp_mode": "catmullrom"
						}
					}
				}
			},
			"sound_effects": {
				"0.0": {
					"effect": "ccrp:apc9k/p43_sm_acharlie9_reload_empty_branched_02_raise"
				},
				"0.3": {
					"effect": "ccrp:apc9k/p43_sm_acharlie9_reload_empty_fast_magout"
				},
				"0.5": {
					"effect": "ccrp:apc9k/p43_sm_acharlie9_inspect_empty_smag_raise"
				},
				"0.7": {
					"effect": "tacz:mag_drop_sound/mag_drop_smg_metal_dirt"
				},
				"1.1333": {
					"effect": "ccrp:apc9k/p43_sm_acharlie9_reload_maghit1"
				},
				"1.2667": {
					"effect": "ccrp:apc9k/p43_sm_acharlie9_reload_empty_smag_magin"
				},
				"1.7333": {
					"effect": "ccrp:apc9k/p43_sm_acharlie9_inspect_drum_boltback"
				},
				"1.9333": {
					"effect": "ccrp:apc9k/p43_sm_acharlie9_reload_empty_branched_02_charge"
				},
				"2.1667": {
					"effect": "ccrp:apc9k/p43_sm_acharlie9_reload_empty_end"
				}
			}
		},
		"inspect": {
			"animation_length": 5.8333,
			"bones": {
				"lefthand": {
					"rotation": {
						"0.0": [104.41741, -8.06723, -198.01172],
						"0.1": [104.41741, -8.06723, -198.01172],
						"0.2667": [117.30897, -44.74439, -197.59411],
						"0.4": [92.43286, -42.35775, -144.3706],
						"2.7": [92.43, -42.36, -144.37],
						"2.8667": [98.44949, -9.61778, -170.66904],
						"4.9": [98.45, -9.62, -170.67],
						"5.2": [104.41741, -8.06723, -198.01172]
					},
					"position": {
						"0.0": [8, -8.3, -6.3],
						"0.1": [8, -8.3, -6.3],
						"0.2667": [8.02702, -15.48569, 0.0458],
						"0.4": [9.64611, -20.50474, 7.64554],
						"2.7": [9.65, -20.5, 7.65],
						"2.8667": [6.65, -10.5, 3.65],
						"4.9": [6.65, -10.5, 3.65],
						"5.0333": [9.65, -10.5, 3.65],
						"5.2": [8, -8.3, -6.3]
					},
					"scale": [1, 1.5, 1]
				},
				"righthand": {
					"rotation": {
						"0.0": [97.52832, -355.04288, -179.34574],
						"2.5333": [97.53, -355.04, -179.35],
						"2.7667": [97.53, -355.04, -179.35],
						"3.7667": [97.53, -355.04, -179.35],
						"4.0333": [98.03317, -330.14837, -269.09736],
						"4.1": [98.03317, -330.14837, -269.09736],
						"4.3333": [98.03317, -330.14837, -269.09736],
						"4.4667": [98.03, -330.15, -269.1],
						"4.5": [113.03, -330.15, -269.1],
						"4.6": [113.03, -330.15, -269.1],
						"4.9": [97.52832, -355.04288, -179.34574]
					},
					"position": {
						"0.0": [-6.8, -10, 3],
						"0.1667": [-7.8, -10, 3],
						"2.1667": [-7.8, -10, 3],
						"2.3667": [-6.8, -10, 3],
						"2.5333": [-6.8, -10, 3],
						"2.7667": [-11.8, -15, 11],
						"3.7667": [-11.8, -15, 11],
						"3.8667": [-1.8, -14, 2.5],
						"4.0333": [-3.8, -5, -6],
						"4.1": [-3.8, -5, -6],
						"4.2333": [-3.8, -5, -5],
						"4.3333": [-3.8, -5, -5],
						"4.4667": [-3.8, -5, -5],
						"4.5": [-2.8, -5, -3],
						"4.6": [-2.8, -5, -3],
						"4.7333": [-6.3, -13.5, 2],
						"4.9": [-6.8, -10, 3]
					},
					"scale": [1, 1.5, 1]
				},
				"constraint": {
					"rotation": [0.05, 0.05, 0.05],
					"position": [0.15, 0.15, 0.5]
				},
				"root": {
					"rotation": {
						"0.0": {
							"post": [0, 0, 0],
							"lerp_mode": "catmullrom"
						},
						"0.1": {
							"post": [-0.48222, -10.32879, -10.6371],
							"lerp_mode": "catmullrom"
						},
						"0.2667": {
							"post": [-12.02143, -21.74624, -15.81364],
							"lerp_mode": "catmullrom"
						},
						"0.4": {
							"post": [-22.06647, -29.83395, -18.14592],
							"lerp_mode": "catmullrom"
						},
						"0.6": {
							"post": [-22.29293, -30.26651, -21.07137],
							"lerp_mode": "catmullrom"
						},
						"1.4": {
							"post": [-20.75, -29.705, -22.825],
							"lerp_mode": "catmullrom"
						},
						"1.5": {
							"post": [-14.15, -29.805, -31.995],
							"lerp_mode": "catmullrom"
						},
						"1.6": {
							"post": [-12.60416, -29.86992, -34.1499],
							"lerp_mode": "catmullrom"
						},
						"1.7667": {
							"post": [-15.18377, -30.33668, -30.58822],
							"lerp_mode": "catmullrom"
						},
						"2.0": {
							"post": [-14.54761, -30.56876, -30.19002],
							"lerp_mode": "catmullrom"
						},
						"2.3": {
							"post": [-16.10741, -28.43253, -26.85343],
							"lerp_mode": "catmullrom"
						},
						"2.7": {
							"post": [-27.13548, -12.44221, 3.13677],
							"lerp_mode": "catmullrom"
						},
						"2.9": {
							"post": [-44.99472, 2.94421, 1.59997],
							"lerp_mode": "catmullrom"
						},
						"3.0667": {
							"post": [-44.99472, 2.94421, 1.59997],
							"lerp_mode": "catmullrom"
						},
						"3.2667": {
							"post": [-43.84517, 11.70855, 10.59034],
							"lerp_mode": "catmullrom"
						},
						"3.7": {
							"post": [-46.38171, 13.89055, 12.70305],
							"lerp_mode": "catmullrom"
						},
						"3.8667": {
							"post": [-44.16241, 21.00473, 20.07263],
							"lerp_mode": "catmullrom"
						},
						"4.0": {
							"post": [-53.16, 21, 20.07],
							"lerp_mode": "catmullrom"
						},
						"4.1": {
							"post": [-53.16, 21, 20.07],
							"lerp_mode": "catmullrom"
						},
						"4.2333": {
							"post": [-57.16, 21, 20.07],
							"lerp_mode": "catmullrom"
						},
						"4.4667": {
							"post": [-57.16, 21, 20.07],
							"lerp_mode": "catmullrom"
						},
						"4.5": {
							"post": [-60.98717, 13.37075, 15.06762],
							"lerp_mode": "catmullrom"
						},
						"4.5667": {
							"post": [-62.58274, 19.37939, 18.81386],
							"lerp_mode": "catmullrom"
						},
						"4.6667": {
							"post": [-60.21854, 15.91901, 16.70513],
							"lerp_mode": "catmullrom"
						},
						"4.9667": {
							"post": [-48.07105, 14.18177, 15.68559],
							"lerp_mode": "catmullrom"
						},
						"5.2333": {
							"post": [-2.675, 0.6, 6.7],
							"lerp_mode": "catmullrom"
						},
						"5.3333": {
							"post": [0, 0, 0],
							"lerp_mode": "catmullrom"
						},
						"5.4333": {
							"post": [-0.18955, -0.01562, 1.75184],
							"lerp_mode": "catmullrom"
						},
						"5.5333": {
							"post": [0, 0, -1.25],
							"lerp_mode": "catmullrom"
						},
						"5.6333": {
							"post": [0.01, 0, 0.525],
							"lerp_mode": "catmullrom"
						},
						"5.8": {
							"post": [0, 0, 0],
							"lerp_mode": "catmullrom"
						}
					},
					"position": {
						"0.0": {
							"post": [0, 0, 0],
							"lerp_mode": "catmullrom"
						},
						"0.2": {
							"post": [-0.07, -1.25, -2],
							"lerp_mode": "catmullrom"
						},
						"0.3667": {
							"post": [0.05, 0.6, -2.475],
							"lerp_mode": "catmullrom"
						},
						"0.5": {
							"post": [-0.12, 0.26, -2.23],
							"lerp_mode": "catmullrom"
						},
						"0.7": {
							"post": [-0.135, 0.155, -2.24],
							"lerp_mode": "catmullrom"
						},
						"1.1667": {
							"post": [0, 0.55, -2.3],
							"lerp_mode": "catmullrom"
						},
						"1.4667": {
							"post": [-0.06, 0.68, -2.38],
							"lerp_mode": "catmullrom"
						},
						"1.7": {
							"post": [-0.05, 0.625, -2.575],
							"lerp_mode": "catmullrom"
						},
						"2.1667": {
							"post": [-0.02, 0.76, -2.75],
							"lerp_mode": "catmullrom"
						},
						"2.3": {
							"post": [-0.02, -0.46, -2.75],
							"lerp_mode": "catmullrom"
						},
						"2.4667": {
							"post": [-0.02, -3.105, -0.485],
							"lerp_mode": "catmullrom"
						},
						"2.7": {
							"post": [4.54, 4.75, -7.285],
							"lerp_mode": "catmullrom"
						},
						"2.9": {
							"post": [7.11, -2.565, -5.465],
							"lerp_mode": "catmullrom"
						},
						"3.1333": {
							"post": [7.11, -1.505, -2.75],
							"lerp_mode": "catmullrom"
						},
						"3.3333": {
							"post": [7.14, -0.225, -2.55],
							"lerp_mode": "catmullrom"
						},
						"3.6333": {
							"post": [7.115, -0.21, -2.75],
							"lerp_mode": "catmullrom"
						},
						"3.8": {
							"post": [6.62, 0.835, -2.75],
							"lerp_mode": "catmullrom"
						},
						"4.0": {
							"post": [6.03, 0.84, -2.75],
							"lerp_mode": "catmullrom"
						},
						"4.1": {
							"post": [6.03, 0.84, -2.75],
							"lerp_mode": "catmullrom"
						},
						"4.2": {
							"post": [6.03, 0.3, -2.75],
							"lerp_mode": "catmullrom"
						},
						"4.4333": {
							"post": [6.03, 0.3, -2.75],
							"lerp_mode": "catmullrom"
						},
						"4.5": {
							"post": [6.03, 0.72, -2.75],
							"lerp_mode": "catmullrom"
						},
						"4.6": {
							"post": [6.03, -0.22, -2.75],
							"lerp_mode": "catmullrom"
						},
						"4.7": {
							"post": [6.03, 0.19, -2.75],
							"lerp_mode": "catmullrom"
						},
						"4.8667": {
							"post": [6.03, -1.22, -2.75],
							"lerp_mode": "catmullrom"
						},
						"5.1": {
							"post": [2.26, -3.46, -1.61],
							"lerp_mode": "catmullrom"
						},
						"5.2667": {
							"post": [0, -0.825, -0.79766],
							"lerp_mode": "catmullrom"
						},
						"5.3333": {
							"post": [0.07, -0.54, 0.26016],
							"lerp_mode": "catmullrom"
						},
						"5.4333": {
							"post": [0, -0.2, 0.49063],
							"lerp_mode": "catmullrom"
						},
						"5.5333": {
							"post": [0, -0.1, -0.22109],
							"lerp_mode": "catmullrom"
						},
						"5.6333": {
							"post": [0, 0, 0.03125],
							"lerp_mode": "catmullrom"
						},
						"5.8": {
							"post": [0, 0, 0],
							"lerp_mode": "catmullrom"
						}
					}
				},
				"Bolt": {
					"position": {
						"4.1333": [0, 0, 0],
						"4.2333": [0, 0, 1.04],
						"4.4667": [0, 0, 1.04],
						"4.5": [0, 0, 0]
					}
				},
				"bolt1": {
					"rotation": {
						"4.0333": [0, 0, 0],
						"4.1333": [0, -90, 0],
						"4.5": [0, -90, 0],
						"4.5333": [0, 0, 0]
					}
				},
				"camera": {
					"rotation": {
						"0.0": {
							"post": [0, 0, 0],
							"lerp_mode": "catmullrom"
						},
						"0.2": {
							"post": [0.61, 0, -0.57],
							"lerp_mode": "catmullrom"
						},
						"0.4": {
							"post": [-0.275, 0, -1.04],
							"lerp_mode": "catmullrom"
						},
						"0.5667": {
							"post": [-0.14, 0, -1.04],
							"lerp_mode": "catmullrom"
						},
						"1.3667": {
							"post": [-0.14, 0, -1.04],
							"lerp_mode": "catmullrom"
						},
						"1.5667": {
							"post": [0.255, 0, -0.605],
							"lerp_mode": "catmullrom"
						},
						"1.7": {
							"post": [0.105, 0, -0.68],
							"lerp_mode": "catmullrom"
						},
						"2.2667": {
							"post": [0.11, 0, -0.68],
							"lerp_mode": "catmullrom"
						},
						"2.5": {
							"post": [1.35, -0.665, -1.43],
							"lerp_mode": "catmullrom"
						},
						"2.6667": {
							"post": [-1.015, -0.665, -1.43],
							"lerp_mode": "catmullrom"
						},
						"2.9": {
							"post": [0.485, -0.785, -0.55],
							"lerp_mode": "catmullrom"
						},
						"3.1333": {
							"post": [0.16, -0.79, -1.06],
							"lerp_mode": "catmullrom"
						},
						"3.4": {
							"post": [0.06, -0.78, -1.05],
							"lerp_mode": "catmullrom"
						},
						"3.5667": {
							"post": [0.06, -0.78, -1.05],
							"lerp_mode": "catmullrom"
						},
						"3.8333": {
							"post": [-1.46, -0.78, 0.52],
							"lerp_mode": "catmullrom"
						},
						"4.0667": {
							"post": [-1.635, -0.78, 0.75],
							"lerp_mode": "catmullrom"
						},
						"4.2": {
							"post": [-1.3, -0.78, 0.335],
							"lerp_mode": "catmullrom"
						},
						"4.4667": {
							"post": [-1.3, -0.78, 0.34],
							"lerp_mode": "catmullrom"
						},
						"4.5": {
							"post": [-1.3, 0.23, -1.365],
							"lerp_mode": "catmullrom"
						},
						"4.6333": {
							"post": [-1.3, -1.125, 0.845],
							"lerp_mode": "catmullrom"
						},
						"4.7667": {
							"post": [-1.3, -0.515, -0.18],
							"lerp_mode": "catmullrom"
						},
						"4.9": {
							"post": [-1.3, -0.795, 0.15],
							"lerp_mode": "catmullrom"
						},
						"5.1333": {
							"post": [0.665, 0.28, 0.15],
							"lerp_mode": "catmullrom"
						},
						"5.4": {
							"post": [-0.55625, 0, 0.725],
							"lerp_mode": "catmullrom"
						},
						"5.5": {
							"post": [0.03125, 0, -0.25],
							"lerp_mode": "catmullrom"
						},
						"5.5667": {
							"post": [-0.025, 0, 0.2375],
							"lerp_mode": "catmullrom"
						},
						"5.6667": {
							"post": [0.03375, 0, -0.095],
							"lerp_mode": "catmullrom"
						},
						"5.7667": {
							"post": [0, 0, 0],
							"lerp_mode": "catmullrom"
						}
					}
				}
			},
			"sound_effects": {
				"0.0": {
					"effect": "ccrp:apc9k/p43_sm_acharlie9_inspect_raise"
				},
				"1.3": {
					"effect": "ccrp:apc9k/p43_sm_acharlie9_inspect_mvmnt1"
				},
				"2.1333": {
					"effect": "ccrp:apc9k/p43_sm_acharlie9_inspect_throw"
				},
				"3.6333": {
					"effect": "ccrp:apc9k/p43_sm_acharlie9_inspect_mvmnt2"
				},
				"4.0667": {
					"effect": "ccrp:apc9k/p43_sm_acharlie9_inspect_boltback"
				},
				"4.4": {
					"effect": "ccrp:apc9k/p43_sm_acharlie9_inspect_boltforward"
				},
				"4.7667": {
					"effect": "ccrp:apc9k/p43_sm_acharlie9_inspect_end"
				}
			}
		},
		"inspect_empty": {
			"animation_length": 7.7333,
			"bones": {
				"lefthand": {
					"rotation": {
						"0.0": [104.41741, -8.06723, -198.01172],
						"1.3333": [104.42, -8.07, -198.01],
						"1.5667": [104.42, -8.07, -198.01],
						"2.9333": [104.42, -8.07, -198.01],
						"2.9667": [100.69296, 12.61736, -275.80187],
						"6.3333": [100.69, 12.62, -275.8],
						"6.5667": [104.9965, 36.68091, -271.12025],
						"6.6667": [104.9965, 36.68091, -271.12025],
						"6.8": [116.87416, 58.95619, -307.81876],
						"6.9": [142.485, -3.7, -255.605],
						"7.1": [142.485, -3.7, -255.605],
						"7.3": [104.41741, -8.06723, -198.01172]
					},
					"position": {
						"0.0": [8, -8.3, -6.3],
						"1.3333": [8, -8.3, -6.3],
						"1.5667": [8, -15.3, -3.3],
						"6.3333": [8, -15.3, -3.3],
						"6.4667": [10, -11.3, -5.3],
						"6.5667": [8.555, -5.32, -4.565],
						"6.6667": [8.555, -5.32, -4.565],
						"6.8": [8.56, -5.32, -0.57],
						"6.8333": [9.56, -5.32, 0.43],
						"6.9": [9.56, -8.32, 6.43],
						"7.1": [9.56, -8.32, 6.43],
						"7.3": [8, -8.3, -6.3]
					},
					"scale": [1, 1.5, 1]
				},
				"righthand": {
					"rotation": [97.52832, -355.04288, -179.34574],
					"position": [-6.8, -10, 3],
					"scale": [1, 1.5, 1]
				},
				"constraint": {
					"rotation": [0.05, 0.05, 0.05],
					"position": [0.15, 0.15, 0.5]
				},
				"root": {
					"rotation": {
						"0.0": [0, 0, 0],
						"0.2333": {
							"pre": [-24.79553, 29.91468, 66.28476],
							"post": [-24.79553, 29.91468, 66.28476],
							"lerp_mode": "catmullrom"
						},
						"0.3667": {
							"post": [-28, 25.805, 63.79],
							"lerp_mode": "catmullrom"
						},
						"0.5": {
							"post": [-28.23, 25.51, 63.61],
							"lerp_mode": "catmullrom"
						},
						"0.7": {
							"post": [-28, 25.81, 63.79],
							"lerp_mode": "catmullrom"
						},
						"0.8333": {
							"post": [-30.59112, 23.74323, 57.48835],
							"lerp_mode": "catmullrom"
						},
						"1.0": {
							"post": [-31.31, 26.32, 55.79],
							"lerp_mode": "catmullrom"
						},
						"1.2667": {
							"post": [-31.31, 22.115, 45.695],
							"lerp_mode": "catmullrom"
						},
						"1.6": {
							"post": [-20.64, -9.03, -23.43],
							"lerp_mode": "catmullrom"
						},
						"1.6667": {
							"post": [-20.95609, -8.48865, -21.58843],
							"lerp_mode": "catmullrom"
						},
						"1.8": {
							"post": [-20.29097, -10.08792, -25.87493],
							"lerp_mode": "catmullrom"
						},
						"2.0": {
							"post": [-20.08, -10.82, -25.295],
							"lerp_mode": "catmullrom"
						},
						"2.2333": {
							"post": [-20.12, -11.09, -24.295],
							"lerp_mode": "catmullrom"
						},
						"2.5333": {
							"post": [-21.67726, -8.00946, -4.449],
							"lerp_mode": "catmullrom"
						},
						"2.7333": {
							"post": [-21.67726, -8.00946, 2.696],
							"lerp_mode": "catmullrom"
						},
						"3.0": {
							"post": [-25.51319, 14.27614, 35.00021],
							"lerp_mode": "catmullrom"
						},
						"3.1667": {
							"post": [-25.51, 14.28, 35],
							"lerp_mode": "catmullrom"
						},
						"3.3333": {
							"post": [-25.57128, 16.34327, 38.55318],
							"lerp_mode": "catmullrom"
						},
						"3.3667": {
							"post": [-26.36762, 12.52973, 31.30232],
							"lerp_mode": "catmullrom"
						},
						"3.4667": {
							"post": [-25.27883, 14.70929, 35.93068],
							"lerp_mode": "catmullrom"
						},
						"3.6667": {
							"post": [-25.97788, -15.30495, -15.94263],
							"lerp_mode": "catmullrom"
						},
						"3.8": {
							"post": [-26.64641, -20.48736, -24.03161],
							"lerp_mode": "catmullrom"
						},
						"3.9667": {
							"post": [-27.91288, -17.53495, -22.42763],
							"lerp_mode": "catmullrom"
						},
						"4.1": {
							"post": [-26.64641, -14.36236, -21.38661],
							"lerp_mode": "catmullrom"
						},
						"4.2333": {
							"post": [-26.65, -17.775, -18.205],
							"lerp_mode": "catmullrom"
						},
						"4.4333": {
							"post": [-25.97788, -18.64995, -22.45763],
							"lerp_mode": "catmullrom"
						},
						"4.5": {
							"post": [-26.64641, -18.34236, -20.58661],
							"lerp_mode": "catmullrom"
						},
						"4.8333": {
							"post": [-26.65, -18.34, -20.59],
							"lerp_mode": "catmullrom"
						},
						"4.8667": {
							"post": [-29.304, -20.66153, -24.68397],
							"lerp_mode": "catmullrom"
						},
						"4.9667": {
							"post": [-27.89539, -19.08762, -17.33507],
							"lerp_mode": "catmullrom"
						},
						"5.1": {
							"post": [-24.48, -20.795, -19.04],
							"lerp_mode": "catmullrom"
						},
						"5.3": {
							"post": [-24.48, -20.79, -19.04],
							"lerp_mode": "catmullrom"
						},
						"5.5": {
							"post": [-27.6559, -21.98424, -9.4517],
							"lerp_mode": "catmullrom"
						},
						"5.7667": {
							"post": [-20.12, -11.09, -24.295],
							"lerp_mode": "catmullrom"
						},
						"5.9333": {
							"post": [-20.12, -11.09, -24.295],
							"lerp_mode": "catmullrom"
						},
						"5.9667": {
							"post": [-20.96402, -9.33451, -19.5327],
							"lerp_mode": "catmullrom"
						},
						"6.1": {
							"post": [-18.96, -9.33, -19.53],
							"lerp_mode": "catmullrom"
						},
						"6.1333": {
							"post": [-14.02076, -6.65684, -11.91501],
							"lerp_mode": "catmullrom"
						},
						"6.2333": {
							"post": [-18.46851, -10.29275, -22.41354],
							"lerp_mode": "catmullrom"
						},
						"6.3667": {
							"post": [-19.26067, -8.67232, -17.61319],
							"lerp_mode": "catmullrom"
						},
						"6.5667": {
							"post": [-31.31, 19.435, 39.29],
							"lerp_mode": "catmullrom"
						},
						"6.6667": {
							"post": [-31.31, 26.32, 55.79],
							"lerp_mode": "catmullrom"
						},
						"6.8333": {
							"post": [-29.73155, 26.98249, 59.24966],
							"lerp_mode": "catmullrom"
						},
						"6.8667": {
							"post": [-28.22, 23.235, 53.24],
							"lerp_mode": "catmullrom"
						},
						"6.9667": {
							"post": [-28.975, 26.245, 57.75],
							"lerp_mode": "catmullrom"
						},
						"7.0667": {
							"post": [-28.97, 26.25, 53.245],
							"lerp_mode": "catmullrom"
						},
						"7.1667": {
							"post": [-25.965, 22.495, 42.73],
							"lerp_mode": "catmullrom"
						},
						"7.3": {
							"post": [-8.68375, -0.28125, 1.25],
							"lerp_mode": "catmullrom"
						},
						"7.4": {
							"post": [0.20625, 0.09375, -0.78125],
							"lerp_mode": "catmullrom"
						},
						"7.5": {
							"post": [0.0875, 0, 0.46875],
							"lerp_mode": "catmullrom"
						},
						"7.6": {
							"post": [0, 0, 0],
							"lerp_mode": "catmullrom"
						}
					},
					"position": {
						"0.0": [0, 0, 0],
						"0.1333": {
							"pre": [0.535, 1.665, -1.38],
							"post": [0.535, 1.665, -1.38],
							"lerp_mode": "catmullrom"
						},
						"0.2333": {
							"post": [0.95, 2.805, -2.275],
							"lerp_mode": "catmullrom"
						},
						"0.3667": {
							"post": [0.825, 2.525, -1.71],
							"lerp_mode": "catmullrom"
						},
						"0.7": {
							"post": [0.825, 2.53, -1.71],
							"lerp_mode": "catmullrom"
						},
						"0.8333": {
							"post": [0.825, 2.345, -1.43],
							"lerp_mode": "catmullrom"
						},
						"1.0": {
							"post": [0.825, 2.35, -1.43],
							"lerp_mode": "catmullrom"
						},
						"1.2667": {
							"post": [0.825, 2.35, -1.43],
							"lerp_mode": "catmullrom"
						},
						"1.6": {
							"post": [0, 0.35, -0.185],
							"lerp_mode": "catmullrom"
						},
						"1.6333": {
							"post": [0, -0.385, -0.17],
							"lerp_mode": "catmullrom"
						},
						"1.7333": {
							"post": [0, 0.47, -0.16],
							"lerp_mode": "catmullrom"
						},
						"2.2333": {
							"post": [-0.06, 0.46, -0.08],
							"lerp_mode": "catmullrom"
						},
						"2.5333": {
							"post": [-2.09, 1.23, -0.05],
							"lerp_mode": "catmullrom"
						},
						"2.7333": {
							"post": [-2.09, 1.23, -0.05],
							"lerp_mode": "catmullrom"
						},
						"3.0": {
							"post": [1, 0.35, -1.685],
							"lerp_mode": "catmullrom"
						},
						"3.1667": {
							"post": [1, -0.47, -1.68],
							"lerp_mode": "catmullrom"
						},
						"3.3333": {
							"post": [1, -0.22, -1.68],
							"lerp_mode": "catmullrom"
						},
						"3.3667": {
							"post": [1, 0.35, -1.68],
							"lerp_mode": "catmullrom"
						},
						"3.4333": {
							"post": [1, 0.35, -2.07],
							"lerp_mode": "catmullrom"
						},
						"3.6667": {
							"post": [1, -1.37, 0.455],
							"lerp_mode": "catmullrom"
						},
						"3.8333": {
							"post": [1, -1.37, 1.01],
							"lerp_mode": "catmullrom"
						},
						"3.9667": {
							"post": [1, -1.37, 0.68],
							"lerp_mode": "catmullrom"
						},
						"4.1333": {
							"post": [1, -1.37, 0.975],
							"lerp_mode": "catmullrom"
						},
						"4.2333": {
							"post": [1, -1.37, 0.84],
							"lerp_mode": "catmullrom"
						},
						"4.3333": {
							"post": [1, -1.37, 1.16],
							"lerp_mode": "catmullrom"
						},
						"4.4333": {
							"post": [1, -1.37, 0.93],
							"lerp_mode": "catmullrom"
						},
						"4.5333": {
							"post": [1, -1.37, 0.835],
							"lerp_mode": "catmullrom"
						},
						"4.6667": {
							"post": [1, -1.37, 1.095],
							"lerp_mode": "catmullrom"
						},
						"4.8333": {
							"post": [1, -1.37, 1.1],
							"lerp_mode": "catmullrom"
						},
						"4.8667": {
							"post": [1, -1.37, 0.245],
							"lerp_mode": "catmullrom"
						},
						"4.9333": {
							"post": [1, -1.37, 0.62],
							"lerp_mode": "catmullrom"
						},
						"5.0667": {
							"post": [1, -1.37, 0.305],
							"lerp_mode": "catmullrom"
						},
						"5.3": {
							"post": [1, -1.37, 0.31],
							"lerp_mode": "catmullrom"
						},
						"5.5": {
							"post": [-0.36, -0.555, 0.31],
							"lerp_mode": "catmullrom"
						},
						"5.7667": {
							"post": [-0.06, 0.46, -0.08],
							"lerp_mode": "catmullrom"
						},
						"5.9333": {
							"post": [-0.06, 0.46, -0.08],
							"lerp_mode": "catmullrom"
						},
						"5.9667": {
							"post": [-0.06, 0.67, -0.08],
							"lerp_mode": "catmullrom"
						},
						"6.1": {
							"post": [-0.06, 0.325, -0.08],
							"lerp_mode": "catmullrom"
						},
						"6.1333": {
							"post": [-0.06, -0.28, -0.08],
							"lerp_mode": "catmullrom"
						},
						"6.2": {
							"post": [-0.06, 0.2, -0.08],
							"lerp_mode": "catmullrom"
						},
						"6.3": {
							"post": [-0.06, 0.14, -0.08],
							"lerp_mode": "catmullrom"
						},
						"6.3667": {
							"post": [-0.06, 0.14, -0.08],
							"lerp_mode": "catmullrom"
						},
						"6.5667": {
							"post": [0, 2.35, -1.43],
							"lerp_mode": "catmullrom"
						},
						"6.6667": {
							"post": [0, 2.35, -1.43],
							"lerp_mode": "catmullrom"
						},
						"6.8333": {
							"post": [0, 1.405, -0.075],
							"lerp_mode": "catmullrom"
						},
						"6.9": {
							"post": [0, 1.41, -0.855],
							"lerp_mode": "catmullrom"
						},
						"7.0": {
							"post": [0, 1.41, -0.61],
							"lerp_mode": "catmullrom"
						},
						"7.1667": {
							"post": [0, 1.41, -0.61],
							"lerp_mode": "catmullrom"
						},
						"7.3": {
							"post": [0, -0.175, 0.25625],
							"lerp_mode": "catmullrom"
						},
						"7.3667": {
							"post": [0, -0.075, -0.29375],
							"lerp_mode": "catmullrom"
						},
						"7.4667": {
							"post": [0, 0, 0.11875],
							"lerp_mode": "catmullrom"
						},
						"7.5667": {
							"post": [0, 0, -0.025],
							"lerp_mode": "catmullrom"
						},
						"7.6667": {
							"post": [0, 0, 0],
							"lerp_mode": "catmullrom"
						}
					}
				},
				"Bolt": {
					"position": {
						"3.1667": [0, 0, 0],
						"3.3333": [0, 0, 5],
						"3.3667": [0, 0, 0],
						"3.6333": [0, 0, 0],
						"3.8": [0, 0, 5],
						"3.9333": [0, 0, 0],
						"3.9667": [0, 0, 0],
						"4.1": [0, 0, 5],
						"4.2": [0, 0, 0],
						"4.2333": [0, 0, 0],
						"4.3333": [0, 0, 5],
						"4.4333": [0, 0, 0],
						"4.4667": [0, 0, 0],
						"4.5667": [0, 0, 5],
						"4.8333": [0, 0, 5],
						"4.8667": [0, 0, 0],
						"6.6667": [0, 0, 0],
						"6.8333": [0, 0, 5],
						"6.8667": [0, 0, 0]
					}
				},
				"bolt1": {
					"rotation": {
						"3.1333": [0, 0, 0],
						"3.1667": [0, -90, 0],
						"3.3667": [0, -90, 0],
						"3.4": [0, 0, 0],
						"3.6": [0, 0, 0],
						"3.6333": [0, -90, 0],
						"4.8333": [0, -90, 0],
						"4.8667": [0, 0, 0],
						"4.9": [0, -14, 0],
						"4.9667": [0, 0, 0],
						"6.5667": [0, 0, 0],
						"6.6": [0, -90, 0],
						"6.8667": [0, -90, 0],
						"6.9": [0, 0, 0],
						"6.9333": [0, -14, 0],
						"7.0": [0, 0, 0]
					}
				},
				"bone11": {
					"position": {
						"0.0": [0, 0, 3],
						"3.1667": [0, 0, 3],
						"3.3333": [0, 0, 0],
						"6.8333": [0, 0, 0],
						"6.8667": [0, 0, 3]
					}
				},
				"mag_and_hand": {
					"rotation": {
						"1.6": [0, 0, 0],
						"1.7": [0, 0, 0],
						"1.9333": {
							"pre": [-25.005, 0, 0],
							"post": [-25.005, 0, 0],
							"lerp_mode": "catmullrom"
						},
						"2.2667": {
							"post": [-27.605, 0, 0],
							"lerp_mode": "catmullrom"
						},
						"2.5667": {
							"post": [-61.07447, -20.78764, -46.56389],
							"lerp_mode": "catmullrom"
						},
						"2.9333": {
							"post": [-61.07, -20.79, -46.56],
							"lerp_mode": "catmullrom"
						},
						"3.1667": [-15, 0, -77.5],
						"3.3333": [-32.5, 0, -77.5],
						"3.3667": [-32.72348, -6.3202, -73.45382],
						"3.4333": [-32.72348, -6.3202, -73.45382],
						"3.5333": [-46.16201, -36.01651, -66.26728],
						"3.6333": [-46.16201, -36.01651, -66.26728],
						"3.8": [-55.26424, -10.51674, -44.02812],
						"3.9333": [-32.76, -10.52, -44.03],
						"3.9667": [-32.76, -10.52, -44.03],
						"4.1": [-55.26424, -10.51674, -44.02812],
						"4.2": [-32.76, -10.52, -44.03],
						"4.2333": [-32.76, -10.52, -44.03],
						"4.3333": [-55.26424, -10.51674, -44.02812],
						"4.4333": [-32.76, -10.52, -44.03],
						"4.4667": [-32.76, -10.52, -44.03],
						"4.5667": [-55.26424, -10.51674, -44.02812],
						"4.8333": [-55.26424, -10.51674, -44.02812],
						"4.8667": {
							"pre": [-32.72348, -6.3202, -73.45382],
							"post": [-32.72348, -6.3202, -73.45382],
							"lerp_mode": "catmullrom"
						},
						"5.0": {
							"post": [-32.72348, -6.3202, -73.45382],
							"lerp_mode": "catmullrom"
						},
						"5.2": {
							"post": [-32.72348, -6.3202, -73.45382],
							"lerp_mode": "catmullrom"
						},
						"5.4": {
							"post": [-61.07447, -20.78764, -46.56389],
							"lerp_mode": "catmullrom"
						},
						"5.8": [0, 0, 0],
						"5.8333": [0, 0, 0],
						"5.9667": [2, 0, 0],
						"6.0333": [0, 0, 0],
						"6.1": [0, 0, 0],
						"6.1333": [0, 0, 0]
					},
					"position": {
						"1.6": [0, 0, 0],
						"1.7": [0, -7, 1],
						"1.9333": {
							"pre": [5.97, -1.5, -1.755],
							"post": [5.97, -1.5, -1.755],
							"lerp_mode": "catmullrom"
						},
						"2.2667": {
							"post": [6.52, -1.5, -1.755],
							"lerp_mode": "catmullrom"
						},
						"2.4": {
							"post": [5.7, -1.5, -3.75],
							"lerp_mode": "catmullrom"
						},
						"2.5667": {
							"post": [1.52, -1.5, 6.295],
							"lerp_mode": "catmullrom"
						},
						"2.9333": {
							"post": [1.52, -1.5, 6.3],
							"lerp_mode": "catmullrom"
						},
						"3.1667": [7, 12, -2],
						"3.3333": [7, 12, 0],
						"3.3667": [9, 9, 0],
						"3.4333": [9, 8, 0],
						"3.5333": [6.5, 11.5, -7],
						"3.6333": [6.5, 11.5, -7],
						"3.8": [4, 8.5, -2],
						"3.9333": [4, 8.5, -4.5],
						"3.9667": [4, 8.5, -4.5],
						"4.1": [4, 8.5, -2],
						"4.2": [4, 8.5, -4.5],
						"4.2333": [4, 8.5, -4.5],
						"4.3333": [4, 8.5, -2],
						"4.4333": [4, 8.5, -4.5],
						"4.4667": [4, 8.5, -4.5],
						"4.5667": [4, 8.5, -2],
						"4.8333": [4, 8.5, -2],
						"4.8667": {
							"pre": [9, 8, 3],
							"post": [9, 8, 3],
							"lerp_mode": "catmullrom"
						},
						"5.0": {
							"post": [9, 8, 3],
							"lerp_mode": "catmullrom"
						},
						"5.2": {
							"post": [9, 8, 3],
							"lerp_mode": "catmullrom"
						},
						"5.4": {
							"post": [1.52, -1.5, 6.295],
							"lerp_mode": "catmullrom"
						},
						"5.5667": {
							"post": [5.7, -1.5, -3.75],
							"lerp_mode": "catmullrom"
						},
						"5.8": [0, -7, 1],
						"5.8333": [0, -7, 1],
						"5.9667": [0, -3.595, 1],
						"6.0333": [0, -4.13, 1],
						"6.1": [0, -4.13, 1],
						"6.1333": [0, 0, 0]
					}
				},
				"mag_and_bullet": {
					"scale": {
						"2.8333": [1, 1, 1],
						"2.8667": [0, 0, 0],
						"5.4": [0, 0, 0],
						"5.4333": [1, 1, 1]
					}
				},
				"camera": {
					"rotation": {
						"0.0": {
							"post": [0, 0, 0],
							"lerp_mode": "catmullrom"
						},
						"0.2333": {
							"post": [-1.005, -0.49, 0.905],
							"lerp_mode": "catmullrom"
						},
						"0.4": {
							"post": [-0.92, -0.39, 0.77],
							"lerp_mode": "catmullrom"
						},
						"0.7": {
							"post": [-0.92, -0.39, 0.77],
							"lerp_mode": "catmullrom"
						},
						"0.9": {
							"post": [-0.685, -0.27, 1.005],
							"lerp_mode": "catmullrom"
						},
						"1.0667": {
							"post": [-0.8, -0.33, 0.94],
							"lerp_mode": "catmullrom"
						},
						"1.1667": {
							"post": [-0.8, -0.33, 0.94],
							"lerp_mode": "catmullrom"
						},
						"1.5667": {
							"post": [0.555, 0.32, -0.415],
							"lerp_mode": "catmullrom"
						},
						"1.6333": {
							"post": [0.56, -0.39, 0.65],
							"lerp_mode": "catmullrom"
						},
						"1.7333": {
							"post": [0.56, 0.06, -0.255],
							"lerp_mode": "catmullrom"
						},
						"1.8667": {
							"post": [0.56, 0.1, 0.185],
							"lerp_mode": "catmullrom"
						},
						"2.0667": {
							"post": [0.56, 0.1, 0.05],
							"lerp_mode": "catmullrom"
						},
						"2.2333": {
							"post": [0.56, 0.255, 0.05],
							"lerp_mode": "catmullrom"
						},
						"2.5": {
							"post": [0.56, 1.085, 0.58],
							"lerp_mode": "catmullrom"
						},
						"2.7667": {
							"post": [0.62, 1.085, 0.58],
							"lerp_mode": "catmullrom"
						},
						"3.0333": {
							"post": [1.15, -0.465, -0.265],
							"lerp_mode": "catmullrom"
						},
						"3.3333": {
							"post": [0.875, -0.46, -0.26],
							"lerp_mode": "catmullrom"
						},
						"3.3667": {
							"post": [0.88, 0.385, 0.685],
							"lerp_mode": "catmullrom"
						},
						"3.4667": {
							"post": [0.88, -0.83, -0.55],
							"lerp_mode": "catmullrom"
						},
						"3.5667": {
							"post": [0.88, -0.435, -0.195],
							"lerp_mode": "catmullrom"
						},
						"3.7333": {
							"post": [-0.35, 1.06, 1.25],
							"lerp_mode": "catmullrom"
						},
						"3.7667": {
							"post": [-0.02, 1.07, 0.685],
							"lerp_mode": "catmullrom"
						},
						"3.8": {
							"post": [0.25, 1.05, 1.61],
							"lerp_mode": "catmullrom"
						},
						"3.8667": {
							"post": [-0.505, 1.05, 0.82],
							"lerp_mode": "catmullrom"
						},
						"3.9667": {
							"post": [0.08, 1.05, 1.63],
							"lerp_mode": "catmullrom"
						},
						"4.0333": {
							"post": [-0.105, 1.06, 1.075],
							"lerp_mode": "catmullrom"
						},
						"4.1": {
							"post": [0.14, 1.07, 1.495],
							"lerp_mode": "catmullrom"
						},
						"4.1333": {
							"post": [0.38, 1.08, 1.09],
							"lerp_mode": "catmullrom"
						},
						"4.1667": {
							"post": [0.5, 1.08, 2.04],
							"lerp_mode": "catmullrom"
						},
						"4.2333": {
							"post": [-0.245, 1.08, 0.9],
							"lerp_mode": "catmullrom"
						},
						"4.3333": {
							"post": [0.16, 1.08, 1.36],
							"lerp_mode": "catmullrom"
						},
						"4.3667": {
							"post": [0.12, 1.08, 0.805],
							"lerp_mode": "catmullrom"
						},
						"4.4": {
							"post": [0.08, 1.08, 1.905],
							"lerp_mode": "catmullrom"
						},
						"4.4667": {
							"post": [0.485, 1.08, 1.24],
							"lerp_mode": "catmullrom"
						},
						"4.5333": {
							"post": [-0.53, 1.08, 1.675],
							"lerp_mode": "catmullrom"
						},
						"4.6333": {
							"post": [-0.21, 1.06, 1.38],
							"lerp_mode": "catmullrom"
						},
						"4.8333": {
							"post": [-0.21, 1.06, 1.38],
							"lerp_mode": "catmullrom"
						},
						"4.8667": {
							"post": [-0.21, 1.92, -0.29],
							"lerp_mode": "catmullrom"
						},
						"4.9333": {
							"post": [-0.21, 0.335, 2.23],
							"lerp_mode": "catmullrom"
						},
						"5.0333": {
							"post": [-0.21, 1.515, 0.735],
							"lerp_mode": "catmullrom"
						},
						"5.2333": {
							"post": [-0.21, 0.9, 1.5],
							"lerp_mode": "catmullrom"
						},
						"5.4": {
							"post": [-0.21, 1.06, 1.29],
							"lerp_mode": "catmullrom"
						},
						"5.5667": {
							"post": [0.585, 1.06, 1.795],
							"lerp_mode": "catmullrom"
						},
						"5.8333": {
							"post": [-0.71, 1.06, 0.5],
							"lerp_mode": "catmullrom"
						},
						"5.9667": {
							"post": [-0.34, 1.06, 0.925],
							"lerp_mode": "catmullrom"
						},
						"6.0333": {
							"post": [-0.66, 1.06, 0.53],
							"lerp_mode": "catmullrom"
						},
						"6.1": {
							"post": [-0.34, 1.06, 0.85],
							"lerp_mode": "catmullrom"
						},
						"6.1333": {
							"post": [-0.35, 1.025, 0.86],
							"lerp_mode": "catmullrom"
						},
						"6.1667": {
							"post": [0.675, 1.89, -0.42],
							"lerp_mode": "catmullrom"
						},
						"6.2333": {
							"post": [-0.145, 0.62, 0.17],
							"lerp_mode": "catmullrom"
						},
						"6.3333": {
							"post": [0.415, 1.215, -0.145],
							"lerp_mode": "catmullrom"
						},
						"6.4333": {
							"post": [-0.165, 1.025, 0.03],
							"lerp_mode": "catmullrom"
						},
						"6.6667": {
							"post": [0.27, 1.005, -0.445],
							"lerp_mode": "catmullrom"
						},
						"6.7333": {
							"post": [0.665, 1.08, 0.265],
							"lerp_mode": "catmullrom"
						},
						"6.8": {
							"post": [0.215, 1.07, -1.145],
							"lerp_mode": "catmullrom"
						},
						"6.9": {
							"post": [0.44, 1.05, 0],
							"lerp_mode": "catmullrom"
						},
						"7.0333": {
							"post": [0.27, 1.005, -0.445],
							"lerp_mode": "catmullrom"
						},
						"7.1667": {
							"post": [-0.43, -0.155, -0.345],
							"lerp_mode": "catmullrom"
						},
						"7.3333": {
							"post": [0.26, -0.02, 0.025],
							"lerp_mode": "catmullrom"
						},
						"7.4": {
							"post": [0.42, 0.02, -0.27],
							"lerp_mode": "catmullrom"
						},
						"7.4667": {
							"post": [-0.305, 0.02, 0.405],
							"lerp_mode": "catmullrom"
						},
						"7.5667": {
							"post": [0.19, 0.02, -0.145],
							"lerp_mode": "catmullrom"
						},
						"7.6667": {
							"post": [0, 0, 0],
							"lerp_mode": "catmullrom"
						}
					}
				},
				"bullet": {
					"scale": 0
				}
			},
			"sound_effects": {
				"0.0": {
					"effect": "ccrp:apc9k/p43_sm_acharlie9_inspect_empty_smag_raise"
				},
				"0.6667": {
					"effect": "ccrp:apc9k/p43_sm_acharlie9_inspect_empty_smag_mvmnt1"
				},
				"1.1667": {
					"effect": "ccrp:apc9k/p43_sm_acharlie9_inspect_empty_rotate1"
				},
				"1.5667": {
					"effect": "ccrp:apc9k/p43_sm_acharlie9_inspect_empty_smag_magout"
				},
				"2.2": {
					"effect": "ccrp:apc9k/p43_sm_acharlie9_inspect_empty_smag_mvmnt2"
				},
				"2.5": {
					"effect": "ccrp:apc9k/p43_sm_acharlie9_inspect_empty_smag_rotate2"
				},
				"2.6": {
					"effect": "ccrp:apc9k/p43_sm_acharlie9_inspect_empty_smag_boltcheck"
				},
				"5.2333": {
					"effect": "ccrp:apc9k/p43_sm_acharlie9_inspect_empty_smag_mvmnt1"
				},
				"5.8667": {
					"effect": "ccrp:apc9k/p43_sm_acharlie9_inspect_empty_maghit2"
				},
				"6.1": {
					"effect": "ccrp:apc9k/p43_sm_acharlie9_inspect_empty_smag_magin"
				},
				"6.6667": {
					"effect": "ccrp:apc9k/p43_sm_acharlie9_inspect_boltback"
				},
				"6.7667": {
					"effect": "ccrp:apc9k/p43_sm_acharlie9_inspect_boltforward"
				},
				"6.9667": {
					"effect": "ccrp:apc9k/p43_sm_acharlie9_inspect_empty_smag_end"
				}
			}
		}
	}
}