{
	"format_version": "1.8.0",
	"animations": {
		"static_idle": {
			"animation_length": 0.1,
			"bones": {
				"lefthand": {
					"rotation": [107.69108, -32.75736, -156.00452],
					"position": [8.2, -11.9, -2.2],
					"scale": [1, 1.5, 1]
				},
				"righthand": {
					"rotation": [89.49625, 6.99973, -180.06139],
					"position": [-6.85, -14.075, 8.775],
					"scale": [1, 1.5, 1]
				},
				"refit_view": {
					"position": [0, -1, 11]
				},
				"constraint": {
					"rotation": [0.2, 0.1, 0.2],
					"position": [0.2, 0.2, 0.4]
				}
			}
		},
		"static_bolt_caught": {
			"loop": true,
			"bones": {
				"holdrelease": {
					"rotation": [0, 0, 15]
				},
				"bolt": {
					"position": [0, 0, 4.495]
				},
				"bullet": {
					"scale": 0
				}
			}
		},
		"draw": {
			"animation_length": 0.7333,
			"bones": {
				"lefthand": {
					"rotation": [107.69108, -32.75736, -156.00452],
					"position": [8.2, -11.9, -2.2],
					"scale": [1, 1.5, 1]
				},
				"righthand": {
					"rotation": [89.49625, 6.99973, -180.06139],
					"position": [-6.85, -14.075, 8.775],
					"scale": [1, 1.5, 1]
				},
				"root": {
					"rotation": {
						"0.0": {
							"post": [0.811, -32.64455, 33.95463],
							"lerp_mode": "catmullrom"
						},
						"0.1": {
							"post": [5.88301, -29.75023, 5.08656],
							"lerp_mode": "catmullrom"
						},
						"0.2667": {
							"post": [0.28514, -4.44535, -0.52252],
							"lerp_mode": "catmullrom"
						},
						"0.3667": {
							"post": [-0.8526, -0.39013, -4.13439],
							"lerp_mode": "catmullrom"
						},
						"0.4333": {
							"post": [-0.01, -0.435, -0.76],
							"lerp_mode": "catmullrom"
						},
						"0.5": {
							"post": [1.01337, -0.38036, -1.29904],
							"lerp_mode": "catmullrom"
						},
						"0.6333": {
							"post": [0, 0.25, -1.25],
							"lerp_mode": "catmullrom"
						},
						"0.7333": {
							"post": [0, 0, 0],
							"lerp_mode": "catmullrom"
						}
					},
					"position": {
						"0.0": {
							"post": [-3.18, -5.58, 13.525],
							"lerp_mode": "catmullrom"
						},
						"0.1": {
							"post": [-0.9, -2.45, 2.7],
							"lerp_mode": "catmullrom"
						},
						"0.2333": {
							"post": [-0.25, -0.9425, -1.14],
							"lerp_mode": "catmullrom"
						},
						"0.3": {
							"post": [-0.03, -0.3025, -0.8],
							"lerp_mode": "catmullrom"
						},
						"0.4": {
							"post": [-0.03, -0.1475, -0.145],
							"lerp_mode": "catmullrom"
						},
						"0.5": {
							"post": [-0.01, -0.2, 0.065],
							"lerp_mode": "catmullrom"
						},
						"0.5667": {
							"post": [0, -0.08125, 0],
							"lerp_mode": "catmullrom"
						},
						"0.7333": {
							"post": [0, 0, 0],
							"lerp_mode": "catmullrom"
						}
					}
				},
				"camera": {
					"rotation": {
						"0.0": {
							"post": [0, 0, 0],
							"lerp_mode": "catmullrom"
						},
						"0.1667": {
							"post": [0.45, -0.175, 0.6],
							"lerp_mode": "catmullrom"
						},
						"0.4": {
							"post": [-0.1, 0.05, -0.175],
							"lerp_mode": "catmullrom"
						},
						"0.5": {
							"post": [0.05, 0, 0.05],
							"lerp_mode": "catmullrom"
						},
						"0.6667": {
							"post": [0, 0, 0],
							"lerp_mode": "catmullrom"
						}
					}
				}
			},
			"sound_effects": {
				"0.0667": {
					"effect": "tacz:scar_h/p05_ar_schotel_reload_raise"
				}
			}
		},
		"put_away": {
			"animation_length": 0.4333,
			"bones": {
				"lefthand": {
					"rotation": {
						"0.0": [107.69108, -32.75736, -156.00452],
						"0.1333": [169.13843, 3.15772, -219.72112],
						"0.2667": [168.76095, 1.2363, -229.54249]
					},
					"position": {
						"0.0": [8.2, -11.9, -2.2],
						"0.0667": [8.66185, -10.53957, -1.25509],
						"0.1333": [8.08317, -8.39052, 0.52034],
						"0.2667": [8.08317, -8.39052, 0.52034]
					},
					"scale": [1, 1.5, 1]
				},
				"righthand": {
					"rotation": [89.49625, 6.99973, -180.06139],
					"position": [-6.85, -14.075, 8.775],
					"scale": [1, 1.5, 1]
				},
				"root": {
					"rotation": {
						"0.0": {
							"post": [0, 0, 0],
							"lerp_mode": "catmullrom"
						},
						"0.0667": {
							"post": [-0.51171, -3.6801, -4.19401],
							"lerp_mode": "catmullrom"
						},
						"0.1667": {
							"post": [4.36882, -11.73179, -10.29382],
							"lerp_mode": "catmullrom"
						},
						"0.2333": {
							"post": [11.60471, -21.56305, -3.66288],
							"lerp_mode": "catmullrom"
						},
						"0.3333": {
							"post": [16.97, -33.62, 3.38],
							"lerp_mode": "catmullrom"
						},
						"0.4333": {
							"post": [34.73, -44.04, -3.09],
							"lerp_mode": "catmullrom"
						}
					},
					"position": {
						"0.0": {
							"post": [0, 0, 0],
							"lerp_mode": "catmullrom"
						},
						"0.0667": {
							"post": [0, -0.49, -0.02],
							"lerp_mode": "catmullrom"
						},
						"0.1667": {
							"post": [-0.52, -1.47, -0.56],
							"lerp_mode": "catmullrom"
						},
						"0.2333": {
							"post": [-0.36, -2.92, -0.84],
							"lerp_mode": "catmullrom"
						},
						"0.3333": {
							"post": [0.13, -5.86, -0.16],
							"lerp_mode": "catmullrom"
						},
						"0.4333": {
							"post": [1.72, -9.68, 0.16],
							"lerp_mode": "catmullrom"
						}
					}
				},
				"camera": {
					"rotation": {
						"0.0": {
							"post": [0, 0, 0],
							"lerp_mode": "catmullrom"
						},
						"0.1333": {
							"post": [0.35, 0.025, -0.225],
							"lerp_mode": "catmullrom"
						},
						"0.3": {
							"post": [0.1, 0.025, 0.075],
							"lerp_mode": "catmullrom"
						},
						"0.4333": {
							"post": [0, 0, 0],
							"lerp_mode": "catmullrom"
						}
					}
				}
			},
			"sound_effects": {
				"0.0333": {
					"effect": "tacz:scar_h/p05_ar_schotel_ubgl_drop_rattle"
				}
			}
		},
		"reload_tactical": {
			"animation_length": 2.1333,
			"bones": {
				"lefthand": {
					"rotation": {
						"0.0": [107.69, -32.76, -156],
						"0.0333": [101.5, -26.45, -142.36],
						"0.0667": [95.31, -20.14, -128.72],
						"0.1667": [89.12, -13.83, -165.615],
						"0.2333": [81.91402, -29.82929, -185.3176],
						"0.2667": [79.84, -27.56, -181.61],
						"0.3333": [79.84, -27.56, -181.61],
						"0.4": [79.84, -27.56, -181.61],
						"0.4667": [79.84, -27.56, -181.61],
						"0.5333": [74.57418, -33.33029, -185.39054],
						"0.5667": [79.84, -27.56, -186.61],
						"0.6333": [79.84, -27.56, -186.61],
						"0.7333": [79.84, -27.56, -186.61],
						"0.8333": [79.84, -27.56, -186.61],
						"0.9333": [79.84, -27.56, -186.61],
						"1.0": [79.84, -27.56, -186.61],
						"1.1": [79.84, -27.56, -186.61],
						"1.2": [79.84, -27.56, -186.61],
						"1.2333": [79.84, -27.56, -186.61],
						"1.3333": [108.59, -27.55, -195.195],
						"1.3667": [137.34, -50.75, -176.75],
						"1.4": [108.59, -27.56, -135.68],
						"1.4667": [79.84, -4.36, -94.61],
						"1.5667": [87.8, -12.47, -112.15],
						"1.6333": [95.75, -20.59, -129.69],
						"1.7": [103.71, -28.7, -147.23],
						"1.7333": [107.69, -32.76, -156]
					},
					"position": {
						"0.0": [8.2, -11.9, -2.2],
						"0.0333": [7.76, -13.25, -1.23],
						"0.0667": [7.31, -14.6, -0.25],
						"0.1667": [7.175, -15.95, 0.72],
						"0.2333": [6.725, -17.3, 1.69],
						"0.2667": [6.505, -17.98, 2.18],
						"0.3333": [6.505, -17.98, 2.18],
						"0.4": [6.505, -17.98, 2.18],
						"0.4667": [6.505, -17.98, 2.18],
						"0.5333": [6.505, -17.98, 2.18],
						"0.5667": [6.505, -17.98, 2.18],
						"0.6333": [6.505, -17.98, 2.18],
						"0.7333": [6.505, -17.98, 2.18],
						"0.8333": [6.505, -17.98, 2.18],
						"0.9333": [6.505, -17.98, 2.18],
						"1.0": [6.505, -17.98, 2.18],
						"1.1": [6.505, -17.98, 2.18],
						"1.2": [6.505, -17.98, 2.18],
						"1.2333": [6.505, -17.98, 2.18],
						"1.3": [6.60625, -21.53, 2.20375],
						"1.4": [11.54954, -26.8681, 19.36755],
						"1.4667": [11.54954, -26.8681, 19.36755],
						"1.6": [13.9, -19.15, 5.08],
						"1.6667": [10.63, -12.75, -1.695],
						"1.7": [9.42, -12.33, -1.95],
						"1.7333": [8.2, -11.9, -2.2]
					},
					"scale": [1, 1.5, 1]
				},
				"righthand": {
					"rotation": [89.49625, 6.99973, -180.06139],
					"position": [-6.85, -14.075, 8.775],
					"scale": [1, 1.5, 1]
				},
				"root": {
					"rotation": {
						"0.0": {
							"post": [0, 0, 0],
							"lerp_mode": "catmullrom"
						},
						"0.1333": {
							"post": [-2.99197, -2.34076, -3.81083],
							"lerp_mode": "catmullrom"
						},
						"0.2": {
							"post": [-12.10904, -4.39175, -10.10819],
							"lerp_mode": "catmullrom"
						},
						"0.2667": {
							"post": [-17.51357, -9.66321, -23.07043],
							"lerp_mode": "catmullrom"
						},
						"0.3333": {
							"post": [-20.3588, -16.36981, -27.14874],
							"lerp_mode": "catmullrom"
						},
						"0.5": {
							"post": [-23.26716, -17.08215, -23.80346],
							"lerp_mode": "catmullrom"
						},
						"0.5667": {
							"post": [-22.36077, -18.03393, -25.78227],
							"lerp_mode": "catmullrom"
						},
						"0.6333": {
							"post": [-20.39921, -17.69747, -27.4484],
							"lerp_mode": "catmullrom"
						},
						"0.7333": {
							"post": [-24.45831, -16.97402, -26.10269],
							"lerp_mode": "catmullrom"
						},
						"0.8667": {
							"post": [-12.13794, -24.50182, -42.53876],
							"lerp_mode": "catmullrom"
						},
						"0.9667": {
							"post": [-14.97138, -22.13872, -42.07099],
							"lerp_mode": "catmullrom"
						},
						"1.0667": {
							"post": [-11.63483, -23.79224, -46.39816],
							"lerp_mode": "catmullrom"
						},
						"1.1333": {
							"post": [-14.44197, -21.04158, -38.09453],
							"lerp_mode": "catmullrom"
						},
						"1.2333": {
							"post": [-9.8835, -20.84489, -45.93793],
							"lerp_mode": "catmullrom"
						},
						"1.3667": {
							"post": [-16.37418, -18.52094, -36.68036],
							"lerp_mode": "catmullrom"
						},
						"1.5": {
							"post": [-21.83321, -13.69606, -25.00946],
							"lerp_mode": "catmullrom"
						},
						"1.6": {
							"post": [-14.77795, -5.04398, -12.78246],
							"lerp_mode": "catmullrom"
						},
						"1.6667": {
							"post": [-9.07234, -1.20567, 6.00913],
							"lerp_mode": "catmullrom"
						},
						"1.7333": {
							"post": [-2.94771, -1.4232, 3.47003],
							"lerp_mode": "catmullrom"
						},
						"1.7667": {
							"post": [0.57324, -1.68438, -0.35369],
							"lerp_mode": "catmullrom"
						},
						"1.8667": {
							"post": [0.96571, -0.96449, -1.20002],
							"lerp_mode": "catmullrom"
						},
						"1.9": {
							"post": [-0.68568, -0.5291, 0.73627],
							"lerp_mode": "catmullrom"
						},
						"1.9667": {
							"post": [-0.01374, 0.22505, -0.42508],
							"lerp_mode": "catmullrom"
						},
						"2.0333": {
							"post": [0, 0.375, -0.05],
							"lerp_mode": "catmullrom"
						},
						"2.1333": {
							"post": [0, 0, 0],
							"lerp_mode": "catmullrom"
						}
					},
					"position": {
						"0.0": {
							"post": [0, 0, 0],
							"lerp_mode": "catmullrom"
						},
						"0.1333": {
							"post": [-0.4, -0.6, 0.775],
							"lerp_mode": "catmullrom"
						},
						"0.2": {
							"post": [-0.595, -0.05, 0.74],
							"lerp_mode": "catmullrom"
						},
						"0.2667": {
							"post": [-0.79, 1.21, 0.53],
							"lerp_mode": "catmullrom"
						},
						"0.3333": {
							"post": [-0.8, 1.65, 0.38],
							"lerp_mode": "catmullrom"
						},
						"0.4333": {
							"post": [-0.67, 1.79, 0.365],
							"lerp_mode": "catmullrom"
						},
						"0.5": {
							"post": [-0.85, 1.325, 0.105],
							"lerp_mode": "catmullrom"
						},
						"0.5333": {
							"post": [-0.85, 1.3, 0.095],
							"lerp_mode": "catmullrom"
						},
						"0.5667": {
							"post": [-0.695, 1.055, 0.105],
							"lerp_mode": "catmullrom"
						},
						"0.6": {
							"post": [-0.95, 1.61, 0.205],
							"lerp_mode": "catmullrom"
						},
						"0.6333": {
							"post": [-1.04, 1.88, 0.365],
							"lerp_mode": "catmullrom"
						},
						"0.7333": {
							"post": [-1.12, 2.005, 0.255],
							"lerp_mode": "catmullrom"
						},
						"0.9": {
							"post": [-1.39, 1.33125, -0.265],
							"lerp_mode": "catmullrom"
						},
						"1.0": {
							"post": [-1.175, 1.4, -0.265],
							"lerp_mode": "catmullrom"
						},
						"1.0667": {
							"post": [-1.165, 1.37375, -0.265],
							"lerp_mode": "catmullrom"
						},
						"1.1": {
							"post": [-0.88, 0.59, -0.045],
							"lerp_mode": "catmullrom"
						},
						"1.1333": {
							"post": [-0.64, 0.375, 0.085],
							"lerp_mode": "catmullrom"
						},
						"1.2": {
							"post": [-0.92, 0.505, -0.315],
							"lerp_mode": "catmullrom"
						},
						"1.3": {
							"post": [-1.16, 0.37, -0.27],
							"lerp_mode": "catmullrom"
						},
						"1.3667": {
							"post": [-0.905, -0.05, -0.165],
							"lerp_mode": "catmullrom"
						},
						"1.5": {
							"post": [-0.995, -0.055, -0.05],
							"lerp_mode": "catmullrom"
						},
						"1.6": {
							"post": [-0.845, -0.05, -1.415],
							"lerp_mode": "catmullrom"
						},
						"1.7": {
							"post": [-0.69, -0.77, -1.325],
							"lerp_mode": "catmullrom"
						},
						"1.7333": {
							"post": [-0.265, -0.8, -1.135],
							"lerp_mode": "catmullrom"
						},
						"1.8": {
							"post": [0.11, -0.73, -0.325],
							"lerp_mode": "catmullrom"
						},
						"1.8667": {
							"post": [0.225, -0.25, 0.35],
							"lerp_mode": "catmullrom"
						},
						"1.9333": {
							"post": [0, 0.025, 0],
							"lerp_mode": "catmullrom"
						},
						"2.0333": {
							"post": [0, 0, 0.03125],
							"lerp_mode": "catmullrom"
						},
						"2.0667": {
							"post": [0, 0, 0],
							"lerp_mode": "catmullrom"
						}
					}
				},
				"mag_and_lh": {
					"rotation": {
						"0.0": [0, 0, 0],
						"0.3333": [-11.23326, 9.82763, -34.99669],
						"0.4": [-2.465, 8.74208, -9.88199],
						"0.4667": [1.50428, 7.94501, -0.60786],
						"0.5667": [1.50428, 7.94501, -0.60786],
						"0.8667": [-5.96737, -0.62604, -5.96737],
						"0.9333": [-3.99454, -0.20917, -2.99271],
						"0.9667": [-2.67, 0, 0],
						"1.0333": [-1.34, 0, 0],
						"1.0667": [0, 0, 0],
						"1.1333": [0, 0, 0]
					},
					"position": {
						"0.0": [0, 0, 0],
						"0.0667": [2.26, -1.28, 1.67],
						"0.1667": [12.975, -5.29, 4.17],
						"0.2333": [13.06, -5.31, 6.67],
						"0.3667": [4.09025, -0.29931, 1.88763],
						"0.4667": [1.525, 1.3, 0.05],
						"0.5667": [1.525, 1.3, 0.05],
						"0.6667": [1.18, -5.375, 0.53],
						"0.7333": [0.88, -6.14, -0.13],
						"0.8": [0.29, -4.555, -1.18],
						"0.8667": [0.35, -3.025, -0.85],
						"0.9333": [0.225, -2.725, -0.4],
						"0.9667": [0, -2.58, -0.27],
						"1.0333": [0, -2.44, -0.14],
						"1.0667": [0, -2.3, 0],
						"1.1333": [0, 0, 0]
					}
				},
				"mag_and_bullet": {
					"scale": {
						"0.0": [0, 0, 0],
						"0.2333": [0, 0, 0],
						"0.2667": [1, 1, 1]
					}
				},
				"additional_magazine": {
					"rotation": {
						"0.5667": [0, 0, 0],
						"0.6333": [0, 0, 0],
						"0.8": [-3.57, 0, 0],
						"0.8667": [-4.97275, -0.52199, -5.97733],
						"1.1333": [-4.97275, -0.52199, -5.97733],
						"1.2333": [0, 0, 0],
						"1.3333": [-9.35922, -0.99971, -29.79397],
						"1.3667": [-34.95125, -9.02338, -56.09321],
						"1.4": [-37.03883, -8.49957, -55.69095]
					},
					"position": {
						"0.5667": [0, 0, 0],
						"0.6333": [0.115, -4.455, 0],
						"0.6667": [-0.38875, -6.05, 0.53],
						"0.7333": [-0.68875, -6.815, -0.13],
						"0.8": [-1.27875, -5.23, -1.18],
						"0.8667": [-1.21875, -3.7, -0.85],
						"0.9333": [-1.34375, -3.4, -0.4],
						"0.9667": [-1.56875, -3.255, -0.27],
						"1.0333": [-1.56875, -3.115, -0.14],
						"1.0667": [-1.56875, -2.975, 0],
						"1.1333": [-1.56875, -0.675, 0],
						"1.2333": [-1.56875, -0.675, 0],
						"1.3": [-1.5, -4.805, -0.14],
						"1.3667": [1.35, -11.21, 10.47],
						"1.4": [1.35, -16.21, 16.47]
					},
					"scale": {
						"0.0": [1, 1, 1],
						"1.4": [1, 1, 1],
						"1.4333": [0, 0, 0]
					}
				},
				"constraint": {
					"rotation": {
						"0.0": [0.2, 0.1, 0.2],
						"0.2": [0.01, 0.01, 0.04],
						"1.5": [0.01, 0.01, 0.04],
						"1.8667": [0.2, 0.1, 0.2]
					},
					"position": {
						"0.0": [0.2, 0.2, 0.4],
						"0.2": [0.05, 0.05, 0.1],
						"1.5": [0.05, 0.05, 0.1],
						"1.8667": [0.2, 0.2, 0.4]
					}
				},
				"camera": {
					"rotation": {
						"0.0": {
							"post": [0, 0, 0],
							"lerp_mode": "catmullrom"
						},
						"0.1333": {
							"post": [-0.32, 0, -0.125],
							"lerp_mode": "catmullrom"
						},
						"0.3667": {
							"post": [2.1, 0.05, -0.8],
							"lerp_mode": "catmullrom"
						},
						"0.5667": {
							"post": [1.625, 0.1, -0.75],
							"lerp_mode": "catmullrom"
						},
						"0.6333": {
							"post": [2.45, 0.1, 0.04],
							"lerp_mode": "catmullrom"
						},
						"0.7": {
							"post": [2.64, 0.1, 0.175],
							"lerp_mode": "catmullrom"
						},
						"0.8333": {
							"post": [1.81, 0.21, -1.36],
							"lerp_mode": "catmullrom"
						},
						"0.9667": {
							"post": [2.225, 0.35, -0.82],
							"lerp_mode": "catmullrom"
						},
						"1.0667": {
							"post": [1.87, 0.475, -1.6],
							"lerp_mode": "catmullrom"
						},
						"1.1333": {
							"post": [3.06, 0.48, -0.62],
							"lerp_mode": "catmullrom"
						},
						"1.1667": {
							"post": [3.185, 0.475, -0.7],
							"lerp_mode": "catmullrom"
						},
						"1.3": {
							"post": [1.925, 0.44, -1.795],
							"lerp_mode": "catmullrom"
						},
						"1.4333": {
							"post": [2.655, 0.31, -0.975],
							"lerp_mode": "catmullrom"
						},
						"1.5667": {
							"post": [2.35, 0.175, -1.525],
							"lerp_mode": "catmullrom"
						},
						"1.8333": {
							"post": [-0.2, 0, 0.35],
							"lerp_mode": "catmullrom"
						},
						"1.9333": {
							"post": [0.3, 0, -0.375],
							"lerp_mode": "catmullrom"
						},
						"2.0333": {
							"post": [-0.05, 0, 0.1],
							"lerp_mode": "catmullrom"
						},
						"2.1": {
							"post": [0, 0, 0],
							"lerp_mode": "catmullrom"
						}
					}
				},
				"mag_release": {
					"position": {
						"0.4667": [0, 0, 0],
						"0.5": [0.125, 0, 0],
						"0.8": [0.125, 0, 0],
						"0.8333": [0, 0, 0],
						"1.0667": [0, 0, 0],
						"1.1": [0.125, 0, 0],
						"1.1667": [0.125, 0, 0],
						"1.2": [0, 0, 0]
					}
				},
				"bullet": {
					"scale": {
						"0.0": [0, 0, 0],
						"0.2": {
							"pre": [0, 0, 0],
							"post": [1, 1, 1]
						}
					}
				}
			},
			"sound_effects": {
				"0.0": {
					"effect": "tacz:scar_h/p05_ar_schotel_reload_raise"
				},
				"0.5": {
					"effect": "tacz:scar_h/p05_ar_schotel_reload_ubgl_magout"
				},
				"0.8": {
					"effect": "tacz:scar_h/p05_ar_schotel_branched_reload_magin"
				},
				"1.2": {
					"effect": "tacz:scar_h/p05_ar_schotel_reload_end"
				}
			}
		},
		"reload_empty": {
			"animation_length": 3.2,
			"bones": {
				"lefthand": {
					"rotation": {
						"0.0": [107.69, -32.76, -156],
						"0.1667": [107.69, -32.76, -156],
						"0.2333": [101.5, -26.45, -142.36],
						"0.3667": [95.31, -20.14, -128.72],
						"0.4667": [102.96331, -4.93952, -188.24826],
						"1.9": [102.96331, -4.93952, -188.24826],
						"2.0333": [141.44126, -25.18258, -182.0373],
						"2.1": [144.23, 3.9, -198.78],
						"2.2333": [144.23, 40.66, -228.855],
						"2.3": [144.23, 40.66, -228.855],
						"2.3667": [147.78, 42.32, -227.415],
						"2.4333": [151.33765, 43.98189, -225.98228],
						"2.5": [144.88073, 39.02831, -251.11327],
						"2.5667": [137.13, -21.42, -219.99],
						"2.6333": [121.31242, -43.18487, -205.60127],
						"2.7": [113.51, -39.33, -179.9],
						"2.7667": [107.69108, -32.75736, -156.00452]
					},
					"position": {
						"0.0": [8.2, -11.9, -2.2],
						"0.1667": [8.2, -11.9, -2.2],
						"0.2333": [7.76, -13.25, -1.23],
						"0.3667": [9.31, -14.6, -0.25],
						"0.4667": [6.87, -18.04, 2.475],
						"1.9": [6.87, -18.04, 2.475],
						"2.0667": [10.21, -11.66, 2.02],
						"2.1667": [9.175, -8.6, 2.955],
						"2.3": [9.175, -8.6, 2.955],
						"2.3667": [9.095, -8.6, 7.61],
						"2.4333": [9.095, -8.6, 7.61],
						"2.5": {
							"pre": [9.705, -11.87, 8.885],
							"post": [9.705, -11.87, 8.885],
							"lerp_mode": "catmullrom"
						},
						"2.6333": {
							"post": [9.9, -15.175, 5.455],
							"lerp_mode": "catmullrom"
						},
						"2.7667": [8.2, -11.9, -2.2]
					},
					"scale": [1, 1.5, 1]
				},
				"righthand": {
					"rotation": [89.49625, 6.99973, -180.06139],
					"position": [-6.85, -14.075, 8.775],
					"scale": [1, 1.5, 1]
				},
				"refit_view": {
					"position": [0, -1, 11]
				},
				"constraint": {
					"rotation": [0.2, 0.1, 0.2],
					"position": [0.2, 0.2, 0.4]
				},
				"root": {
					"rotation": {
						"0.0": [0, 0, 0],
						"0.0667": [2.5, 0, 0],
						"0.3333": {
							"pre": [-18.03206, 19.07438, 54.11088],
							"post": [-18.03206, 19.07438, 54.11088],
							"lerp_mode": "catmullrom"
						},
						"0.4667": [-20.03206, 19.07438, 54.11088],
						"0.6": [-12.79018, 18.451, 57.87469],
						"0.7333": {
							"pre": [-17.63809, -19.43104, -37.29376],
							"post": [-17.63809, -19.43104, -37.29376],
							"lerp_mode": "catmullrom"
						},
						"0.8333": {
							"post": [-13.60349, -19.61843, -45.67858],
							"lerp_mode": "catmullrom"
						},
						"0.9": {
							"post": [-14.725, -11.125, -45.175],
							"lerp_mode": "catmullrom"
						},
						"1.0": {
							"post": [-16.7944, -11.5444, -48.72658],
							"lerp_mode": "catmullrom"
						},
						"1.1333": {
							"post": [-16.7944, -11.5444, -27.72658],
							"lerp_mode": "catmullrom"
						},
						"1.2333": {
							"post": [-19.96369, -10.48434, -17.09425],
							"lerp_mode": "catmullrom"
						},
						"1.4": {
							"post": [-19.37402, -15.30419, -19.57553],
							"lerp_mode": "catmullrom"
						},
						"1.5333": {
							"post": [-12.13794, -13.50182, -17.53876],
							"lerp_mode": "catmullrom"
						},
						"1.6333": {
							"post": [-14.97138, -11.13872, -17.07099],
							"lerp_mode": "catmullrom"
						},
						"1.7333": {
							"post": [-11.63483, -12.79224, -21.39816],
							"lerp_mode": "catmullrom"
						},
						"1.8": {
							"post": [-14.44197, -10.04158, -13.09453],
							"lerp_mode": "catmullrom"
						},
						"1.9": {
							"post": [-9.8835, -9.84489, -20.93793],
							"lerp_mode": "catmullrom"
						},
						"2.0333": {
							"post": [-9.37418, -7.52094, -21.68036],
							"lerp_mode": "catmullrom"
						},
						"2.1667": {
							"post": [-11.1908, -12.26892, -13.49657],
							"lerp_mode": "catmullrom"
						},
						"2.2667": {
							"post": [-11.61388, -5.41404, -8.51897],
							"lerp_mode": "catmullrom"
						},
						"2.3333": {
							"post": [-8.61, -3.465, -9.14],
							"lerp_mode": "catmullrom"
						},
						"2.4": {
							"post": [-8.44778, -2.97641, -5.48697],
							"lerp_mode": "catmullrom"
						},
						"2.4333": {
							"post": [-10.70316, -3.33396, -7.38726],
							"lerp_mode": "catmullrom"
						},
						"2.5": {
							"post": [-8.8364, -0.09288, -0.08099],
							"lerp_mode": "catmullrom"
						},
						"2.5333": {
							"post": [-4.85391, -0.71359, -4.61373],
							"lerp_mode": "catmullrom"
						},
						"2.6": {
							"post": [-1.92838, -2.00642, -10.00104],
							"lerp_mode": "catmullrom"
						},
						"2.7": {
							"post": [-2.86394, -2.24803, -6.49201],
							"lerp_mode": "catmullrom"
						},
						"2.8": {
							"post": [-1.17724, -0.52456, -3.81208],
							"lerp_mode": "catmullrom"
						},
						"2.9": {
							"post": [-1.53169, -1.64259, -5.70459],
							"lerp_mode": "catmullrom"
						},
						"3.0": {
							"post": [-0.27794, 0.48501, -1.00445],
							"lerp_mode": "catmullrom"
						},
						"3.1": {
							"post": [0, 0, 1.25],
							"lerp_mode": "catmullrom"
						},
						"3.2": {
							"post": [0, 0, 0],
							"lerp_mode": "catmullrom"
						}
					},
					"position": {
						"0.0": {
							"post": [0, 0, 0],
							"lerp_mode": "catmullrom"
						},
						"0.0667": {
							"post": [0, -0.555, 0],
							"lerp_mode": "catmullrom"
						},
						"0.2": {
							"post": [0, 2.44, 0],
							"lerp_mode": "catmullrom"
						},
						"0.3667": {
							"post": [-0.31, 2.185, 0.995],
							"lerp_mode": "catmullrom"
						},
						"0.5": {
							"post": [-0.365, 1.725, 1.19],
							"lerp_mode": "catmullrom"
						},
						"0.6333": {
							"post": [0, 1.845, 0.995],
							"lerp_mode": "catmullrom"
						},
						"0.7667": {
							"post": [1.255, 2.18, -1],
							"lerp_mode": "catmullrom"
						},
						"0.9667": {
							"post": [0.835, 1.745, -0.63],
							"lerp_mode": "catmullrom"
						},
						"1.2333": {
							"post": [0.325, 1.99, -0.52],
							"lerp_mode": "catmullrom"
						},
						"1.3667": {
							"post": [0.125, 2.135, -0.5],
							"lerp_mode": "catmullrom"
						},
						"1.5667": {
							"post": [0.085, 1.33125, -0.265],
							"lerp_mode": "catmullrom"
						},
						"1.6667": {
							"post": [0.3, 1.4, -0.265],
							"lerp_mode": "catmullrom"
						},
						"1.7333": {
							"post": [0.31, 1.37375, -0.265],
							"lerp_mode": "catmullrom"
						},
						"1.7667": {
							"post": [0.595, 1.59, -0.045],
							"lerp_mode": "catmullrom"
						},
						"1.8": {
							"post": [0.835, 1.375, 0.085],
							"lerp_mode": "catmullrom"
						},
						"1.8667": {
							"post": [0.555, 1.505, -0.315],
							"lerp_mode": "catmullrom"
						},
						"1.9667": {
							"post": [0.315, 1.37, -0.27],
							"lerp_mode": "catmullrom"
						},
						"2.1333": {
							"post": [0.185, 1.26, -0.34],
							"lerp_mode": "catmullrom"
						},
						"2.2667": {
							"post": [0.17, 0.815, -0.335],
							"lerp_mode": "catmullrom"
						},
						"2.3333": {
							"post": [0.1, 0.645, -0.14],
							"lerp_mode": "catmullrom"
						},
						"2.4": {
							"post": [0.105, 1.115, 0.65],
							"lerp_mode": "catmullrom"
						},
						"2.4333": {
							"post": [0.105, 1.24, 0.375],
							"lerp_mode": "catmullrom"
						},
						"2.5": {
							"post": [0.12, 1.445, -0.165],
							"lerp_mode": "catmullrom"
						},
						"2.5667": {
							"post": [0.14, 0.82, -0.375],
							"lerp_mode": "catmullrom"
						},
						"2.6667": {
							"post": [0.13, 0.32, -1.47],
							"lerp_mode": "catmullrom"
						},
						"2.7667": {
							"post": [-0.25, 0.27, -1.27],
							"lerp_mode": "catmullrom"
						},
						"2.9": {
							"post": [0.095, -0.15, -1.225],
							"lerp_mode": "catmullrom"
						},
						"3.0": {
							"post": [0, -0.175, 0.5],
							"lerp_mode": "catmullrom"
						},
						"3.1": {
							"post": [0, 0, -0.175],
							"lerp_mode": "catmullrom"
						},
						"3.2": {
							"post": [0, 0, 0],
							"lerp_mode": "catmullrom"
						}
					}
				},
				"mag_and_lh": {
					"rotation": {
						"0.0667": [0, 0, 0],
						"0.4": [-11.23326, 9.82763, -34.99669],
						"1.3333": [-11.23326, 9.82763, -34.99669],
						"1.4": [-2.465, 8.74208, -9.88199],
						"1.5": [-5.96737, -0.62604, -5.96737],
						"1.5667": [-3.99454, -0.20917, -2.99271],
						"1.6": [-2.67, 0, 0],
						"1.6667": [-1.34, 0, 0],
						"1.7": [0, 0, 0],
						"1.7667": [0, 0, 0]
					},
					"position": {
						"0.0667": [0, 0, 0],
						"0.1333": [2.26, -1.28, 1.67],
						"0.2333": [12.975, -5.29, 10.17],
						"1.2333": [13.06, -5.31, 12.67],
						"1.3667": [4.09025, -6.29931, 1.88763],
						"1.5": [0.35, -3.025, -0.85],
						"1.5667": [0.225, -2.725, -0.4],
						"1.6": [0, -2.58, -0.27],
						"1.6667": [0, -2.44, -0.14],
						"1.7": [0, -2.3, 0],
						"1.7667": [0, 0, 0]
					}
				},
				"mag_and_bullet": {
					"scale": {
						"0.0": [0, 0, 0],
						"1.0333": [0, 0, 0],
						"1.0667": [1, 1, 1]
					}
				},
				"bolt": {
					"position": {
						"2.3": [0, 0, 4.495],
						"2.3667": [0, 0, 5.17],
						"2.4333": [0, 0, 5.17],
						"2.4667": [0, 0, 0]
					}
				},
				"handle": {
					"rotation": {
						"2.1": [0, 0, 0],
						"2.2333": [0, -90, 0],
						"2.4333": [0, -90, 0],
						"2.4667": [0, 0, 0],
						"2.5333": [0, -15, 0],
						"2.6": [0, 0, 0],
						"2.6667": [0, -5, 0],
						"2.7333": [0, 0, 0]
					}
				},
				"additional_magazine": {
					"rotation": {
						"0.5": [0, 0, 0],
						"0.7333": [0, 0, 0],
						"0.7667": [0, 0, -16],
						"0.9667": [0, 0, -220]
					},
					"position": {
						"0.7333": [0, 0, 0],
						"0.8": [0.77725, -5.93073, -0.66049],
						"0.9": [6.77805, -16.90962, 2.51244],
						"1.0": [8.94083, -31.39223, 8.14017]
					}
				},
				"pull_handle": {
					"rotation": {
						"2.1333": [0, 0, 0],
						"2.2": [0, -90, 0],
						"2.4667": [0, -90, 0],
						"2.5": [0, 0, 0],
						"2.5333": [0, -5.08, 0],
						"2.6333": [0, 0, 0],
						"2.6667": [0, -2.115, 0],
						"2.7333": [0, 0, 0]
					},
					"position": {
						"2.3": [0, 0, 0],
						"2.3667": [0, 0, 4.6],
						"2.4333": [0, 0, 4.6],
						"2.4667": [0, 0, 0]
					}
				},
				"camera": {
					"rotation": {
						"0.0": {
							"post": [0, 0, 0],
							"lerp_mode": "catmullrom"
						},
						"0.2": {
							"post": [0.07, 0.92, 0.97],
							"lerp_mode": "catmullrom"
						},
						"0.3333": {
							"post": [0.32, -0.31, -0.16],
							"lerp_mode": "catmullrom"
						},
						"0.4": {
							"post": [0.775, -0.375, -0.55],
							"lerp_mode": "catmullrom"
						},
						"0.6333": {
							"post": [-0.095, 0.85, 0.625],
							"lerp_mode": "catmullrom"
						},
						"0.7": {
							"post": [-1.215, 0.68, -1.8],
							"lerp_mode": "catmullrom"
						},
						"0.8": {
							"post": [1.44, -0.805, -0.705],
							"lerp_mode": "catmullrom"
						},
						"0.9": {
							"post": [1.575, -0.35, -0.45],
							"lerp_mode": "catmullrom"
						},
						"1.0333": {
							"post": [1.08, 0.475, -0.25],
							"lerp_mode": "catmullrom"
						},
						"1.2333": {
							"post": [1.33, 0.37, -0.67],
							"lerp_mode": "catmullrom"
						},
						"1.4": {
							"post": [1.585, 0.2, -0.6],
							"lerp_mode": "catmullrom"
						},
						"1.6": {
							"post": [2.225, 0.35, -0.82],
							"lerp_mode": "catmullrom"
						},
						"1.7": {
							"post": [1.87, 0.475, -1.6],
							"lerp_mode": "catmullrom"
						},
						"1.7667": {
							"post": [3.06, 0.48, -0.62],
							"lerp_mode": "catmullrom"
						},
						"1.8": {
							"post": [3.185, 0.475, -0.7],
							"lerp_mode": "catmullrom"
						},
						"1.9333": {
							"post": [1.925, 0.44, -1.795],
							"lerp_mode": "catmullrom"
						},
						"2.0667": {
							"post": [2.655, 0.31, -0.975],
							"lerp_mode": "catmullrom"
						},
						"2.2": {
							"post": [2.35, 0.175, -1.525],
							"lerp_mode": "catmullrom"
						},
						"2.4": {
							"post": [1.015, -0.025, -0.3],
							"lerp_mode": "catmullrom"
						},
						"2.4667": {
							"post": [0.99, -0.03, 0.3],
							"lerp_mode": "catmullrom"
						},
						"2.5333": {
							"post": [1.7025, -0.03, -0.735],
							"lerp_mode": "catmullrom"
						},
						"2.6333": {
							"post": [0.875, -0.02, -0.255],
							"lerp_mode": "catmullrom"
						},
						"2.7333": {
							"post": [0.97, -0.01, -0.35],
							"lerp_mode": "catmullrom"
						},
						"2.8": {
							"post": [0.835, 0, -0.25],
							"lerp_mode": "catmullrom"
						},
						"2.8667": {
							"post": [-0.14, 0, 0.2],
							"lerp_mode": "catmullrom"
						},
						"2.9333": {
							"post": [0.175, 0, -0.125],
							"lerp_mode": "catmullrom"
						},
						"3.0333": {
							"post": [-0.075, 0, 0.075],
							"lerp_mode": "catmullrom"
						},
						"3.1667": {
							"post": [0, 0, 0],
							"lerp_mode": "catmullrom"
						}
					}
				},
				"bullet": {
					"scale": {
						"0.0": [0, 0, 0],
						"1.1": {
							"pre": [0, 0, 0],
							"post": [1, 1, 1]
						}
					}
				}
			},
			"sound_effects": {
				"0.0333": {
					"effect": "tacz:scar_l/p05_ar_schotel_inspect_raise"
				},
				"0.6": {
					"effect": "ccrp:basb/p08_br_xmike5_branch_reload_maghit"
				},
				"0.6333": {
					"effect": "ccrp:basb/p08_br_xmike5_branch_reload_magslide"
				},
				"0.6667": {
					"effect": "ccrp:basb/p08_br_xmike5_inspect_empty_magout"
				},
				"0.9667": {
					"effect": "tacz:scar_l/p05_ar_schotel_inspect_rotate"
				},
				"1.4333": {
					"effect": "tacz:scar_l/p05_ar_schotel_branched_reload_magin"
				},
				"2.2": {
					"effect": "tacz:scar_l/p05_ar_schotel_reload_empty_charge"
				},
				"2.6": {
					"effect": "tacz:scar_l/p05_ar_schotel_reload_empty_end"
				}
			}
		},
		"inspect": {
			"animation_length": 6.4333,
			"bones": {
				"lefthand": {
					"rotation": {
						"0.0": [107.69108, -32.75736, -156.00452],
						"0.5667": [107.69, -32.76, -156],
						"0.6333": [128.08811, -40.1746, -185.27454],
						"0.7333": [105.8232, -6.52898, -188.48904],
						"1.4333": [105.8232, -6.52898, -188.48904],
						"1.5333": [105.26546, -11.2276, -175.69156],
						"2.2": [105.26546, -11.2276, -175.69156],
						"2.3": [85.91254, -29.12479, -146.38608],
						"2.4": [80.18215, -22.14489, -111.03692],
						"2.5": [80.18215, -22.14489, -111.03692],
						"2.7667": [80.18, -22.14, -111.04],
						"2.9": [107.69108, -32.75736, -156.00452],
						"3.1333": [93.93306, -36.57376, -132.06704],
						"3.4": [120.55215, 21.50497, -247.32376],
						"3.5667": [120.55215, 21.50497, -247.32376],
						"3.8": [136.67538, 49.4506, -220.67722],
						"3.9667": [127.66758, 48.33991, -229.02651],
						"4.1333": [142.66758, 48.33991, -229.02651],
						"4.2": [129.18, 49.45, -220.68],
						"4.3": {
							"pre": [129.18, 49.45, -220.68],
							"post": [129.18, 49.45, -220.68],
							"lerp_mode": "catmullrom"
						},
						"4.4333": {
							"post": [107.69108, -32.75736, -156.00452],
							"lerp_mode": "catmullrom"
						}
					},
					"position": {
						"0.0": [8.2, -11.9, -2.2],
						"0.5667": [8.2, -11.9, -2.2],
						"0.6667": [10.2, -14.865, 1.8],
						"0.8": [6.525, -17.9, 1.8],
						"1.4667": [6.525, -17.9, 1.8],
						"1.5667": [7.2, -18.9, 1.8],
						"2.2": [7.2, -18.9, 1.8],
						"2.3333": [8.2, -25.9, 1.8],
						"2.4333": [8.2, -25.9, 1.8],
						"2.5": [7.2, -20.9, 1.8],
						"2.7": [7.2, -20.9, 1.8],
						"2.8667": [9.2, -20.9, 1.8],
						"3.2": [8.09, -12.76, -0.15],
						"3.3667": [9.755, -9.9, 1.395],
						"3.5": [9.755, -9.9, 1.395],
						"3.7333": [9.755, -9.9, 3.395],
						"3.9333": [9.735, -9.9, 4.3],
						"4.1667": [9.735, -9.9, 3.8],
						"4.2": [11.735, -9.9, 6.8],
						"4.2667": [11.735, -9.9, 6.8],
						"4.3333": {
							"pre": [9.2, -14.9, 1.8],
							"post": [9.2, -14.9, 1.8],
							"lerp_mode": "catmullrom"
						},
						"4.4667": {
							"post": [8.2, -11.9, -2.2],
							"lerp_mode": "catmullrom"
						}
					},
					"scale": [1, 1.5, 1]
				},
				"righthand": {
					"rotation": {
						"0.0": [89.49625, 6.99973, -180.06139],
						"4.7": [89.5, 7, -180.06],
						"4.8667": [96.17595, -12.94775, -86.66319],
						"4.9667": [96.17595, -12.94775, -86.66319],
						"5.1667": [96.17595, -12.94775, -86.66319],
						"5.3667": [89.49625, 6.99973, -180.06139]
					},
					"position": {
						"0.0": [-6.85, -14.075, 8.775],
						"4.7": [-6.85, -14.07, 8.78],
						"4.8667": [-9.02, -10.045, 10.38],
						"4.9667": [-9.02, -10.045, 10.38],
						"5.0": [-9.02, -10.05, 9.45],
						"5.1": [-9.02, -10.05, 9.45],
						"5.1667": [-9.02, -10.045, 10.205],
						"5.2": [-9.07, -10.33, 10.44],
						"5.2667": [-9.16875, -10.8925, 11.25],
						"5.3667": [-6.87, -13.82, 8.875],
						"5.4333": [-6.87, -13.82, 8.8],
						"5.5667": [-6.85, -14.075, 8.775]
					},
					"scale": [1, 1.5, 1]
				},
				"refit_view": {
					"position": [0, -1, 11]
				},
				"constraint": {
					"rotation": [0.2, 0.1, 0.2],
					"position": [0.2, 0.2, 0.4]
				},
				"root": {
					"rotation": {
						"0.0": [0, 0, 0],
						"0.1": [7.125, -1.56, 0.28],
						"0.3": {
							"pre": [-36, -4, 0],
							"post": [-36, -4, 0],
							"lerp_mode": "catmullrom"
						},
						"0.4667": {
							"post": [-54, -7, -5.055],
							"lerp_mode": "catmullrom"
						},
						"0.5667": {
							"post": [-55.36, -3.265, -0.84],
							"lerp_mode": "catmullrom"
						},
						"0.6667": {
							"post": [-55.09, -7.29, -2.175],
							"lerp_mode": "catmullrom"
						},
						"0.8333": {
							"post": [-54, -9, 0],
							"lerp_mode": "catmullrom"
						},
						"0.9": {
							"post": [-51.65387, -4.97537, 1.47472],
							"lerp_mode": "catmullrom"
						},
						"0.9667": {
							"post": [-49.44982, -16.61651, -7.72101],
							"lerp_mode": "catmullrom"
						},
						"1.0667": {
							"post": [-53.27, -14.595, -8.765],
							"lerp_mode": "catmullrom"
						},
						"1.1667": {
							"post": [-54, -12.705, -7.095],
							"lerp_mode": "catmullrom"
						},
						"1.5667": {
							"post": [-53.9337, -14.10169, -4.67629],
							"lerp_mode": "catmullrom"
						},
						"1.7333": {
							"post": [-59.65, -18.07, -6.87],
							"lerp_mode": "catmullrom"
						},
						"1.8": {
							"post": [-61.65, -18.05, -6.87],
							"lerp_mode": "catmullrom"
						},
						"2.0333": {
							"post": [-57.91, -16.58, -7.11],
							"lerp_mode": "catmullrom"
						},
						"2.0667": {
							"post": [-57.95, -17.98, -6.89],
							"lerp_mode": "catmullrom"
						},
						"2.1": {
							"post": [-55.56387, -14.55537, -5.63528],
							"lerp_mode": "catmullrom"
						},
						"2.1667": {
							"post": [-55.18079, -18.47187, -8.77764],
							"lerp_mode": "catmullrom"
						},
						"2.2667": {
							"post": [-57.18, -18.47, -8.78],
							"lerp_mode": "catmullrom"
						},
						"2.3667": {
							"post": [-57.91, -16.58, -7.11],
							"lerp_mode": "catmullrom"
						},
						"2.4333": {
							"post": [-57.91, -16.58, -7.11],
							"lerp_mode": "catmullrom"
						},
						"2.5": {
							"post": [-66.15323, -13.10425, -5.99381],
							"lerp_mode": "catmullrom"
						},
						"2.6": {
							"post": [-62.04, -17.13, -7.985],
							"lerp_mode": "catmullrom"
						},
						"2.7": {
							"post": [-56.65, -13.845, -5.47],
							"lerp_mode": "catmullrom"
						},
						"2.8": {
							"post": [-57.41, -16.58, -7.11],
							"lerp_mode": "catmullrom"
						},
						"3.0333": {
							"post": [-57.41, -16.58, -7.11],
							"lerp_mode": "catmullrom"
						},
						"3.2667": {
							"post": [-25, 0, 0],
							"lerp_mode": "catmullrom"
						},
						"3.4": {
							"post": [-30, 3.845, 6],
							"lerp_mode": "catmullrom"
						},
						"3.5333": {
							"post": [-38.37001, 6.36814, 17.29463],
							"lerp_mode": "catmullrom"
						},
						"3.7333": {
							"post": [-36.7762, 5.26844, 51.45153],
							"lerp_mode": "catmullrom"
						},
						"3.9667": {
							"post": [-34.02433, 4.50875, 50.2693],
							"lerp_mode": "catmullrom"
						},
						"4.1333": {
							"post": [-33.415, 2.77, 50.54],
							"lerp_mode": "catmullrom"
						},
						"4.2": {
							"post": [-35.77791, 5.76813, 52.63377],
							"lerp_mode": "catmullrom"
						},
						"4.2333": {
							"post": [-29.02, 2.77, 50.07],
							"lerp_mode": "catmullrom"
						},
						"4.3": {
							"post": [-29.55, 2.77, 43.16],
							"lerp_mode": "catmullrom"
						},
						"4.3667": {
							"post": [-28.495, 2.77, 40],
							"lerp_mode": "catmullrom"
						},
						"4.4333": {
							"post": [-27.395, 2.77, 41.62],
							"lerp_mode": "catmullrom"
						},
						"4.5": {
							"post": [-29.02, 2.77, 40.54],
							"lerp_mode": "catmullrom"
						},
						"4.6333": {
							"post": [-27.05184, 5.53189, 37.81698],
							"lerp_mode": "catmullrom"
						},
						"4.9": {
							"post": [-27.59314, 8.76989, 40.44086],
							"lerp_mode": "catmullrom"
						},
						"4.9667": {
							"post": [-27.56818, 8.12712, 40.83541],
							"lerp_mode": "catmullrom"
						},
						"5.0": {
							"post": [-28.08726, 8.1961, 42.30351],
							"lerp_mode": "catmullrom"
						},
						"5.0667": {
							"post": [-28.05023, 8.86876, 41.80194],
							"lerp_mode": "catmullrom"
						},
						"5.1333": {
							"post": [-27.47548, 8.52896, 42.23046],
							"lerp_mode": "catmullrom"
						},
						"5.2667": {
							"post": [-24.84511, 7.85978, 46.72068],
							"lerp_mode": "catmullrom"
						},
						"5.3667": {
							"post": [-23.39383, 5.15097, 41.56594],
							"lerp_mode": "catmullrom"
						},
						"5.5333": {
							"post": [-5.23766, -3.13615, 7.81846],
							"lerp_mode": "catmullrom"
						},
						"5.6333": {
							"post": [1.99535, -0.85991, 0.99261],
							"lerp_mode": "catmullrom"
						},
						"5.7333": {
							"post": [1, -0.43, -2.52],
							"lerp_mode": "catmullrom"
						},
						"5.8": {
							"post": [0, 0, 2.525],
							"lerp_mode": "catmullrom"
						},
						"5.9": {
							"post": [0, 0, -0.7375],
							"lerp_mode": "catmullrom"
						},
						"6.0": {
							"post": [0, 0, -0.53125],
							"lerp_mode": "catmullrom"
						},
						"6.1333": {
							"post": [0, 0, 0],
							"lerp_mode": "catmullrom"
						}
					},
					"position": {
						"0.0": [0, 0, 0],
						"0.1333": [-0.195, -0.955, -0.3],
						"0.3333": {
							"pre": [-1, 6.245, 1.005],
							"post": [-1, 6.245, 1.005],
							"lerp_mode": "catmullrom"
						},
						"0.4667": {
							"post": [-2, 2.71, 2.44],
							"lerp_mode": "catmullrom"
						},
						"0.6333": [-2, 2.93, 2.41],
						"0.7667": {
							"pre": [-2, 2.67, 2.41],
							"post": [-2, 2.67, 2.41],
							"lerp_mode": "catmullrom"
						},
						"0.9": {
							"post": [-2, 2.73859, 2.73],
							"lerp_mode": "catmullrom"
						},
						"1.0333": {
							"post": [-2, 2.475, 2.41],
							"lerp_mode": "catmullrom"
						},
						"1.2": {
							"post": [-2, 2.67, 2.41],
							"lerp_mode": "catmullrom"
						},
						"1.4333": {
							"post": [-2, 2.655, 2.4],
							"lerp_mode": "catmullrom"
						},
						"1.7333": {
							"post": [-3, 3.055, 1.875],
							"lerp_mode": "catmullrom"
						},
						"1.8": {
							"post": [-3, 3.185, 2.07],
							"lerp_mode": "catmullrom"
						},
						"1.9": {
							"post": [-3, 2.925, 1.745],
							"lerp_mode": "catmullrom"
						},
						"2.0": {
							"post": [-3, 2.925, 1.745],
							"lerp_mode": "catmullrom"
						},
						"2.0667": {
							"post": [-3, 3.055, 1.745],
							"lerp_mode": "catmullrom"
						},
						"2.1667": {
							"post": [-3, 2.835, 1.745],
							"lerp_mode": "catmullrom"
						},
						"2.4333": {
							"post": [-3, 2.835, 1.745],
							"lerp_mode": "catmullrom"
						},
						"2.5": {
							"post": [-3, 3.355, 2.48],
							"lerp_mode": "catmullrom"
						},
						"2.6": {
							"post": [-3, 3.04, 2.28],
							"lerp_mode": "catmullrom"
						},
						"2.9": {
							"post": [-2.73, 3.04, 2.28],
							"lerp_mode": "catmullrom"
						},
						"3.0": {
							"post": [-1.77, 1.385, 2.28],
							"lerp_mode": "catmullrom"
						},
						"3.2333": {
							"post": [2.53, -2.31, 1.83],
							"lerp_mode": "catmullrom"
						},
						"3.5": {
							"post": [4, 0.4, 1.48],
							"lerp_mode": "catmullrom"
						},
						"3.6333": {
							"post": [4, 0.4, 1],
							"lerp_mode": "catmullrom"
						},
						"3.8667": {
							"post": [3.87, 0.4, 1.715],
							"lerp_mode": "catmullrom"
						},
						"4.0333": {
							"post": [3.87, 0.4, 1.625],
							"lerp_mode": "catmullrom"
						},
						"4.1333": {
							"post": [3.87, 0.4, 1.715],
							"lerp_mode": "catmullrom"
						},
						"4.2": {
							"post": [4, 0.4, 0.555],
							"lerp_mode": "catmullrom"
						},
						"4.2667": {
							"post": [4, 0.4, 1.03],
							"lerp_mode": "catmullrom"
						},
						"4.3333": {
							"post": [4, 0.4, 0.68],
							"lerp_mode": "catmullrom"
						},
						"4.4": {
							"post": [4, 0.4, 0.415],
							"lerp_mode": "catmullrom"
						},
						"4.4667": {
							"post": [4, 0.4, 0.555],
							"lerp_mode": "catmullrom"
						},
						"4.6333": {
							"post": [4.06, 0.885, -0.255],
							"lerp_mode": "catmullrom"
						},
						"4.9": {
							"post": [3.925, 0.825, -0.525],
							"lerp_mode": "catmullrom"
						},
						"4.9667": {
							"post": [3.945, 0.755, -0.61],
							"lerp_mode": "catmullrom"
						},
						"5.0333": {
							"post": [4.005, 0.655, -0.93],
							"lerp_mode": "catmullrom"
						},
						"5.1333": {
							"post": [4.005, 0.625, -0.795],
							"lerp_mode": "catmullrom"
						},
						"5.3667": {
							"post": [3.95, 0.755, -1.33],
							"lerp_mode": "catmullrom"
						},
						"5.5333": {
							"post": [0.09, -0.95, -2.08],
							"lerp_mode": "catmullrom"
						},
						"5.6667": {
							"post": [0, -0.475, -1.7],
							"lerp_mode": "catmullrom"
						},
						"5.7667": {
							"post": [0, -0.10625, 0.15],
							"lerp_mode": "catmullrom"
						},
						"5.9": {
							"post": [0, 0, -0.11875],
							"lerp_mode": "catmullrom"
						},
						"6.0667": {
							"post": [0, 0, 0],
							"lerp_mode": "catmullrom"
						}
					}
				},
				"mag_and_lh": {
					"rotation": {
						"1.0333": [0, 0, 0],
						"1.1667": {
							"pre": [0, 0, 7.5],
							"post": [0, 0, 7.5],
							"lerp_mode": "catmullrom"
						},
						"1.5333": {
							"post": [0, 0, 5],
							"lerp_mode": "catmullrom"
						},
						"1.6667": [0, 0, 5],
						"1.8": [7.5, 0, 0],
						"1.8667": [2.5, 0, 0],
						"1.9": [2.5, 0, 0],
						"1.9667": [-5, 0, 0],
						"2.0": [0, 0, 0]
					},
					"position": {
						"0.9333": [0, 0, 0],
						"1.0333": {
							"pre": [0, -7, 0],
							"post": [0, -7, 0],
							"lerp_mode": "catmullrom"
						},
						"1.2667": [4, -1, 0],
						"1.4667": [4.3, -1.2, 0],
						"1.6333": {
							"pre": [3.21, -3.215, 0],
							"post": [3.21, -3.215, 0],
							"lerp_mode": "catmullrom"
						},
						"1.7333": [-0.315, -3.37, 0],
						"1.8": [-0.315, -2.93, 0],
						"1.8667": [0, -2.93, 0.095],
						"1.9333": [0, -2.84, 0.01],
						"2.0": [0, -2.31, -0.35],
						"2.0667": [0, 0, 0]
					}
				},
				"bolt": {
					"position": {
						"3.5": [0, 0, 0],
						"3.7333": [0, 0, 2],
						"3.9333": [0, 0, 2.5],
						"4.1667": [0, 0, 2],
						"4.2": [0, 0, 0],
						"4.2667": [0, 0, 0.305],
						"4.3333": [0, 0, 0],
						"4.4": [0, 0, 0.22],
						"4.4667": [0, 0, 0]
					}
				},
				"camera": {
					"rotation": {
						"0.0": {
							"post": [0, 0, 0],
							"lerp_mode": "catmullrom"
						},
						"0.1667": {
							"post": [1.82477, -0.02618, 0.99966],
							"lerp_mode": "catmullrom"
						},
						"0.3667": {
							"post": [-7.18, -0.03, 1],
							"lerp_mode": "catmullrom"
						},
						"0.4333": {
							"post": [-9.18, -0.03, 1],
							"lerp_mode": "catmullrom"
						},
						"0.6": {
							"post": [-7.18, -0.03, 1],
							"lerp_mode": "catmullrom"
						},
						"0.8667": {
							"post": [-7.18, -0.03, 1],
							"lerp_mode": "catmullrom"
						},
						"1.0": {
							"post": [-5.18, -0.03, -1],
							"lerp_mode": "catmullrom"
						},
						"1.1333": {
							"post": [-7.875, -0.03, 0.61],
							"lerp_mode": "catmullrom"
						},
						"1.3": {
							"post": [-7.18, -0.03, 0],
							"lerp_mode": "catmullrom"
						},
						"1.7333": {
							"post": [-7.18, -0.03, 0],
							"lerp_mode": "catmullrom"
						},
						"1.8": {
							"post": [-9.18, -0.03, -2],
							"lerp_mode": "catmullrom"
						},
						"1.9": {
							"post": [-8.18, -0.03, -1],
							"lerp_mode": "catmullrom"
						},
						"2.0": {
							"post": [-9.18, -0.03, -2],
							"lerp_mode": "catmullrom"
						},
						"2.1": {
							"post": [-7.18, -0.03, 1],
							"lerp_mode": "catmullrom"
						},
						"2.2": {
							"post": [-8.18, -0.03, -1],
							"lerp_mode": "catmullrom"
						},
						"2.3": {
							"post": [-7.135, -0.03, 0.395],
							"lerp_mode": "catmullrom"
						},
						"2.4333": {
							"post": [-5.13, -0.03, 2.4],
							"lerp_mode": "catmullrom"
						},
						"2.5": {
							"post": [-7.13, -0.03, -0.6],
							"lerp_mode": "catmullrom"
						},
						"2.6": {
							"post": [-6.17, -0.03, 0.4],
							"lerp_mode": "catmullrom"
						},
						"2.7": {
							"post": [-6.795, -0.03, -0.49],
							"lerp_mode": "catmullrom"
						},
						"2.8333": {
							"post": [-5.79, -0.03, 0.51],
							"lerp_mode": "catmullrom"
						},
						"2.9667": {
							"post": [-1.79, -0.03, 1.51],
							"lerp_mode": "catmullrom"
						},
						"3.1": {
							"post": [6.21, -2.03, 3.51],
							"lerp_mode": "catmullrom"
						},
						"3.2667": {
							"post": [5.21, -2.03, 3.51],
							"lerp_mode": "catmullrom"
						},
						"3.4667": {
							"post": [1.43, 1.27, -0.61],
							"lerp_mode": "catmullrom"
						},
						"3.6": {
							"post": [0.06, 1.87, -0.22],
							"lerp_mode": "catmullrom"
						},
						"3.7": {
							"post": [1.89, 2.275, 0.85],
							"lerp_mode": "catmullrom"
						},
						"3.8667": {
							"post": [1.205, 2.06, 1.57],
							"lerp_mode": "catmullrom"
						},
						"4.0333": {
							"post": [-0.045, 2.05, 2.355],
							"lerp_mode": "catmullrom"
						},
						"4.2333": {
							"post": [1.2, 2.07, 1.91],
							"lerp_mode": "catmullrom"
						},
						"4.2667": {
							"post": [1.59, 2.1, 0.725],
							"lerp_mode": "catmullrom"
						},
						"4.3": {
							"post": [1.855, 2.12, 2.73],
							"lerp_mode": "catmullrom"
						},
						"4.4": {
							"post": [0.805, 2.19, 0.36],
							"lerp_mode": "catmullrom"
						},
						"4.5333": {
							"post": [1.28, 2.225, 1.2],
							"lerp_mode": "catmullrom"
						},
						"4.7": {
							"post": [1.105, 1.725, 1.15],
							"lerp_mode": "catmullrom"
						},
						"4.9667": {
							"post": [1.03, 1.43, 0.89],
							"lerp_mode": "catmullrom"
						},
						"5.0": {
							"post": [1.625, 1.4, 1.32],
							"lerp_mode": "catmullrom"
						},
						"5.0667": {
							"post": [0.75, 1.35, 0.6],
							"lerp_mode": "catmullrom"
						},
						"5.1333": {
							"post": [1, 1.29, 0.74],
							"lerp_mode": "catmullrom"
						},
						"5.4333": {
							"post": [0.88, 0.88, 0.3],
							"lerp_mode": "catmullrom"
						},
						"5.5667": {
							"post": [0.625, 0.25, -0.25],
							"lerp_mode": "catmullrom"
						},
						"5.7": {
							"post": [-0.225, 0, 0.425],
							"lerp_mode": "catmullrom"
						},
						"5.7667": {
							"post": [0.225, 0, -0.45],
							"lerp_mode": "catmullrom"
						},
						"5.8667": {
							"post": [-0.15, 0, 0.125],
							"lerp_mode": "catmullrom"
						},
						"6.0": {
							"post": [0, 0, 0],
							"lerp_mode": "catmullrom"
						}
					}
				},
				"pull_handle": {
					"rotation": {
						"3.3": [0, 0, 1],
						"3.5": [0, -90, 0],
						"4.1667": [0, -90, 0],
						"4.2": [0, 0, 0],
						"4.2667": [0, -15, 0],
						"4.3333": [0, 0, 0],
						"4.4": [0, -5, 0],
						"4.4667": [0, 0, 0]
					},
					"position": {
						"3.5": [0, 0, 0],
						"3.7333": [0, 0, 2],
						"3.9333": [0, 0, 2.5],
						"4.1667": [0, 0, 2],
						"4.2": [0, 0, 0],
						"4.2667": [0, 0, 0.305],
						"4.3333": [0, 0, 0],
						"4.4": [0, 0, 0.22],
						"4.4667": [0, 0, 0]
					}
				},
				"bullet": {
					"scale": 0
				}
			},
			"sound_effects": {
				"0.0": {
					"effect": "tacz:ai_awp/awp_draw"
				},
				"0.7667": {
					"effect": "tacz:scar_l/p05_ar_schotel_inspect_magout"
				},
				"1.7333": {
					"effect": "tacz:scar_l/p05_ar_schotel_reload_empty_magin"
				},
				"2.3333": {
					"effect": "tacz:aug/aug_inspect_maghitwell"
				},
				"2.7667": {
					"effect": "tacz:scar_l/p05_ar_schotel_inspect_rotate"
				},
				"3.5667": {
					"effect": "ccrp:basb/p08_br_xmike5_inspect_boltopen"
				},
				"4.0333": {
					"effect": "ccrp:basb/p08_br_xmike5_inspect_boltrelease"
				},
				"4.9333": {
					"effect": "ccrp:basb/p08_br_xmike5_inspect_button"
				},
				"5.1": {
					"effect": "tacz:scar_l/p05_ar_schotel_inspect_end"
				}
			}
		},
		"inspect_empty": {
			"animation_length": 4.5833,
			"bones": {
				"lefthand": {
					"rotation": {
						"0.0": [107.69108, -32.75736, -156.00452],
						"0.875": [107.69108, -32.75736, -156.00452],
						"1.1667": [120.70949, -3.56286, -194.17486],
						"2.875": [120.71, -3.56, -194.17],
						"3.0833": [101.26496, -18.28825, -197.07368],
						"3.25": [102.43433, -30.52455, -199.88707],
						"3.4583": [101.85565, -31.6009, -145.88105],
						"3.5833": [107.69108, -32.75736, -156.00452]
					},
					"position": {
						"0.0": [8.2, -11.9, -2.2],
						"0.875": [8.2, -11.9, -2.2],
						"1.0": [10.66, -14.49, 0.72],
						"1.1667": [7.215, -16.64, 3.155],
						"3.25": [7.215, -16.64, 3.155],
						"3.4583": [8.44, -12.46, -0.62],
						"3.5833": [8.2, -11.9, -2.2]
					},
					"scale": [1, 1.5, 1]
				},
				"righthand": {
					"rotation": [89.49625, 6.99973, -180.06139],
					"position": [-6.85, -14.075, 8.775],
					"scale": [1, 1.5, 1]
				},
				"refit_view": {
					"position": [0, -1, 11]
				},
				"constraint": {
					"rotation": [0.2, 0.1, 0.2],
					"position": [0.2, 0.2, 0.4]
				},
				"root": {
					"rotation": {
						"0.0": [0, 0, 0],
						"0.2083": {
							"pre": [-24.175, 13.53875, 78.025],
							"post": [-24.175, 13.53875, 78.025],
							"lerp_mode": "catmullrom"
						},
						"0.375": {
							"post": [-23.89373, 14.96896, 80.57586],
							"lerp_mode": "catmullrom"
						},
						"0.5417": {
							"post": [-23.35324, 15.06323, 81.84474],
							"lerp_mode": "catmullrom"
						},
						"0.7917": {
							"post": [-24.09875, 11.75375, 74.295],
							"lerp_mode": "catmullrom"
						},
						"0.875": {
							"post": [-22.5, 4.74, 28.36],
							"lerp_mode": "catmullrom"
						},
						"1.0": {
							"post": [-22.46381, -9.54439, -20.54664],
							"lerp_mode": "catmullrom"
						},
						"1.125": {
							"post": [-21.24967, -13.86767, -28.13263],
							"lerp_mode": "catmullrom"
						},
						"1.2083": {
							"post": [-23.21543, -14.17989, -27.70465],
							"lerp_mode": "catmullrom"
						},
						"1.375": {
							"post": [-24.12927, -13.41628, -26.45424],
							"lerp_mode": "catmullrom"
						},
						"1.4583": {
							"post": [-24.06, -14.85125, -30.6025],
							"lerp_mode": "catmullrom"
						},
						"1.5417": {
							"post": [-24.12927, -13.96628, -27.46674],
							"lerp_mode": "catmullrom"
						},
						"1.6667": {
							"post": [-21.535, -14.02, -29.91],
							"lerp_mode": "catmullrom"
						},
						"2.4583": {
							"post": [-20.895, -15.115, -25.815],
							"lerp_mode": "catmullrom"
						},
						"2.6667": {
							"post": [-20.77, -13.96, -31.05],
							"lerp_mode": "catmullrom"
						},
						"2.9167": {
							"post": [-21.11227, -12.91563, -31.45236],
							"lerp_mode": "catmullrom"
						},
						"3.0": {
							"post": [-24.29, -17.34625, -37.2525],
							"lerp_mode": "catmullrom"
						},
						"3.0417": {
							"post": [-23.85154, -12.50636, -32.39656],
							"lerp_mode": "catmullrom"
						},
						"3.1667": {
							"post": [-20.81, -13.10125, -33.02625],
							"lerp_mode": "catmullrom"
						},
						"3.2917": {
							"post": [-20.58, -5.66, -11.65],
							"lerp_mode": "catmullrom"
						},
						"3.5": {
							"post": [-5.15505, -0.93208, 3.01761],
							"lerp_mode": "catmullrom"
						},
						"3.5833": {
							"post": [-3.63, 2.24125, -3.92],
							"lerp_mode": "catmullrom"
						},
						"3.7083": {
							"post": [-0.79712, 1.52875, -1.1995],
							"lerp_mode": "catmullrom"
						},
						"3.75": {
							"post": [0.595, 0.64, 2.28],
							"lerp_mode": "catmullrom"
						},
						"3.7917": {
							"post": [0.835, 0.19, -0.9525],
							"lerp_mode": "catmullrom"
						},
						"3.9167": {
							"post": [0, 0, 0.73125],
							"lerp_mode": "catmullrom"
						},
						"4.0417": {
							"post": [0, 0, 0],
							"lerp_mode": "catmullrom"
						}
					},
					"position": {
						"0.0": [0, 0, 0],
						"0.2083": {
							"pre": [1.945, 0.6625, -1.19],
							"post": [1.945, 0.6625, -1.19],
							"lerp_mode": "catmullrom"
						},
						"0.375": {
							"post": [2.065, 1.195, -1.395],
							"lerp_mode": "catmullrom"
						},
						"0.5417": {
							"post": [2.195, 1.3175, -1.48],
							"lerp_mode": "catmullrom"
						},
						"0.7083": {
							"post": [1.85, 0.93, -1.42875],
							"lerp_mode": "catmullrom"
						},
						"0.875": {
							"post": [-0.39, -0.745, -0.8],
							"lerp_mode": "catmullrom"
						},
						"1.0417": {
							"post": [-2.01, 1.935, -0.19],
							"lerp_mode": "catmullrom"
						},
						"1.375": {
							"post": [-2.08, 2.025, -0.19],
							"lerp_mode": "catmullrom"
						},
						"1.4167": {
							"post": [-1.965, 1.675, -0.19],
							"lerp_mode": "catmullrom"
						},
						"1.5": {
							"post": [-2.1, 1.695, -0.2],
							"lerp_mode": "catmullrom"
						},
						"1.7083": {
							"post": [-2.18375, 1.895, -0.21],
							"lerp_mode": "catmullrom"
						},
						"2.25": {
							"post": [-2.075, 1.96, -0.2],
							"lerp_mode": "catmullrom"
						},
						"2.9167": {
							"post": [-2.4, 1.935, -0.19],
							"lerp_mode": "catmullrom"
						},
						"2.9583": {
							"post": [-2.4, 1.285, -0.19],
							"lerp_mode": "catmullrom"
						},
						"3.0": {
							"post": [-2.41, 1.155, -0.17],
							"lerp_mode": "catmullrom"
						},
						"3.1667": {
							"post": [-2.4, 1.235, -0.19],
							"lerp_mode": "catmullrom"
						},
						"3.25": {
							"post": [-2.2, 0.325, -0.8],
							"lerp_mode": "catmullrom"
						},
						"3.5": {
							"post": [-0.07, -0.005, -1.71],
							"lerp_mode": "catmullrom"
						},
						"3.625": {
							"post": [0, -0.825, -1.75],
							"lerp_mode": "catmullrom"
						},
						"3.75": {
							"post": [0, 0, 0.5],
							"lerp_mode": "catmullrom"
						},
						"3.875": {
							"post": [0, 0, -0.10625],
							"lerp_mode": "catmullrom"
						},
						"4.0": {
							"post": [0, 0, 0.025],
							"lerp_mode": "catmullrom"
						},
						"4.125": {
							"post": [0, 0, 0],
							"lerp_mode": "catmullrom"
						}
					}
				},
				"mag_and_lh": {
					"rotation": {
						"1.3333": [0, 0, 0],
						"1.4167": [0, 0, 0],
						"1.625": {
							"pre": [-16.31807, -6.39323, 24.5888],
							"post": [-16.31807, -6.39323, 24.5888],
							"lerp_mode": "catmullrom"
						},
						"1.75": {
							"post": [-18.23927, -7.11526, 29.32601],
							"lerp_mode": "catmullrom"
						},
						"1.8333": [-18.37, -7.17, 29.65],
						"2.5": {
							"pre": [-18.37, -7.17, 29.65],
							"post": [-18.37, -7.17, 29.65],
							"lerp_mode": "catmullrom"
						},
						"2.5833": {
							"post": [4.96292, 0.60859, 12.09137],
							"lerp_mode": "catmullrom"
						},
						"2.6667": [1, 0, 0],
						"2.75": [0, 0, 0],
						"2.875": [0, 0, 0],
						"2.9583": [0, 0, 0]
					},
					"position": {
						"1.3333": [0, 0, 0],
						"1.4167": [0, -3, 0],
						"1.5": {
							"pre": [1.98, -5.27, -0.02],
							"post": [1.98, -5.27, -0.02],
							"lerp_mode": "catmullrom"
						},
						"1.625": {
							"post": [3.66159, -3.88317, 0.30066],
							"lerp_mode": "catmullrom"
						},
						"1.75": {
							"post": [4.16402, -3.68544, 0.47573],
							"lerp_mode": "catmullrom"
						},
						"1.8333": [4.2, -3.67, 0.49],
						"2.5": {
							"pre": [4.2, -3.67, 0.49],
							"post": [4.2, -3.67, 0.49],
							"lerp_mode": "catmullrom"
						},
						"2.5833": {
							"post": [0.385, -4.5, -0.225],
							"lerp_mode": "catmullrom"
						},
						"2.6667": [0, -3.7, -0.225],
						"2.75": [0, -3, 0],
						"2.875": [0, -3, 0],
						"2.9583": [0, 0, 0]
					}
				},
				"bolt": {
					"position": [0, 0, 4.495]
				},
				"camera": {
					"rotation": {
						"0.0": {
							"post": [0, 0, 0],
							"lerp_mode": "catmullrom"
						},
						"0.2083": {
							"post": [4.24, 0.05, -0.32],
							"lerp_mode": "catmullrom"
						},
						"0.2917": {
							"post": [4.545, 0.71, -0.365],
							"lerp_mode": "catmullrom"
						},
						"0.4167": {
							"post": [4.56, 1.125, -0.55],
							"lerp_mode": "catmullrom"
						},
						"0.8333": {
							"post": [3.82, 1.95, 0.255],
							"lerp_mode": "catmullrom"
						},
						"1.0833": {
							"post": [3.56, -0.115, 0.82],
							"lerp_mode": "catmullrom"
						},
						"1.1667": {
							"post": [3.56, 0.05, 0.71],
							"lerp_mode": "catmullrom"
						},
						"1.3333": {
							"post": [2.16, 0.35, -0.925],
							"lerp_mode": "catmullrom"
						},
						"1.4167": {
							"post": [3.415, -0.27, -0.125],
							"lerp_mode": "catmullrom"
						},
						"1.5417": {
							"post": [3.375, -1.03, -1.25],
							"lerp_mode": "catmullrom"
						},
						"1.6667": {
							"post": [3.66, -1.75, -0.625],
							"lerp_mode": "catmullrom"
						},
						"2.5417": {
							"post": [3.56, -1.115, 0.82],
							"lerp_mode": "catmullrom"
						},
						"2.625": {
							"post": [3.56, -0.95, 0.71],
							"lerp_mode": "catmullrom"
						},
						"2.7083": {
							"post": [3.62, -1.02, 1.09],
							"lerp_mode": "catmullrom"
						},
						"2.7917": {
							"post": [3.66, -1.14, 0.82],
							"lerp_mode": "catmullrom"
						},
						"2.9583": {
							"post": [3.535, -1.15, 0.975],
							"lerp_mode": "catmullrom"
						},
						"3.0417": {
							"post": [4.09, -1.25, 1.895],
							"lerp_mode": "catmullrom"
						},
						"3.125": {
							"post": [3.24, -1.43, 0.1],
							"lerp_mode": "catmullrom"
						},
						"3.2917": {
							"post": [3.86, -1.44, -0.64],
							"lerp_mode": "catmullrom"
						},
						"3.375": {
							"post": [1.75, -1.23, -0.75],
							"lerp_mode": "catmullrom"
						},
						"3.5": {
							"post": [0.75, -0.6, -0.5],
							"lerp_mode": "catmullrom"
						},
						"3.7083": {
							"post": [-0.125, 0, 0.275],
							"lerp_mode": "catmullrom"
						},
						"3.7917": {
							"post": [0.44, -0.04, -0.25],
							"lerp_mode": "catmullrom"
						},
						"3.9167": {
							"post": [-0.065, -0.02, 0.095],
							"lerp_mode": "catmullrom"
						},
						"4.125": {
							"post": [0, 0, 0],
							"lerp_mode": "catmullrom"
						}
					}
				},
				"bullet": {
					"scale": 0
				}
			},
			"sound_effects": {
				"0.0": {
					"effect": "tacz:scar_l/p05_ar_schotel_inspect_rotate"
				},
				"0.8333": {
					"effect": "tacz:scar_l/p05_ar_schotel_reload_empty_raise"
				},
				"1.0833": {
					"effect": "tacz:scar_l/p05_ar_schotel_reload_empty_magout"
				},
				"2.375": {
					"effect": "tacz:type_81/type_81_inspect_smag_magbump"
				},
				"2.9167": {
					"effect": "tacz:type_81/type_81_reload_fast_empty_magin"
				},
				"3.0417": {
					"effect": "tacz:scar_l/p05_ar_schotel_reload_end"
				}
			}
		},
		"shoot": {
			"loop": true,
			"animation_length": 0.8333,
			"bones": {
				"root": {
					"rotation": {
						"0.0": {
							"post": [0, 0, 0],
							"lerp_mode": "catmullrom"
						},
						"0.0167": {
							"post": [0.92, 0, 1.0175],
							"lerp_mode": "catmullrom"
						},
						"0.0333": {
							"post": [-2.46953, 0, 1.3],
							"lerp_mode": "catmullrom"
						},
						"0.1333": {
							"post": [-0.86953, 0, -0.815],
							"lerp_mode": "catmullrom"
						},
						"0.1833": {
							"post": [-0.125, 0, 0.48281],
							"lerp_mode": "catmullrom"
						},
						"0.25": {
							"post": [0.01641, 0.00036, -0.76172],
							"lerp_mode": "catmullrom"
						},
						"0.35": {
							"post": [0.3, 0, 0.175],
							"lerp_mode": "catmullrom"
						},
						"0.45": {
							"post": [0.37485, -0.36189, -0.1543],
							"lerp_mode": "catmullrom"
						},
						"0.5667": {
							"post": [0.24996, -0.05436, 0.27499],
							"lerp_mode": "catmullrom"
						},
						"0.7167": {
							"post": [-0.01, 0, -0.03],
							"lerp_mode": "catmullrom"
						},
						"0.8333": {
							"post": [0, 0, 0],
							"lerp_mode": "catmullrom"
						}
					},
					"position": {
						"0.0": {
							"post": [0, 0, 0],
							"lerp_mode": "catmullrom"
						},
						"0.0167": {
							"post": [0, -0.26875, 2.1],
							"lerp_mode": "catmullrom"
						},
						"0.0333": {
							"post": [0, 0.03, 2.2875],
							"lerp_mode": "catmullrom"
						},
						"0.1167": {
							"post": [0, -0.05469, 1.40656],
							"lerp_mode": "catmullrom"
						},
						"0.1833": {
							"post": [0, -0.15156, -0.32109],
							"lerp_mode": "catmullrom"
						},
						"0.4": {
							"post": [0, -0.06, 0.02],
							"lerp_mode": "catmullrom"
						},
						"0.5167": {
							"post": [0, 0, 0],
							"lerp_mode": "catmullrom"
						},
						"0.6333": {
							"post": [0, 0, 0],
							"lerp_mode": "catmullrom"
						},
						"0.7667": {
							"post": [0, 0, 0],
							"lerp_mode": "catmullrom"
						}
					}
				},
				"camera": {
					"rotation": {
						"0.0": {
							"post": [0, 0, 0],
							"lerp_mode": "catmullrom"
						},
						"0.0167": {
							"post": [0, 0, -2.25],
							"lerp_mode": "catmullrom"
						},
						"0.0333": {
							"post": [0, 0, 2],
							"lerp_mode": "catmullrom"
						},
						"0.05": {
							"post": [0, 0, -1.675],
							"lerp_mode": "catmullrom"
						},
						"0.0833": {
							"post": [0, 0, 1.1],
							"lerp_mode": "catmullrom"
						},
						"0.1333": {
							"post": [0, 0, -1],
							"lerp_mode": "catmullrom"
						},
						"0.2": {
							"post": [0, 0, 0.55],
							"lerp_mode": "catmullrom"
						},
						"0.2833": {
							"post": [0, 0, -0.15],
							"lerp_mode": "catmullrom"
						},
						"0.3833": {
							"post": [0, 0, 0],
							"lerp_mode": "catmullrom"
						}
					}
				},
				"bolt": {
					"position": {
						"0.0": [0, 0, 0],
						"0.0333": [0, 0, 3.38125],
						"0.05": [0, 0, 3.38125],
						"0.0833": [0, 0, 0]
					}
				},
				"pull_handle": {
					"rotation": {
						"0.0333": {
							"pre": [0, 0, 0],
							"post": [0, 0, 0],
							"lerp_mode": "catmullrom"
						},
						"0.0833": {
							"post": [0, -4.26, 0],
							"lerp_mode": "catmullrom"
						},
						"0.1333": {
							"post": [0, 0, 0],
							"lerp_mode": "catmullrom"
						},
						"0.1833": {
							"post": [0, -2.205, 0],
							"lerp_mode": "catmullrom"
						},
						"0.2333": {
							"post": [0, 0, 0],
							"lerp_mode": "catmullrom"
						},
						"0.2833": {
							"post": [0, -0.755, 0],
							"lerp_mode": "catmullrom"
						},
						"0.3333": {
							"post": [0, 0, 0],
							"lerp_mode": "catmullrom"
						}
					}
				}
			}
		}
	}
}