{
	"format_version": "1.8.0",
	"animations": {
		"static_idle": {
			"animation_length": 0.0667,
			"bones": {
				"lefthand": {
					"rotation": [105.21401, -25.37935, -150.1551],
					"position": [8.03, -15.15, -4.57],
					"scale": [1, 1.5, 1]
				},
				"righthand": {
					"rotation": [95.0274, 5.97708, -179.47516],
					"position": [-6.95, -17.1, 9.825],
					"scale": [1, 1.5, 1]
				},
				"constraint": {
					"rotation": [0.1, 0.1, 0.1],
					"position": [0.1, 0.1, 0.5]
				}
			}
		},
		"static_bolt_caught": {
			"animation_length": 0.1,
			"bones": {
				"lefthand": {
					"rotation": [105.21401, -25.37935, -150.1551],
					"position": [8.03, -15.15, -4.57],
					"scale": [1, 1.5, 1]
				},
				"righthand": {
					"rotation": [95.0274, 5.97708, -179.47516],
					"position": [-6.95, -17.1, 9.825],
					"scale": [1, 1.5, 1]
				},
				"bullet": {
					"scale": 0
				},
				"bolt": {
					"position": [0, 0, 4]
				},
				"switch": {
					"rotation": [0, 0, 15]
				}
			}
		},
		"draw": {
			"animation_length": 0.7333,
			"bones": {
				"lefthand": {
					"rotation": [105.21401, -25.37935, -150.1551],
					"position": [8.03, -15.15, -4.57],
					"scale": [1, 1.5, 1]
				},
				"righthand": {
					"rotation": [95.0274, 5.97708, -179.47516],
					"position": [-6.95, -17.1, 9.825],
					"scale": [1, 1.5, 1]
				},
				"root": {
					"rotation": {
						"0.0": {
							"post": [0, -35, 57.5],
							"lerp_mode": "catmullrom"
						},
						"0.1667": {
							"post": [2.7348, -8.92512, 37.89727],
							"lerp_mode": "catmullrom"
						},
						"0.3333": {
							"post": [0.64547, -1.47247, 6.10117],
							"lerp_mode": "catmullrom"
						},
						"0.4333": {
							"post": [1.37749, -0.08367, -1.55166],
							"lerp_mode": "catmullrom"
						},
						"0.5": {
							"post": [-0.45456, -0.10457, 0.82333],
							"lerp_mode": "catmullrom"
						},
						"0.6": [-0.065, -0.44, -0.27],
						"0.7": [0, 0, 0]
					},
					"position": {
						"0.0": {
							"post": [0, -8, 2],
							"lerp_mode": "catmullrom"
						},
						"0.1667": {
							"post": [-0.14, -2.41, -0.195],
							"lerp_mode": "catmullrom"
						},
						"0.2333": {
							"post": [-0.22, -0.29, -1.425],
							"lerp_mode": "catmullrom"
						},
						"0.3333": {
							"post": [-0.125, -0.385, -1.975],
							"lerp_mode": "catmullrom"
						},
						"0.4333": {
							"post": [0, -0.305, 0.05],
							"lerp_mode": "catmullrom"
						},
						"0.5333": {
							"post": [0.05, 0, -0.15],
							"lerp_mode": "catmullrom"
						},
						"0.6333": {
							"post": [-0.025, 0, 0.05],
							"lerp_mode": "catmullrom"
						},
						"0.7333": {
							"post": [0, 0, 0],
							"lerp_mode": "catmullrom"
						}
					}
				},
				"camera": {
					"rotation": {
						"0.0": {
							"post": [0, 0, 0],
							"lerp_mode": "catmullrom"
						},
						"0.2": {
							"post": [1.00016, 0.00436, 0.75027],
							"lerp_mode": "catmullrom"
						},
						"0.4333": {
							"post": [0, 0, -0.75],
							"lerp_mode": "catmullrom"
						},
						"0.5333": {
							"post": [0, 0, 0],
							"lerp_mode": "catmullrom"
						},
						"0.6333": {
							"post": [0, 0, -0.3],
							"lerp_mode": "catmullrom"
						},
						"0.7333": {
							"post": [0, 0, 0],
							"lerp_mode": "catmullrom"
						}
					}
				}
			},
			"sound_effects": {
				"0.0": {
					"effect": "tacz:sks/sks_raise"
				}
			}
		},
		"put_away": {
			"animation_length": 0.4667,
			"bones": {
				"lefthand": {
					"rotation": {
						"0.0": [105.21401, -25.37935, -150.1551],
						"0.0667": [127.67152, -14.70086, -183.17363],
						"0.1333": [148.34013, 7.13088, -207.53996]
					},
					"position": {
						"0.0": [8.03, -15.15, -4.57],
						"0.1333": [8.805, -12.2, -4.57]
					},
					"scale": [1, 1.5, 1]
				},
				"righthand": {
					"rotation": [95.0274, 5.97708, -179.47516],
					"position": [-6.95, -17.1, 9.825],
					"scale": [1, 1.5, 1]
				},
				"root": {
					"rotation": {
						"0.0": {
							"post": [0, 0, 0],
							"lerp_mode": "catmullrom"
						},
						"0.0667": {
							"post": [-0.51171, -3.6801, -4.19401],
							"lerp_mode": "catmullrom"
						},
						"0.1667": {
							"post": [4.36882, -11.73179, -10.29382],
							"lerp_mode": "catmullrom"
						},
						"0.2667": {
							"post": [16.99835, -17.70783, -19.61271],
							"lerp_mode": "catmullrom"
						},
						"0.3333": {
							"post": [22.5, -27.4, -9.02],
							"lerp_mode": "catmullrom"
						},
						"0.4333": {
							"post": [38.74, -37.82, -13.36],
							"lerp_mode": "catmullrom"
						}
					},
					"position": {
						"0.0": {
							"post": [0, 0, 0],
							"lerp_mode": "catmullrom"
						},
						"0.0667": {
							"post": [-0.45, -0.49, 0.28],
							"lerp_mode": "catmullrom"
						},
						"0.1667": {
							"post": [-0.67, -1.47, 0.34],
							"lerp_mode": "catmullrom"
						},
						"0.2667": {
							"post": [-0.435, -3.245, 0.06],
							"lerp_mode": "catmullrom"
						},
						"0.3333": {
							"post": [0.22, -5.38, -0.15],
							"lerp_mode": "catmullrom"
						},
						"0.4333": {
							"post": [1.49, -9.585, -0.36],
							"lerp_mode": "catmullrom"
						}
					}
				},
				"camera": {
					"rotation": {
						"0.0": {
							"post": [0, 0, 0],
							"lerp_mode": "catmullrom"
						},
						"0.1": {
							"post": [0.3, 0, -0.125],
							"lerp_mode": "catmullrom"
						},
						"0.2667": {
							"post": [0.64, 0, 0.3],
							"lerp_mode": "catmullrom"
						},
						"0.3333": {
							"post": [0.5, 0, 0.15],
							"lerp_mode": "catmullrom"
						},
						"0.4333": {
							"post": [0, 0, 0],
							"lerp_mode": "catmullrom"
						}
					}
				}
			},
			"sound_effects": {
				"0.0": {
					"effect": "tacz:sks/sks_drop"
				}
			}
		},
		"reload_tactical": {
			"animation_length": 2.4667,
			"bones": {
				"lefthand": {
					"rotation": {
						"0.1": [105.21401, -25.37935, -150.1551],
						"0.2": [122.26749, -7.73345, -191.3185],
						"0.2667": [132.29, -0.09, -194.39],
						"0.3667": [115.30075, 5.00884, -196.43227],
						"0.7667": [127.30075, 5.00884, -196.43227],
						"0.8333": [131.47243, 24.30751, -199.33131],
						"1.3667": [131.47243, 24.30751, -199.33131],
						"1.7667": [131.47243, 24.30751, -199.33131],
						"1.9": [105.21401, -25.37935, -150.1551]
					},
					"position": {
						"0.1": [8.03, -15.15, -4.57],
						"0.1333": [8.57, -15.875, -3.765],
						"0.2": [8.7, -17.26, -1.67],
						"0.2333": [8.03, -17.18, -0.26],
						"0.3667": [7.58, -17.13, 0.68],
						"0.7667": [7.58, -17.125, 0.68],
						"0.8333": [7.58, -17.125, 0.68],
						"1.3667": [7.58, -17.125, 0.68],
						"1.7667": [7.58, -17.125, 0.68],
						"1.8667": [8.275, -16.815, -3.47],
						"1.9": [8.03, -15.15, -4.57]
					},
					"scale": [1, 1.5, 1]
				},
				"righthand": {
					"rotation": [95.0274, 5.97708, -179.47516],
					"position": [-6.95, -17.1, 9.825],
					"scale": [1, 1.5, 1]
				},
				"root": {
					"rotation": {
						"0.0": {
							"post": [0, 0, 0],
							"lerp_mode": "catmullrom"
						},
						"0.1": {
							"post": [0.71, -0.48, -0.54],
							"lerp_mode": "catmullrom"
						},
						"0.2333": {
							"post": [-6.0424, -4.93484, -18.48372],
							"lerp_mode": "catmullrom"
						},
						"0.3333": {
							"post": [-7.06542, -4.3749, -15.10924],
							"lerp_mode": "catmullrom"
						},
						"0.4333": {
							"post": [-6.6844, -4.6523, -17.14177],
							"lerp_mode": "catmullrom"
						},
						"0.5": {
							"post": [-5.78324, -4.35721, -24.55127],
							"lerp_mode": "catmullrom"
						},
						"0.5333": {
							"post": [-4.69618, -4.30765, -32.31217],
							"lerp_mode": "catmullrom"
						},
						"0.6": {
							"post": [-4.4531, -3.24896, -26.1181],
							"lerp_mode": "catmullrom"
						},
						"0.7": {
							"post": [-3.3637, -3.21664, -25.28538],
							"lerp_mode": "catmullrom"
						},
						"0.8333": {
							"post": [-3.38089, -3.1538, -27.10058],
							"lerp_mode": "catmullrom"
						},
						"1.0": {
							"post": [-4.27176, -3.99826, -24.18613],
							"lerp_mode": "catmullrom"
						},
						"1.2": {
							"post": [-5.44333, -4.47792, -31.81026],
							"lerp_mode": "catmullrom"
						},
						"1.4333": {
							"post": [-8.29922, -6.15431, -31.9801],
							"lerp_mode": "catmullrom"
						},
						"1.5667": {
							"post": [-8.00516, -7.54391, -34.61897],
							"lerp_mode": "catmullrom"
						},
						"1.6": {
							"post": [-6.75705, -4.73742, -29.727],
							"lerp_mode": "catmullrom"
						},
						"1.6333": {
							"post": [-7.77027, -5.71373, -33.79628],
							"lerp_mode": "catmullrom"
						},
						"1.7333": {
							"post": [-7.90533, -4.58049, -27.05638],
							"lerp_mode": "catmullrom"
						},
						"1.8333": {
							"post": [-5.13429, -3.45343, -29.47468],
							"lerp_mode": "catmullrom"
						},
						"2.0": {
							"post": [2.55926, -1.68737, 2.91454],
							"lerp_mode": "catmullrom"
						},
						"2.1": {
							"post": [0.81153, -1.33195, -2.71128],
							"lerp_mode": "catmullrom"
						},
						"2.2": {
							"post": [0.78, -0.17, -3.2],
							"lerp_mode": "catmullrom"
						},
						"2.2667": {
							"post": [0.3889, 0.15987, 0.62995],
							"lerp_mode": "catmullrom"
						},
						"2.3333": {
							"post": [0.00175, -0.19999, -0.5],
							"lerp_mode": "catmullrom"
						},
						"2.4667": {
							"post": [0, 0, 0],
							"lerp_mode": "catmullrom"
						}
					},
					"position": {
						"0.0": {
							"post": [0, 0, 0],
							"lerp_mode": "catmullrom"
						},
						"0.1": {
							"post": [0, -0.71, -0.815],
							"lerp_mode": "catmullrom"
						},
						"0.2": {
							"post": [0, -0.775, -0.495],
							"lerp_mode": "catmullrom"
						},
						"0.2333": {
							"post": [0, -0.475, 0.15],
							"lerp_mode": "catmullrom"
						},
						"0.3667": {
							"post": [-0.2, -0.22, 0.295],
							"lerp_mode": "catmullrom"
						},
						"0.4667": {
							"post": [0, -0.255, 0.005],
							"lerp_mode": "catmullrom"
						},
						"0.5333": {
							"post": [0.29, -0.78, -0.72375],
							"lerp_mode": "catmullrom"
						},
						"0.6333": {
							"post": [-0.165, -0.725, -0.495],
							"lerp_mode": "catmullrom"
						},
						"0.8": {
							"post": [-0.115, -0.495, -0.225],
							"lerp_mode": "catmullrom"
						},
						"1.0333": {
							"post": [-0.15, -0.785, -0.2625],
							"lerp_mode": "catmullrom"
						},
						"1.2": {
							"post": [0.015, -0.49, -0.58875],
							"lerp_mode": "catmullrom"
						},
						"1.4": {
							"post": [0.22, -0.15, -0.245],
							"lerp_mode": "catmullrom"
						},
						"1.5667": {
							"post": [0.2, -0.455, 0.105],
							"lerp_mode": "catmullrom"
						},
						"1.6333": {
							"post": [0.35, -0.945, 0.385],
							"lerp_mode": "catmullrom"
						},
						"1.7667": {
							"post": [0.125, -0.925, 0.11],
							"lerp_mode": "catmullrom"
						},
						"1.9": {
							"post": [-0.325, -1.78, -1.23],
							"lerp_mode": "catmullrom"
						},
						"2.0667": {
							"post": [0, -0.8, -1.775],
							"lerp_mode": "catmullrom"
						},
						"2.2": {
							"post": [0, -0.15, 0.375],
							"lerp_mode": "catmullrom"
						},
						"2.3": {
							"post": [0, -0.025, -0.04375],
							"lerp_mode": "catmullrom"
						},
						"2.3667": {
							"post": [0, 0, 0.025],
							"lerp_mode": "catmullrom"
						},
						"2.4667": {
							"post": [0, 0, 0],
							"lerp_mode": "catmullrom"
						}
					}
				},
				"magrelease": {
					"rotation": {
						"0.2333": [0, 0, 0],
						"0.3333": [-15, 0, 0],
						"0.5333": [-15, 0, 0],
						"0.6333": [0, 0, 0],
						"1.5667": [0, 0, 0],
						"1.6": [-15, 0, 0],
						"1.6667": [0, 0, 0]
					}
				},
				"additional_magazine": {
					"scale": 0
				},
				"bullet": {
					"scale": {
						"0.0": [0, 0, 0],
						"0.8667": {
							"pre": [0, 0, 0],
							"post": [1, 1, 1]
						}
					}
				},
				"camera": {
					"rotation": {
						"0.0": {
							"post": [0, 0, 0],
							"lerp_mode": "catmullrom"
						},
						"0.1333": {
							"post": [0.39, 0, -0.45],
							"lerp_mode": "catmullrom"
						},
						"0.3333": {
							"post": [1.725, 0.05, -0.75],
							"lerp_mode": "catmullrom"
						},
						"0.5": {
							"post": [1.47, -0.02, -0.85],
							"lerp_mode": "catmullrom"
						},
						"0.5667": {
							"post": [1.755, -0.05, -1.2],
							"lerp_mode": "catmullrom"
						},
						"0.6667": {
							"post": [0.79, -0.07, -0.585],
							"lerp_mode": "catmullrom"
						},
						"0.8": {
							"post": [1.195, -0.09, -1.205],
							"lerp_mode": "catmullrom"
						},
						"0.9667": {
							"post": [1.14, -0.12, -0.86],
							"lerp_mode": "catmullrom"
						},
						"1.1": {
							"post": [1.345, -0.12, -1.025],
							"lerp_mode": "catmullrom"
						},
						"1.3667": {
							"post": [0.375, 0.075, -1.2],
							"lerp_mode": "catmullrom"
						},
						"1.5667": {
							"post": [0.29, 0.11, -1.29],
							"lerp_mode": "catmullrom"
						},
						"1.6333": {
							"post": [1.07, 0.11, -0.76],
							"lerp_mode": "catmullrom"
						},
						"1.7333": {
							"post": [0.42, 0.11, -1.485],
							"lerp_mode": "catmullrom"
						},
						"1.8333": {
							"post": [0.565, 0.08, -0.775],
							"lerp_mode": "catmullrom"
						},
						"1.9333": {
							"post": [0.25, 0.04, -0.61],
							"lerp_mode": "catmullrom"
						},
						"2.0333": {
							"post": [-0.225, 0, 0.125],
							"lerp_mode": "catmullrom"
						},
						"2.1": {
							"post": [-0.35, 0, 0.2],
							"lerp_mode": "catmullrom"
						},
						"2.2": {
							"post": [0.25, 0, -0.25],
							"lerp_mode": "catmullrom"
						},
						"2.3": {
							"post": [-0.075, 0, 0.075],
							"lerp_mode": "catmullrom"
						},
						"2.4333": {
							"post": [0, 0, 0],
							"lerp_mode": "catmullrom"
						}
					}
				},
				"lefthand_and_mag": {
					"rotation": {
						"0.2667": [0, 0, 0],
						"0.4333": [-3.25, 0, 0],
						"0.4667": [-24, 0, 0],
						"0.5": [-24.73, -0.53, -0.76],
						"0.5667": [-39.3042, -7.41335, -10.70908],
						"0.6333": [-18.29879, -3.2902, -42.26674],
						"1.0667": [-30.74915, 8.37832, -61.98315],
						"1.1333": [-29.42035, 8.40954, -52.58212],
						"1.2667": [-42, 0, 0],
						"1.3667": [-33, 0, 0],
						"1.4333": [-16.5, 0, 0],
						"1.5667": [-24, 0, 0],
						"1.6": [0, 0, 0]
					},
					"position": {
						"0.2667": [0, 0, 0],
						"0.4333": [0, -0.03125, -0.08125],
						"0.4667": [0, -1.325, -0.5],
						"0.5": [0.06, -1.51, -0.62],
						"0.5667": [0.90303, -4.23487, -3.38844],
						"0.6333": [4.84453, -6.11636, -1.4807],
						"0.7333": [7.56956, -10.66502, 3.12887],
						"0.8667": [9.695, -16.32, 11.95],
						"1.0": [9.695, -16.32, 11.95],
						"1.0667": [6.36956, -15.41502, 4.07887],
						"1.3": [0, -2.75, -1.55],
						"1.3667": [0, -0.01, -0.85],
						"1.4333": [0, 0.275, -0.64],
						"1.5667": [0, 0.275, -0.64],
						"1.6": [0, 0, 0]
					}
				}
			},
			"sound_effects": {
				"0.0": {
					"effect": "tacz:sks/sks_reload_raise"
				},
				"0.3333": {
					"effect": "tacz:sks/sks_reload_magout"
				},
				"1.2333": {
					"effect": "tacz:sks/sks_reload_end"
				},
				"1.3333": {
					"effect": "tacz:sks/sks_reload_magin"
				}
			}
		},
		"reload_empty": {
			"animation_length": 2.681,
			"bones": {
				"root": {
					"rotation": {
						"0.0": [0, 0, 0],
						"0.25": {
							"pre": [-6.3347, 12.20364, 38.15886],
							"post": [-6.3347, 12.20364, 38.15886],
							"lerp_mode": "catmullrom"
						},
						"0.4722": {
							"post": [-9.17, 11.73, 38.87],
							"lerp_mode": "catmullrom"
						},
						"0.5556": {
							"post": [-8.945, 11.73, 38.87],
							"lerp_mode": "catmullrom"
						},
						"0.6389": {
							"post": [-10.98, 11.73, 38.87],
							"lerp_mode": "catmullrom"
						},
						"0.7778": {
							"post": [-9.75173, 10.75814, 34.91384],
							"lerp_mode": "catmullrom"
						},
						"0.8889": {
							"post": [-9.75173, 10.75814, 34.91384],
							"lerp_mode": "catmullrom"
						},
						"1.0833": {
							"post": [-13.59386, 12.56598, 43.9111],
							"lerp_mode": "catmullrom"
						},
						"1.1667": {
							"post": [-14.40191, 12.82057, 44.90236],
							"lerp_mode": "catmullrom"
						},
						"1.2222": {
							"post": [-12.75073, 12.45136, 42.88547],
							"lerp_mode": "catmullrom"
						},
						"1.3889": {
							"post": [-13.50006, 12.26009, 41.88492],
							"lerp_mode": "catmullrom"
						},
						"1.5556": {
							"post": [-13.85016, 5.17018, 24.3644],
							"lerp_mode": "catmullrom"
						},
						"1.6111": [-13.855, 5.17, 24.365],
						"1.7222": [-13.415, 2.3, 20.06],
						"1.8056": {
							"pre": [-13.415, 5.17, 24.365],
							"post": [-13.415, 5.17, 24.365],
							"lerp_mode": "catmullrom"
						},
						"1.8611": {
							"post": [-11.06847, 4.61085, 21.34492],
							"lerp_mode": "catmullrom"
						},
						"1.9167": {
							"post": [-11.96956, 4.98659, 23.35691],
							"lerp_mode": "catmullrom"
						},
						"1.9722": {
							"post": [-12.18456, 4.80365, 22.34828],
							"lerp_mode": "catmullrom"
						},
						"2.0833": {
							"post": [-20.8764, 1.46966, -1.15142],
							"lerp_mode": "catmullrom"
						},
						"2.25": {
							"post": [-6, 0, 0],
							"lerp_mode": "catmullrom"
						},
						"2.3611": {
							"post": [2, 0, 3.425],
							"lerp_mode": "catmullrom"
						},
						"2.4444": {
							"post": [0, 0, 0],
							"lerp_mode": "catmullrom"
						}
					},
					"position": {
						"0.0": [0, 0, 0],
						"0.2222": {
							"pre": [2.255, -1.685, -1.465],
							"post": [2.255, -1.685, -1.465],
							"lerp_mode": "catmullrom"
						},
						"0.3333": {
							"post": [2.655, -1.405, -1.665],
							"lerp_mode": "catmullrom"
						},
						"0.5278": {
							"post": [2.66, -1.4, -1.02],
							"lerp_mode": "catmullrom"
						},
						"0.5833": {
							"post": [2.66, -1.4, -2.19],
							"lerp_mode": "catmullrom"
						},
						"0.6667": {
							"post": [2.66, -1.4, -1.275],
							"lerp_mode": "catmullrom"
						},
						"0.75": {
							"post": [2.66, -1.4, -0.895],
							"lerp_mode": "catmullrom"
						},
						"0.8611": {
							"post": [2.66, -1.4, -0.895],
							"lerp_mode": "catmullrom"
						},
						"1.0556": {
							"post": [2.66, -1.35, -0.32],
							"lerp_mode": "catmullrom"
						},
						"1.1389": {
							"post": [2.66, -1.105, -0.32],
							"lerp_mode": "catmullrom"
						},
						"1.1944": {
							"post": [2.66, -1.535, 0.065],
							"lerp_mode": "catmullrom"
						},
						"1.3611": {
							"post": [2.66, -1.54, -0.475],
							"lerp_mode": "catmullrom"
						},
						"1.5278": {
							"post": [2.66, -2.435, -0.81],
							"lerp_mode": "catmullrom"
						},
						"1.5833": [2.66, -2.435, -0.805],
						"1.6944": {
							"pre": [2.66, -2.025, 0.72],
							"post": [2.66, -2.025, 0.72],
							"lerp_mode": "catmullrom"
						},
						"1.7778": {
							"post": [2.66, -2.025, 0.72],
							"lerp_mode": "catmullrom"
						},
						"1.8333": {
							"post": [2.66, -2.02, -1.05],
							"lerp_mode": "catmullrom"
						},
						"2.0556": {
							"post": [1.855, -2.27, 0.39],
							"lerp_mode": "catmullrom"
						},
						"2.2222": {
							"post": [0, -1.83, -1.2],
							"lerp_mode": "catmullrom"
						},
						"2.3333": [0, -0.2, -1],
						"2.4167": [0, 0, -0.265],
						"2.5": [0, 0, 0]
					}
				},
				"mag_and_bullet": {
					"rotation": {
						"0.0": [0, 0, 0],
						"0.2778": [-6.79333, 7.35559, 47.06283],
						"0.3889": [-29.29, 7.36, 47.06],
						"0.5": [-19.29, 7.36, 47.06],
						"0.5833": {
							"pre": [6.99945, 7.29793, 57.14239],
							"post": [6.99945, 7.29793, 57.14239],
							"lerp_mode": "catmullrom"
						},
						"0.7778": {
							"post": [29.68677, 11.8539, 49.265],
							"lerp_mode": "catmullrom"
						},
						"0.8889": {
							"post": [-34.37006, 5.07855, 14.13272],
							"lerp_mode": "catmullrom"
						},
						"1.0278": {
							"post": [-19.37, 0, 0],
							"lerp_mode": "catmullrom"
						},
						"1.1667": {
							"post": [-19.37, 0, 0],
							"lerp_mode": "catmullrom"
						},
						"1.1944": {
							"post": [0, 0, 0],
							"lerp_mode": "catmullrom"
						}
					},
					"position": {
						"0.0": [0, 0, 0],
						"0.2778": [-6, -16, 8],
						"0.3889": [-1, -2.82, 3.5],
						"0.5": [-1, -2.82, 3.5],
						"0.6111": {
							"pre": [-1, -2.82, -3],
							"post": [-1, -2.82, -3],
							"lerp_mode": "catmullrom"
						},
						"0.7222": {
							"post": [-1, -8, -8.95],
							"lerp_mode": "catmullrom"
						},
						"0.8611": {
							"post": [-1, -6, -1.95],
							"lerp_mode": "catmullrom"
						},
						"0.9444": [0, -0.375, 0],
						"1.0": [0, -0.375, 0],
						"1.0556": [0, 0.285, -0.515],
						"1.1389": [0, 0.285, -0.515],
						"1.1944": [0, 0, 0]
					},
					"scale": {
						"0.25": [0, 0, 0],
						"0.2778": [1, 1, 1]
					}
				},
				"lefthand": {
					"rotation": [105.21401, -25.37935, -150.1551],
					"position": [8.03, -15.15, -4.57],
					"scale": [1, 1.5, 1]
				},
				"bolt": {
					"position": {
						"0.0": [0, 0, 4],
						"1.6111": [0, 0, 4],
						"1.7222": [0, 0, 5],
						"1.8056": [0, 0, 5],
						"1.8333": [0, 0, 0],
						"1.8611": [0, 0, 0.425],
						"1.9167": [0, 0, 0],
						"1.9444": [0, 0, 0.22],
						"1.9722": [0, 0, 0]
					}
				},
				"additional_magazine": {
					"rotation": {
						"0.4722": [0, 0, 0],
						"0.5278": [-2.5, 0, 0],
						"0.5556": [-40.35, 1.36, -7.69],
						"0.5833": [-80.94, -5.24, -22.93],
						"0.6389": [-101.58, 0.87, -57.44],
						"0.6944": [-107.08, -6.14, -87.98],
						"0.7222": [-114.66, -17.18, -123.29],
						"0.7778": [-140.94, -29.32, -134.9],
						"0.8056": [-205.79, -43.83, -100.88],
						"0.8889": [-289.34, -59.46, -43.16],
						"0.9167": [-348.58, -69.44, 0.93],
						"0.9722": [-377.08, -70.32, 16.86],
						"1.0": [-337.45, -58.83, 14.05],
						"1.0556": [-168.72, -29.41, 7.03],
						"1.0833": [0, 0, 0]
					},
					"position": {
						"0.4722": [0, 0, 0],
						"0.5278": [0, 0, 0],
						"0.5556": [0, -2.2, -1.2],
						"0.5833": [2.7, -4.5, -4],
						"0.6389": [5.1, -6.3, -8.1],
						"0.6944": [6.27, -7.39, -11.04],
						"0.7222": [7.3, -9.5, -14.1],
						"0.7778": [8.27, -14.14, -16.8],
						"0.8056": [8.6, -19.4, -19.1],
						"0.8889": [7.47, -23.14, -14.415],
						"0.9167": [5.62, -27.59, -15.525],
						"0.9722": [3.8, -35.32, -11.75],
						"1.0": [1.13, -43.16, -10.42],
						"1.0556": [-8.61, -52.18, 0.38],
						"1.0833": [-2.3, -32.2, 15.6]
					},
					"scale": {
						"0.8056": [1, 1, 1],
						"1.0833": [0, 0, 0]
					}
				},
				"constraint": {
					"rotation": [0.2, 0.2, 0.4],
					"position": [0.1, 0.1, 0.1]
				},
				"mag_and_hand": {
					"rotation": {
						"0.0": [0, 0, 0],
						"0.2778": [-6.79333, 7.35559, 47.06283],
						"0.3889": [-29.29, 7.36, 47.06],
						"0.5278": [-19.29, 7.36, 47.06],
						"0.5833": {
							"pre": [6.99945, 7.29793, 57.14239],
							"post": [6.99945, 7.29793, 57.14239],
							"lerp_mode": "catmullrom"
						},
						"0.7778": {
							"post": [29.68677, 11.8539, 49.265],
							"lerp_mode": "catmullrom"
						},
						"0.8889": {
							"post": [-34.37006, 5.07855, 14.13272],
							"lerp_mode": "catmullrom"
						},
						"1.0278": {
							"post": [-19.37, 0, 0],
							"lerp_mode": "catmullrom"
						},
						"1.1667": {
							"post": [-19.37, 0, 0],
							"lerp_mode": "catmullrom"
						},
						"1.1944": {
							"post": [0, 0, 0],
							"lerp_mode": "catmullrom"
						}
					},
					"position": {
						"0.0": [0, 0, 0],
						"0.2778": [-6, -16, 8],
						"0.3889": [-1, -2.82, 3.5],
						"0.5278": [-1, -2.82, 3.5],
						"0.6111": {
							"pre": [-1, -2.82, -3],
							"post": [-1, -2.82, -3],
							"lerp_mode": "catmullrom"
						},
						"0.7222": {
							"post": [-1, -8, -8.95],
							"lerp_mode": "catmullrom"
						},
						"0.8611": {
							"post": [-1, -6, -1.95],
							"lerp_mode": "catmullrom"
						},
						"0.9444": [0, -0.375, 0],
						"1.0": [0, -0.375, 0],
						"1.0556": [0, 0.285, -0.515],
						"1.1389": [0, 0.285, -0.515],
						"1.1944": [0, 0, 0]
					}
				},
				"righthand": {
					"rotation": {
						"0.0": [95.0274, 5.97708, -179.47516],
						"0.2778": [112.54, 4.92, -179.13],
						"1.3333": [112.54, 4.92, -179.13],
						"1.5": [88.26, -19.59, -77.46],
						"1.5278": [89.34, -16.59, -77.44],
						"1.5833": [90.42, -13.59, -77.42],
						"1.6111": [91.5, -10.59, -77.39],
						"1.6667": [91.92, -16.56, -77.09],
						"1.7222": [92.5, -45.25, -77.06],
						"1.8056": [92.5, -45.25, -77.06],
						"1.8333": [113.33, -43.46, -95.1],
						"1.8889": [112.4, -35.88, -108.65],
						"1.9444": [109.56, -25.01, -127.57],
						"1.9722": [105.85, -13.1, -148.12],
						"2.0278": [102.33, -2.37, -166.55],
						"2.0556": [95.0274, 5.97708, -179.47516]
					},
					"position": {
						"0.0": [-6.95, -17.1, 9.825],
						"0.2778": [-6.8, -16.2, 2.4],
						"1.3333": [-6.8, -16.2, 2.4],
						"1.4167": [-9.8, -18.265, 2.4],
						"1.5": [-9.05, -13.115, 6.295],
						"1.5278": [-9.05, -13.115, 6.295],
						"1.5833": [-9.05, -13.115, 6.295],
						"1.6111": [-9.05, -13.115, 6.295],
						"1.6667": [-9.05, -13.255, 6.14],
						"1.7222": [-9.05, -13.385, 6.66],
						"1.8056": [-9.05, -13.385, 6.66],
						"1.8333": [-8.96, -14.585, 8.63],
						"1.8889": [-8.96, -14.585, 8.63],
						"1.9444": [-8.96, -14.585, 8.63],
						"1.9722": [-7.61, -14.74, 7.07],
						"2.0278": [-7.13, -15.7, 7.895],
						"2.0556": [-6.95, -17.1, 9.825]
					},
					"scale": [1, 1.5, 1]
				},
				"camera": {
					"rotation": {
						"0.0": {
							"post": [0, 0, 0],
							"lerp_mode": "catmullrom"
						},
						"0.1667": {
							"post": [2.52, 0, -0.55],
							"lerp_mode": "catmullrom"
						},
						"0.3333": {
							"post": [2.515, 0, -0.55],
							"lerp_mode": "catmullrom"
						},
						"0.5": {
							"post": [3.045, 0, -1.085],
							"lerp_mode": "catmullrom"
						},
						"0.5556": {
							"post": [0.575, 0, 0.43],
							"lerp_mode": "catmullrom"
						},
						"0.6667": {
							"post": [1.895, 0, -1.235],
							"lerp_mode": "catmullrom"
						},
						"0.75": {
							"post": [1.24, 0, -0.935],
							"lerp_mode": "catmullrom"
						},
						"1.1111": {
							"post": [1.185, 0, -2.52],
							"lerp_mode": "catmullrom"
						},
						"1.1944": {
							"post": [2.705, 0, -0.97],
							"lerp_mode": "catmullrom"
						},
						"1.2778": {
							"post": [0.995, 0, -3.015],
							"lerp_mode": "catmullrom"
						},
						"1.3611": {
							"post": [1.98, 0, -2.08],
							"lerp_mode": "catmullrom"
						},
						"1.6111": {
							"post": [2.335, 0, -1.685],
							"lerp_mode": "catmullrom"
						},
						"1.75": {
							"post": [0.695, 0, -2.705],
							"lerp_mode": "catmullrom"
						},
						"1.8333": {
							"post": [1.575, 0, -1.905],
							"lerp_mode": "catmullrom"
						},
						"1.9722": {
							"post": [0.74, 0, -1.28],
							"lerp_mode": "catmullrom"
						},
						"2.2222": {
							"post": [1.985, 0.82, -0.62],
							"lerp_mode": "catmullrom"
						},
						"2.3889": {
							"post": [-0.78, -0.525, 0.305],
							"lerp_mode": "catmullrom"
						},
						"2.5278": {
							"post": [0, 0, 0],
							"lerp_mode": "catmullrom"
						}
					}
				},
				"switch": {
					"rotation": {
						"0.0": [0, 0, 15],
						"1.7778": [0, 0, 15],
						"1.8056": [0, 0, 0]
					}
				},
				"magrelease": {
					"rotation": {
						"0.5": [0, 0, 0],
						"0.5556": [-32.5, 0, 0],
						"0.6389": [0, 0, 0],
						"1.1389": [0, 0, 0],
						"1.1944": [-32.5, 0, 0],
						"1.2778": [0, 0, 0]
					}
				}
			},
			"sound_effects": {
				"0.0": {
					"effect": "tacz:sks/sks_reload_empty_raise"
				},
				"0.4167": {
					"effect": "tacz:sks/sks_reload_empty_magout"
				},
				"0.7778": {
					"effect": "tacz:sks/sks_reload_empty_magin"
				},
				"1.25": {
					"effect": "tacz:mag_drop_sound/iw8_phys_mag_drop_ar_metal_dirt_04"
				},
				"1.4722": {
					"effect": "tacz:sks/sks_reload_empty_fast_charge"
				},
				"2.0833": {
					"effect": "tacz:sks/sks_reload_empty_end"
				}
			}
		},
		"inspect": {
			"animation_length": 5.9,
			"bones": {
				"lefthand": {
					"rotation": {
						"0.0": [105.21, -25.38, -150.16],
						"0.2": [105.21, -25.38, -150.16],
						"0.2667": [113.14534, -16.33581, -164.72012],
						"0.3667": [124.2487, 6.51029, -190.9453],
						"1.5": [124.2487, 6.51029, -190.9453],
						"1.6333": [134.45855, 5.09938, -188.87079],
						"2.2": [134.45855, 5.09938, -188.87079],
						"2.2333": [134.45855, 5.09938, -188.87079],
						"2.3667": [134.45855, 5.09938, -188.87079],
						"2.5667": [97.71, -25.38, -150.16],
						"2.7": [88.6258, -29.45643, -169.35366],
						"5.0333": [88.63, -29.46, -169.35],
						"5.2": [105.21401, -25.37935, -150.1551]
					},
					"position": {
						"0.0": [8.03, -15.15, -4.57],
						"0.2": [8.03, -15.15, -4.57],
						"0.2667": [7.94, -17.195, -1.435],
						"0.3667": [7.255, -17, 3.46],
						"1.5": [7.26, -17, 3.46],
						"1.5667": [8.205, -16.99, 3.49],
						"1.6333": [7.51, -17.43, 3.51],
						"2.3667": [7.51, -17.43, 3.51],
						"2.5667": [8.03, -15.15, -4.57],
						"2.7": [8.03, -14.25, -1.62],
						"5.0333": [8.03, -14.25, -1.62],
						"5.2": [8.03, -15.15, -4.57]
					},
					"scale": [1, 1.5, 1]
				},
				"righthand": {
					"rotation": {
						"0.0": [95.0274, 5.97708, -179.47516],
						"3.5": [95.03, 5.98, -179.48],
						"3.7333": [99.00517, 3.00002, -179.81264],
						"3.9333": [99.00517, 3.00002, -179.81264],
						"4.7": [99.00517, 3.00002, -179.81264],
						"4.7667": [99.15707, -10.82623, -182.02209],
						"4.8333": [98.33, -7.46, -181.51],
						"4.9667": [95.03, 5.98, -179.48]
					},
					"position": {
						"0.0": [-6.95, -17.1, 9.825],
						"3.5": [-6.95, -17.1, 9.82],
						"3.7333": [-8.45771, -13.10012, 3.34924],
						"3.9333": [-8.45771, -13.10012, 3.34924],
						"4.1": [-8.46, -13.13, 5.265],
						"4.7": [-8.46, -13.13, 5.265],
						"4.7667": [-8.46, -13.4, 6.62],
						"4.8333": [-8.16, -16.175, 7.545],
						"4.9667": [-6.95, -17.1, 9.82]
					},
					"scale": [1, 1.5, 1]
				},
				"root": {
					"rotation": {
						"0.0": {
							"post": [0, 0, 0],
							"lerp_mode": "catmullrom"
						},
						"0.1": {
							"post": [1.685, -3.53, -6.4],
							"lerp_mode": "catmullrom"
						},
						"0.2": {
							"post": [-8.105, -6.88, -13.015],
							"lerp_mode": "catmullrom"
						},
						"0.3": {
							"post": [-19.33504, -11.36125, -18.46825],
							"lerp_mode": "catmullrom"
						},
						"0.4": {
							"post": [-20.235, -11.18, -19.17],
							"lerp_mode": "catmullrom"
						},
						"0.5": {
							"post": [-16.47805, -10.70023, -18.69523],
							"lerp_mode": "catmullrom"
						},
						"0.6": {
							"post": [-14.55312, -12.83757, -25.04784],
							"lerp_mode": "catmullrom"
						},
						"0.6333": {
							"post": [-12.72319, -13.94798, -28.53683],
							"lerp_mode": "catmullrom"
						},
						"0.7": {
							"post": [-18.7589, -12.26037, -23.3517],
							"lerp_mode": "catmullrom"
						},
						"0.8": {
							"post": [-18.42323, -13.38988, -26.55795],
							"lerp_mode": "catmullrom"
						},
						"0.9": {
							"post": [-18.53403, -12.14782, -23.01023],
							"lerp_mode": "catmullrom"
						},
						"1.2667": {
							"post": [-19.95302, -11.6677, -21.60679],
							"lerp_mode": "catmullrom"
						},
						"1.6": {
							"post": [-20.8971, -11.29848, -20.56268],
							"lerp_mode": "catmullrom"
						},
						"1.8": {
							"post": [-22.06, -14.30818, -22.51847],
							"lerp_mode": "catmullrom"
						},
						"1.9": {
							"post": [-19.85494, -15.24265, -25.33485],
							"lerp_mode": "catmullrom"
						},
						"2.0": {
							"post": [-20.36562, -14.25062, -24.93336],
							"lerp_mode": "catmullrom"
						},
						"2.1333": {
							"post": [-20.74536, -12.32337, -24.02348],
							"lerp_mode": "catmullrom"
						},
						"2.2": {
							"post": [-20.49437, -13.16317, -24.72873],
							"lerp_mode": "catmullrom"
						},
						"2.2333": {
							"post": [-15.83817, -14.81264, -34.84285],
							"lerp_mode": "catmullrom"
						},
						"2.3": {
							"post": [-19.43505, -10.15957, -17.15869],
							"lerp_mode": "catmullrom"
						},
						"2.4333": {
							"post": [-16.78089, -12.68375, -24.37088],
							"lerp_mode": "catmullrom"
						},
						"2.6": {
							"post": [-16.39522, 2.36368, 18.07177],
							"lerp_mode": "catmullrom"
						},
						"2.7333": {
							"post": [-27.53159, 25.48139, 51.06994],
							"lerp_mode": "catmullrom"
						},
						"2.9": {
							"post": [-32.85105, 45.13006, 64.54397],
							"lerp_mode": "catmullrom"
						},
						"3.0667": {
							"post": [-30.1597, 44.68871, 67.01399],
							"lerp_mode": "catmullrom"
						},
						"3.3": {
							"post": [-31.91919, 43.30722, 64.1136],
							"lerp_mode": "catmullrom"
						},
						"3.5": {
							"post": [-32.85105, 43.68006, 63.36897],
							"lerp_mode": "catmullrom"
						},
						"3.6667": {
							"post": [-35.00594, 38.83145, 61.10897],
							"lerp_mode": "catmullrom"
						},
						"3.8": {
							"post": [-43.18649, 34.14971, 49.95519],
							"lerp_mode": "catmullrom"
						},
						"3.9333": {
							"post": [-49.18948, 39.23431, 47.54701],
							"lerp_mode": "catmullrom"
						},
						"4.0667": {
							"post": [-54.98121, 44.08652, 43.41541],
							"lerp_mode": "catmullrom"
						},
						"4.2333": {
							"post": [-52.5336, 43.3197, 45.53296],
							"lerp_mode": "catmullrom"
						},
						"4.4333": {
							"post": [-52.28627, 42.25294, 46.63345],
							"lerp_mode": "catmullrom"
						},
						"4.7": {
							"post": [-52.28629, 42.16418, 45.25809],
							"lerp_mode": "catmullrom"
						},
						"4.7333": {
							"post": [-51.81258, 34.78108, 43.16269],
							"lerp_mode": "catmullrom"
						},
						"4.8": {
							"post": [-44.48512, 40.88873, 49.99879],
							"lerp_mode": "catmullrom"
						},
						"4.9": {
							"post": [-48.48914, 32.3985, 41.07692],
							"lerp_mode": "catmullrom"
						},
						"5.1": {
							"post": [-19.41003, 3.54248, 29.74843],
							"lerp_mode": "catmullrom"
						},
						"5.2333": {
							"post": [-5.13312, -1.93407, 5.57088],
							"lerp_mode": "catmullrom"
						},
						"5.3333": {
							"post": [-2.55, -0.79, -0.27],
							"lerp_mode": "catmullrom"
						},
						"5.4": {
							"post": [-1.81116, -0.97475, 0.78066],
							"lerp_mode": "catmullrom"
						},
						"5.4667": {
							"post": [-0.6, -0.32, 0.26],
							"lerp_mode": "catmullrom"
						},
						"5.5": {
							"post": [0, -0.5, -1.5],
							"lerp_mode": "catmullrom"
						},
						"5.5667": {
							"post": [-0.00945, -0.1664, 2.75001],
							"lerp_mode": "catmullrom"
						},
						"5.6333": {
							"post": [0, 0, -1.25],
							"lerp_mode": "catmullrom"
						},
						"5.7": {
							"post": [0, 0, 0],
							"lerp_mode": "catmullrom"
						},
						"5.8": {
							"post": [0, 0, 0],
							"lerp_mode": "catmullrom"
						}
					},
					"position": {
						"0.0": {
							"post": [0, 0, 0],
							"lerp_mode": "catmullrom"
						},
						"0.1": {
							"post": [0.13, -1.05, -1.075],
							"lerp_mode": "catmullrom"
						},
						"0.2": {
							"post": [0.25, -1.15, -0.975],
							"lerp_mode": "catmullrom"
						},
						"0.3": {
							"post": [0.25, 0.2, -0.1],
							"lerp_mode": "catmullrom"
						},
						"0.4333": {
							"post": [0.19, 0.415, -0.05],
							"lerp_mode": "catmullrom"
						},
						"0.5667": {
							"post": [0.175, 0.445, -0.1],
							"lerp_mode": "catmullrom"
						},
						"0.6333": {
							"post": [0.505, -0.705, -0.1],
							"lerp_mode": "catmullrom"
						},
						"0.7667": {
							"post": [0.335, -0.83, -0.1],
							"lerp_mode": "catmullrom"
						},
						"0.9333": {
							"post": [0.115, -0.665, -0.09],
							"lerp_mode": "catmullrom"
						},
						"1.2": {
							"post": [-0.17, -0.59, -0.08],
							"lerp_mode": "catmullrom"
						},
						"1.5333": {
							"post": [-0.2, -0.225, -0.01],
							"lerp_mode": "catmullrom"
						},
						"1.7667": {
							"post": [0.035, 0.23, 0.04],
							"lerp_mode": "catmullrom"
						},
						"1.9333": {
							"post": [0.08, -0.05, 0.05],
							"lerp_mode": "catmullrom"
						},
						"2.0": {
							"post": [0.1325, 0.0625, 0.05],
							"lerp_mode": "catmullrom"
						},
						"2.1": {
							"post": [-0.03625, 0.13375, 0.05],
							"lerp_mode": "catmullrom"
						},
						"2.2": {
							"post": [0.025, 0.135, 0.05],
							"lerp_mode": "catmullrom"
						},
						"2.2667": {
							"post": [0.25, -0.85, 0.05],
							"lerp_mode": "catmullrom"
						},
						"2.4333": {
							"post": [0.285, -0.805, -0.4],
							"lerp_mode": "catmullrom"
						},
						"2.6667": {
							"post": [-0.365, -1.245, -1.54],
							"lerp_mode": "catmullrom"
						},
						"2.8667": {
							"post": [-0.695, 1.52, -1.825],
							"lerp_mode": "catmullrom"
						},
						"3.0333": {
							"post": [-0.69, 0.575, -1.13],
							"lerp_mode": "catmullrom"
						},
						"3.1667": {
							"post": [-0.69, 0.305, -1.13],
							"lerp_mode": "catmullrom"
						},
						"3.3333": {
							"post": [-0.69, 0.44, -1.13],
							"lerp_mode": "catmullrom"
						},
						"3.5333": {
							"post": [-0.69, 0.55, -1.13],
							"lerp_mode": "catmullrom"
						},
						"3.6667": {
							"post": [-1, -0.08, -1.355],
							"lerp_mode": "catmullrom"
						},
						"3.8": {
							"post": [-1.315, -1.37, -0.53],
							"lerp_mode": "catmullrom"
						},
						"3.9333": {
							"post": [-1.415, -1.64, -0.745],
							"lerp_mode": "catmullrom"
						},
						"4.0667": {
							"post": [-1.56, -2.28, -0.93],
							"lerp_mode": "catmullrom"
						},
						"4.3": {
							"post": [-1.645, -2.09, -0.97],
							"lerp_mode": "catmullrom"
						},
						"4.5333": {
							"post": [-1.655, -2.025, -0.79],
							"lerp_mode": "catmullrom"
						},
						"4.7": {
							"post": [-1.44, -2.19, -0.67],
							"lerp_mode": "catmullrom"
						},
						"4.7667": {
							"post": [-1.4, -0.155, -1.02],
							"lerp_mode": "catmullrom"
						},
						"4.8667": {
							"post": [-1.31, -1.075, -0.53],
							"lerp_mode": "catmullrom"
						},
						"5.0": {
							"post": [-1.2, -1.87, -0.64],
							"lerp_mode": "catmullrom"
						},
						"5.1": {
							"post": [-0.87, -2.65, -0.95],
							"lerp_mode": "catmullrom"
						},
						"5.2333": {
							"post": [-0.44, -1.155, -0.56],
							"lerp_mode": "catmullrom"
						},
						"5.3333": {
							"post": [-0.11, -0.315, -0.81],
							"lerp_mode": "catmullrom"
						},
						"5.4": {
							"post": [0, -0.025, -0.9],
							"lerp_mode": "catmullrom"
						},
						"5.5": {
							"post": [0, -0.225, 0.725],
							"lerp_mode": "catmullrom"
						},
						"5.6": {
							"post": [0, 0, -0.1],
							"lerp_mode": "catmullrom"
						},
						"5.7": {
							"post": [0, 0, 0.05],
							"lerp_mode": "catmullrom"
						},
						"5.8": {
							"post": [0, 0, 0],
							"lerp_mode": "catmullrom"
						}
					}
				},
				"bolt": {
					"position": {
						"3.9333": [0, 0, 0],
						"4.1": [0, 0, 1.8],
						"4.7": [0, 0, 1.8],
						"4.7333": [0, 0, 0]
					}
				},
				"magrelease": {
					"rotation": {
						"0.4333": [0, 0, 0],
						"0.6": [-15, 0, 0],
						"0.7": [-15, 0, 0],
						"0.8": [0, 0, 0],
						"2.2": [0, 0, 0],
						"2.2667": [-15, 0, 0],
						"2.3": [-15, 0, 0],
						"2.3667": [0, 0, 0]
					}
				},
				"gun_and_righthand": {
					"rotation": {
						"0.6333": {
							"pre": [0, 0, 0],
							"post": [0, 0, 0],
							"lerp_mode": "catmullrom"
						},
						"0.7333": {
							"post": [2.7501, 0.49942, 0.02399],
							"lerp_mode": "catmullrom"
						},
						"0.9333": {
							"post": [0.05867, 0.46466, 0.02232],
							"lerp_mode": "catmullrom"
						},
						"1.2": {
							"post": [0.55327, 0.34247, 0.76678],
							"lerp_mode": "catmullrom"
						},
						"1.8667": {
							"post": [0, 0, 0],
							"lerp_mode": "catmullrom"
						}
					},
					"position": {
						"0.6333": {
							"pre": [0, 0, 0],
							"post": [0, 0, 0],
							"lerp_mode": "catmullrom"
						},
						"0.7333": {
							"post": [-0.00886, 0.76732, -0.27264],
							"lerp_mode": "catmullrom"
						},
						"0.9": {
							"post": [-0.22369, 0.83168, -0.22112],
							"lerp_mode": "catmullrom"
						},
						"1.1333": {
							"post": [-0.20445, 0.41337, 0.07483],
							"lerp_mode": "catmullrom"
						},
						"1.4": {
							"post": [-0.02936, 0.22863, 0.01016],
							"lerp_mode": "catmullrom"
						},
						"1.6667": {
							"post": [-0.09899, 0.08433, 0.09439],
							"lerp_mode": "catmullrom"
						},
						"1.8667": {
							"post": [0, 0, 0],
							"lerp_mode": "catmullrom"
						}
					}
				},
				"bullet": {
					"scale": {
						"0.0": [0, 0, 0],
						"5.5333": {
							"pre": [0, 0, 0],
							"post": [1, 1, 1]
						}
					}
				},
				"camera": {
					"rotation": {
						"0.0": {
							"post": [0, 0, 0],
							"lerp_mode": "catmullrom"
						},
						"0.2": {
							"post": [0.345, 0, 0],
							"lerp_mode": "catmullrom"
						},
						"0.3667": {
							"post": [1.425, 0, 0],
							"lerp_mode": "catmullrom"
						},
						"0.5333": {
							"post": [1.28, -0.17, -0.15],
							"lerp_mode": "catmullrom"
						},
						"0.6": {
							"post": [1.155, -0.55, -0.3],
							"lerp_mode": "catmullrom"
						},
						"0.6667": {
							"post": [4.31, -1.17, 1.27],
							"lerp_mode": "catmullrom"
						},
						"0.7667": {
							"post": [6.485, -2.37, -1.695],
							"lerp_mode": "catmullrom"
						},
						"0.9": {
							"post": [6.905, -3.95, -0.575],
							"lerp_mode": "catmullrom"
						},
						"1.0667": {
							"post": [5.58, -4.07, -1.55],
							"lerp_mode": "catmullrom"
						},
						"1.2667": {
							"post": [5.785, -4.05, -1.26],
							"lerp_mode": "catmullrom"
						},
						"1.5333": {
							"post": [6.535, -3.65, -1.075],
							"lerp_mode": "catmullrom"
						},
						"1.8333": {
							"post": [1.03, -0.7, -1],
							"lerp_mode": "catmullrom"
						},
						"2.1": {
							"post": [-0.385, -0.43, -1.07],
							"lerp_mode": "catmullrom"
						},
						"2.2": {
							"post": [-0.3, -0.43, -1.11],
							"lerp_mode": "catmullrom"
						},
						"2.2667": {
							"post": [1.48, -0.45, 0.785],
							"lerp_mode": "catmullrom"
						},
						"2.3667": {
							"post": [-0.365, -0.5, -1.8],
							"lerp_mode": "catmullrom"
						},
						"2.5": {
							"post": [-0.37, -0.4, -0.75],
							"lerp_mode": "catmullrom"
						},
						"2.6667": {
							"post": [-2.68, 0.23, -0.735],
							"lerp_mode": "catmullrom"
						},
						"2.8333": {
							"post": [-5.17, 0.85, 0.55],
							"lerp_mode": "catmullrom"
						},
						"3.0333": {
							"post": [-6.555, 0.85, 1.025],
							"lerp_mode": "catmullrom"
						},
						"3.5333": {
							"post": [-5.625, 0.85, 1.45],
							"lerp_mode": "catmullrom"
						},
						"3.7667": {
							"post": [-4.94, 0.85, 1.45],
							"lerp_mode": "catmullrom"
						},
						"4.0667": {
							"post": [1.925, 0.85, 0.9],
							"lerp_mode": "catmullrom"
						},
						"4.3667": {
							"post": [3.7, 0.625, 0.7],
							"lerp_mode": "catmullrom"
						},
						"4.6667": {
							"post": [3.44, 0.66, 0.6],
							"lerp_mode": "catmullrom"
						},
						"4.7333": {
							"post": [5.375, 0.625, 1.85],
							"lerp_mode": "catmullrom"
						},
						"4.8333": {
							"post": [3.65, 0.41, -0.44],
							"lerp_mode": "catmullrom"
						},
						"4.9667": {
							"post": [4.625, 0, 0.45],
							"lerp_mode": "catmullrom"
						},
						"5.1333": {
							"post": [2.93, -0.03, -0.03],
							"lerp_mode": "catmullrom"
						},
						"5.3": {
							"post": [-1.275, 0, 0],
							"lerp_mode": "catmullrom"
						},
						"5.5": {
							"post": [-0.85, 0, -0.125],
							"lerp_mode": "catmullrom"
						},
						"5.5667": {
							"post": [0.675, 0, 0.45],
							"lerp_mode": "catmullrom"
						},
						"5.6667": {
							"post": [-0.375, 0, -0.275],
							"lerp_mode": "catmullrom"
						},
						"5.7667": {
							"post": [0.2, 0, 0.15],
							"lerp_mode": "catmullrom"
						},
						"5.9": {
							"post": [0, 0, 0],
							"lerp_mode": "catmullrom"
						}
					}
				},
				"lefthand_and_mag": {
					"rotation": {
						"0.4667": {
							"pre": [0, 0, 0],
							"post": [0, 0, 0],
							"lerp_mode": "catmullrom"
						},
						"0.5333": {
							"post": [-27, 0, 0],
							"lerp_mode": "catmullrom"
						},
						"0.6": {
							"post": [-29.78, -2.96, -4.25],
							"lerp_mode": "catmullrom"
						},
						"0.7": {
							"post": [-32.79558, -21.35651, -30.78829],
							"lerp_mode": "catmullrom"
						},
						"0.8333": {
							"post": [-37.05244, -10.19307, -12.28589],
							"lerp_mode": "catmullrom"
						},
						"1.0": {
							"post": [-28.21779, -6.39798, -6.82841],
							"lerp_mode": "catmullrom"
						},
						"1.1333": {
							"post": [-27.03329, -5.69318, -5.93799],
							"lerp_mode": "catmullrom"
						},
						"1.3667": {
							"post": [-22.665, -3.06, -4.05],
							"lerp_mode": "catmullrom"
						},
						"1.4667": {
							"post": [-23.15793, -1.03965, -16.16991],
							"lerp_mode": "catmullrom"
						},
						"1.5667": {
							"post": [-35.58629, 4.26018, -10.53212],
							"lerp_mode": "catmullrom"
						},
						"1.6667": {
							"post": [-21.603, -6.55814, -19.93633],
							"lerp_mode": "catmullrom"
						},
						"1.7667": {
							"post": [-23.2288, -8.52445, -26.23131],
							"lerp_mode": "catmullrom"
						},
						"1.9": [-25, 0, 0],
						"1.9667": [-22, 0, 0],
						"2.0667": [-17.21, 0, 0],
						"2.1667": [-14.96, 0, 0],
						"2.2333": [0, 0, 0]
					},
					"position": {
						"0.4667": {
							"pre": [0, 0, 0],
							"post": [0, 0, 0],
							"lerp_mode": "catmullrom"
						},
						"0.5333": {
							"post": [-0.19, -1.255, -1.285],
							"lerp_mode": "catmullrom"
						},
						"0.6333": {
							"post": [0, -2, -2.175],
							"lerp_mode": "catmullrom"
						},
						"0.7333": {
							"post": [2.43355, -7.06085, -4.34008],
							"lerp_mode": "catmullrom"
						},
						"0.9333": {
							"post": [4.88187, -4.75458, -0.85469],
							"lerp_mode": "catmullrom"
						},
						"1.0667": {
							"post": [5.4778, -4.03004, 0.00331],
							"lerp_mode": "catmullrom"
						},
						"1.2333": {
							"post": [5.54466, -3.84829, 0.07629],
							"lerp_mode": "catmullrom"
						},
						"1.3667": {
							"post": [5.5694, -3.90504, 0.1175],
							"lerp_mode": "catmullrom"
						},
						"1.4667": {
							"post": [5.40216, -4.31371, 0.3549],
							"lerp_mode": "catmullrom"
						},
						"1.6": {
							"post": [5.30526, -3.15082, -0.25021],
							"lerp_mode": "catmullrom"
						},
						"1.6667": {
							"post": [4.34537, -4.40834, 0.48379],
							"lerp_mode": "catmullrom"
						},
						"1.7667": {
							"post": [1.98789, -5.82832, 0.89525],
							"lerp_mode": "catmullrom"
						},
						"1.9": [0, 0, -0.8],
						"1.9667": [0, 0.43, -0.36],
						"2.0667": [0, 0.4, -0.59],
						"2.1667": [0, 0.435, -0.335],
						"2.2333": [0, 0, 0]
					}
				},
				"additional_magazine": {
					"scale": {
						"0.0": [0, 0, 0],
						"5.5": {
							"pre": [0, 0, 0],
							"post": [1, 1, 1]
						}
					}
				}
			},
			"sound_effects": {
				"0.0": {
					"effect": "tacz:sks/sks_reload_raise"
				},
				"0.5333": {
					"effect": "tacz:sks/sks_reload_fast_magout"
				},
				"1.7667": {
					"effect": "tacz:sks/sks_reload_xmag_magin"
				},
				"2.5": {
					"effect": "tacz:sks/sks_reload_empty_rotate"
				},
				"3.9667": {
					"effect": "tacz:sks/sks_charge_01"
				},
				"4.7": {
					"effect": "tacz:sks/sks_charge_02"
				},
				"4.9667": {
					"effect": "tacz:sks/sks_reload_xmag_end"
				}
			}
		},
		"inspect_empty": {
			"animation_length": 7.8667,
			"bones": {
				"lefthand": {
					"rotation": {
						"0.0": [105.21, -25.38, -150.16],
						"0.1667": [105.21, -25.38, -150.16],
						"0.2333": [113.14534, -16.33581, -164.72012],
						"0.3333": [124.2487, 6.51029, -190.9453],
						"1.4667": [124.2487, 6.51029, -190.9453],
						"1.7333": [124.2487, 6.51029, -190.9453],
						"2.0": [124.2487, 6.51029, -190.9453],
						"5.0667": [124.2487, 6.51029, -190.9453],
						"6.1": [124.2487, 6.51029, -190.9453],
						"6.3": [105.21401, -25.37935, -150.1551]
					},
					"position": {
						"0.0": [8.03, -15.15, -4.57],
						"0.1667": [8.03, -15.15, -4.57],
						"0.2333": [7.94, -17.195, -1.435],
						"0.3333": [7.255, -17, 3.46],
						"1.4667": [7.26, -17, 3.46],
						"1.7333": [7.26, -17, 3.46],
						"2.0": [7.26, -17, 3.46],
						"2.1333": [8.135, -17, 3.46],
						"5.0667": [7.26, -17, 3.46],
						"5.2667": [8.135, -17, 3.46],
						"5.4333": [7.26, -17, 3.46],
						"6.1": [7.26, -17, 3.46],
						"6.3": [8.03, -15.15, -4.57]
					},
					"scale": [1, 1.5, 1]
				},
				"righthand": {
					"rotation": {
						"0.0": [95.0274, 5.97708, -179.47516],
						"3.2": [95.03, 5.98, -179.48],
						"3.3667": [97.3464, -7.62565, -181.19774],
						"3.4333": [97.3464, -7.62565, -181.19774],
						"3.5333": [97.31672, -5.64199, -180.94081],
						"3.5667": [97.31672, -5.64199, -180.94081],
						"3.7667": [97.31672, -5.64199, -180.94081],
						"3.9333": [96.57309, -8.58748, -92.75755],
						"4.0": [93.04973, -8.18312, -102.85765],
						"4.0667": [93.04973, -8.18312, -102.85765],
						"4.2": [93.04973, -8.18312, -102.85765],
						"4.7333": [93.04973, -8.18312, -102.85765],
						"4.8333": [93.79, -2.87, -131.59],
						"4.9": [93.79, -2.87, -131.59],
						"5.0": [95.03, 5.98, -179.48],
						"6.4": [95.03, 5.98, -179.48],
						"6.5667": [96.57309, -8.58748, -92.75755],
						"6.6333": [93.04973, -8.18312, -102.85765],
						"6.7": [93.04973, -8.18312, -102.85765],
						"6.8": [93.04973, -8.18312, -102.85765],
						"6.9333": [93.04973, -8.18312, -102.85765],
						"7.1333": [95.03, 5.98, -179.48]
					},
					"position": {
						"0.0": [-6.95, -17.1, 9.825],
						"3.2": [-6.95, -17.1, 9.82],
						"3.3667": [-8.485, -13.085, 7.945],
						"3.4333": [-8.485, -13.085, 7.945],
						"3.5333": [-8.485, -13.085, 9.17],
						"3.5667": [-8.485, -13.085, 9.17],
						"3.7333": [-9.455, -14.265, 12.395],
						"3.8": [-9.34, -13.9, 10.415],
						"3.9333": [-9.235, -12.095, 4.225],
						"4.0": [-8.69, -11.9, 3.78],
						"4.0667": [-8.69, -11.9, 3.78],
						"4.2": [-8.69, -11.8, 7.455],
						"4.7333": [-8.69, -11.8, 7.455],
						"4.8333": [-8.77, -13.3, 9.715],
						"4.9": [-8.16, -14.57, 10.955],
						"5.0": [-6.95, -17.1, 9.82],
						"6.4": [-6.95, -17.1, 9.82],
						"6.5667": [-9.235, -13.995, 1.225],
						"6.6333": [-8.69, -13.8, 0.78],
						"6.7": [-8.69, -13.8, 0.78],
						"6.8": [-8.69, -13.7, 7.93],
						"6.9333": [-8.69, -13.7, 7.93],
						"7.0333": [-8.745, -15.38, 8.33],
						"7.1333": [-6.95, -17.1, 9.82]
					},
					"scale": [1, 1.5, 1]
				},
				"root": {
					"rotation": {
						"0.0": {
							"post": [0, 0, 0],
							"lerp_mode": "catmullrom"
						},
						"0.1": {
							"post": [1.685, -3.53, -6.4],
							"lerp_mode": "catmullrom"
						},
						"0.2": {
							"post": [-8.105, -6.88, -13.015],
							"lerp_mode": "catmullrom"
						},
						"0.3": {
							"post": [-19.33504, -11.36125, -18.46825],
							"lerp_mode": "catmullrom"
						},
						"0.3667": {
							"post": [-20.235, -11.18, -19.17],
							"lerp_mode": "catmullrom"
						},
						"0.4667": {
							"post": [-16.47805, -10.70023, -18.69523],
							"lerp_mode": "catmullrom"
						},
						"0.5667": {
							"post": [-14.55312, -12.83757, -25.04784],
							"lerp_mode": "catmullrom"
						},
						"0.6": {
							"post": [-12.72319, -13.94798, -28.53683],
							"lerp_mode": "catmullrom"
						},
						"0.6667": {
							"post": [-18.7589, -12.26037, -23.3517],
							"lerp_mode": "catmullrom"
						},
						"0.7667": {
							"post": [-18.42323, -13.38988, -26.55795],
							"lerp_mode": "catmullrom"
						},
						"0.8667": {
							"post": [-18.53403, -12.14782, -23.01023],
							"lerp_mode": "catmullrom"
						},
						"1.2333": {
							"post": [-19.95302, -11.6677, -21.60679],
							"lerp_mode": "catmullrom"
						},
						"1.5667": {
							"post": [-20.70731, -11.65363, -21.51656],
							"lerp_mode": "catmullrom"
						},
						"1.9333": {
							"post": [-16.78089, -10.50875, -20.77088],
							"lerp_mode": "catmullrom"
						},
						"2.1": {
							"post": [-16.39522, 2.36368, 18.07177],
							"lerp_mode": "catmullrom"
						},
						"2.2333": {
							"post": [-27.53159, 25.48139, 51.06994],
							"lerp_mode": "catmullrom"
						},
						"2.4": {
							"post": [-32.85105, 45.13006, 64.54397],
							"lerp_mode": "catmullrom"
						},
						"2.5667": {
							"post": [-30.1597, 44.68871, 67.01399],
							"lerp_mode": "catmullrom"
						},
						"2.8": {
							"post": [-31.91919, 43.30722, 65.4886],
							"lerp_mode": "catmullrom"
						},
						"3.0": {
							"post": [-32.85105, 41.53006, 64.54397],
							"lerp_mode": "catmullrom"
						},
						"3.1333": {
							"post": [-35.65588, 38.25313, 58.62216],
							"lerp_mode": "catmullrom"
						},
						"3.3": {
							"post": [-43.18649, 34.14971, 49.95519],
							"lerp_mode": "catmullrom"
						},
						"3.4333": {
							"post": [-46.93948, 34.18431, 47.54701],
							"lerp_mode": "catmullrom"
						},
						"3.5333": {
							"post": [-48.75621, 38.31152, 46.01541],
							"lerp_mode": "catmullrom"
						},
						"3.6": {
							"post": [-47.92633, 37.23534, 48.40637],
							"lerp_mode": "catmullrom"
						},
						"3.6667": {
							"post": [-46.43835, 32.58487, 47.92599],
							"lerp_mode": "catmullrom"
						},
						"3.7667": {
							"post": [-44.79967, 36.68411, 52.08987],
							"lerp_mode": "catmullrom"
						},
						"3.9": {
							"post": [-47.84078, 34.72639, 48.63438],
							"lerp_mode": "catmullrom"
						},
						"4.0667": {
							"post": [-48.56784, 36.4876, 46.70052],
							"lerp_mode": "catmullrom"
						},
						"4.1667": {
							"post": [-45.41855, 41.78182, 50.55216],
							"lerp_mode": "catmullrom"
						},
						"4.2333": {
							"post": [-45.81556, 42.74038, 51.04951],
							"lerp_mode": "catmullrom"
						},
						"4.3": {
							"post": [-48.98, 40.11, 47.25],
							"lerp_mode": "catmullrom"
						},
						"4.4": {
							"post": [-49.23489, 41.13121, 47.44389],
							"lerp_mode": "catmullrom"
						},
						"4.5667": {
							"post": [-49.18711, 42.07983, 46.59303],
							"lerp_mode": "catmullrom"
						},
						"4.7667": {
							"post": [-50.23629, 42.16418, 45.25809],
							"lerp_mode": "catmullrom"
						},
						"4.8": {
							"post": [-49.76258, 34.78108, 43.16269],
							"lerp_mode": "catmullrom"
						},
						"4.8667": {
							"post": [-42.43512, 40.88873, 49.99879],
							"lerp_mode": "catmullrom"
						},
						"4.9667": {
							"post": [-48.48914, 32.3985, 41.07692],
							"lerp_mode": "catmullrom"
						},
						"5.0667": {
							"post": [-43.26872, 27.49021, 38.73168],
							"lerp_mode": "catmullrom"
						},
						"5.1667": {
							"post": [-35.2055, 19.98685, 36.00341],
							"lerp_mode": "catmullrom"
						},
						"5.3": {
							"post": [-26.25268, -1.76537, 10.48099],
							"lerp_mode": "catmullrom"
						},
						"5.4333": {
							"post": [-22.06, -14.30818, -17.66847],
							"lerp_mode": "catmullrom"
						},
						"5.5667": {
							"post": [-20.10803, -14.90093, -24.36157],
							"lerp_mode": "catmullrom"
						},
						"5.7333": {
							"post": [-20.36562, -14.25062, -24.93336],
							"lerp_mode": "catmullrom"
						},
						"5.8667": {
							"post": [-20.74536, -12.32337, -24.02348],
							"lerp_mode": "catmullrom"
						},
						"5.9333": {
							"post": [-20.49437, -13.16317, -24.72873],
							"lerp_mode": "catmullrom"
						},
						"5.9667": {
							"post": [-15.83817, -14.81264, -34.84285],
							"lerp_mode": "catmullrom"
						},
						"6.0333": {
							"post": [-19.43505, -10.15957, -17.15869],
							"lerp_mode": "catmullrom"
						},
						"6.1333": {
							"post": [-16.2147, -10.95773, -20.90644],
							"lerp_mode": "catmullrom"
						},
						"6.2667": {
							"post": [-11.32508, -5.39898, -8.93252],
							"lerp_mode": "catmullrom"
						},
						"6.3667": {
							"post": [-2.90548, -4.30241, -5.32769],
							"lerp_mode": "catmullrom"
						},
						"6.5": {
							"post": [-4.99621, -4.2794, 1.75805],
							"lerp_mode": "catmullrom"
						},
						"6.6333": {
							"post": [-6.16614, -4.16766, 5.74532],
							"lerp_mode": "catmullrom"
						},
						"6.7333": {
							"post": [-5.25703, -2.79591, 6.22114],
							"lerp_mode": "catmullrom"
						},
						"6.8": {
							"post": [-3.51262, -3.17465, 1.03847],
							"lerp_mode": "catmullrom"
						},
						"6.9": {
							"post": [-5.44961, -3.54234, 2.67944],
							"lerp_mode": "catmullrom"
						},
						"7.0": {
							"post": [-5.34357, -3.12703, 2.57146],
							"lerp_mode": "catmullrom"
						},
						"7.1": {
							"post": [-3.39737, -2.42997, 5.13189],
							"lerp_mode": "catmullrom"
						},
						"7.2333": {
							"post": [-2.55, -0.79, -0.27],
							"lerp_mode": "catmullrom"
						},
						"7.3667": {
							"post": [-0.6, -0.32, 0.26],
							"lerp_mode": "catmullrom"
						},
						"7.4": {
							"post": [0, -0.5, -0.775],
							"lerp_mode": "catmullrom"
						},
						"7.4667": {
							"post": [-0.00945, -0.1664, 1.77501],
							"lerp_mode": "catmullrom"
						},
						"7.5333": {
							"post": [0, 0, -1.25],
							"lerp_mode": "catmullrom"
						},
						"7.6": {
							"post": [0, 0, 0],
							"lerp_mode": "catmullrom"
						},
						"7.7": {
							"post": [0, 0, 0],
							"lerp_mode": "catmullrom"
						}
					},
					"position": {
						"0.0": {
							"post": [0, 0, 0],
							"lerp_mode": "catmullrom"
						},
						"0.1": {
							"post": [0.13, -1.025, -1.075],
							"lerp_mode": "catmullrom"
						},
						"0.2": {
							"post": [0.25, -1.15, -0.975],
							"lerp_mode": "catmullrom"
						},
						"0.3": {
							"post": [0.25, 0.325, -0.1],
							"lerp_mode": "catmullrom"
						},
						"0.4": {
							"post": [0.19, 0.54, -0.05],
							"lerp_mode": "catmullrom"
						},
						"0.5333": {
							"post": [0.175, 0.395, -0.1],
							"lerp_mode": "catmullrom"
						},
						"0.6": {
							"post": [0.505, -0.88, -0.1],
							"lerp_mode": "catmullrom"
						},
						"0.7333": {
							"post": [0.335, -0.905, -0.1],
							"lerp_mode": "catmullrom"
						},
						"0.9": {
							"post": [0.115, -0.665, -0.09],
							"lerp_mode": "catmullrom"
						},
						"1.1667": {
							"post": [-0.17, -0.715, -0.08],
							"lerp_mode": "catmullrom"
						},
						"1.5": {
							"post": [-0.2, -0.55, -0.01],
							"lerp_mode": "catmullrom"
						},
						"1.9667": {
							"post": [-0.24, -0.63, -0.4],
							"lerp_mode": "catmullrom"
						},
						"2.1667": {
							"post": [-0.365, -1.47, -1.94],
							"lerp_mode": "catmullrom"
						},
						"2.3667": {
							"post": [-0.695, 0.545, -1.975],
							"lerp_mode": "catmullrom"
						},
						"2.5333": {
							"post": [-0.69, 0.25, -1.13],
							"lerp_mode": "catmullrom"
						},
						"2.6667": {
							"post": [-0.69, 0.48, -1.13],
							"lerp_mode": "catmullrom"
						},
						"2.8333": {
							"post": [-0.69, 0.44, -1.13],
							"lerp_mode": "catmullrom"
						},
						"3.0": {
							"post": [-0.69, 0.275, -1.13],
							"lerp_mode": "catmullrom"
						},
						"3.1333": {
							"post": [-1, -0.305, -1.355],
							"lerp_mode": "catmullrom"
						},
						"3.3": {
							"post": [-1.315, -1.27, -0.755],
							"lerp_mode": "catmullrom"
						},
						"3.4333": {
							"post": [-1.415, -1.465, -0.745],
							"lerp_mode": "catmullrom"
						},
						"3.5667": {
							"post": [-1.56, -2.28, -0.93],
							"lerp_mode": "catmullrom"
						},
						"3.6667": {
							"post": [-1.6, -1.85, -0.97],
							"lerp_mode": "catmullrom"
						},
						"3.8333": {
							"post": [-1.645, -2.24, -0.97],
							"lerp_mode": "catmullrom"
						},
						"4.0333": {
							"post": [-1.655, -2.025, -0.79],
							"lerp_mode": "catmullrom"
						},
						"4.1": {
							"post": [-1.64, -2.04, -0.78],
							"lerp_mode": "catmullrom"
						},
						"4.2333": {
							"post": [-1.77, -2.455, -0.76],
							"lerp_mode": "catmullrom"
						},
						"4.4": {
							"post": [-1.79, -2.33, -0.72],
							"lerp_mode": "catmullrom"
						},
						"4.7667": {
							"post": [-1.765, -2.415, -0.67],
							"lerp_mode": "catmullrom"
						},
						"4.8333": {
							"post": [-1.55, -1.205, -1.02],
							"lerp_mode": "catmullrom"
						},
						"4.9333": {
							"post": [-1.31, -1.575, -0.53],
							"lerp_mode": "catmullrom"
						},
						"5.0667": {
							"post": [-1.27, -1.58, -0.53],
							"lerp_mode": "catmullrom"
						},
						"5.2": {
							"post": [-1.2, -2.12, -0.64],
							"lerp_mode": "catmullrom"
						},
						"5.3": {
							"post": [-0.87, -3.35, -1.275],
							"lerp_mode": "catmullrom"
						},
						"5.5": {
							"post": [-0.665, -0.645, 0.04],
							"lerp_mode": "catmullrom"
						},
						"5.6667": {
							"post": [-0.095, -0.225, 0.05],
							"lerp_mode": "catmullrom"
						},
						"5.7333": {
							"post": [-0.0425, -0.1125, 0.05],
							"lerp_mode": "catmullrom"
						},
						"5.8333": {
							"post": [-0.03625, -0.04125, 0.05],
							"lerp_mode": "catmullrom"
						},
						"5.9333": {
							"post": [0.025, 0.06, 0.05],
							"lerp_mode": "catmullrom"
						},
						"6.0": {
							"post": [0.25, -1.025, 0.05],
							"lerp_mode": "catmullrom"
						},
						"6.1333": {
							"post": [0.15, -0.745, -0.04],
							"lerp_mode": "catmullrom"
						},
						"6.2667": {
							"post": [0.14, -1.815, 0.325],
							"lerp_mode": "catmullrom"
						},
						"6.4333": {
							"post": [0.1, -0.8, 0.395],
							"lerp_mode": "catmullrom"
						},
						"6.5667": {
							"post": [-0.19, -0.805, 0.165],
							"lerp_mode": "catmullrom"
						},
						"6.7333": {
							"post": [-0.14, -0.97, 0.28],
							"lerp_mode": "catmullrom"
						},
						"6.8": {
							"post": [-0.11, -1.665, 0.49],
							"lerp_mode": "catmullrom"
						},
						"6.9333": {
							"post": [-0.1, -1.385, 0.455],
							"lerp_mode": "catmullrom"
						},
						"7.0667": {
							"post": [-0.09, -1.13, 0.385],
							"lerp_mode": "catmullrom"
						},
						"7.2333": {
							"post": [-0.11, -0.315, -0.685],
							"lerp_mode": "catmullrom"
						},
						"7.4": {
							"post": [0, -0.3, 0.25],
							"lerp_mode": "catmullrom"
						},
						"7.5": {
							"post": [0, 0, -0.1],
							"lerp_mode": "catmullrom"
						},
						"7.6": {
							"post": [0, 0, 0.05],
							"lerp_mode": "catmullrom"
						},
						"7.7": {
							"post": [0, 0, 0],
							"lerp_mode": "catmullrom"
						}
					}
				},
				"additional_magazine": {
					"scale": {
						"0.0": [0, 0, 0],
						"7.6667": {"pre": [0, 0, 0], "post": [1, 1, 1]}
					}
				},
				"bolt": {
					"position": {
						"3.4333": [0, 0, 4],
						"3.5333": [0, 0, 4.75],
						"3.5667": [0, 0, 4.75],
						"3.6333": [0, 0, 0],
						"4.0667": [0, 0, 0],
						"4.1333": [0, 0, 4],
						"4.7333": [0, 0, 4],
						"4.8": [0, 0, 0],
						"6.7": [0, 0, 0],
						"6.8": [0, 0, 4.75],
						"6.9667": [0, 0, 4.75],
						"7.0333": [0, 0, 4]
					}
				},
				"magrelease": {
					"rotation": {
						"0.3333": [0, 0, 0],
						"0.4": [-15, 0, 0],
						"0.6667": [-15, 0, 0],
						"0.7667": [0, 0, 0],
						"5.9": [0, 0, 0],
						"5.9667": [-15, 0, 0],
						"6.0333": [0, 0, 0]
					}
				},
				"gun_and_righthand": {
					"rotation": {
						"0.6": {
							"pre": [0, 0, 0],
							"post": [0, 0, 0],
							"lerp_mode": "catmullrom"
						},
						"0.7": {
							"post": [2.7501, 0.49942, 0.02399],
							"lerp_mode": "catmullrom"
						},
						"0.9": {
							"post": [0.05867, 0.46466, 0.02232],
							"lerp_mode": "catmullrom"
						},
						"1.1667": {
							"post": [0.55327, 0.34247, 0.76678],
							"lerp_mode": "catmullrom"
						},
						"1.8333": {
							"post": [0, 0, 0],
							"lerp_mode": "catmullrom"
						}
					},
					"position": {
						"0.6": {
							"pre": [0, 0, 0],
							"post": [0, 0, 0],
							"lerp_mode": "catmullrom"
						},
						"0.7": {
							"post": [-0.00886, 0.76732, -0.27264],
							"lerp_mode": "catmullrom"
						},
						"0.8667": {
							"post": [-0.22369, 0.83168, -0.22112],
							"lerp_mode": "catmullrom"
						},
						"1.1": {
							"post": [-0.20445, 0.41337, -0.00017],
							"lerp_mode": "catmullrom"
						},
						"1.3667": {
							"post": [-0.02936, 0.22863, 0.01016],
							"lerp_mode": "catmullrom"
						},
						"1.6333": {
							"post": [-0.09899, 0.08433, 0.04439],
							"lerp_mode": "catmullrom"
						},
						"1.8333": {
							"post": [0, 0, 0],
							"lerp_mode": "catmullrom"
						}
					}
				},
				"bullet": {
					"scale": 0
				},
				"camera": {
					"rotation": {
						"0.0": {
							"post": [0, 0, 0],
							"lerp_mode": "catmullrom"
						},
						"0.2": {
							"post": [0.345, 0, 0],
							"lerp_mode": "catmullrom"
						},
						"0.3667": {
							"post": [1.425, 0, 0],
							"lerp_mode": "catmullrom"
						},
						"0.5333": {
							"post": [1.28, -0.17, -0.15],
							"lerp_mode": "catmullrom"
						},
						"0.6": {
							"post": [1.155, -0.55, -0.3],
							"lerp_mode": "catmullrom"
						},
						"0.6667": {
							"post": [4.31, -1.17, 1.27],
							"lerp_mode": "catmullrom"
						},
						"0.7667": {
							"post": [6.485, -2.37, -1.695],
							"lerp_mode": "catmullrom"
						},
						"0.9": {
							"post": [6.905, -3.95, -0.575],
							"lerp_mode": "catmullrom"
						},
						"1.0667": {
							"post": [5.58, -4.07, -1.55],
							"lerp_mode": "catmullrom"
						},
						"1.2667": {
							"post": [4.735, -4.05, -1.26],
							"lerp_mode": "catmullrom"
						},
						"1.6333": {
							"post": [6.115, -4.04, -1.2],
							"lerp_mode": "catmullrom"
						},
						"2.0333": {
							"post": [4.635, -3.65, -0.475],
							"lerp_mode": "catmullrom"
						},
						"2.4": {
							"post": [-0.22, -1.225, -0.3],
							"lerp_mode": "catmullrom"
						},
						"2.5333": {
							"post": [-1.975, -0.56, -0.47],
							"lerp_mode": "catmullrom"
						},
						"2.6667": {
							"post": [-1.435, -0.155, 0.155],
							"lerp_mode": "catmullrom"
						},
						"2.8667": {
							"post": [-2.075, 0.25, 0.9],
							"lerp_mode": "catmullrom"
						},
						"3.1": {
							"post": [-0.815, 0.325, 1.45],
							"lerp_mode": "catmullrom"
						},
						"3.4": {
							"post": [6.175, 0.325, 0.9],
							"lerp_mode": "catmullrom"
						},
						"3.5667": {
							"post": [7.63, 0.19, 0.76],
							"lerp_mode": "catmullrom"
						},
						"3.6333": {
							"post": [9.19, 0.13, 1.755],
							"lerp_mode": "catmullrom"
						},
						"3.7333": {
							"post": [7.375, 0.1, -0.1],
							"lerp_mode": "catmullrom"
						},
						"3.8667": {
							"post": [8.025, 0.14, 1.045],
							"lerp_mode": "catmullrom"
						},
						"4.0333": {
							"post": [7.085, 0.24, 0.62],
							"lerp_mode": "catmullrom"
						},
						"4.1333": {
							"post": [6.95, 0.29, 1.015],
							"lerp_mode": "catmullrom"
						},
						"4.2333": {
							"post": [7.895, 0.35, 0.41],
							"lerp_mode": "catmullrom"
						},
						"4.4": {
							"post": [6.84, 0.51, 0.81],
							"lerp_mode": "catmullrom"
						},
						"4.6": {
							"post": [7.685, 0.6, 0.47],
							"lerp_mode": "catmullrom"
						},
						"4.7667": {
							"post": [8.29, 0.66, 0.6],
							"lerp_mode": "catmullrom"
						},
						"4.8333": {
							"post": [10.225, 0.625, 1.85],
							"lerp_mode": "catmullrom"
						},
						"4.9333": {
							"post": [8.5, 0.41, -0.44],
							"lerp_mode": "catmullrom"
						},
						"5.0667": {
							"post": [9.475, 0, 0.45],
							"lerp_mode": "catmullrom"
						},
						"5.2333": {
							"post": [7.78, -0.03, -0.03],
							"lerp_mode": "catmullrom"
						},
						"5.6333": {
							"post": [2.84, -0.03, -0.65],
							"lerp_mode": "catmullrom"
						},
						"5.7667": {
							"post": [2.36, -0.03, -0.75],
							"lerp_mode": "catmullrom"
						},
						"5.9": {
							"post": [1.98, -0.03, -0.76],
							"lerp_mode": "catmullrom"
						},
						"5.9667": {
							"post": [3.21, -0.03, 0.29],
							"lerp_mode": "catmullrom"
						},
						"6.0667": {
							"post": [1.34, -0.03, -1.445],
							"lerp_mode": "catmullrom"
						},
						"6.2": {
							"post": [2.08, -0.02, -0.315],
							"lerp_mode": "catmullrom"
						},
						"6.3667": {
							"post": [1.83, -0.02, -0.37],
							"lerp_mode": "catmullrom"
						},
						"6.6": {
							"post": [3.425, -0.01, 0.725],
							"lerp_mode": "catmullrom"
						},
						"6.7": {
							"post": [3.56, -0.01, 0.81],
							"lerp_mode": "catmullrom"
						},
						"6.7667": {
							"post": [2.5, -0.01, 1.68],
							"lerp_mode": "catmullrom"
						},
						"6.8667": {
							"post": [3.59, -0.01, 0.28],
							"lerp_mode": "catmullrom"
						},
						"6.9667": {
							"post": [3.32, 0, 0.935],
							"lerp_mode": "catmullrom"
						},
						"7.1667": {
							"post": [1.775, 0, -0.075],
							"lerp_mode": "catmullrom"
						},
						"7.3667": {
							"post": [-0.525, 0, -0.125],
							"lerp_mode": "catmullrom"
						},
						"7.4333": {
							"post": [0.225, 0, 0.325],
							"lerp_mode": "catmullrom"
						},
						"7.5333": {
							"post": [-0.175, 0, -0.15],
							"lerp_mode": "catmullrom"
						},
						"7.6333": {
							"post": [0.1, 0, 0.05],
							"lerp_mode": "catmullrom"
						},
						"7.7667": {
							"post": [0, 0, 0],
							"lerp_mode": "catmullrom"
						}
					}
				},
				"lefthand_and_mag": {
					"rotation": {
						"0.4333": {
							"pre": [0, 0, 0],
							"post": [0, 0, 0],
							"lerp_mode": "catmullrom"
						},
						"0.5": {
							"post": [-27, 0, 0],
							"lerp_mode": "catmullrom"
						},
						"0.5667": {
							"post": [-29.78, -2.96, -4.25],
							"lerp_mode": "catmullrom"
						},
						"0.6667": {
							"post": [-32.79558, -21.35651, -30.78829],
							"lerp_mode": "catmullrom"
						},
						"0.8": {
							"post": [-36.58149, -11.99113, -14.73318],
							"lerp_mode": "catmullrom"
						},
						"0.9667": {
							"post": [-28.33547, -5.8058, -5.7213],
							"lerp_mode": "catmullrom"
						},
						"1.1": [-27.03329, -5.69318, -5.93799],
						"1.4": [-27.06, -6.77, -5.84],
						"1.7667": [-27.37907, -5.75707, -2.34845],
						"1.9333": [-27.03329, -5.69318, -5.93799],
						"2.0333": [1.07814, -0.35648, -12.07068],
						"2.1333": [28.91025, 4.41364, 13.7931],
						"2.5": [28.91025, 4.41364, 13.7931],
						"5.1": [28.91025, 4.41364, 13.7931],
						"5.2667": [-0.26458, 8.70102, -46.38093],
						"5.6": [-25, 0, 0],
						"5.7": [-22, 0, 0],
						"5.8": [-21, 0, 0],
						"5.9": [-18.75, 0, 0],
						"5.9667": [0, 0, 0]
					},
					"position": {
						"0.4333": {
							"pre": [0, 0, 0],
							"post": [0, 0, 0],
							"lerp_mode": "catmullrom"
						},
						"0.5": {
							"post": [-0.19, -0.205, -1.285],
							"lerp_mode": "catmullrom"
						},
						"0.6": {
							"post": [0, -0.95, -2.175],
							"lerp_mode": "catmullrom"
						},
						"0.7": {
							"post": [2.43355, -7.06085, -4.34008],
							"lerp_mode": "catmullrom"
						},
						"0.9": {
							"post": [4.88187, -4.75458, -0.85469],
							"lerp_mode": "catmullrom"
						},
						"1.0333": {
							"post": [5.4778, -4.03004, 0.00331],
							"lerp_mode": "catmullrom"
						},
						"1.2": {
							"post": [5.54466, -3.84829, 0.07629],
							"lerp_mode": "catmullrom"
						},
						"1.5": {
							"post": [5.21596, -4.02085, 0.17246],
							"lerp_mode": "catmullrom"
						},
						"1.8667": {
							"post": [5.03569, -4.15038, 0.22115],
							"lerp_mode": "catmullrom"
						},
						"1.9333": [4.29266, -3.11871, 0.03464],
						"2.0333": [3.0953, -0.29915, 0.21733],
						"2.1333": [3.84, 3.69, -1.68],
						"2.5": [3.84, 3.69, -1.68],
						"5.1": [3.84, 3.69, -1.68],
						"5.2667": {
							"pre": [4.425, 2.76, -0.49],
							"post": [4.425, 2.76, -0.49],
							"lerp_mode": "catmullrom"
						},
						"5.4": {
							"post": [3.15151, -2.07426, -0.82701],
							"lerp_mode": "catmullrom"
						},
						"5.5": {
							"post": [0.48795, -2.83892, -1.26484],
							"lerp_mode": "catmullrom"
						},
						"5.6": [0, -0.52, -0.69],
						"5.7": [0, -0.32, -0.88],
						"5.8": [0, -0.22, -0.445],
						"5.9": [0, -0.095, -0.6],
						"5.9667": [0, 0, 0]
					}
				},
				"switch": {
					"rotation": {
						"0.0": [0, 0, 15],
						"4.1667": [0, 0, 15],
						"4.2": [0, 0, 0],
						"6.7667": [0, 0, 0],
						"6.8": [0, 0, 15]
					}
				}
			},
			"sound_effects": {
				"0.0": {
					"effect": "tacz:sks/sks_reload_raise"
				},
				"0.5333": {
					"effect": "tacz:sks/sks_reload_fast_magout"
				},
				"2.1": {
					"effect": "tacz:sks/sks_reload_empty_rotate"
				},
				"3.4667": {
					"effect": "tacz:sks/sks_charge_01"
				},
				"3.6": {
					"effect": "tacz:sks/sks_charge_02"
				},
				"4.0667": {
					"effect": "tacz:sks/sks_charge_01"
				},
				"4.7333": {
					"effect": "tacz:sks/sks_charge_02"
				},
				"5.5": {
					"effect": "tacz:sks/sks_reload_xmag_magin"
				},
				"6.7333": {
					"effect": "tacz:sks/sks_charge_01"
				},
				"6.9": {
					"effect": "tacz:sks/sks_reload_xmag_end"
				}
			}
		},
		"shoot": {
			"animation_length": 0.6333,
			"bones": {
				"bolt": {
					"position": {
						"0.0": [0, 0, 0],
						"0.0333": [0, 0, 5],
						"0.0667": [0, 0, 0]
					}
				},
				"root": {
					"rotation": {
						"0.0": [0, 0, 0],
						"0.0333": [1.225, 0, 0.725],
						"0.0667": [-0.595, 0, -1.175],
						"0.1": [-0.72, 0, -1.225],
						"0.1667": [0.18, 0, 0.525],
						"0.2667": [0.45, 0, -0.25],
						"0.3667": [0.225, -0.2, 0.25],
						"0.5": [0.055, -0.075, -0.075],
						"0.6333": [0, 0, 0]
					},
					"position": {
						"0.0": [0, 0, 0],
						"0.0333": [0, -0.025, 1.725],
						"0.0667": [0, -0.05, 1.38],
						"0.1333": [0, -0.05, -0.045],
						"0.2667": [0, -0.025, 0.1],
						"0.3667": [0, 0, 0]
					}
				},
				"camera": {
					"rotation": {
						"0.0": {
							"post": [0, 0, 0],
							"lerp_mode": "catmullrom"
						},
						"0.0333": {
							"post": [0, 0, 0.6],
							"lerp_mode": "catmullrom"
						},
						"0.0667": {
							"post": [0, 0, -0.4],
							"lerp_mode": "catmullrom"
						},
						"0.1": {
							"post": [0, 0, 0.375],
							"lerp_mode": "catmullrom"
						},
						"0.1667": {
							"post": [0, 0, -0.225],
							"lerp_mode": "catmullrom"
						},
						"0.2333": {
							"post": [0, 0, 0.075],
							"lerp_mode": "catmullrom"
						},
						"0.3": {
							"post": [0, 0, 0],
							"lerp_mode": "catmullrom"
						}
					}
				}
			}
		}
	}
}