{
	"format_version": "1.8.0",
	"animations": {
		"run_start": {
			"animation_length": 0.4667,
			"bones": {
				"root": {
					"rotation": {
						"0.0": [0, 0, 0],
						"0.1333": {
							"pre": [-30.348, -5.443, -15.653],
							"post": [-30.348, -5.443, -15.653],
							"lerp_mode": "catmullrom"
						},
						"0.2333": {
							"post": [-56.54, -11.48, -8.489],
							"lerp_mode": "catmullrom"
						},
						"0.3333": {
							"post": [-70.732, -7.932, -2.756],
							"lerp_mode": "catmullrom"
						},
						"0.3667": {
							"post": [-72.366, -11.115, -3.044],
							"lerp_mode": "catmullrom"
						},
						"0.4": {
							"post": [-71.881, -11.428, -3.454],
							"lerp_mode": "catmullrom"
						},
						"0.4333": {
							"post": [-72.368, -11.14, -3.076],
							"lerp_mode": "catmullrom"
						}
					},
					"position": {
						"0.0": {
							"post": [0, 0, 0],
							"lerp_mode": "catmullrom"
						},
						"0.1": {
							"post": [0.392, -0.399, -0.186],
							"lerp_mode": "catmullrom"
						},
						"0.2": {
							"post": [-3.105, -2.429, -3.063],
							"lerp_mode": "catmullrom"
						},
						"0.3333": {
							"post": [-4.345, -3.026, -2.113],
							"lerp_mode": "catmullrom"
						},
						"0.4333": {
							"post": [-4.375, -2.934, -1.715],
							"lerp_mode": "catmullrom"
						}
					},
					"scale": {
						"0.0": [1, 1, 1],
						"0.4333": [1, 1, 1]
					}
				},
				"lefthand": {
					"rotation": {
						"0.0": [0, 0, 0],
						"0.0667": [0, 0, 0],
						"0.1": [-0.036, -0.271, -1.529],
						"0.1333": [-0.163, -0.946, -5.348],
						"0.1667": [-0.406, -1.812, -10.289],
						"0.2": [-0.731, -2.658, -15.192],
						"0.2333": [-1.035, -3.289, -18.927],
						"0.2667": [-1.168, -3.535, -20.411],
						"0.4667": [-1.168, -3.535, -20.411]
					},
					"position": {
						"0.0": [0, 0, 0],
						"0.0667": [0, 0, 0],
						"0.1": [1.212, -0.201, 1.309],
						"0.1333": [4.241, -0.703, 4.58],
						"0.1667": [8.179, -1.355, 8.833],
						"0.2": [12.117, -2.008, 13.086],
						"0.2333": [15.147, -2.51, 16.358],
						"0.2667": [16.358, -2.711, 17.666],
						"0.4667": [16.358, -2.711, 17.666]
					},
					"scale": {
						"0.0": [1, 1, 1],
						"0.4667": [1, 1, 1]
					}
				}
			}
		},
		"run": {
			"loop": true,
			"animation_length": 0.7667,
			"bones": {
				"root": {
					"rotation": {
						"0.0": {
							"post": [-72.368, -11.14, -3.076],
							"lerp_mode": "catmullrom"
						},
						"0.1667": {
							"post": [-73.298, -18.761, -3.215],
							"lerp_mode": "catmullrom"
						},
						"0.3333": {
							"post": [-65.081, -7.255, -3.232],
							"lerp_mode": "catmullrom"
						},
						"0.4": {
							"post": [-62.221, -2.04, -2.903],
							"lerp_mode": "catmullrom"
						},
						"0.4667": {
							"post": [-60.729, -4.658, -1.74],
							"lerp_mode": "catmullrom"
						},
						"0.6": {
							"post": [-65.79, -12.299, -4.419],
							"lerp_mode": "catmullrom"
						},
						"0.7667": {
							"post": [-72.368, -11.14, -3.076],
							"lerp_mode": "catmullrom"
						}
					},
					"position": {
						"0.0": [-4.375, -2.934, -1.715],
						"0.2": {
							"pre": [-3.476, -2.001, 0.078],
							"post": [-3.476, -2.001, 0.078],
							"lerp_mode": "catmullrom"
						},
						"0.3667": {
							"post": [-3.518, -1.426, -0.398],
							"lerp_mode": "catmullrom"
						},
						"0.5": {
							"post": [-3.354, -0.618, -0.138],
							"lerp_mode": "catmullrom"
						},
						"0.6": {
							"post": [-4.031, -1.553, -0.161],
							"lerp_mode": "catmullrom"
						},
						"0.7": {
							"post": [-4.368, -2.52137, -0.792],
							"lerp_mode": "catmullrom"
						},
						"0.7667": {
							"post": [-4.375, -2.934, -1.715],
							"lerp_mode": "catmullrom"
						}
					},
					"scale": {
						"0.0": [1, 1, 1],
						"0.7667": [1, 1, 1]
					}
				},
				"lefthand": {
					"rotation": {
						"0.0": [-1.168, -3.535, -20.411],
						"0.0667": {
							"pre": [-1.168, -3.535, -20.411],
							"post": [-1.168, -3.535, -20.411],
							"lerp_mode": "catmullrom"
						},
						"0.1333": {
							"post": [4.89, -7.761, -33.663],
							"lerp_mode": "catmullrom"
						},
						"0.2": {
							"post": [0.812, 5.764, -23.953],
							"lerp_mode": "catmullrom"
						},
						"0.2667": {
							"post": [3.13, 12.917, -27.406],
							"lerp_mode": "catmullrom"
						},
						"0.3333": {
							"post": [-1.168, -3.535, -20.411],
							"lerp_mode": "catmullrom"
						},
						"0.4333": [-1.168, -3.535, -20.411]
					},
					"position": {
						"0.0": [16.358, -2.711, 17.666],
						"0.0667": {
							"pre": [16.358, -9.701, 11.451],
							"post": [16.358, -9.701, 11.451],
							"lerp_mode": "catmullrom"
						},
						"0.1333": {
							"post": [15.896, -9.364, 10.578],
							"lerp_mode": "catmullrom"
						},
						"0.2": {
							"post": [14.531, -8.37, 7.998],
							"lerp_mode": "catmullrom"
						},
						"0.2667": {
							"post": [12.546, -7.9, 7.943],
							"lerp_mode": "catmullrom"
						},
						"0.3333": {
							"post": [16.358, -9.701, 11.451],
							"lerp_mode": "catmullrom"
						},
						"0.4333": [16.358, -2.711, 17.666]
					},
					"scale": {
						"0.0": [1, 1, 1],
						"0.4333": [1, 1, 1]
					}
				}
			}
		},
		"run_end": {
			"animation_length": 0.8,
			"bones": {
				"root": {
					"rotation": {
						"0.0": {
							"post": [-72.368, -11.14, -3.076],
							"lerp_mode": "catmullrom"
						},
						"0.0667": {
							"post": [-46.968, -1.025, 2.094],
							"lerp_mode": "catmullrom"
						},
						"0.1667": {
							"post": [-8.792, -1.477, 8.424],
							"lerp_mode": "catmullrom"
						},
						"0.2333": {
							"post": [-0.715, -0.305, -0.431],
							"lerp_mode": "catmullrom"
						},
						"0.3": {
							"post": [1.69, -0.425, 2.773],
							"lerp_mode": "catmullrom"
						},
						"0.3667": {
							"post": [-0.166, -0.409, -0.436],
							"lerp_mode": "catmullrom"
						},
						"0.4667": {
							"post": [0, 0, 0],
							"lerp_mode": "catmullrom"
						}
					},
					"position": {
						"0.0": {
							"post": [-4.398, -3.012, -1.665],
							"lerp_mode": "catmullrom"
						},
						"0.0667": {
							"post": [-2.965, -3.406, -3.028],
							"lerp_mode": "catmullrom"
						},
						"0.1667": {
							"post": [0, -2.525, -3.803],
							"lerp_mode": "catmullrom"
						},
						"0.3333": {
							"post": [0.035, -0.097, -0.125],
							"lerp_mode": "catmullrom"
						},
						"0.4": {
							"post": [0, 0.055, 0.111],
							"lerp_mode": "catmullrom"
						},
						"0.4667": {
							"post": [0, 0, 0],
							"lerp_mode": "catmullrom"
						}
					},
					"scale": 1
				},
				"lefthand": {
					"rotation": {
						"0.0": [-1.168, -3.535, -20.411],
						"0.0333": [-0.623, -2.401, -13.689],
						"0.0667": [-0.228, -1.214, -6.871],
						"0.1": [0, 0, 0],
						"0.8": [0, 0, 0]
					},
					"position": {
						"0.0": [16.358, -2.711, 17.666],
						"0.0333": [10.906, -1.807, 11.778],
						"0.0667": [5.453, -0.904, 5.889],
						"0.1": [0, 0, 0],
						"0.8": [0, 0, 0]
					},
					"scale": {
						"0.0": [1, 1, 1],
						"0.8": [1, 1, 1]
					}
				}
			}
		},
		"run_hold": {
			"loop": true,
			"bones": {
				"root": {
					"rotation": [-72.368, -11.14, -3.076],
					"position": [-4.398, -3.012, -1.665],
					"scale": 1
				},
				"lefthand": {
					"rotation": [-1.168, -3.535, -20.411],
					"position": [16.358, -2.711, 17.666],
					"scale": 1
				}
			}
		},
		"idle": {
			"animation_length": 7.26667,
			"bones": {
				"root": {
					"rotation": {
						"0.0": [0, 0, 0],
						"0.0333": [0, 0, -0.04],
						"0.0667": [0, 0, -0.1],
						"0.1": [0, 0, -0.17],
						"0.1333": [0, 0, -0.23],
						"0.1667": [0, 0, -0.26],
						"0.2": [0.01, 0, -0.26],
						"0.2333": [0.02, 0, -0.23],
						"0.2667": [0.03, 0, -0.2],
						"0.3": [0.04, 0, -0.16],
						"0.3333": [0.05, 0, -0.14],
						"0.3667": [0.06, 0, -0.12],
						"0.4": [0.06, 0, -0.13],
						"0.4333": [0.06, 0, -0.14],
						"0.4667": [0.06, 0, -0.16],
						"0.5": [0.06, 0, -0.19],
						"0.5333": [0.06, 0, -0.21],
						"0.5667": [0.06, 0, -0.24],
						"0.6": [0.06, 0, -0.26],
						"0.6333": [0.06, 0, -0.27],
						"0.6667": [0.06, 0, -0.27],
						"0.7": [0.06, 0, -0.27],
						"0.7333": [0.06, 0, -0.25],
						"0.7667": [0.05, 0, -0.22],
						"0.8": [0.05, 0, -0.19],
						"0.8333": [0.05, 0, -0.15],
						"0.8667": [0.04, 0, -0.1],
						"0.9": [0.04, 0, -0.06],
						"0.9333": [0.04, 0, -0.01],
						"0.9667": [0.03, 0, 0.03],
						"1.0": [0.03, 0, 0.08],
						"1.0333": [0.03, 0, 0.11],
						"1.0667": [0.02, 0, 0.14],
						"1.1": [0.02, 0, 0.16],
						"1.1333": [0.02, 0, 0.17],
						"1.1667": [0.01, 0, 0.16],
						"1.2": [0.01, 0, 0.15],
						"1.2333": [0.01, 0, 0.12],
						"1.2667": [0, 0, 0.1],
						"1.3": [0, 0, 0.08],
						"1.3333": [0, 0, 0.07],
						"1.3667": [0, 0, 0.07],
						"1.4": [0, 0, 0.08],
						"1.4333": [0, 0, 0.09],
						"1.4667": [0, 0, 0.11],
						"1.5": [0, 0, 0.14],
						"1.5333": [0, 0, 0.16],
						"1.5667": [0, 0, 0.19],
						"1.6": [0.01, 0, 0.22],
						"1.6333": [0.01, 0, 0.25],
						"1.6667": [0.01, 0, 0.27],
						"1.7": [0.01, 0, 0.3],
						"1.7333": [0.01, 0, 0.32],
						"1.7667": [0.02, 0, 0.34],
						"1.8": [0.02, 0, 0.35],
						"1.8333": [0.02, 0, 0.36],
						"1.8667": [0.03, 0, 0.36],
						"1.9": [0.04, 0, 0.36],
						"1.9333": [0.04, 0, 0.36],
						"1.9667": [0.05, 0, 0.35],
						"2.0": [0.06, 0, 0.35],
						"2.0333": [0.06, 0, 0.34],
						"2.0667": [0.07, 0, 0.34],
						"2.1": [0.08, 0, 0.33],
						"2.1333": [0.08, 0, 0.33],
						"2.1667": [0.09, 0, 0.34],
						"2.2": [0.09, 0, 0.36],
						"2.2333": [0.09, 0, 0.4],
						"2.2667": [0.09, 0, 0.44],
						"2.3": [0.09, 0, 0.48],
						"2.3333": [0.09, 0, 0.51],
						"2.3667": [0.1, 0, 0.53],
						"2.4": [0.1, 0, 0.53],
						"2.4333": [0.11, 0, 0.53],
						"2.4667": [0.11, 0, 0.52],
						"2.5": [0.12, 0, 0.52],
						"2.5333": [0.12, 0, 0.51],
						"2.5667": [0.13, 0, 0.49],
						"2.6": [0.14, 0, 0.48],
						"2.6333": [0.14, 0, 0.47],
						"2.6667": [0.15, 0, 0.45],
						"2.7": [0.16, 0, 0.44],
						"2.7333": [0.16, 0, 0.42],
						"2.7667": [0.16, 0, 0.41],
						"2.8": [0.17, 0, 0.37],
						"2.8333": [0.16, 0, 0.32],
						"2.8667": [0.16, 0, 0.27],
						"2.9": [0.16, 0, 0.23],
						"2.9333": [0.16, 0, 0.19],
						"2.9667": [0.16, 0, 0.16],
						"3.0": [0.18, 0, 0.16],
						"3.0333": [0.2, 0, 0.17],
						"3.0667": [0.22, 0, 0.19],
						"3.1": [0.24, 0, 0.21],
						"3.1333": [0.26, 0, 0.23],
						"3.1667": [0.28, 0, 0.24],
						"3.2": [0.3, 0, 0.22],
						"3.2333": [0.3, 0, 0.2],
						"3.2667": [0.31, 0, 0.17],
						"3.3": [0.32, 0, 0.14],
						"3.3333": [0.34, 0.04, 0.07],
						"3.3667": [0.36, 0.07, 0],
						"3.4": [0.41, 0, 0.09],
						"3.4333": [0.5, -0.16, 0.31],
						"3.4667": [0.63, -0.4, 0.65],
						"3.5": [0.76, -0.66, 1.02],
						"3.5333": [0.83, -0.87, 1.3],
						"3.5667": [0.79, -0.97, 1.41],
						"3.6": [0.51, -0.9, 1.21],
						"3.6333": [0.05, -0.69, 0.76],
						"3.6667": [-0.41, -0.44, 0.28],
						"3.7": [-0.68, -0.25, -0.06],
						"3.7333": [-0.7, -0.17, -0.16],
						"3.7667": [-0.6, -0.1, -0.19],
						"3.8": [-0.45, -0.06, -0.17],
						"3.8333": [-0.28, -0.03, -0.14],
						"3.8667": [-0.17, 0, -0.12],
						"3.9": [-0.11, 0.01, -0.12],
						"3.9333": [-0.07, 0.02, -0.12],
						"3.9667": [-0.04, 0.02, -0.11],
						"4.0": [-0.01, 0.01, -0.1],
						"4.0333": [0.01, 0, -0.09],
						"4.0667": [0.03, 0, -0.08],
						"4.1": [0.03, 0, -0.07],
						"4.1333": [0.03, 0, -0.05],
						"4.1667": [0.03, 0, -0.03],
						"4.2": [0.02, 0, -0.01],
						"4.2333": [0.01, 0, 0],
						"4.2667": [0, 0, 0.01],
						"4.3": [0, 0, 0],
						"4.3333": [0, 0, -0.04],
						"4.3667": [0, 0, -0.1],
						"4.4": [-0.01, 0, -0.17],
						"4.4333": [0, 0, -0.23],
						"4.4667": [0, 0, -0.26],
						"4.5": [0.01, 0, -0.26],
						"4.5333": [0.02, 0, -0.23],
						"4.5667": [0.03, 0, -0.2],
						"4.6": [0.04, 0, -0.16],
						"4.6333": [0.05, 0, -0.14],
						"4.6667": [0.06, 0, -0.12],
						"4.7": [0.06, 0, -0.13],
						"4.7333": [0.06, 0, -0.14],
						"4.7667": [0.06, 0, -0.16],
						"4.8": [0.06, 0, -0.19],
						"4.8333": [0.06, 0, -0.21],
						"4.8667": [0.06, 0, -0.24],
						"4.9": [0.06, 0, -0.26],
						"4.9333": [0.06, 0, -0.27],
						"4.9667": [0.06, 0, -0.27],
						"5.0": [0.06, 0, -0.27],
						"5.0333": [0.06, 0, -0.25],
						"5.0667": [0.05, 0, -0.22],
						"5.1": [0.05, 0, -0.19],
						"5.1333": [0.05, 0, -0.15],
						"5.1667": [0.04, 0, -0.1],
						"5.2": [0.04, 0, -0.06],
						"5.2333": [0.04, 0, -0.01],
						"5.2667": [0.03, 0, 0.03],
						"5.3": [0.03, 0, 0.08],
						"5.3333": [0.03, 0, 0.11],
						"5.3667": [0.02, 0, 0.14],
						"5.4": [0.02, 0, 0.16],
						"5.4333": [0.02, 0, 0.17],
						"5.4667": [0.01, 0, 0.16],
						"5.5": [0.01, 0, 0.15],
						"5.5333": [0.01, 0, 0.12],
						"5.5667": [0, 0, 0.1],
						"5.6": [0, 0, 0.08],
						"5.6333": [0, 0, 0.07],
						"5.6667": [0, 0, 0.07],
						"5.7": [0, 0, 0.08],
						"5.7333": [0, 0, 0.09],
						"5.7667": [0, 0, 0.11],
						"5.8": [0, 0, 0.14],
						"5.8333": [0, 0, 0.16],
						"5.8667": [0, 0, 0.19],
						"5.9": [0.01, 0, 0.22],
						"5.9333": [0.01, 0, 0.25],
						"5.9667": [0.01, 0, 0.27],
						"6.0": [0.01, 0, 0.3],
						"6.0333": [0.01, 0, 0.32],
						"6.0667": [0.02, 0, 0.34],
						"6.1": [0.02, 0, 0.35],
						"6.1333": [0.02, 0, 0.36],
						"6.1667": [0.03, 0, 0.36],
						"6.2": [0.04, 0, 0.36],
						"6.2333": [0.04, 0, 0.36],
						"6.2667": [0.05, 0, 0.35],
						"6.3": [0.06, 0, 0.35],
						"6.3333": [0.06, 0, 0.34],
						"6.3667": [0.07, 0, 0.34],
						"6.4": [0.08, 0, 0.33],
						"6.4333": [0.08, 0, 0.33],
						"6.4667": [0.09, 0, 0.34],
						"6.5": [0.09, 0, 0.36],
						"6.5333": [0.09, 0, 0.4],
						"6.5667": [0.09, 0, 0.44],
						"6.6": [0.09, 0, 0.48],
						"6.6333": [0.09, 0, 0.51],
						"6.6667": [0.1, 0, 0.53],
						"6.7": [0.1, 0, 0.53],
						"6.7333": [0.11, 0, 0.53],
						"6.7667": [0.12, 0, 0.53],
						"6.8": [0.12, 0, 0.52],
						"6.8333": [0.13, 0, 0.51],
						"6.8667": [0.14, 0, 0.51],
						"6.9": [0.15, 0, 0.49],
						"6.9333": [0.16, 0, 0.48],
						"6.9667": [0.16, 0, 0.46],
						"7.0": [0.17, 0, 0.45],
						"7.0333": [0.17, 0, 0.43],
						"7.0667": [0.16, 0, 0.41],
						"7.1": [0.15, 0, 0.35],
						"7.1333": [0.12, 0, 0.28],
						"7.1667": [0.09, 0, 0.19],
						"7.2": [0.05, 0, 0.12],
						"7.2333": [0.02, 0, 0.05],
						"7.2667": [0, 0, 0]
					},
					"position": {
						"0.0": [0, 0, 0],
						"0.0333": [0, 0, 0],
						"0.0667": [0, 0, 0],
						"0.1": [-0.01, 0.01, 0],
						"0.1333": [-0.01, 0.01, 0],
						"0.1667": [-0.01, 0.01, 0],
						"0.2": [-0.01, 0.01, 0],
						"0.2333": [-0.02, 0.01, 0],
						"0.2667": [-0.02, 0.01, 0],
						"0.3": [-0.01, 0, 0],
						"0.3333": [-0.01, -0.01, 0],
						"0.3667": [0, -0.02, 0],
						"0.4": [0, -0.03, 0],
						"0.4333": [0, -0.03, 0],
						"0.4667": [0, -0.04, 0],
						"0.5": [-0.01, -0.04, 0],
						"0.5333": [-0.01, -0.04, 0],
						"0.5667": [-0.01, -0.05, 0],
						"0.6": [-0.02, -0.05, 0],
						"0.6333": [-0.02, -0.05, 0],
						"0.6667": [-0.02, -0.06, 0],
						"0.7": [-0.03, -0.06, 0],
						"0.7333": [-0.03, -0.06, 0],
						"0.7667": [-0.03, -0.06, 0],
						"0.8": [-0.03, -0.06, 0],
						"0.8333": [-0.03, -0.06, 0],
						"0.8667": [-0.03, -0.06, 0],
						"0.9": [-0.03, -0.05, 0],
						"0.9333": [-0.02, -0.05, 0],
						"0.9667": [-0.02, -0.04, 0],
						"1.0": [-0.02, -0.04, 0],
						"1.0333": [-0.01, -0.04, 0],
						"1.0667": [-0.01, -0.04, 0],
						"1.1": [0, -0.04, 0],
						"1.1333": [0, -0.05, 0],
						"1.1667": [0, -0.05, 0],
						"1.2": [0, -0.05, 0],
						"1.2333": [0, -0.05, 0],
						"1.2667": [-0.01, -0.05, 0],
						"1.3": [-0.01, -0.05, 0],
						"1.3333": [-0.02, -0.04, 0],
						"1.3667": [-0.02, -0.04, 0],
						"1.4": [-0.03, -0.04, 0],
						"1.4333": [-0.03, -0.04, 0],
						"1.4667": [-0.04, -0.04, 0],
						"1.5": [-0.04, -0.04, 0],
						"1.5333": [-0.04, -0.04, 0],
						"1.5667": [-0.05, -0.04, 0],
						"1.6": [-0.05, -0.04, 0],
						"1.6333": [-0.05, -0.05, 0],
						"1.6667": [-0.05, -0.05, 0],
						"1.7": [-0.05, -0.05, 0],
						"1.7333": [-0.05, -0.06, 0],
						"1.7667": [-0.05, -0.06, 0],
						"1.8": [-0.05, -0.07, 0],
						"1.8333": [-0.05, -0.07, 0],
						"1.8667": [-0.05, -0.07, 0],
						"1.9": [-0.05, -0.07, 0],
						"1.9333": [-0.05, -0.07, 0],
						"1.9667": [-0.05, -0.06, 0],
						"2.0": [-0.05, -0.05, 0],
						"2.0333": [-0.05, -0.05, 0],
						"2.0667": [-0.05, -0.05, 0],
						"2.1": [-0.05, -0.05, 0],
						"2.1333": [-0.05, -0.05, 0],
						"2.1667": [-0.05, -0.05, 0],
						"2.2": [-0.05, -0.05, 0],
						"2.2333": [-0.05, -0.05, 0],
						"2.2667": [-0.05, -0.05, 0],
						"2.3": [-0.05, -0.05, 0],
						"2.3333": [-0.05, -0.05, 0],
						"2.3667": [-0.05, -0.05, 0],
						"2.4": [-0.05, -0.04, 0],
						"2.4333": [-0.05, -0.04, 0],
						"2.4667": [-0.05, -0.04, 0],
						"2.5": [-0.05, -0.04, 0],
						"2.5333": [-0.05, -0.04, 0],
						"2.5667": [-0.05, -0.04, 0],
						"2.6": [-0.05, -0.04, 0],
						"2.6333": [-0.05, -0.05, 0],
						"2.6667": [-0.04, -0.05, 0],
						"2.7": [-0.04, -0.06, 0],
						"2.7333": [-0.04, -0.07, 0],
						"2.7667": [-0.03, -0.07, 0],
						"2.8": [-0.03, -0.08, 0],
						"2.8333": [-0.03, -0.09, 0],
						"2.8667": [-0.02, -0.1, 0],
						"2.9": [-0.02, -0.11, 0],
						"2.9333": [-0.02, -0.12, 0],
						"2.9667": [-0.02, -0.12, 0],
						"3.0": [-0.01, -0.12, 0],
						"3.0333": [-0.01, -0.12, 0],
						"3.0667": [-0.01, -0.11, 0],
						"3.1": [0, -0.1, 0],
						"3.1333": [0, -0.09, 0],
						"3.1667": [0, -0.09, 0],
						"3.2": [0, -0.08, 0],
						"3.2333": [0, -0.07, 0],
						"3.2667": [-0.01, -0.07, 0],
						"3.3": [-0.01, -0.06, 0],
						"3.3333": [-0.02, -0.06, 0],
						"3.3667": [-0.03, -0.05, 0],
						"3.4": [-0.03, -0.06, 0],
						"3.4333": [-0.03, -0.07, 0],
						"3.4667": [-0.04, -0.09, 0],
						"3.5": [-0.04, -0.12, 0],
						"3.5333": [-0.04, -0.14, 0],
						"3.5667": [-0.04, -0.15, 0],
						"3.6": [-0.04, -0.15, 0],
						"3.6333": [-0.05, -0.14, 0],
						"3.6667": [-0.05, -0.13, 0],
						"3.7": [-0.05, -0.13, 0],
						"3.7333": [-0.05, -0.13, 0],
						"3.7667": [-0.05, -0.14, 0],
						"3.8": [-0.05, -0.16, 0],
						"3.8333": [-0.05, -0.17, 0],
						"3.8667": [-0.05, -0.17, 0],
						"3.9": [-0.04, -0.16, 0],
						"3.9333": [-0.04, -0.15, 0],
						"3.9667": [-0.03, -0.14, 0],
						"4.0": [-0.02, -0.12, 0],
						"4.0333": [-0.01, -0.11, 0],
						"4.0667": [0, -0.09, 0],
						"4.1": [0, -0.08, 0],
						"4.1333": [0, -0.07, 0],
						"4.1667": [0, -0.06, 0],
						"4.2": [0, -0.05, 0],
						"4.2333": [0, -0.04, 0],
						"4.2667": [0, -0.03, 0],
						"4.3": [0, -0.02, 0],
						"4.3333": [0, -0.02, 0],
						"4.3667": [0, -0.02, 0],
						"4.4": [-0.01, -0.01, 0],
						"4.4333": [-0.01, -0.01, 0],
						"4.4667": [-0.01, -0.01, 0],
						"4.5": [-0.01, -0.01, 0],
						"4.5333": [-0.02, -0.01, 0],
						"4.5667": [-0.02, -0.01, 0],
						"4.6": [-0.01, -0.02, 0],
						"4.6333": [-0.01, -0.03, 0],
						"4.6667": [0, -0.05, 0],
						"4.7": [0, -0.06, 0],
						"4.7333": [0, -0.06, 0],
						"4.7667": [0, -0.06, 0],
						"4.8": [-0.01, -0.06, 0],
						"4.8333": [-0.01, -0.06, 0],
						"4.8667": [-0.01, -0.06, 0],
						"4.9": [-0.02, -0.06, 0],
						"4.9333": [-0.02, -0.06, 0],
						"4.9667": [-0.02, -0.06, 0],
						"5.0": [-0.03, -0.07, 0],
						"5.0333": [-0.03, -0.06, 0],
						"5.0667": [-0.03, -0.06, 0],
						"5.1": [-0.03, -0.06, 0],
						"5.1333": [-0.03, -0.06, 0],
						"5.1667": [-0.03, -0.06, 0],
						"5.2": [-0.03, -0.05, 0],
						"5.2333": [-0.02, -0.05, 0],
						"5.2667": [-0.02, -0.04, 0],
						"5.3": [-0.02, -0.04, 0],
						"5.3333": [-0.01, -0.04, 0],
						"5.3667": [-0.01, -0.04, 0],
						"5.4": [0, -0.04, 0],
						"5.4333": [0, -0.05, 0],
						"5.4667": [0, -0.05, 0],
						"5.5": [0, -0.05, 0],
						"5.5333": [0, -0.05, 0],
						"5.5667": [-0.01, -0.05, 0],
						"5.6": [-0.01, -0.05, 0],
						"5.6333": [-0.02, -0.04, 0],
						"5.6667": [-0.02, -0.04, 0],
						"5.7": [-0.03, -0.04, 0],
						"5.7333": [-0.03, -0.04, 0],
						"5.7667": [-0.04, -0.04, 0],
						"5.8": [-0.04, -0.04, 0],
						"5.8333": [-0.04, -0.04, 0],
						"5.8667": [-0.05, -0.04, 0],
						"5.9": [-0.05, -0.04, 0],
						"5.9333": [-0.05, -0.05, 0],
						"5.9667": [-0.05, -0.05, 0],
						"6.0": [-0.05, -0.05, 0],
						"6.0333": [-0.05, -0.06, 0],
						"6.0667": [-0.05, -0.06, 0],
						"6.1": [-0.05, -0.07, 0],
						"6.1333": [-0.05, -0.07, 0],
						"6.1667": [-0.05, -0.07, 0],
						"6.2": [-0.05, -0.07, 0],
						"6.2333": [-0.05, -0.07, 0],
						"6.2667": [-0.05, -0.06, 0],
						"6.3": [-0.05, -0.06, 0],
						"6.3333": [-0.05, -0.06, 0],
						"6.3667": [-0.05, -0.05, 0],
						"6.4": [-0.05, -0.05, 0],
						"6.4333": [-0.05, -0.04, 0],
						"6.4667": [-0.05, -0.04, 0],
						"6.5": [-0.05, -0.03, 0],
						"6.5333": [-0.05, -0.03, 0],
						"6.5667": [-0.05, -0.03, 0],
						"6.6": [-0.05, -0.02, 0],
						"6.6333": [-0.05, -0.02, 0],
						"6.6667": [-0.05, -0.02, 0],
						"6.7": [-0.05, -0.02, 0],
						"6.7333": [-0.05, -0.02, 0],
						"6.7667": [-0.05, -0.01, 0],
						"6.8": [-0.05, -0.01, 0],
						"6.8333": [-0.05, -0.01, 0],
						"6.8667": [-0.05, -0.02, 0],
						"6.9": [-0.05, -0.02, 0],
						"6.9333": [-0.05, -0.03, 0],
						"6.9667": [-0.04, -0.03, 0],
						"7.0": [-0.04, -0.04, 0],
						"7.0333": [-0.04, -0.05, 0],
						"7.0667": [-0.03, -0.05, 0],
						"7.1": [-0.03, -0.06, 0],
						"7.1333": [-0.03, -0.05, 0],
						"7.1667": [-0.02, -0.04, 0],
						"7.2": [-0.01, -0.02, 0],
						"7.2333": [0, -0.01, 0],
						"7.2667": [0, 0, 0]
					}
				}
			}
		},
		"slide": {
			"loop": true,
			"animation_length": 0.75,
			"bones": {
				"mag3": {
					"position": [-6, -23, 6]
				},
				"constraint": {
					"rotation": [0.01, 0.01, 0.01],
					"position": [0.01, 0.01, 0.01]
				},
				"root": {
					"relative_to": {
						"rotation": "entity"
					},
					"rotation": {
						"0.0": [0, 0, 0.01],
						"0.1333": {
							"pre": [-0.51, 0.67, 50.24],
							"post": [-0.51, 0.67, 50.24],
							"lerp_mode": "catmullrom"
						},
						"0.2833": [1.06, 0.24, 56.27],
						"0.3833": [0, 0, 55.44]
					},
					"position": {
						"0.0": [0, 0, 0],
						"0.1167": {
							"pre": [1.055, -0.125, -0.5625],
							"post": [1.055, -0.125, -0.5625],
							"lerp_mode": "catmullrom"
						},
						"0.1833": [2.305, -0.4025, -0.7],
						"0.35": [2.5, -0.3125, -0.75]
					}
				}
			}
		},
		"slide_idle": {
			"loop": true,
			"animation_length": 0.9333,
			"bones": {
				"mag3": {
					"position": [-6, -23, 6]
				},
				"constraint": {
					"rotation": [0.01, 0.01, 0.01],
					"position": [0.01, 0.01, 0.01]
				},
				"root": {
					"rotation": [0, 0, 55.44],
					"position": [2.5, -0.3125, -0.75]
				},
				"camera": {
					"rotation": {
						"0.0": {
							"post": [0, 0, 0],
							"lerp_mode": "catmullrom"
						}
					}
				}
			}
		},
		"slide_back": {
			"loop": true,
			"animation_length": 0.85,
			"bones": {
				"mag3": {
					"position": [-6, -23, 6]
				},
				"constraint": {
					"rotation": {
						"0.0": [0.01, 0.01, 0.01],
						"0.15": [0.001, 0.001, 0.001]
					},
					"position": [0.01, 0.01, 0.01]
				},
				"root": {
					"rotation": {
						"0.0": [0, 0, 55.44],
						"0.0833": [-1.26, 0.67, 56.99],
						"0.1667": {
							"pre": [-2.65, 0.08, 48.6375],
							"post": [-2.65, 0.08, 48.6375],
							"lerp_mode": "catmullrom"
						},
						"0.25": {
							"post": [-2.75, -3.1875, 5.25],
							"lerp_mode": "catmullrom"
						},
						"0.3333": [0, -0.6575, -1.62],
						"0.4333": [0, 0, 0]
					},
					"position": {
						"0.05": [2.5, -0.3125, -0.75],
						"0.1667": {
							"pre": [1.7425, -0.4375, -0.625],
							"post": [1.7425, -0.4375, -0.625],
							"lerp_mode": "catmullrom"
						},
						"0.2333": {
							"post": [0.7925, -0.6175, -0.3125],
							"lerp_mode": "catmullrom"
						},
						"0.3": [0.005, -0.0625, 0.0625],
						"0.3833": [0, 0, 0]
					}
				}
			}
		},
		"walk_aiming": {
			"loop": true,
			"animation_length": 1,
			"bones": {
				"root": {
					"rotation": {
						"0.0": [0, 0, 0.22],
						"0.05": [0, -0.16, 0.22],
						"0.1": [0, -0.39, 0.22],
						"0.15": [0, -0.56, 0.2],
						"0.2": [0, -0.65, 0.13],
						"0.25": [0, -0.69, 0.05],
						"0.3": [0, -0.68, -0.03],
						"0.35": [0, -0.53, -0.14],
						"0.4": [0, -0.33, -0.21],
						"0.45": [0, -0.18, -0.21],
						"0.5": [0, 0, -0.16],
						"0.55": [0, 0.19, -0.1],
						"0.6": [0, 0.4, -0.01],
						"0.65": [0, 0.56, 0.06],
						"0.7": [0, 0.66, 0.14],
						"0.75": [0, 0.67, 0.2],
						"0.8": [0, 0.64, 0.24],
						"0.85": [0, 0.52, 0.27],
						"0.9": [0, 0.35, 0.26],
						"0.95": [0, 0.15, 0.24],
						"1.0": [0, 0, 0.22]
					},
					"position": {
						"0.0": [0, -0.07, 0.34],
						"0.05": [-0.03, -0.01, 0.36],
						"0.1": [-0.07, 0.08, 0.39],
						"0.15": [-0.11, 0.14, 0.41],
						"0.2": [-0.11, 0.16, 0.42],
						"0.25": [-0.11, 0.16, 0.42],
						"0.3": [-0.1, 0.14, 0.41],
						"0.35": [-0.09, 0.07, 0.37],
						"0.4": [-0.07, 0, 0.34],
						"0.45": [-0.04, -0.06, 0.34],
						"0.5": [0, -0.07, 0.36],
						"0.55": [0.03, -0.01, 0.38],
						"0.6": [0.07, 0.08, 0.4],
						"0.65": [0.1, 0.14, 0.41],
						"0.7": [0.11, 0.16, 0.42],
						"0.75": [0.1, 0.16, 0.42],
						"0.8": [0.09, 0.14, 0.41],
						"0.85": [0.08, 0.07, 0.39],
						"0.9": [0.06, 0, 0.36],
						"0.95": [0.03, -0.05, 0.35],
						"1.0": [0, -0.07, 0.34]
					}
				}
			}
		},
		"walk_forward": {
			"loop": true,
			"animation_length": 1,
			"bones": {
				"root": {
					"rotation": {
						"0.0": {
							"post": [0, 0, 1.53199],
							"lerp_mode": "catmullrom"
						},
						"0.1": {
							"post": [0, -1.29, 2.05297],
							"lerp_mode": "catmullrom"
						},
						"0.2": {
							"post": [0, -1.97, 2.58375],
							"lerp_mode": "catmullrom"
						},
						"0.3": {
							"post": [0, -1.95516, 3.10859],
							"lerp_mode": "catmullrom"
						},
						"0.35": {
							"post": [0, -1.67, 3.24516],
							"lerp_mode": "catmullrom"
						},
						"0.45": {
							"post": [0, -0.87641, 3.08984],
							"lerp_mode": "catmullrom"
						},
						"0.55": {
							"post": [0, 0, 2.55156],
							"lerp_mode": "catmullrom"
						},
						"0.65": {
							"post": [0, 1.4375, 1.96172],
							"lerp_mode": "catmullrom"
						},
						"0.75": {
							"post": [0, 1.86953, 1.51875],
							"lerp_mode": "catmullrom"
						},
						"0.8": {
							"post": [0, 1.84, 1.34484],
							"lerp_mode": "catmullrom"
						},
						"0.9": {
							"post": [0, 1.47, 1.22563],
							"lerp_mode": "catmullrom"
						},
						"1.0": {
							"post": [0, 0, 1.53199],
							"lerp_mode": "catmullrom"
						}
					},
					"position": {
						"0.0": {
							"post": [0.12109, -0.51219, 0.635],
							"lerp_mode": "catmullrom"
						},
						"0.15": {
							"post": [0.14453, -0.17031, 0.63438],
							"lerp_mode": "catmullrom"
						},
						"0.3": {
							"post": [0.14844, -0.13359, 0.635],
							"lerp_mode": "catmullrom"
						},
						"0.35": {
							"post": [0.15, -0.255, 0.64],
							"lerp_mode": "catmullrom"
						},
						"0.4": {
							"post": [0.14109, -0.44125, 0.635],
							"lerp_mode": "catmullrom"
						},
						"0.5": {
							"post": [0.12109, -0.51219, 0.635],
							"lerp_mode": "catmullrom"
						},
						"0.65": {
							"post": [0.07422, -0.17031, 0.63438],
							"lerp_mode": "catmullrom"
						},
						"0.8": {
							"post": [0.07031, -0.13359, 0.635],
							"lerp_mode": "catmullrom"
						},
						"0.85": {
							"post": [0.07, -0.255, 0.64],
							"lerp_mode": "catmullrom"
						},
						"0.9": {
							"post": [0.07859, -0.44125, 0.635],
							"lerp_mode": "catmullrom"
						},
						"1.0": {
							"post": [0.12109, -0.51219, 0.635],
							"lerp_mode": "catmullrom"
						}
					}
				}
			}
		},
		"walk_sideway": {
			"loop": true,
			"animation_length": 1,
			"bones": {
				"root": {
					"rotation": {
						"0.0": [0, 0, 0.22],
						"0.05": [0, -0.22, 0.22],
						"0.1": [0, -0.53, 0.22],
						"0.15": [0, -0.77, 0.2],
						"0.2": [0, -0.88, 0.13],
						"0.25": [0, -0.92, 0.05],
						"0.3": [0, -0.88, -0.03],
						"0.35": [0, -0.64, -0.14],
						"0.4": [0, -0.34, -0.21],
						"0.45": [0, -0.18, -0.21],
						"0.5": [0, 0, -0.16],
						"0.55": [0, 0.24, -0.1],
						"0.6": [0, 0.52, -0.01],
						"0.65": [0, 0.73, 0.06],
						"0.7": [0, 0.85, 0.14],
						"0.75": [0, 0.85, 0.2],
						"0.8": [0, 0.82, 0.24],
						"0.85": [0, 0.7, 0.27],
						"0.9": [0, 0.48, 0.26],
						"0.95": [0, 0.2, 0.24],
						"1.0": [0, 0, 0.22]
					},
					"position": {
						"0.0": [0, -0.42, 0.13],
						"0.05": [-0.03, -0.35, 0.16],
						"0.1": [-0.07, -0.26, 0.19],
						"0.15": [-0.11, -0.2, 0.21],
						"0.2": [-0.11, -0.18, 0.21],
						"0.25": [-0.11, -0.18, 0.21],
						"0.3": [-0.1, -0.2, 0.21],
						"0.35": [-0.09, -0.27, 0.17],
						"0.4": [-0.07, -0.35, 0.13],
						"0.45": [-0.04, -0.4, 0.14],
						"0.5": [0, -0.42, 0.16],
						"0.55": [0.03, -0.36, 0.17],
						"0.6": [0.07, -0.26, 0.19],
						"0.65": [0.1, -0.19, 0.21],
						"0.7": [0.11, -0.17, 0.21],
						"0.75": [0.1, -0.17, 0.21],
						"0.8": [0.09, -0.19, 0.21],
						"0.85": [0.08, -0.26, 0.18],
						"0.9": [0.06, -0.35, 0.16],
						"0.95": [0.03, -0.39, 0.14],
						"1.0": [0, -0.42, 0.13]
					}
				}
			}
		},
		"walk_backward": {
			"loop": true,
			"animation_length": 1,
			"bones": {
				"root": {
					"rotation": {
						"0.0": [0, 0, 0.22],
						"0.05": [0, -0.16, 0.22],
						"0.1": [0, -0.39, 0.22],
						"0.15": [0, -0.56, 0.2],
						"0.2": [0, -0.65, 0.13],
						"0.25": [0, -0.69, 0.05],
						"0.3": [0, -0.68, -0.03],
						"0.35": [0, -0.53, -0.14],
						"0.4": [0, -0.33, -0.21],
						"0.45": [0, -0.18, -0.21],
						"0.5": [0, 0, -0.16],
						"0.55": [0, 0.19, -0.1],
						"0.6": [0, 0.4, -0.01],
						"0.65": [0, 0.56, 0.06],
						"0.7": [0, 0.66, 0.14],
						"0.75": [0, 0.67, 0.2],
						"0.8": [0, 0.64, 0.24],
						"0.85": [0, 0.52, 0.27],
						"0.9": [0, 0.35, 0.26],
						"0.95": [0, 0.15, 0.24],
						"1.0": [0, 0, 0.22]
					},
					"position": {
						"0.0": [0, -0.07, 0.34],
						"0.05": [-0.03, -0.01, 0.36],
						"0.1": [-0.07, 0.08, 0.39],
						"0.15": [-0.11, 0.14, 0.41],
						"0.2": [-0.11, 0.16, 0.42],
						"0.25": [-0.11, 0.16, 0.42],
						"0.3": [-0.1, 0.14, 0.41],
						"0.35": [-0.09, 0.07, 0.37],
						"0.4": [-0.07, 0, 0.34],
						"0.45": [-0.04, -0.06, 0.34],
						"0.5": [0, -0.07, 0.36],
						"0.55": [0.03, -0.01, 0.38],
						"0.6": [0.07, 0.08, 0.4],
						"0.65": [0.1, 0.14, 0.41],
						"0.7": [0.11, 0.16, 0.42],
						"0.75": [0.1, 0.16, 0.42],
						"0.8": [0.09, 0.14, 0.41],
						"0.85": [0.08, 0.07, 0.39],
						"0.9": [0.06, 0, 0.36],
						"0.95": [0.03, -0.05, 0.35],
						"1.0": [0, -0.07, 0.34]
					}
				}
			}
		},
		"draw": {
			"animation_length": 0.7,
			"bones": {
				"root": {
					"rotation": {
						"0.0": [0.81, -32.64, 33.95],
						"0.0333": [0.41, -30.53, 32.03],
						"0.0667": [-0.2, -27.56, 29.28],
						"0.1": [-0.85, -24.08, 26.12],
						"0.1333": [-1.39, -20.46, 22.92],
						"0.1667": [-1.65, -17.06, 20.1],
						"0.2": [-1.47, -12.69, 17.07],
						"0.2333": [-0.93, -8.04, 14.24],
						"0.2667": [-0.31, -3.86, 11.52],
						"0.3": [0.1, -0.92, 8.88],
						"0.3333": [0.22, 0.14, 6.64],
						"0.3667": [0.24, 0.31, 4.3],
						"0.4": [0.2, -0.02, 2.09],
						"0.4333": [0.14, -0.46, 0.25],
						"0.4667": [0.11, -0.62, -0.98],
						"0.5": [0.07, -0.33, -1.34],
						"0.5333": [0.03, 0.03, -0.45],
						"0.5667": [-0.01, 0.27, 0.27],
						"0.6": [-0.02, 0.27, 0.3],
						"0.6333": [-0.01, 0.19, 0.21],
						"0.6667": [0, 0.07, 0.08],
						"0.7": [0, 0, 0]
					},
					"position": {
						"0.0": [-3.18, -5.58, 24],
						"0.0333": [-2.87, -5.17, 21.3],
						"0.0667": [-2.43, -4.59, 17.38],
						"0.1": [-1.92, -3.92, 12.96],
						"0.1333": [-1.44, -3.26, 8.8],
						"0.1667": [-1.07, -2.71, 5.61],
						"0.2": [-0.68, -1.99, 2.44],
						"0.2333": [-0.43, -1.4, 0.64],
						"0.2667": [-0.25, -0.94, -0.49],
						"0.3": [-0.12, -0.67, -0.97],
						"0.3333": [-0.06, -0.54, -0.77],
						"0.3667": [-0.03, -0.45, -0.5],
						"0.4": [-0.01, -0.38, -0.3],
						"0.4333": [-0.02, -0.34, -0.02],
						"0.4667": [-0.03, -0.3, 0.16],
						"0.5": [-0.02, -0.21, 0.14],
						"0.5333": [-0.02, -0.12, 0.02],
						"0.5667": [-0.01, -0.05, -0.06],
						"0.6": [-0.01, -0.02, -0.06],
						"0.6333": [0, -0.01, -0.03],
						"0.6667": [0, 0, 0]
					}
				},
				"camera": {
					"rotation": {
						"0.0": {
							"post": [0, 0, 0],
							"lerp_mode": "catmullrom"
						},
						"0.1": {
							"post": [0.11, 0.06, 0.13],
							"lerp_mode": "catmullrom"
						},
						"0.2": {
							"post": [0.76303, 0.21614, 0.52935],
							"lerp_mode": "catmullrom"
						},
						"0.3": {
							"post": [1.025, 0.19, 0.345],
							"lerp_mode": "catmullrom"
						},
						"0.4": {
							"post": [0.475, 0, -0.175],
							"lerp_mode": "catmullrom"
						},
						"0.4667": {
							"post": [0.17, -0.01, 0.19],
							"lerp_mode": "catmullrom"
						},
						"0.5": {
							"post": [-0.175, -0.01, 0.09],
							"lerp_mode": "catmullrom"
						},
						"0.6": {
							"post": [0, 0, -0.05],
							"lerp_mode": "catmullrom"
						},
						"0.7": {
							"post": [0, 0, 0],
							"lerp_mode": "catmullrom"
						}
					}
				},
				"constraint": {
					"rotation": {
						"0.0": [1, 1, 1],
						"0.3": [0.2, 0.2, 0.2]
					},
					"position": {
						"0.0": [1, 1, 1],
						"0.3": [0.1, 0.1, 0.1]
					}
				}
			}
		},
		"put_away": {
			"loop": "hold_on_last_frame",
			"animation_length": 0.46667,
			"bones": {
				"root": {
					"rotation": {
						"0.0": [0, 0, 0],
						"0.0333": [-0.47, -1.28, -1.35],
						"0.0667": [-0.64, -3.66, -2.19],
						"0.1": [0.26, -7.55, -0.77],
						"0.1333": [1.8, -12.38, 1.96],
						"0.1667": [3.1, -15.6, 4.35],
						"0.2": [4.61, -19.11, 7.2],
						"0.2333": [6.24, -23.59, 10.25],
						"0.2667": [8.04, -29.69, 13.62],
						"0.3": [9.94, -36.77, 17.19],
						"0.3333": [11.64, -43.66, 20.29],
						"0.3667": [13.08, -50.6, 22.78],
						"0.4": [14.32, -57.35, 24.8],
						"0.4333": [15.16, -62.05, 26.17]
					},
					"position": {
						"0.0": [0, 0, 0],
						"0.0333": [-0.21, -0.18, 0.14],
						"0.0667": [-0.45, -0.49, 0.28],
						"0.1": [-0.59, -0.99, 0.33],
						"0.1333": [-0.67, -1.47, 0.34],
						"0.1667": [-0.67, -1.81, 0.28],
						"0.2": [-0.64, -2.11, 0.19],
						"0.2333": [-0.43, -2.62, 0.06],
						"0.2667": [-0.13, -3.2, -0.07],
						"0.3": [0.29, -3.91, -0.23],
						"0.3333": [0.92, -4.65, -0.33],
						"0.3667": [1.67, -5.25, -0.37],
						"0.4": [2.61, -5.91, -0.37],
						"0.4333": [3.51, -6.51, -0.36],
						"0.4667": [4.13, -6.92, -0.35]
					}
				},
				"camera": {
					"rotation": {
						"0.0": {
							"post": [0, 0, 0],
							"lerp_mode": "catmullrom"
						},
						"0.1333": {
							"post": [0.3, 0, -0.125],
							"lerp_mode": "catmullrom"
						},
						"0.2333": {
							"post": [0.64, 0, 0.3],
							"lerp_mode": "catmullrom"
						},
						"0.3667": {
							"post": [0.5, 0, 0.15],
							"lerp_mode": "catmullrom"
						},
						"0.5333": {
							"post": [0, 0, 0],
							"lerp_mode": "catmullrom"
						}
					}
				},
				"constraint": {
					"rotation": {
						"0.0": [0.2, 0.2, 0.2],
						"0.3333": [1, 1, 1]
					},
					"position": {
						"0.0": [0.1, 0.1, 0.1],
						"0.3333": [1, 1, 1]
					}
				}
			}
		},
		"ADS_up": {
			"animation_length": 0.63333,
			"bones": {
				"root": {
					"rotation": {
						"0.0": [0, 0, 0],
						"0.0333": [-0.01, -0.01, 0.64],
						"0.0667": [-0.02, -0.03, 1.61],
						"0.1": [-0.04, -0.05, 2.75],
						"0.1333": [-0.05, -0.08, 3.91],
						"0.1667": [-0.07, -0.1, 4.94],
						"0.2": [-0.08, -0.11, 5.67],
						"0.2333": [-0.09, -0.12, 5.96],
						"0.2667": [-0.09, -0.11, 5.7],
						"0.3": [-0.08, -0.1, 5.01],
						"0.3333": [-0.07, -0.08, 4.02],
						"0.3667": [-0.06, -0.06, 2.9],
						"0.4": [-0.05, -0.04, 1.79],
						"0.4333": [-0.05, -0.02, 0.84],
						"0.4667": [-0.04, -0.01, 0.21],
						"0.5": [-0.04, 0, 0.08],
						"0.5333": [-0.03, 0, 0.07],
						"0.5667": [-0.02, 0, 0.06],
						"0.6": [-0.01, 0, 0.03],
						"0.6333": [0, 0, 0]
					},
					"position": {
						"0.0": [0, 0, 0],
						"0.0333": [0.02, -0.02, -0.07],
						"0.0667": [0.04, -0.04, -0.18],
						"0.1": [0.07, -0.07, -0.3],
						"0.1333": [0.1, -0.11, -0.43],
						"0.1667": [0.13, -0.14, -0.55],
						"0.2": [0.15, -0.16, -0.66],
						"0.2333": [0.18, -0.17, -0.72],
						"0.2667": [0.21, -0.18, -0.78],
						"0.3": [0.24, -0.17, -0.77],
						"0.3333": [0.26, -0.15, -0.73],
						"0.3667": [0.28, -0.12, -0.67],
						"0.4": [0.24, -0.08, -0.49],
						"0.4333": [0.19, -0.04, -0.28],
						"0.4667": [0.14, 0, -0.11],
						"0.5": [0, 0, 0],
						"0.5333": [0, 0, 0],
						"0.5667": [0, 0, 0],
						"0.6": [0, 0, 0]
					}
				}
			}
		},
		"ADS_down": {
			"animation_length": 0.6,
			"bones": {
				"root": {
					"rotation": {
						"0.0": [0, 0, 0],
						"0.0333": [0, -0.04, 0.26],
						"0.0667": [-0.01, -0.11, 0.66],
						"0.1": [-0.01, -0.19, 1.11],
						"0.1333": [-0.01, -0.26, 1.53],
						"0.1667": [-0.02, -0.32, 1.84],
						"0.2": [-0.02, -0.34, 1.96],
						"0.2333": [-0.02, -0.34, 1.86],
						"0.2667": [-0.02, -0.32, 1.61],
						"0.3": [-0.02, -0.29, 1.25],
						"0.3333": [-0.01, -0.25, 0.85],
						"0.3667": [-0.01, -0.2, 0.46],
						"0.4": [-0.01, -0.17, 0.14],
						"0.4333": [-0.01, -0.14, -0.07],
						"0.4667": [-0.01, -0.11, -0.09],
						"0.5": [-0.01, -0.08, 0.13],
						"0.5333": [-0.01, -0.06, 0.11],
						"0.5667": [0, -0.02, 0.05],
						"0.6": [0, 0, 0]
					},
					"position": {
						"0.0": [0, 0, 0],
						"0.0333": [0, -0.03, -0.06],
						"0.0667": [0, -0.07, -0.14],
						"0.1": [0, -0.13, -0.24],
						"0.1333": [0, -0.18, -0.33],
						"0.1667": [0, -0.22, -0.42],
						"0.2": [0, -0.25, -0.47],
						"0.2333": [0, -0.26, -0.51],
						"0.2667": [-0.01, -0.27, -0.54],
						"0.3": [-0.01, -0.27, -0.55],
						"0.3333": [-0.02, -0.26, -0.55],
						"0.3667": [-0.03, -0.25, -0.53],
						"0.4": [-0.03, -0.23, -0.5],
						"0.4333": [-0.04, -0.18, -0.38],
						"0.4667": [-0.04, -0.11, -0.2],
						"0.5": [-0.04, -0.06, -0.06],
						"0.5333": [-0.02, -0.02, 0],
						"0.5667": [-0.01, -0.01, 0],
						"0.6": [0, 0, 0]
					}
				}
			},
			"particle_effects": {}
		},
		"melee_bayonet_1": {
			"animation_length": 0.8,
			"bones": {
				"root": {
					"rotation": {
						"0.0": {
							"post": [0, 0, 0],
							"lerp_mode": "catmullrom"
						},
						"0.0667": {
							"post": [-0.91946, -0.68416, 4.52785],
							"lerp_mode": "catmullrom"
						},
						"0.1667": {
							"post": [-0.58211, -4.60393, 30.44834],
							"lerp_mode": "catmullrom"
						},
						"0.2333": {
							"post": [-0.84898, -3.10249, 31.61935],
							"lerp_mode": "catmullrom"
						},
						"0.3667": {
							"post": [0.20024, -1.98812, 22.79719],
							"lerp_mode": "catmullrom"
						},
						"0.4667": {
							"post": [1.49985, -0.01745, 13.09985],
							"lerp_mode": "catmullrom"
						},
						"0.6": {
							"post": [0, -0.375, 4.5],
							"lerp_mode": "catmullrom"
						},
						"0.6667": {
							"post": [-0.09, -0.35, -0.46875],
							"lerp_mode": "catmullrom"
						},
						"0.8": {
							"post": [0.01309, -0.25017, -0.42511],
							"lerp_mode": "catmullrom"
						}
					},
					"position": {
						"0.0": {
							"post": [0, 0, 0],
							"lerp_mode": "catmullrom"
						},
						"0.0667": {
							"post": [-2.11, -1.63, 1.31],
							"lerp_mode": "catmullrom"
						},
						"0.1667": {
							"post": [-1.675, -0.95, -7.675],
							"lerp_mode": "catmullrom"
						},
						"0.2333": {
							"post": [-1.02, -0.775, -4.52],
							"lerp_mode": "catmullrom"
						},
						"0.3667": {
							"post": [-0.21, -1.08, -2.375],
							"lerp_mode": "catmullrom"
						},
						"0.4667": {
							"post": [0, -0.25, -0.025],
							"lerp_mode": "catmullrom"
						},
						"0.6": {
							"post": [0, 0, 0.525],
							"lerp_mode": "catmullrom"
						},
						"0.7667": {
							"post": [0, 0, -0.1],
							"lerp_mode": "catmullrom"
						}
					}
				},
				"camera": {
					"rotation": {
						"0.0": {
							"post": [0, 0, 0],
							"lerp_mode": "catmullrom"
						},
						"0.0667": {
							"post": [-0.325, -0.2, -0.4],
							"lerp_mode": "catmullrom"
						},
						"0.2": {
							"post": [0.455, -0.175, 0.7],
							"lerp_mode": "catmullrom"
						},
						"0.3333": {
							"post": [-0.195, 0.075, -0.45],
							"lerp_mode": "catmullrom"
						},
						"0.4667": {
							"post": [0.185, 0.175, 0.15],
							"lerp_mode": "catmullrom"
						},
						"0.7333": {
							"post": [0, 0, 0],
							"lerp_mode": "catmullrom"
						}
					}
				}
			}
		},
		"melee_bayonet_2": {
			"animation_length": 1,
			"bones": {
				"root": {
					"rotation": {
						"0.0": {
							"post": [0, 0, 0],
							"lerp_mode": "catmullrom"
						},
						"0.0333": {
							"post": [-11.62112, 5.02424, -30.90973],
							"lerp_mode": "catmullrom"
						},
						"0.1": {
							"post": [-57.27994, -10.05463, -44.72562],
							"lerp_mode": "catmullrom"
						},
						"0.2": {
							"post": [19.58234, -16.27556, -47.51332],
							"lerp_mode": "catmullrom"
						},
						"0.2667": {
							"post": [36.70734, -16.27556, -47.51332],
							"lerp_mode": "catmullrom"
						},
						"0.3667": {
							"post": [17.56, -7.03, -21.31],
							"lerp_mode": "catmullrom"
						},
						"0.5": {
							"post": [1.79245, -1.48948, -8.54986],
							"lerp_mode": "catmullrom"
						},
						"0.5667": {
							"post": [-0.1031, -0.3951, -1.47738],
							"lerp_mode": "catmullrom"
						},
						"0.6333": {
							"post": [1, 0, -1],
							"lerp_mode": "catmullrom"
						},
						"0.8": {
							"post": [0, 0, 0.75],
							"lerp_mode": "catmullrom"
						},
						"1.0": {
							"post": [0, 0, 0],
							"lerp_mode": "catmullrom"
						}
					},
					"position": {
						"0.0": {
							"post": [0, 0, 0],
							"lerp_mode": "catmullrom"
						},
						"0.0333": {
							"post": [-1.95, -1.4, -0.6],
							"lerp_mode": "catmullrom"
						},
						"0.1": {
							"post": [-5.575, 2.22, -1.675],
							"lerp_mode": "catmullrom"
						},
						"0.2": {
							"post": [23.925, -18.33, -3.22],
							"lerp_mode": "catmullrom"
						},
						"0.3667": {
							"post": [4.46, -12.935, -2.91],
							"lerp_mode": "catmullrom"
						},
						"0.5": {
							"post": [0.475, -1.575, -2.675],
							"lerp_mode": "catmullrom"
						},
						"0.6333": {
							"post": [0, -0.05625, 0.325],
							"lerp_mode": "catmullrom"
						},
						"0.8": {
							"post": [0, -0.04375, -0.125],
							"lerp_mode": "catmullrom"
						},
						"1.0": {
							"post": [0, 0, 0],
							"lerp_mode": "catmullrom"
						}
					}
				},
				"camera": {
					"rotation": {
						"0.0": {
							"post": [0, 0, 0],
							"lerp_mode": "catmullrom"
						},
						"0.0667": {
							"post": [0.4, 0.875, -0.55],
							"lerp_mode": "catmullrom"
						},
						"0.2": {
							"post": [-0.9, -0.725, 1.075],
							"lerp_mode": "catmullrom"
						},
						"0.3333": {
							"post": [0.5, -0.6, -0.6],
							"lerp_mode": "catmullrom"
						},
						"0.5333": {
							"post": [-0.2, -0.175, 0.225],
							"lerp_mode": "catmullrom"
						},
						"0.7": {
							"post": [0.05, -0.025, -0.1],
							"lerp_mode": "catmullrom"
						},
						"0.8333": {
							"post": [-0.075, 0, 0.075],
							"lerp_mode": "catmullrom"
						},
						"1.0": {
							"post": [0, 0, 0],
							"lerp_mode": "catmullrom"
						}
					}
				}
			}
		},
		"melee_bayonet_3": {
			"animation_length": 1,
			"bones": {
				"root": {
					"rotation": {
						"0.0": {
							"post": [0, 0, 0],
							"lerp_mode": "catmullrom"
						},
						"0.0667": {
							"post": [-61.48612, -19.69264, 37.07004],
							"lerp_mode": "catmullrom"
						},
						"0.1": {
							"post": [-87.55956, -19.67553, 59.00335],
							"lerp_mode": "catmullrom"
						},
						"0.1667": {
							"post": [-42.24745, 1.27374, 57.11302],
							"lerp_mode": "catmullrom"
						},
						"0.2333": {
							"post": [-10.42341, -0.24334, 66.26144],
							"lerp_mode": "catmullrom"
						},
						"0.3": {
							"post": [-9.485, -3.07, 27.74],
							"lerp_mode": "catmullrom"
						},
						"0.4667": {
							"post": [0, 1.1375, 16.8],
							"lerp_mode": "catmullrom"
						},
						"0.6": {
							"post": [1.53542, 0.33037, -2.99222],
							"lerp_mode": "catmullrom"
						},
						"0.7": {
							"post": [0.7736, 0.13492, 0.75369],
							"lerp_mode": "catmullrom"
						},
						"0.7667": {
							"post": [0, 0, -0.5],
							"lerp_mode": "catmullrom"
						},
						"0.8667": {
							"post": [0, 0, 0.3],
							"lerp_mode": "catmullrom"
						},
						"1.0": {
							"post": [0, 0, 0],
							"lerp_mode": "catmullrom"
						}
					},
					"position": {
						"0.0": {
							"post": [0, 0, 0],
							"lerp_mode": "catmullrom"
						},
						"0.0667": {
							"post": [8.875, 3.375, -2.5],
							"lerp_mode": "catmullrom"
						},
						"0.1": {
							"post": [10.055, 5.305, -3.875],
							"lerp_mode": "catmullrom"
						},
						"0.1667": {
							"post": [-4.04, -2.85, -3.87],
							"lerp_mode": "catmullrom"
						},
						"0.2333": {
							"post": [-35.79625, -22.66875, -3.87],
							"lerp_mode": "catmullrom"
						},
						"0.3": {
							"post": [-29.69125, -26.55, 3.345],
							"lerp_mode": "catmullrom"
						},
						"0.3667": {
							"post": [-10.485, -19.105, -1.13],
							"lerp_mode": "catmullrom"
						},
						"0.4667": {
							"post": [-2.75625, -3.95, -5.85],
							"lerp_mode": "catmullrom"
						},
						"0.6": [0, -0.29375, -0.55],
						"0.7": [0, 0, 0.4375],
						"0.8": {
							"pre": [0, 0, -0.3875],
							"post": [0, 0, -0.3875],
							"lerp_mode": "catmullrom"
						},
						"1.0": {
							"post": [0, 0, 0],
							"lerp_mode": "catmullrom"
						}
					}
				},
				"camera": {
					"rotation": {
						"0.0": {
							"post": [0, 0, 0],
							"lerp_mode": "catmullrom"
						},
						"0.0667": {
							"post": [-0.9, -0.475, 0.5],
							"lerp_mode": "catmullrom"
						},
						"0.1667": {
							"post": [-1.275, -0.45, 0.75],
							"lerp_mode": "catmullrom"
						},
						"0.2333": {
							"post": [1.23, 0.575, -1.025],
							"lerp_mode": "catmullrom"
						},
						"0.3": {
							"post": [1.03625, 0.85, 1.15],
							"lerp_mode": "catmullrom"
						},
						"0.4333": {
							"post": [-0.5175, 0.025, -0.425],
							"lerp_mode": "catmullrom"
						},
						"0.5667": {
							"post": [0.1, -0.15, 0.2],
							"lerp_mode": "catmullrom"
						},
						"0.7": {
							"post": [-0.0375, 0.025, -0.15],
							"lerp_mode": "catmullrom"
						},
						"0.8333": {
							"post": [-0.1, 0, 0.025],
							"lerp_mode": "catmullrom"
						},
						"1.0": {
							"post": [0, 0, 0],
							"lerp_mode": "catmullrom"
						}
					}
				}
			}
		},
		"melee_push": {
			"animation_length": 0.7083,
			"bones": {
				"root": {
					"rotation": {
						"0.0": {
							"post": [0, 0, 0],
							"lerp_mode": "catmullrom"
						},
						"0.0417": {
							"post": [-16.97003, -2.76041, 45.32806],
							"lerp_mode": "catmullrom"
						},
						"0.0833": [-68.37003, -2.76041, 71.32806],
						"0.125": {
							"pre": [-95.82022, -2.96281, 78.33389],
							"post": [-95.82022, -2.96281, 78.33389],
							"lerp_mode": "catmullrom"
						},
						"0.1458": {
							"post": [-94.24522, -6.23781, 81.53389],
							"lerp_mode": "catmullrom"
						},
						"0.1875": {
							"post": [-95.82022, -2.96281, 80.00889],
							"lerp_mode": "catmullrom"
						},
						"0.2292": {
							"post": [-95.49522, -3.78781, 80.00889],
							"lerp_mode": "catmullrom"
						},
						"0.2708": {
							"post": [-94.99522, -3.78781, 80.00889],
							"lerp_mode": "catmullrom"
						},
						"0.3125": {
							"post": [-80.39522, -3.78781, 75.90889],
							"lerp_mode": "catmullrom"
						},
						"0.4583": {
							"post": [-11.13679, -3.02335, 36.72959],
							"lerp_mode": "catmullrom"
						},
						"0.5417": {
							"post": [-1.07062, 1.22619, 0.89945],
							"lerp_mode": "catmullrom"
						},
						"0.5625": {
							"post": [0.27023, 0.30257, -0.60029],
							"lerp_mode": "catmullrom"
						},
						"0.6042": {
							"post": [0.2151, -0.25061, 0],
							"lerp_mode": "catmullrom"
						},
						"0.6458": [-0.175, 0.1, 0.25],
						"0.6875": [0, 0.25, 0],
						"0.7083": [0, 0, 0]
					},
					"position": {
						"0.0": {
							"post": [0, 0, 0],
							"lerp_mode": "catmullrom"
						},
						"0.0417": {
							"post": [-0.3, 0.6, -2.2],
							"lerp_mode": "catmullrom"
						},
						"0.0833": [-0.3, 0.6, 1.9],
						"0.125": {
							"pre": [-0.3, 1.2, -11.65],
							"post": [-0.3, 1.2, -11.65],
							"lerp_mode": "catmullrom"
						},
						"0.1458": {
							"post": [-0.2, 1.125, -8.6],
							"lerp_mode": "catmullrom"
						},
						"0.1875": {
							"post": [-0.3, 1.2, -8.675],
							"lerp_mode": "catmullrom"
						},
						"0.2292": [-0.25, 1.175, -8.6],
						"0.2708": [-0.25, 1.175, -8.6],
						"0.3125": {
							"pre": [-0.25, 1.175, -8.6],
							"post": [-0.25, 1.175, -8.6],
							"lerp_mode": "catmullrom"
						},
						"0.4583": {
							"post": [-0.25, 1.2, -2.975],
							"lerp_mode": "catmullrom"
						},
						"0.5417": {
							"post": [0.075, -0.075, -0.4],
							"lerp_mode": "catmullrom"
						},
						"0.5625": {
							"post": [0.15, -0.025, 0],
							"lerp_mode": "catmullrom"
						},
						"0.6042": {
							"post": [-0.025, -0.025, 0],
							"lerp_mode": "catmullrom"
						},
						"0.6458": [0, 0, 0],
						"0.6875": [0, 0, 0],
						"0.7083": [0, 0, 0]
					}
				},
				"camera": {
					"rotation": {
						"0.0": {
							"post": [0, 0, 0],
							"lerp_mode": "catmullrom"
						},
						"0.0417": {
							"post": [-1, 0.5, -1],
							"lerp_mode": "catmullrom"
						},
						"0.0833": {
							"post": [-0.5, -0.5, -0.5],
							"lerp_mode": "catmullrom"
						},
						"0.1458": {
							"post": [-0.5, 0.2, -0.5],
							"lerp_mode": "catmullrom"
						},
						"0.1875": {
							"post": [1.2, -2.7, 0],
							"lerp_mode": "catmullrom"
						},
						"0.2292": {
							"post": [-0.8, 0.2, -0.8],
							"lerp_mode": "catmullrom"
						},
						"0.2708": {
							"post": [0.6, -0.2, 0.4],
							"lerp_mode": "catmullrom"
						},
						"0.3125": {
							"post": [0, 0, 0],
							"lerp_mode": "catmullrom"
						},
						"0.3958": {
							"post": [0, 0, 0],
							"lerp_mode": "catmullrom"
						},
						"0.4583": {
							"post": [-0.275, 0.75, 0.25],
							"lerp_mode": "catmullrom"
						},
						"0.5208": {
							"post": [-0.6, 0.175, 0.15],
							"lerp_mode": "catmullrom"
						},
						"0.6042": {
							"post": [0.025, -0.025, 0],
							"lerp_mode": "catmullrom"
						},
						"0.625": {
							"post": [-0.025, 0.025, 0],
							"lerp_mode": "catmullrom"
						},
						"0.6667": {
							"post": [0, 0, 0],
							"lerp_mode": "catmullrom"
						},
						"0.6875": {
							"post": [0, 0, 0],
							"lerp_mode": "catmullrom"
						}
					},
					"position": {
						"0.1458": [0, 0, 0],
						"0.1875": {
							"pre": [0, 0, -0.2],
							"post": [0, 0, -0.2],
							"lerp_mode": "catmullrom"
						},
						"0.2292": {
							"post": [0, 0, 0.125],
							"lerp_mode": "catmullrom"
						},
						"0.2708": {
							"post": [0, 0, 0],
							"lerp_mode": "catmullrom"
						}
					}
				}
			}
		},
		"melee_stock": {
			"animation_length": 0.7083,
			"bones": {
				"camera": {
					"rotation": {
						"0.0": {
							"post": [0, 0, 0],
							"lerp_mode": "catmullrom"
						},
						"0.0625": {
							"post": [2, 1.5, -3],
							"lerp_mode": "catmullrom"
						},
						"0.125": {
							"post": [-1, -1.5, 3.8],
							"lerp_mode": "catmullrom"
						},
						"0.1667": {
							"post": [0.6, 0.8, -0.45],
							"lerp_mode": "catmullrom"
						},
						"0.1875": {
							"post": [-0.275, -0.275, 0.325],
							"lerp_mode": "catmullrom"
						},
						"0.2083": {
							"post": [0.25, 0, -0.2],
							"lerp_mode": "catmullrom"
						},
						"0.25": {
							"post": [0, 0, 0],
							"lerp_mode": "catmullrom"
						},
						"0.4167": {
							"post": [0, 0, 0],
							"lerp_mode": "catmullrom"
						},
						"0.4792": {
							"post": [0.5, 0, -0.8],
							"lerp_mode": "catmullrom"
						},
						"0.5208": {
							"post": [-0.1, -0.2, 0.1],
							"lerp_mode": "catmullrom"
						},
						"0.5625": {
							"post": [0, 0, 0],
							"lerp_mode": "catmullrom"
						}
					}
				},
				"root": {
					"rotation": {
						"0.0": {
							"post": [0, 0, 0],
							"lerp_mode": "catmullrom"
						},
						"0.0208": {
							"post": [-0.62807, 4.95976, -6.02537],
							"lerp_mode": "catmullrom"
						},
						"0.0625": {
							"post": [-23.00731, -18.15747, 53.72531],
							"lerp_mode": "catmullrom"
						},
						"0.0833": {
							"post": [-142.03231, 4.99253, 72.92531],
							"lerp_mode": "catmullrom"
						},
						"0.125": [-141.98231, -0.90747, 76.72531],
						"0.1667": [-144.60731, -1.15747, 76.72531],
						"0.25": [-144.60731, -1.15747, 76.72531],
						"0.2917": [-134.00445, -1.25948, 63.82049],
						"0.4375": {
							"pre": [-21.22399, -4.89941, 18.91483],
							"post": [-21.22399, -4.89941, 18.91483],
							"lerp_mode": "catmullrom"
						},
						"0.5208": [1.375, 0, 1],
						"0.5625": [-0.175, 0.75, 0.5],
						"0.6042": {
							"pre": [0, -0.25, 0.25],
							"post": [0, -0.25, 0.25],
							"lerp_mode": "catmullrom"
						},
						"0.6667": {
							"post": [0, 0, 0],
							"lerp_mode": "catmullrom"
						},
						"0.7083": {
							"post": [0, 0, 0],
							"lerp_mode": "catmullrom"
						}
					},
					"position": {
						"0.0": {
							"post": [0, 0, 0],
							"lerp_mode": "catmullrom"
						},
						"0.0208": [0, 0, 0.175],
						"0.0625": [0, 0, 1],
						"0.0833": {
							"pre": [3.6, 1.3, -6.1],
							"post": [3.6, 1.3, -6.1],
							"lerp_mode": "catmullrom"
						},
						"0.125": [4.275, 1.4, -7],
						"0.1667": [4, 1.3, -7.1],
						"0.25": [4, 1.3, -7.1],
						"0.2917": [4, 1.3, -7.1],
						"0.4375": {
							"pre": [0.1, -0.4, -1.5],
							"post": [0.1, -0.4, -1.5],
							"lerp_mode": "catmullrom"
						},
						"0.5208": {
							"post": [-0.15, 0, -0.325],
							"lerp_mode": "catmullrom"
						},
						"0.5625": {
							"post": [0.025, -0.075, 0.25],
							"lerp_mode": "catmullrom"
						},
						"0.6042": {
							"post": [-0.025, 0, 0],
							"lerp_mode": "catmullrom"
						},
						"0.6667": {
							"post": [0.025, 0, 0],
							"lerp_mode": "catmullrom"
						},
						"0.7083": {
							"post": [0, 0, 0],
							"lerp_mode": "catmullrom"
						}
					}
				}
			}
		}
	}
}