{
  "slot": "asos:attachment/slot/sight_deon_d80hv56wtixgr",
  "model": "asos:attachment/sight_deon_d80hv56wtixgr_geo",
  "texture": "asos:attachment/uv/sight_deon_d80hv56wtixgr",
  "lod": {
    "model": "asos:attachment/lod/sight_deon_d80hv56wtixgr_lod",
    "texture": "asos:attachment/lod/sight_deon_d80hv56wtixgr_lod"
  },
  "zoom": [
    8.0,
    20.0,
    80.0
  ],
  "scope": true,
  "fov": 25.0,
  "sounds": {
    "install": "tacz:attachments/scope_general_a",
    "uninstall": "tacz:attachments/scope_general_a"
  }
}