{
  "slot": "asos:attachment/slot/sight_phantom_xlrd310",
  "model": "asos:attachment/sight_phantom_xlrd310_geo",
  "texture": "asos:attachment/uv/sight_phantom_xlrd310",
  "lod": {
    "model": "asos:attachment/lod/sight_phantom_xlrd310_lod",
    "texture": "asos:attachment/lod/sight_phantom_xlrd310_lod"
  },
  "zoom": [
    1.2
  ],
  "scope": false,
  "sight": true,
  "fov": 70.0,
  "sounds": {
    "install": "tacz:attachments/scope_general_d",
    "uninstall": "tacz:attachments/scope_general_d"
  }
}