{
  "slot": "asos:attachment/slot/sight_eotech_vudu_ffp_5t25x50",
  "model": "asos:attachment/sight_eotech_vudu_ffp_5t25x50_geo",
  "texture": "asos:attachment/uv/sight_eotech_vudu_ffp_5t25x50",
  "lod": {
    "model": "asos:attachment/lod/sight_eotech_vudu_ffp_5t25x50_lod",
    "texture": "asos:attachment/lod/sight_eotech_vudu_ffp_5t25x50_lod"
  },
  "zoom": [
    5.0,
    25.0
  ],
  "scope": true,
  "fov": 45.0,
  "sounds": {
    "install": "tacz:attachments/scope_general_a",
    "uninstall": "tacz:attachments/scope_general_a"
  }
}