{
  "slot": "asos:attachment/slot/sight_eotech_hhs5_ogl_ftc",
  "model": "asos:attachment/sight_eotech_hhs5_ogl_ftc_geo",
  "texture": "asos:attachment/uv/sight_eotech_hhs5_ogl_ftc",
  "lod": {
    "model": "asos:attachment/lod/sight_eotech_hhs5_ogl_ftc_lod",
    "texture": "asos:attachment/lod/sight_eotech_hhs5_ogl_ftc_lod"
  },
  "laser": {
    "default_color": "0x00ff00",
    "can_edit": true,
    "length": 128
  },
  "zoom": [
    5.0,
    1.2
  ],
  "views": [
    2,
    1
  ],
  "views_fov": [
    70.0,
    70.0
  ],
  "scope": true,
  "sight": true,
  "sounds": {
    "install": "tacz:attachments/scope_general_b",
    "uninstall": "tacz:attachments/scope_general_b"
  }
}