  {
  "ammo": "tacz:308",
  "ammo_amount": 65,
  "extended_mag_ammo_amount": [
    75,
    100,
    150
  ],
  "bolt": "open_bolt",
  "rpm": 1150,
  "bullet": {
    "life": 1.0,
    "bullet_amount": 1,
    "damage": 12.5,
    "tracer_count_interval": 0,
    "extra_damage": {
      "armor_ignore": 0.5,
      "head_shot_multiplier": 3.1,
      "damage_adjust": [
        {"distance": 0.5, "damage": 12},
        {"distance": 40, "damage": 9.5},
        {"distance": 70, "damage": 7.5},
        {"distance": "infinite", "damage": 5}
      ]
    },
    "speed": 285,
    "gravity": 0.0245,
    "knockback": 0,
    "friction": 0.01,
    "ignite": false,
    "pierce": 1
  },
  "reload": {
    "type": "magazine",
    "feed": {
      "empty": 8,
      "tactical": 8
    },
    "cooldown": {
      "empty": 9,
      "tactical": 9
    },
    "weight": 10,
    "movement_speed": {
      "base": 0.0,
      "aim": -0.25,
      "reload": -0.2
    }
  },
  "draw_time": 1,
  "put_away_time": 1,
  "aim_time": 0.3,
  "sprint_time": 0.2,
    "weight": 10,
    "movement_speed": {
      "base": 0.0,
      "aim": -0.25,
      "reload": -0.2
    },
  "fire_mode": [
    "auto"
  ],
  "recoil": {
    "pitch": [
      {"time": 0, "value": [0.4, 0.4]},
      {"time": 0.3, "value": [0.4, 0.4]},
      {"time": 0.5, "value": [-0.15, -0.15]},
      {"time": 0.65, "value": [0, 0]}
    ],
    "yaw": [
      {"time": 0, "value": [-0.1, 0.2]},
      {"time": 0.3, "value": [0.2, 0.3]},
      {"time": 0.5, "value": [0, 0]}
    ]
  },
  "inaccuracy": {
    "stand": 1.45,
    "move": 2.3,
    "sneak": 1.025,
    "lie": 0.75,
    "aim": 0.1
  },
  // 近战相关
  "melee": {
    // 枪械距离参数，用来延升近战攻击范围
    // 会与刺刀等配件的距离做加和
    "distance": 1,
    // 使用时的冷却时间
    "cooldown": 1.0,
    // 默认近战数据，会被配件的数据替换掉
    "default": {
      // 动画类型：没有枪托的为 melee_push，有枪托的为 melee_stock
      "animation_type": "melee_stock",
      // 刺刀距离参数，枪械里还有个刺刀攻击距离参数，两者做加和
      "distance": 0,
      // 刺刀范围角度
      "range_angle": 30,
      // 伤害值
      "damage": 2,
      // 击退效果
      "knockback": 0.75,
      // 前摇时长，单位：秒
      "prep": 0.1
    }
  },
  "allow_attachment_types": [
    "scope",
    "muzzle",
    "grip",
    "laser",
    "extended_mag"
  ],
  "exclusive_attachments": {
  }
}