{
  "ammo": "tacz:357mag",
  "rpm": 150,
  "bullet": {
    "life": 0.8,
    "bullet_amount": 1,
    "damage": 25,
    "tracer_count_interval": 0,
    "extra_damage": {
      "armor_ignore": 0.34,
      "head_shot_multiplier": 3.5,
      "damage_adjust": [
        {"distance": 1.5, "damage": 26},
        {"distance": 18, "damage": 18},
        {"distance": 36, "damage": 17},
        {"distance": 55, "damage": 16},
        // 如果你忘记写这个无穷，那么超过上述距离，我就认为是 0
        {"distance": "infinite", "damage": 7}
      ]
    },
    "speed": 230,
    "gravity": 0.098,
    "knockback": 0.05,
    "friction": 0.03,
    "ignite": false,
    "pierce": 1
  },
  "ammo_amount": 8,
  "extended_mag_ammo_amount": [
    8,
    8,
    8
  ],
  "bolt": "open_bolt",
  "reload": {
    "type": "magazine",
    "feed": {
      "empty": 2.83,
      "tactical": 2.83
    },
    "cooldown": {
      "empty": 3.25,
      "tactical": 3.25
    }
  },
  "draw_time": 0.35,
  "put_away_time": 0.33,
  "aim_time": 0.13,
  "sprint_time": 0.05,
  "weight": 2,
  "movement_speed": {
    "base": 0.0,
    "aim": 0,
    "reload": 0.1
  },
  "fire_mode": [
    "semi"
  ],
  "recoil": {
    "pitch": [
      {"time": 0, "value": [0.95, 0.95]},
      {"time": 0.4, "value": [0.95, 0.95]},
      {"time": 0.65, "value": [-0.225, -0.225]},
      {"time": 0.85, "value": [0.125, 0.125]},
      {"time": 1.1, "value": [0, 0]},
      {"time": 1.2, "value": [0, 0]}
    ],
    "yaw": [
      {"time": 0, "value": [-0.3, 0.3]},
      {"time": 0.5, "value": [0, 0]}
    ]
  },
  "inaccuracy": {
    "stand": 3,
    "move": 3.5,
    "sneak": 2,
    "lie": 1.2,
    "aim": 0.1
  },
  "allow_attachment_types": [
    "scope",
    "extended_mag",
    "laser",
    "muzzle"
  ]
}