{
	"format_version": "1.12.0",
	"minecraft:geometry": [
		{
			"description": {
				"identifier": "geometry.unknown",
				"texture_width": 48,
				"texture_height": 48,
				"visible_bounds_width": 4,
				"visible_bounds_height": 1.5,
				"visible_bounds_offset": [0, 0.25, 0]
			},
			"bones": [
				{
					"name": "base",
					"pivot": [0, 0.5, 0]
				},
				{
					"name": "Barrels",
					"parent": "base",
					"pivot": [0, -2.26626, -4.09285],
					"cubes": [
						{
							"origin": [-0.25324, 4.40187, -17.9247],
							"size": [0.50647, 0.50647, 16.7769],
							"pivot": [0, 4.6551, 1.83379],
							"rotation": [0, 0, 45],
							"uv": {
								"north": {"uv": [21, 22], "uv_size": [1, 1]},
								"east": {"uv": [14, 0], "uv_size": [17, 1]},
								"south": {"uv": [13, 24], "uv_size": [1, 1]},
								"west": {"uv": [14, 1], "uv_size": [17, 1]},
								"up": {"uv": [4, 13], "uv_size": [1, 17]},
								"down": {"uv": [5, 30], "uv_size": [1, -17]}
							}
						},
						{
							"origin": [-0.25324, 5.61388, -11.94608],
							"size": [0.60541, 0.60541, 10.79828],
							"pivot": [0, 5.96606, 1.83379],
							"rotation": [0, 0, 45],
							"uv": {
								"north": {"uv": [42, 23], "uv_size": [1, 1]},
								"east": {"uv": [24, 2], "uv_size": [11, 1]},
								"south": {"uv": [42, 24], "uv_size": [1, 1]},
								"west": {"uv": [24, 3], "uv_size": [11, 1]},
								"up": {"uv": [3, 23], "uv_size": [1, 11]},
								"down": {"uv": [16, 36], "uv_size": [1, -11]}
							}
						},
						{
							"origin": [-0.25279, 4.67395, -12.0482],
							"size": [0.50558, 0.94466, 0.58166],
							"pivot": [-0.25368, 5.89774, -12.24608],
							"rotation": [-42.5, 0, 0],
							"uv": {
								"north": {"uv": [25, 42], "uv_size": [1, 1]},
								"east": {"uv": [42, 25], "uv_size": [1, 1]},
								"south": {"uv": [26, 42], "uv_size": [1, 1]},
								"west": {"uv": [42, 26], "uv_size": [1, 1]},
								"up": {"uv": [27, 42], "uv_size": [1, 1]},
								"down": {"uv": [42, 28], "uv_size": [1, -1]}
							}
						},
						{
							"origin": [-0.42665, 6.38067, -12.48709],
							"size": [0.85329, 0.80329, 0.76011],
							"uv": {
								"north": {"uv": [28, 42], "uv_size": [1, 1]},
								"east": {"uv": [29, 42], "uv_size": [1, 1]},
								"south": {"uv": [30, 42], "uv_size": [1, 1]},
								"west": {"uv": [31, 42], "uv_size": [1, 1]},
								"up": {"uv": [32, 42], "uv_size": [1, 1]},
								"down": {"uv": [42, 33], "uv_size": [1, -1]}
							}
						},
						{
							"origin": [-0.25322, 4.66101, -12.45582],
							"size": [0.50643, 1.73088, 0.24399],
							"inflate": 0.002,
							"uv": {
								"north": {"uv": [17, 20], "uv_size": [1, 2]},
								"east": {"uv": [20, 29], "uv_size": [1, 2]},
								"south": {"uv": [38, 11], "uv_size": [1, 2]},
								"west": {"uv": [38, 17], "uv_size": [1, 2]},
								"up": {"uv": [33, 42], "uv_size": [1, 1]},
								"down": {"uv": [42, 34], "uv_size": [1, -1]}
							}
						},
						{
							"origin": [-0.25322, 5.91101, -11.95582],
							"size": [0.50643, 0.48088, 0.24399],
							"inflate": 0.002,
							"uv": {
								"north": {"uv": [21, 44], "uv_size": [1, 1]},
								"east": {"uv": [44, 21], "uv_size": [1, 1]},
								"south": {"uv": [22, 44], "uv_size": [1, 1]},
								"west": {"uv": [44, 22], "uv_size": [1, 1]},
								"up": {"uv": [23, 44], "uv_size": [1, 1]},
								"down": {"uv": [44, 24], "uv_size": [1, -1]}
							}
						},
						{
							"origin": [-0.05536, 6.38067, -12.20065],
							"size": [0.11071, 0.40753, 0.1912],
							"uv": {
								"north": {"uv": [42, 34], "uv_size": [1, 1]},
								"east": {"uv": [42, 35], "uv_size": [1, 1]},
								"south": {"uv": [36, 42], "uv_size": [1, 1]},
								"west": {"uv": [42, 36], "uv_size": [1, 1]},
								"up": {"uv": [37, 42], "uv_size": [1, 1]},
								"down": {"uv": [42, 38], "uv_size": [1, -1]}
							}
						},
						{
							"origin": [-0.25324, 4.69869, -12.44608],
							"size": [0.50647, 1.19905, 0.9117],
							"uv": {
								"north": {"uv": [38, 42], "uv_size": [1, 1]},
								"east": {"uv": [42, 38], "uv_size": [1, 1]},
								"south": {"uv": [39, 42], "uv_size": [1, 1]},
								"west": {"uv": [42, 39], "uv_size": [1, 1]},
								"up": {"uv": [40, 42], "uv_size": [1, 1]},
								"down": {"uv": [42, 41], "uv_size": [1, -1]}
							}
						},
						{
							"origin": [-0.35218, 4.30293, -18.22329],
							"size": [0.70435, 0.70435, 0.6359],
							"pivot": [0, 4.6551, -15.83705],
							"rotation": [0, 0, -45],
							"uv": {
								"north": {"uv": [41, 42], "uv_size": [1, 1]},
								"east": {"uv": [42, 41], "uv_size": [1, 1]},
								"south": {"uv": [42, 42], "uv_size": [1, 1]},
								"west": {"uv": [1, 43], "uv_size": [1, 1]},
								"up": {"uv": [2, 43], "uv_size": [1, 1]},
								"down": {"uv": [43, 3], "uv_size": [1, -1]}
							}
						},
						{
							"origin": [-0.35218, 4.30293, -17.41569],
							"size": [0.70435, 0.70435, 1.37424],
							"pivot": [0, 4.6551, -13.01726],
							"rotation": [0, 0, -45],
							"uv": {
								"north": {"uv": [43, 3], "uv_size": [1, 1]},
								"east": {"uv": [4, 43], "uv_size": [1, 1]},
								"south": {"uv": [43, 4], "uv_size": [1, 1]},
								"west": {"uv": [5, 43], "uv_size": [1, 1]},
								"up": {"uv": [6, 43], "uv_size": [1, 1]},
								"down": {"uv": [7, 44], "uv_size": [1, -1]}
							}
						},
						{
							"origin": [-0.35218, 4.30293, -13.31074],
							"size": [0.70435, 0.70435, 1.77424],
							"pivot": [0, 4.6551, -13.26461],
							"rotation": [0, 0, -45],
							"uv": {
								"north": {"uv": [8, 43], "uv_size": [1, 1]},
								"east": {"uv": [20, 9], "uv_size": [2, 1]},
								"south": {"uv": [9, 43], "uv_size": [1, 1]},
								"west": {"uv": [39, 20], "uv_size": [2, 1]},
								"up": {"uv": [37, 39], "uv_size": [1, 2]},
								"down": {"uv": [39, 40], "uv_size": [1, -2]}
							}
						},
						{
							"origin": [-0.2285, 3.80823, -12.08574],
							"size": [0.457, 0.90223, 0.53749],
							"uv": {
								"north": {"uv": [43, 9], "uv_size": [1, 1]},
								"east": {"uv": [10, 43], "uv_size": [1, 1]},
								"south": {"uv": [43, 10], "uv_size": [1, 1]},
								"west": {"uv": [11, 43], "uv_size": [1, 1]},
								"up": {"uv": [12, 43], "uv_size": [1, 1]},
								"down": {"uv": [13, 44], "uv_size": [1, -1]}
							}
						},
						{
							"origin": [-0.2285, 3.80823, -13.21074],
							"size": [0.457, 0.90223, 0.28749],
							"uv": {
								"north": {"uv": [15, 44], "uv_size": [1, 1]},
								"east": {"uv": [44, 15], "uv_size": [1, 1]},
								"south": {"uv": [16, 44], "uv_size": [1, 1]},
								"west": {"uv": [44, 16], "uv_size": [1, 1]},
								"up": {"uv": [17, 44], "uv_size": [1, 1]},
								"down": {"uv": [44, 18], "uv_size": [1, -1]}
							}
						},
						{
							"origin": [-0.13475, 4.83948, -16.46074],
							"size": [0.23825, 0.49598, 0.88124],
							"uv": {
								"north": {"uv": [18, 44], "uv_size": [1, 1]},
								"east": {"uv": [44, 18], "uv_size": [1, 1]},
								"south": {"uv": [19, 44], "uv_size": [1, 1]},
								"west": {"uv": [44, 19], "uv_size": [1, 1]},
								"up": {"uv": [20, 44], "uv_size": [1, 1]},
								"down": {"uv": [44, 21], "uv_size": [1, -1]}
							}
						},
						{
							"origin": [-0.35218, 4.30293, -8.61109],
							"size": [0.70435, 0.70435, 0.53749],
							"pivot": [0, 4.6551, -10.19747],
							"rotation": [0, 0, -45],
							"uv": {
								"north": {"uv": [14, 43], "uv_size": [1, 1]},
								"east": {"uv": [15, 43], "uv_size": [1, 1]},
								"south": {"uv": [16, 43], "uv_size": [1, 1]},
								"west": {"uv": [17, 43], "uv_size": [1, 1]},
								"up": {"uv": [18, 43], "uv_size": [1, 1]},
								"down": {"uv": [43, 19], "uv_size": [1, -1]}
							}
						}
					]
				},
				{
					"name": "AK_12_15_RPK_16",
					"parent": "base",
					"pivot": [0, -7.21326, 6.69161]
				},
				{
					"name": "Handguard",
					"parent": "AK_12_15_RPK_16",
					"pivot": [-0.0001, 5.06686, -5.42351],
					"cubes": [
						{
							"origin": [-0.94145, 5.44536, -8.27311],
							"size": [1.8829, 0.79046, 7.5],
							"uv": {
								"north": {"uv": [40, 3], "uv_size": [2, 1]},
								"east": {"uv": [30, 9], "uv_size": [8, 1]},
								"south": {"uv": [40, 4], "uv_size": [2, 1]},
								"west": {"uv": [30, 10], "uv_size": [8, 1]},
								"up": {"uv": [6, 13], "uv_size": [2, 8]},
								"down": {"uv": [14, 10], "uv_size": [2, -8]}
							}
						},
						{
							"origin": [-0.94145, 5.24536, -2.58561],
							"size": [1.8829, 0.21546, 1.8125],
							"uv": {
								"north": {"uv": [40, 5], "uv_size": [2, 1]},
								"east": {"uv": [40, 6], "uv_size": [2, 1]},
								"south": {"uv": [40, 7], "uv_size": [2, 1]},
								"west": {"uv": [40, 8], "uv_size": [2, 1]},
								"up": {"uv": [20, 12], "uv_size": [2, 2]},
								"down": {"uv": [35, 16], "uv_size": [2, -2]}
							}
						},
						{
							"origin": [-0.94145, 5.24536, -5.25436],
							"size": [1.8829, 0.21546, 0.95],
							"uv": {
								"north": {"uv": [10, 40], "uv_size": [2, 1]},
								"east": {"uv": [19, 43], "uv_size": [1, 1]},
								"south": {"uv": [40, 11], "uv_size": [2, 1]},
								"west": {"uv": [43, 19], "uv_size": [1, 1]},
								"up": {"uv": [40, 12], "uv_size": [2, 1]},
								"down": {"uv": [40, 14], "uv_size": [2, -1]}
							}
						},
						{
							"origin": [-0.94145, 5.24536, -8.27311],
							"size": [1.8829, 0.21546, 0.95],
							"uv": {
								"north": {"uv": [40, 14], "uv_size": [2, 1]},
								"east": {"uv": [43, 20], "uv_size": [1, 1]},
								"south": {"uv": [40, 15], "uv_size": [2, 1]},
								"west": {"uv": [21, 43], "uv_size": [1, 1]},
								"up": {"uv": [40, 16], "uv_size": [2, 1]},
								"down": {"uv": [40, 18], "uv_size": [2, -1]}
							}
						},
						{
							"origin": [-0.46937, 6.22481, -8.27311],
							"size": [0.93874, 0.48309, 7.5],
							"uv": {
								"north": {"uv": [43, 21], "uv_size": [1, 1]},
								"east": {"uv": [30, 11], "uv_size": [8, 1]},
								"south": {"uv": [22, 43], "uv_size": [1, 1]},
								"west": {"uv": [30, 12], "uv_size": [8, 1]},
								"up": {"uv": [13, 29], "uv_size": [1, 8]},
								"down": {"uv": [14, 37], "uv_size": [1, -8]}
							}
						},
						{
							"origin": [-0.94145, 3.6397, -8.27311],
							"size": [1.8829, 1.53251, 7.5],
							"uv": {
								"north": {"uv": [35, 16], "uv_size": [2, 2]},
								"east": {"uv": [10, 14], "uv_size": [8, 2]},
								"south": {"uv": [28, 35], "uv_size": [2, 2]},
								"west": {"uv": [16, 2], "uv_size": [8, 2]},
								"up": {"uv": [10, 16], "uv_size": [2, 8]},
								"down": {"uv": [12, 24], "uv_size": [2, -8]}
							}
						},
						{
							"origin": [-0.935, 3.04595, -8.22311],
							"size": [1.87, 0.63251, 7.2625],
							"pivot": [0.09401, 3.682, 5.34562],
							"rotation": [-2.5, 0, 0],
							"uv": {
								"north": {"uv": [40, 18], "uv_size": [2, 1]},
								"east": {"uv": [31, 18], "uv_size": [7, 1]},
								"south": {"uv": [40, 19], "uv_size": [2, 1]},
								"west": {"uv": [32, 31], "uv_size": [7, 1]},
								"up": {"uv": [6, 21], "uv_size": [2, 7]},
								"down": {"uv": [8, 29], "uv_size": [2, -7]}
							}
						},
						{
							"origin": [-0.67938, 5.48374, -8.27311],
							"size": [0.66763, 0.73777, 7.5],
							"pivot": [-0.82769, 5.91232, -4.21445],
							"rotation": [0, 0, -45],
							"uv": {
								"north": {"uv": [43, 22], "uv_size": [1, 1]},
								"east": {"uv": [28, 30], "uv_size": [8, 1]},
								"south": {"uv": [23, 43], "uv_size": [1, 1]},
								"west": {"uv": [31, 0], "uv_size": [8, 1]},
								"up": {"uv": [15, 29], "uv_size": [1, 8]},
								"down": {"uv": [17, 37], "uv_size": [1, -8]}
							}
						},
						{
							"origin": [0.01176, 5.48374, -8.27311],
							"size": [0.66763, 0.73777, 7.5],
							"pivot": [0.82769, 5.91232, -4.21445],
							"rotation": [0, 0, 45],
							"uv": {
								"north": {"uv": [43, 23], "uv_size": [1, 1]},
								"east": {"uv": [31, 1], "uv_size": [8, 1]},
								"south": {"uv": [24, 43], "uv_size": [1, 1]},
								"west": {"uv": [31, 13], "uv_size": [8, 1]},
								"up": {"uv": [18, 29], "uv_size": [1, 8]},
								"down": {"uv": [19, 37], "uv_size": [1, -8]}
							}
						},
						{
							"origin": [-0.94145, 3.33091, -0.99186],
							"size": [1.8829, 0.30879, 0.21875],
							"uv": {
								"north": {"uv": [20, 40], "uv_size": [2, 1]},
								"east": {"uv": [43, 24], "uv_size": [1, 1]},
								"south": {"uv": [40, 23], "uv_size": [2, 1]},
								"west": {"uv": [25, 43], "uv_size": [1, 1]},
								"up": {"uv": [40, 24], "uv_size": [2, 1]},
								"down": {"uv": [40, 26], "uv_size": [2, -1]}
							}
						}
					]
				},
				{
					"name": "Stock",
					"parent": "AK_12_15_RPK_16",
					"pivot": [0.02721, 3.27575, 13.72372],
					"cubes": [
						{
							"origin": [-0.87904, 3.46325, 11.69247],
							"size": [1.15625, 1.15625, 1.6875],
							"inflate": -0.09375,
							"pivot": [0.02721, 4.3695, 12.84872],
							"rotation": [0, 0, -45],
							"uv": {
								"north": {"uv": [45, 4], "uv_size": [1, 1]},
								"east": {"uv": [42, 17], "uv_size": [2, 1]},
								"south": {"uv": [5, 45], "uv_size": [1, 1]},
								"west": {"uv": [18, 42], "uv_size": [2, 1]},
								"up": {"uv": [42, 18], "uv_size": [1, 2]},
								"down": {"uv": [20, 44], "uv_size": [1, -2]}
							}
						},
						{
							"origin": [-0.87904, 3.46325, 13.12997],
							"size": [1.15625, 1.15625, 7.25],
							"pivot": [0.02721, 4.3695, 14.12997],
							"rotation": [0, 0, -45],
							"uv": {
								"north": {"uv": [45, 5], "uv_size": [1, 1]},
								"east": {"uv": [28, 33], "uv_size": [7, 1]},
								"south": {"uv": [6, 45], "uv_size": [1, 1]},
								"west": {"uv": [34, 21], "uv_size": [7, 1]},
								"up": {"uv": [2, 31], "uv_size": [1, 7]},
								"down": {"uv": [12, 38], "uv_size": [1, -7]}
							}
						},
						{
							"origin": [-0.87904, 2.58825, 19.97372],
							"size": [1.15625, 1.15625, 0.40625],
							"pivot": [0.02721, 3.4945, 14.12997],
							"rotation": [0, 0, -45],
							"uv": {
								"north": {"uv": [45, 7], "uv_size": [1, 1]},
								"east": {"uv": [8, 45], "uv_size": [1, 1]},
								"south": {"uv": [45, 8], "uv_size": [1, 1]},
								"west": {"uv": [9, 45], "uv_size": [1, 1]},
								"up": {"uv": [45, 9], "uv_size": [1, 1]},
								"down": {"uv": [10, 46], "uv_size": [1, -1]}
							}
						},
						{
							"origin": [-0.79038, 3.03046, 13.12997],
							"size": [1.63518, 0.875, 7.25],
							"uv": {
								"north": {"uv": [21, 42], "uv_size": [2, 1]},
								"east": {"uv": [34, 22], "uv_size": [7, 1]},
								"south": {"uv": [23, 42], "uv_size": [2, 1]},
								"west": {"uv": [27, 34], "uv_size": [7, 1]},
								"up": {"uv": [17, 22], "uv_size": [2, 7]},
								"down": {"uv": [19, 29], "uv_size": [2, -7]}
							}
						},
						{
							"origin": [-0.41538, -0.28204, 19.97372],
							"size": [0.88518, 3.3125, 0.40625],
							"uv": {
								"north": {"uv": [25, 39], "uv_size": [1, 3]},
								"east": {"uv": [26, 39], "uv_size": [1, 3]},
								"south": {"uv": [39, 27], "uv_size": [1, 3]},
								"west": {"uv": [28, 39], "uv_size": [1, 3]},
								"up": {"uv": [45, 6], "uv_size": [1, 1]},
								"down": {"uv": [7, 46], "uv_size": [1, -1]}
							}
						},
						{
							"origin": [-0.41538, 2.40546, 13.16122],
							"size": [0.88518, 0.625, 0.65625],
							"uv": {
								"north": {"uv": [45, 10], "uv_size": [1, 1]},
								"east": {"uv": [11, 45], "uv_size": [1, 1]},
								"south": {"uv": [45, 11], "uv_size": [1, 1]},
								"west": {"uv": [12, 45], "uv_size": [1, 1]},
								"up": {"uv": [45, 12], "uv_size": [1, 1]},
								"down": {"uv": [13, 46], "uv_size": [1, -1]}
							}
						},
						{
							"origin": [-0.41538, -2.17321, 13.27296],
							"size": [0.88518, 5, 0.65625],
							"pivot": [0.02721, 2.51429, 13.60108],
							"rotation": [57.5, 0, 0],
							"uv": {
								"north": {"uv": [11, 35], "uv_size": [1, 5]},
								"east": {"uv": [20, 35], "uv_size": [1, 5]},
								"south": {"uv": [21, 35], "uv_size": [1, 5]},
								"west": {"uv": [27, 35], "uv_size": [1, 5]},
								"up": {"uv": [45, 13], "uv_size": [1, 1]},
								"down": {"uv": [14, 46], "uv_size": [1, -1]}
							}
						},
						{
							"origin": [-0.41538, -2.23595, 17.36155],
							"size": [0.88518, 2.59554, 0.65725],
							"pivot": [0.02721, 0.04709, 17.69068],
							"rotation": [90, 0, 0],
							"uv": {
								"north": {"uv": [29, 39], "uv_size": [1, 3]},
								"east": {"uv": [30, 39], "uv_size": [1, 3]},
								"south": {"uv": [31, 39], "uv_size": [1, 3]},
								"west": {"uv": [39, 31], "uv_size": [1, 3]},
								"up": {"uv": [45, 14], "uv_size": [1, 1]},
								"down": {"uv": [15, 46], "uv_size": [1, -1]}
							}
						},
						{
							"origin": [0.00105, -1.29845, 17.04905],
							"size": [0, 3.50179, 0.96975],
							"pivot": [0.21471, 0.98459, 17.69068],
							"rotation": [90, 0, 0],
							"uv": {
								"north": {"uv": [0, 0], "uv_size": [0, 4]},
								"east": {"uv": [1, 38], "uv_size": [1, 4]},
								"south": {"uv": [0, 0], "uv_size": [0, 4]},
								"west": {"uv": [2, 38], "uv_size": [1, 4]},
								"up": {"uv": [0, 0], "uv_size": [0, 1]},
								"down": {"uv": [0, 1], "uv_size": [0, -1]}
							}
						},
						{
							"origin": [-0.41538, -0.8922, 17.23655],
							"size": [0.88518, 4.31429, 0.626],
							"pivot": [0.02721, 1.39084, 17.69068],
							"rotation": [90, 0, 0],
							"uv": {
								"north": {"uv": [34, 37], "uv_size": [1, 4]},
								"east": {"uv": [35, 37], "uv_size": [1, 4]},
								"south": {"uv": [37, 35], "uv_size": [1, 4]},
								"west": {"uv": [0, 38], "uv_size": [1, 4]},
								"up": {"uv": [45, 15], "uv_size": [1, 1]},
								"down": {"uv": [16, 46], "uv_size": [1, -1]}
							}
						},
						{
							"origin": [-0.41538, 2.31132, 16.62857],
							"size": [0.88518, 2.75179, 0.626],
							"pivot": [0.02721, 2.90596, 16.94157],
							"rotation": [75, 0, 0],
							"uv": {
								"north": {"uv": [32, 39], "uv_size": [1, 3]},
								"east": {"uv": [33, 39], "uv_size": [1, 3]},
								"south": {"uv": [39, 35], "uv_size": [1, 3]},
								"west": {"uv": [36, 39], "uv_size": [1, 3]},
								"up": {"uv": [45, 16], "uv_size": [1, 1]},
								"down": {"uv": [17, 46], "uv_size": [1, -1]}
							}
						},
						{
							"origin": [-0.41538, 3.54308, 19.27909],
							"size": [0.88518, 1.37679, 0.626],
							"pivot": [0.02721, 2.76272, 19.59209],
							"rotation": [90, 0, 0],
							"uv": {
								"north": {"uv": [45, 17], "uv_size": [1, 1]},
								"east": {"uv": [18, 45], "uv_size": [1, 1]},
								"south": {"uv": [45, 18], "uv_size": [1, 1]},
								"west": {"uv": [19, 45], "uv_size": [1, 1]},
								"up": {"uv": [45, 19], "uv_size": [1, 1]},
								"down": {"uv": [20, 46], "uv_size": [1, -1]}
							}
						}
					]
				},
				{
					"name": "BaseReceiver",
					"parent": "AK_12_15_RPK_16",
					"pivot": [-0.69258, 0.88882, -0.88229],
					"cubes": [
						{
							"origin": [0, 0.95459, 5.06616],
							"size": [0, 2.4735, 3.95866],
							"uv": {
								"north": {"uv": [0, 0], "uv_size": [0, 2]},
								"east": {"uv": [16, 8], "uv_size": [4, 2]},
								"south": {"uv": [0, 0], "uv_size": [0, 2]},
								"west": {"uv": [31, 14], "uv_size": [4, 2]},
								"up": {"uv": [0, 0], "uv_size": [0, 4]},
								"down": {"uv": [0, 4], "uv_size": [0, -4]}
							}
						},
						{
							"origin": [-0.8918, 3.46656, -0.80579],
							"size": [1.7836, 1.4841, 12.64436],
							"uv": {
								"north": {"uv": [40, 26], "uv_size": [2, 1]},
								"east": {"uv": [23, 4], "uv_size": [13, 1]},
								"south": {"uv": [40, 27], "uv_size": [2, 1]},
								"west": {"uv": [23, 5], "uv_size": [13, 1]},
								"up": {"uv": [0, 0], "uv_size": [2, 13]},
								"down": {"uv": [2, 13], "uv_size": [2, -13]}
							}
						},
						{
							"origin": [-0.6621, 4.75278, -0.75016],
							"size": [1.3242, 1.81217, 1.15744],
							"uv": {
								"north": {"uv": [16, 40], "uv_size": [1, 2]},
								"east": {"uv": [27, 40], "uv_size": [1, 2]},
								"south": {"uv": [40, 28], "uv_size": [1, 2]},
								"west": {"uv": [40, 30], "uv_size": [1, 2]},
								"up": {"uv": [43, 25], "uv_size": [1, 1]},
								"down": {"uv": [26, 44], "uv_size": [1, -1]}
							}
						},
						{
							"origin": [-0.89, 3.36958, -0.82896],
							"size": [1.78, 0.5233, 12.65669],
							"pivot": [-0.74271, 3.36958, -0.37896],
							"rotation": [-2, 0, 0],
							"uv": {
								"north": {"uv": [40, 32], "uv_size": [2, 1]},
								"east": {"uv": [23, 6], "uv_size": [13, 1]},
								"south": {"uv": [40, 33], "uv_size": [2, 1]},
								"west": {"uv": [23, 7], "uv_size": [13, 1]},
								"up": {"uv": [4, 0], "uv_size": [2, 13]},
								"down": {"uv": [6, 13], "uv_size": [2, -13]}
							}
						},
						{
							"origin": [-0.94205, 3.79822, 3.70644],
							"size": [0.1, 1.45936, 5.66431],
							"pivot": [0.05795, 4.3279, 8.76474],
							"rotation": [22.5, 0, 0],
							"uv": {
								"north": {"uv": [43, 26], "uv_size": [1, 1]},
								"east": {"uv": [34, 34], "uv_size": [6, 1]},
								"south": {"uv": [27, 43], "uv_size": [1, 1]},
								"west": {"uv": [35, 2], "uv_size": [6, 1]},
								"up": {"uv": [22, 31], "uv_size": [1, 6]},
								"down": {"uv": [23, 37], "uv_size": [1, -6]}
							}
						}
					]
				},
				{
					"name": "upper",
					"parent": "BaseReceiver",
					"pivot": [-0.76688, 4.74748, 8.64068],
					"cubes": [
						{
							"origin": [-0.56885, 5.61658, -0.0148],
							"size": [1.1377, 0.86572, 10.29358],
							"uv": {
								"north": {"uv": [43, 27], "uv_size": [1, 1]},
								"east": {"uv": [24, 21], "uv_size": [10, 1]},
								"south": {"uv": [28, 43], "uv_size": [1, 1]},
								"west": {"uv": [24, 22], "uv_size": [10, 1]},
								"up": {"uv": [27, 24], "uv_size": [1, 10]},
								"down": {"uv": [6, 38], "uv_size": [1, -10]}
							}
						},
						{
							"origin": [-0.9302, 4.86898, -0.76692],
							"size": [1.8604, 0.89046, 11.98775],
							"uv": {
								"north": {"uv": [40, 34], "uv_size": [2, 1]},
								"east": {"uv": [23, 8], "uv_size": [12, 1]},
								"south": {"uv": [40, 35], "uv_size": [2, 1]},
								"west": {"uv": [21, 23], "uv_size": [12, 1]},
								"up": {"uv": [8, 0], "uv_size": [2, 12]},
								"down": {"uv": [10, 12], "uv_size": [2, -12]}
							}
						},
						{
							"origin": [-0.9302, 4.85172, 11.17072],
							"size": [1.8604, 0.39576, 0.71731],
							"uv": {
								"north": {"uv": [40, 36], "uv_size": [2, 1]},
								"east": {"uv": [43, 28], "uv_size": [1, 1]},
								"south": {"uv": [40, 37], "uv_size": [2, 1]},
								"west": {"uv": [29, 43], "uv_size": [1, 1]},
								"up": {"uv": [40, 38], "uv_size": [2, 1]},
								"down": {"uv": [39, 41], "uv_size": [2, -1]}
							}
						},
						{
							"origin": [-0.9302, 4.75278, 11.04704],
							"size": [1.8604, 0.4947, 0.84099],
							"pivot": [-0.70251, 5.24748, 11.88803],
							"rotation": [-37.5, 0, 0],
							"uv": {
								"north": {"uv": [40, 39], "uv_size": [2, 1]},
								"east": {"uv": [43, 29], "uv_size": [1, 1]},
								"south": {"uv": [41, 2], "uv_size": [2, 1]},
								"west": {"uv": [30, 43], "uv_size": [1, 1]},
								"up": {"uv": [3, 41], "uv_size": [2, 1]},
								"down": {"uv": [6, 42], "uv_size": [2, -1]}
							}
						},
						{
							"origin": [-0.56885, 4.75278, 9.8085],
							"size": [1.1377, 0.64528, 1.18743],
							"pivot": [-0.61757, 5.24748, 11.64068],
							"rotation": [-37.5, 0, 0],
							"uv": {
								"north": {"uv": [43, 30], "uv_size": [1, 1]},
								"east": {"uv": [31, 43], "uv_size": [1, 1]},
								"south": {"uv": [43, 31], "uv_size": [1, 1]},
								"west": {"uv": [32, 43], "uv_size": [1, 1]},
								"up": {"uv": [43, 32], "uv_size": [1, 1]},
								"down": {"uv": [33, 44], "uv_size": [1, -1]}
							}
						},
						{
							"origin": [-0.20315, 4.75278, 10.89684],
							"size": [0.4063, 0.84316, 0.69273],
							"pivot": [-0.68751, 5.24748, 11.64068],
							"rotation": [-37.5, 0, 0],
							"uv": {
								"north": {"uv": [43, 33], "uv_size": [1, 1]},
								"east": {"uv": [34, 43], "uv_size": [1, 1]},
								"south": {"uv": [43, 34], "uv_size": [1, 1]},
								"west": {"uv": [35, 43], "uv_size": [1, 1]},
								"up": {"uv": [43, 35], "uv_size": [1, 1]},
								"down": {"uv": [36, 44], "uv_size": [1, -1]}
							}
						}
					]
				},
				{
					"name": "Bolt",
					"parent": "BaseReceiver",
					"pivot": [0.14851, 3.0284, 3.5329],
					"cubes": [
						{
							"origin": [-0.64321, 4.72057, -0.02169],
							"size": [1.28642, 0.9894, 4.31785],
							"uv": {
								"north": {"uv": [43, 36], "uv_size": [1, 1]},
								"east": {"uv": [35, 3], "uv_size": [4, 1]},
								"south": {"uv": [37, 43], "uv_size": [1, 1]},
								"west": {"uv": [35, 8], "uv_size": [4, 1]},
								"up": {"uv": [30, 35], "uv_size": [1, 4]},
								"down": {"uv": [31, 39], "uv_size": [1, -4]}
							}
						},
						{
							"origin": [-1.64321, 5.22057, 0.72831],
							"size": [2.28642, 0.4894, 0.25],
							"inflate": -0.002,
							"uv": {
								"north": {"uv": [8, 41], "uv_size": [2, 1]},
								"east": {"uv": [43, 37], "uv_size": [1, 1]},
								"south": {"uv": [41, 9], "uv_size": [2, 1]},
								"west": {"uv": [38, 43], "uv_size": [1, 1]},
								"up": {"uv": [10, 41], "uv_size": [2, 1]},
								"down": {"uv": [41, 11], "uv_size": [2, -1]}
							}
						},
						{
							"origin": [-0.39586, 5.69078, 0.22566],
							"size": [0.79172, 0.74205, 3.82315],
							"uv": {
								"north": {"uv": [43, 38], "uv_size": [1, 1]},
								"east": {"uv": [32, 35], "uv_size": [4, 1]},
								"south": {"uv": [39, 43], "uv_size": [1, 1]},
								"west": {"uv": [35, 33], "uv_size": [4, 1]},
								"up": {"uv": [36, 4], "uv_size": [1, 4]},
								"down": {"uv": [16, 40], "uv_size": [1, -4]}
							}
						}
					]
				},
				{
					"name": "rear_sight2",
					"parent": "BaseReceiver",
					"pivot": [0.34629, 7.0341, -2.47271]
				},
				{
					"name": "rear_sight",
					"parent": "rear_sight2",
					"pivot": [0.34629, 7.0341, -2.47271],
					"cubes": [
						{
							"origin": [-0.36363, 6.68322, 6.36819],
							"size": [0.72727, 0.21822, 3.58685],
							"inflate": -0.001,
							"pivot": [0, 6.71961, 8.55896],
							"rotation": [1, 0, 0],
							"uv": {
								"north": {"uv": [43, 39], "uv_size": [1, 1]},
								"east": {"uv": [36, 30], "uv_size": [4, 1]},
								"south": {"uv": [40, 43], "uv_size": [1, 1]},
								"west": {"uv": [32, 36], "uv_size": [4, 1]},
								"up": {"uv": [36, 35], "uv_size": [1, 4]},
								"down": {"uv": [3, 41], "uv_size": [1, -4]}
							}
						},
						{
							"origin": [-0.43297, 6.09158, 6.30959],
							"size": [0.86594, 0.61367, 2.63637],
							"inflate": -0.001,
							"pivot": [0.3875, 6.59841, 8.16527],
							"rotation": [-12.5, 0, 0],
							"uv": {
								"north": {"uv": [43, 40], "uv_size": [1, 1]},
								"east": {"uv": [38, 9], "uv_size": [3, 1]},
								"south": {"uv": [41, 43], "uv_size": [1, 1]},
								"west": {"uv": [38, 10], "uv_size": [3, 1]},
								"up": {"uv": [6, 38], "uv_size": [1, 3]},
								"down": {"uv": [8, 41], "uv_size": [1, -3]}
							}
						},
						{
							"origin": [-0.43297, 6.09158, 7.87209],
							"size": [0.86594, 0.61367, 2.41762],
							"inflate": -0.001,
							"uv": {
								"north": {"uv": [27, 44], "uv_size": [1, 1]},
								"east": {"uv": [37, 41], "uv_size": [2, 1]},
								"south": {"uv": [44, 27], "uv_size": [1, 1]},
								"west": {"uv": [39, 41], "uv_size": [2, 1]},
								"up": {"uv": [41, 40], "uv_size": [1, 2]},
								"down": {"uv": [0, 44], "uv_size": [1, -2]}
							}
						},
						{
							"origin": [-0.43297, 6.70325, 10.09084],
							"size": [0.86594, 0.36367, 0.19887],
							"inflate": -0.001,
							"uv": {
								"north": {"uv": [28, 44], "uv_size": [1, 1]},
								"east": {"uv": [44, 28], "uv_size": [1, 1]},
								"south": {"uv": [29, 44], "uv_size": [1, 1]},
								"west": {"uv": [44, 29], "uv_size": [1, 1]},
								"up": {"uv": [30, 44], "uv_size": [1, 1]},
								"down": {"uv": [44, 31], "uv_size": [1, -1]}
							}
						},
						{
							"origin": [-0.30797, 7.07825, 9.78971],
							"size": [0.61594, 0.30117, 0],
							"inflate": -0.001,
							"uv": {
								"north": {"uv": [31, 44], "uv_size": [1, 1]},
								"east": {"uv": [0, 0], "uv_size": [0, 1]},
								"south": {"uv": [44, 31], "uv_size": [1, 1]},
								"west": {"uv": [0, 0], "uv_size": [0, 1]},
								"up": {"uv": [0, 0], "uv_size": [1, 0]},
								"down": {"uv": [0, 0], "uv_size": [1, 0]}
							}
						},
						{
							"origin": [-0.61838, 6.51553, 8.87062],
							"size": [1.23675, 0.43538, 0.43534],
							"pivot": [-0.17119, 6.75795, 9.07664],
							"rotation": [45, 0, 0],
							"uv": {
								"north": {"uv": [43, 41], "uv_size": [1, 1]},
								"east": {"uv": [42, 43], "uv_size": [1, 1]},
								"south": {"uv": [43, 42], "uv_size": [1, 1]},
								"west": {"uv": [43, 43], "uv_size": [1, 1]},
								"up": {"uv": [0, 44], "uv_size": [1, 1]},
								"down": {"uv": [44, 1], "uv_size": [1, -1]}
							}
						},
						{
							"origin": [-0.61838, 6.64053, 9.55812],
							"size": [1.23675, 0.43538, 0.43534],
							"pivot": [-0.17119, 6.88295, 9.76414],
							"rotation": [45, 0, 0],
							"uv": {
								"north": {"uv": [24, 44], "uv_size": [1, 1]},
								"east": {"uv": [44, 24], "uv_size": [1, 1]},
								"south": {"uv": [25, 44], "uv_size": [1, 1]},
								"west": {"uv": [44, 25], "uv_size": [1, 1]},
								"up": {"uv": [26, 44], "uv_size": [1, 1]},
								"down": {"uv": [44, 27], "uv_size": [1, -1]}
							}
						}
					]
				},
				{
					"name": "Grip",
					"parent": "AK_12_15_RPK_16",
					"pivot": [0.09894, 0.22421, 6.88088],
					"cubes": [
						{
							"origin": [-0.7814, 1.87174, 8.48754],
							"size": [1.5628, 1.28622, 2.4735],
							"uv": {
								"north": {"uv": [12, 41], "uv_size": [2, 1]},
								"east": {"uv": [14, 41], "uv_size": [2, 1]},
								"south": {"uv": [17, 41], "uv_size": [2, 1]},
								"west": {"uv": [19, 41], "uv_size": [2, 1]},
								"up": {"uv": [37, 4], "uv_size": [2, 2]},
								"down": {"uv": [37, 8], "uv_size": [2, -2]}
							}
						},
						{
							"origin": [-0.50736, 1.87174, 5.04938],
							"size": [1.01473, 1.38516, 0.96467],
							"uv": {
								"north": {"uv": [1, 44], "uv_size": [1, 1]},
								"east": {"uv": [44, 1], "uv_size": [1, 1]},
								"south": {"uv": [2, 44], "uv_size": [1, 1]},
								"west": {"uv": [44, 2], "uv_size": [1, 1]},
								"up": {"uv": [3, 44], "uv_size": [1, 1]},
								"down": {"uv": [44, 4], "uv_size": [1, -1]}
							}
						},
						{
							"origin": [-0.78155, 2.71591, 10.93631],
							"size": [1.5628, 0.34311, 0.27209],
							"uv": {
								"north": {"uv": [41, 20], "uv_size": [2, 1]},
								"east": {"uv": [4, 44], "uv_size": [1, 1]},
								"south": {"uv": [21, 41], "uv_size": [2, 1]},
								"west": {"uv": [44, 4], "uv_size": [1, 1]},
								"up": {"uv": [41, 21], "uv_size": [2, 1]},
								"down": {"uv": [41, 23], "uv_size": [2, -1]}
							}
						},
						{
							"origin": [-0.66885, -2.04526, 9.76144],
							"size": [1.3377, 0.70738, 0.52502],
							"pivot": [-0.59323, -1.98099, 10.20667],
							"rotation": [-32.5, 0, 0],
							"uv": {
								"north": {"uv": [5, 44], "uv_size": [1, 1]},
								"east": {"uv": [44, 5], "uv_size": [1, 1]},
								"south": {"uv": [6, 44], "uv_size": [1, 1]},
								"west": {"uv": [44, 6], "uv_size": [1, 1]},
								"up": {"uv": [7, 44], "uv_size": [1, 1]},
								"down": {"uv": [44, 8], "uv_size": [1, -1]}
							}
						},
						{
							"origin": [-0.66885, -1.62325, 11.13437],
							"size": [1.3377, 0.54417, 0.44523],
							"pivot": [-0.59323, -1.72219, 11.5796],
							"rotation": [-32.5, 0, 0],
							"uv": {
								"north": {"uv": [8, 44], "uv_size": [1, 1]},
								"east": {"uv": [44, 8], "uv_size": [1, 1]},
								"south": {"uv": [9, 44], "uv_size": [1, 1]},
								"west": {"uv": [44, 9], "uv_size": [1, 1]},
								"up": {"uv": [10, 44], "uv_size": [1, 1]},
								"down": {"uv": [44, 11], "uv_size": [1, -1]}
							}
						},
						{
							"origin": [-0.78155, 2.0228, 10.71369],
							"size": [1.5628, 0.69311, 0.4947],
							"pivot": [-0.48083, 2.71591, 11.20839],
							"rotation": [-22.5, 0, 0],
							"uv": {
								"north": {"uv": [41, 28], "uv_size": [2, 1]},
								"east": {"uv": [11, 44], "uv_size": [1, 1]},
								"south": {"uv": [41, 29], "uv_size": [2, 1]},
								"west": {"uv": [44, 11], "uv_size": [1, 1]},
								"up": {"uv": [41, 30], "uv_size": [2, 1]},
								"down": {"uv": [41, 32], "uv_size": [2, -1]}
							}
						},
						{
							"origin": [-0.66885, -1.99916, 9.56988],
							"size": [1.3377, 4.42757, 1.87986],
							"pivot": [0.08758, -0.0451, 9.02571],
							"rotation": [17.5, 0, 0],
							"uv": {
								"north": {"uv": [4, 37], "uv_size": [1, 4]},
								"east": {"uv": [4, 30], "uv_size": [2, 4]},
								"south": {"uv": [7, 37], "uv_size": [1, 4]},
								"west": {"uv": [0, 31], "uv_size": [2, 4]},
								"up": {"uv": [34, 41], "uv_size": [1, 2]},
								"down": {"uv": [35, 43], "uv_size": [1, -2]}
							}
						},
						{
							"origin": [-0.66885, -2.34408, 9.59944],
							"size": [1.3377, 0.72792, 1.46095],
							"pivot": [0.08758, -0.13206, 9.05527],
							"rotation": [17.5, 0, 0],
							"uv": {
								"north": {"uv": [12, 44], "uv_size": [1, 1]},
								"east": {"uv": [44, 12], "uv_size": [1, 1]},
								"south": {"uv": [13, 44], "uv_size": [1, 1]},
								"west": {"uv": [44, 13], "uv_size": [1, 1]},
								"up": {"uv": [14, 44], "uv_size": [1, 1]},
								"down": {"uv": [44, 15], "uv_size": [1, -1]}
							}
						}
					]
				},
				{
					"name": "All_mag",
					"parent": "AK_12_15_RPK_16",
					"pivot": [-0.01237, 0.24947, -2.49283]
				},
				{
					"name": "AK_15_mag",
					"parent": "All_mag",
					"pivot": [-0.01237, 0.24947, -2.49283],
					"cubes": [
						{
							"origin": [-0.55654, -3.4581, 1.20387],
							"size": [1.11308, 3.56184, 2.99293],
							"pivot": [-0.55654, 0.10374, 4.19681],
							"rotation": [-34, 0, 0],
							"uv": {
								"north": {"uv": [13, 37], "uv_size": [1, 4]},
								"east": {"uv": [0, 23], "uv_size": [3, 4]},
								"south": {"uv": [14, 37], "uv_size": [1, 4]},
								"west": {"uv": [24, 9], "uv_size": [3, 4]},
								"up": {"uv": [9, 38], "uv_size": [1, 3]},
								"down": {"uv": [12, 41], "uv_size": [1, -3]}
							}
						},
						{
							"origin": [-0.55604, -5.86259, -0.78788],
							"size": [1.11209, 3.01343, 2.99293],
							"pivot": [-0.55703, -2.84916, 2.20505],
							"rotation": [-49, 0, 0],
							"uv": {
								"north": {"uv": [38, 14], "uv_size": [1, 3]},
								"east": {"uv": [10, 28], "uv_size": [3, 3]},
								"south": {"uv": [38, 35], "uv_size": [1, 3]},
								"west": {"uv": [21, 28], "uv_size": [3, 3]},
								"up": {"uv": [38, 38], "uv_size": [1, 3]},
								"down": {"uv": [39, 6], "uv_size": [1, -3]}
							}
						},
						{
							"origin": [-0.55656, 0.10174, 1.15636],
							"size": [1.11312, 4.45234, 3.04245],
							"inflate": -0.002,
							"pivot": [-0.55456, 0.10374, 4.19681],
							"rotation": [-12.5, 0, 0],
							"uv": {
								"north": {"uv": [37, 14], "uv_size": [1, 4]},
								"east": {"uv": [10, 24], "uv_size": [3, 4]},
								"south": {"uv": [15, 37], "uv_size": [1, 4]},
								"west": {"uv": [24, 13], "uv_size": [3, 4]},
								"up": {"uv": [5, 39], "uv_size": [1, 3]},
								"down": {"uv": [39, 9], "uv_size": [1, -3]}
							}
						}
					]
				},
				{
					"name": "positioning2",
					"parent": "AK_12_15_RPK_16",
					"pivot": [0, 0, 0]
				},
				{
					"name": "scope_pos",
					"parent": "positioning2",
					"pivot": [0, 6.475, 5.275]
				},
				{
					"name": "positioning",
					"pivot": [-3.025, -8.95, -11.225]
				},
				{
					"name": "ground",
					"parent": "positioning",
					"pivot": [0, -10, 0]
				},
				{
					"name": "fixed",
					"parent": "positioning",
					"pivot": [1.1, 4.425, 2.175],
					"rotation": [0, 90, 0]
				},
				{
					"name": "thirdperson_hand",
					"parent": "positioning",
					"pivot": [0.025, 2.975, 7.15]
				},
				{
					"name": "shell",
					"parent": "positioning",
					"pivot": [-0.625, 4.875, -1.225]
				},
				{
					"name": "muzzle_flash",
					"parent": "positioning",
					"pivot": [-0.025, 4.1, -21.475]
				}
			]
		}
	]
}