{
	"format_version": "1.12.0",
	"minecraft:geometry": [
		{
			"description": {
				"identifier": "geometry.unknown",
				"texture_width": 28,
				"texture_height": 28,
				"visible_bounds_width": 4,
				"visible_bounds_height": 2.5,
				"visible_bounds_offset": [0, 0.75, 0]
			},
			"bones": [
				{
					"name": "positioning",
					"pivot": [0, 0, 0]
				},
				{
					"name": "thirdperson_hand",
					"parent": "positioning",
					"pivot": [0, 5.325, 4.46875]
				},
				{
					"name": "ground",
					"parent": "positioning",
					"pivot": [0, -0.9, 3.025]
				},
				{
					"name": "fixed",
					"parent": "positioning",
					"pivot": [1.05, 9.6, 5.15],
					"rotation": [0, 90, 0]
				},
				{
					"name": "muzzle_flash",
					"parent": "positioning",
					"pivot": [0, 9.73125, -23.625]
				},
				{
					"name": "lod",
					"pivot": [0, -11.59375, -1.125],
					"cubes": [
						{
							"origin": [-0.98368, 10.80393, 3.26373],
							"size": [1.96736, 2.64837, 7.41545],
							"pivot": [0, 9.51758, -0.97366],
							"rotation": [-60, 0, 0],
							"uv": {
								"north": {"uv": [19, 16], "uv_size": [0.75, 1]},
								"east": {"uv": [11, 8], "uv_size": [3, 1]},
								"south": {"uv": [19, 17], "uv_size": [0.75, 1]},
								"west": {"uv": [11, 9], "uv_size": [3, 1]},
								"up": {"uv": [4, 13], "uv_size": [0.75, 3]},
								"down": {"uv": [5, 16], "uv_size": [0.75, -3]}
							}
						},
						{
							"origin": [-0.98368, 3.22332, 1.55197],
							"size": [1.96736, 1.05935, 1.74036],
							"pivot": [0, 3.94217, 5.25969],
							"rotation": [-90, 0, 0],
							"uv": {
								"north": {"uv": [5, 23], "uv_size": [0.75, 0.5]},
								"east": {"uv": [23, 5], "uv_size": [0.75, 0.5]},
								"south": {"uv": [6, 23], "uv_size": [0.75, 0.5]},
								"west": {"uv": [23, 6], "uv_size": [0.75, 0.5]},
								"up": {"uv": [12, 21], "uv_size": [0.75, 0.75]},
								"down": {"uv": [13, 21.75], "uv_size": [0.75, -0.75]}
							}
						},
						{
							"origin": [-0.98368, 4.96368, 3.822],
							"size": [1.96736, 2.04303, 1.05935],
							"pivot": [0, 6.77971, 5.07052],
							"rotation": [-135, 0, 0],
							"uv": {
								"north": {"uv": [14, 21], "uv_size": [0.75, 0.75]},
								"east": {"uv": [7, 23], "uv_size": [0.5, 0.75]},
								"south": {"uv": [15, 21], "uv_size": [0.75, 0.75]},
								"west": {"uv": [23, 7], "uv_size": [0.5, 0.75]},
								"up": {"uv": [8, 23], "uv_size": [0.75, 0.5]},
								"down": {"uv": [23, 8.5], "uv_size": [0.75, -0.5]}
							}
						},
						{
							"origin": [-0.98397, 5.30784, 2.78374],
							"size": [1.96793, 3.02728, 2.64894],
							"inflate": 0.0002,
							"pivot": [0, 7.80516, 4.03255],
							"rotation": [-90, 0, 0],
							"uv": {
								"north": {"uv": [6, 19], "uv_size": [0.75, 1.25]},
								"east": {"uv": [17, 5], "uv_size": [1, 1.25]},
								"south": {"uv": [7, 19], "uv_size": [0.75, 1.25]},
								"west": {"uv": [6, 17], "uv_size": [1, 1.25]},
								"up": {"uv": [0, 20], "uv_size": [0.75, 1]},
								"down": {"uv": [1, 21], "uv_size": [0.75, -1]}
							}
						},
						{
							"origin": [0, 2.73542, 5.12973],
							"size": [0, 4.2374, 2.79971],
							"pivot": [0, 7.80516, 4.03255],
							"rotation": [-90, 0, 0],
							"uv": {
								"north": {"uv": [0, 0], "uv_size": [0, 1.75]},
								"east": {"uv": [15, 5], "uv_size": [1.25, 1.75]},
								"south": {"uv": [0, 0], "uv_size": [0, 1.75]},
								"west": {"uv": [6, 15], "uv_size": [1.25, 1.75]},
								"up": {"uv": [0, 0], "uv_size": [0, 1.25]},
								"down": {"uv": [0, 1.25], "uv_size": [0, -1.25]}
							}
						},
						{
							"origin": [-0.98368, 3.47968, -0.38322],
							"size": [1.96736, 0.83235, 7.41545],
							"pivot": [0, 2.98784, 3.3245],
							"rotation": [-67.5, 0, 0],
							"uv": {
								"north": {"uv": [23, 24], "uv_size": [0.75, 0.25]},
								"east": {"uv": [19, 18], "uv_size": [3, 0.25]},
								"south": {"uv": [24, 23], "uv_size": [0.75, 0.25]},
								"west": {"uv": [19, 19], "uv_size": [3, 0.25]},
								"up": {"uv": [8, 13], "uv_size": [0.75, 3]},
								"down": {"uv": [13, 15], "uv_size": [0.75, -3]}
							}
						}
					]
				},
				{
					"name": "bone",
					"parent": "lod",
					"pivot": [0, -11.59375, -1.80601],
					"cubes": [
						{
							"origin": [-1.13502, 8.7609, 1.59904],
							"size": [2.27003, 2.72404, 5.67509],
							"uv": {
								"north": {"uv": [7, 17], "uv_size": [1, 1.25]},
								"east": {"uv": [12, 6], "uv_size": [2.25, 1.25]},
								"south": {"uv": [11, 17], "uv_size": [1, 1.25]},
								"west": {"uv": [12, 10], "uv_size": [2.25, 1.25]},
								"up": {"uv": [15, 0], "uv_size": [1, 2.25]},
								"down": {"uv": [2, 17.25], "uv_size": [1, -2.25]}
							}
						},
						{
							"origin": [-1.13502, 11.48494, -0.97366],
							"size": [2.27003, 0.98368, 8.24779],
							"uv": {
								"north": {"uv": [22, 16], "uv_size": [1, 0.5]},
								"east": {"uv": [15, 7], "uv_size": [3.5, 0.5]},
								"south": {"uv": [17, 22], "uv_size": [1, 0.5]},
								"west": {"uv": [15, 15], "uv_size": [3.5, 0.5]},
								"up": {"uv": [9, 8], "uv_size": [1, 3.5]},
								"down": {"uv": [10, 3.5], "uv_size": [1, -3.5]}
							}
						},
						{
							"origin": [-0.83235, 12.46862, -0.97366],
							"size": [1.66469, 1.44829, 6.20476],
							"uv": {
								"north": {"uv": [23, 12], "uv_size": [0.75, 0.5]},
								"east": {"uv": [18, 5], "uv_size": [2.5, 0.5]},
								"south": {"uv": [13, 23], "uv_size": [0.75, 0.5]},
								"west": {"uv": [18, 6], "uv_size": [2.5, 0.5]},
								"up": {"uv": [10, 15], "uv_size": [0.75, 2.5]},
								"down": {"uv": [15, 12.5], "uv_size": [0.75, -2.5]}
							}
						},
						{
							"origin": [-0.83235, 12.69562, -15.9559],
							"size": [1.66469, 1.22129, 1.74036],
							"uv": {
								"north": {"uv": [23, 17], "uv_size": [0.75, 0.5]},
								"east": {"uv": [18, 23], "uv_size": [0.75, 0.5]},
								"south": {"uv": [23, 18], "uv_size": [0.75, 0.5]},
								"west": {"uv": [19, 23], "uv_size": [0.75, 0.5]},
								"up": {"uv": [18, 21], "uv_size": [0.75, 0.75]},
								"down": {"uv": [19, 21.75], "uv_size": [0.75, -0.75]}
							}
						},
						{
							"origin": [-0.83206, 12.69591, -16.4857],
							"size": [1.66412, 0.38864, 0.52952],
							"inflate": -0.0002,
							"uv": {
								"north": {"uv": [25, 7], "uv_size": [0.75, 0.25]},
								"east": {"uv": [5, 26], "uv_size": [0.25, 0.25]},
								"south": {"uv": [8, 25], "uv_size": [0.75, 0.25]},
								"west": {"uv": [26, 5], "uv_size": [0.25, 0.25]},
								"up": {"uv": [25, 8], "uv_size": [0.75, 0.25]},
								"down": {"uv": [9, 25.25], "uv_size": [0.75, -0.25]}
							}
						},
						{
							"origin": [-0.83235, 12.46862, 5.2311],
							"size": [1.66469, 0.90801, 1.8917],
							"uv": {
								"north": {"uv": [23, 13], "uv_size": [0.75, 0.5]},
								"east": {"uv": [14, 23], "uv_size": [0.75, 0.5]},
								"south": {"uv": [23, 14], "uv_size": [0.75, 0.5]},
								"west": {"uv": [15, 23], "uv_size": [0.75, 0.5]},
								"up": {"uv": [17, 21], "uv_size": [0.75, 0.75]},
								"down": {"uv": [21, 17.75], "uv_size": [0.75, -0.75]}
							}
						},
						{
							"origin": [-0.83235, 13.37663, 5.2311],
							"size": [1.66469, 0.54028, 1.47712],
							"uv": {
								"north": {"uv": [25, 4], "uv_size": [0.75, 0.25]},
								"east": {"uv": [25, 23], "uv_size": [0.5, 0.25]},
								"south": {"uv": [5, 25], "uv_size": [0.75, 0.25]},
								"west": {"uv": [24, 25], "uv_size": [0.5, 0.25]},
								"up": {"uv": [23, 16], "uv_size": [0.75, 0.5]},
								"down": {"uv": [17, 23.5], "uv_size": [0.75, -0.5]}
							}
						},
						{
							"origin": [-0.83235, 13.36662, 6.43685],
							"size": [1.66469, 0.90801, 0.68101],
							"pivot": [0, 13.82063, 6.20984],
							"rotation": [-52.5, 0, 0],
							"uv": {
								"north": {"uv": [23, 15], "uv_size": [0.75, 0.5]},
								"east": {"uv": [25, 22], "uv_size": [0.25, 0.5]},
								"south": {"uv": [16, 23], "uv_size": [0.75, 0.5]},
								"west": {"uv": [23, 25], "uv_size": [0.25, 0.5]},
								"up": {"uv": [25, 3], "uv_size": [0.75, 0.25]},
								"down": {"uv": [4, 25.25], "uv_size": [0.75, -0.25]}
							}
						},
						{
							"origin": [0.83235, 13.36662, 4.54515],
							"size": [0, 0.90801, 1.8917],
							"pivot": [0, 13.82063, 6.20984],
							"rotation": [-52.5, 0, 0],
							"uv": {
								"north": {"uv": [0, 0], "uv_size": [0, 0.5]},
								"east": {"uv": [23, 21], "uv_size": [0.75, 0.5]},
								"south": {"uv": [0, 0], "uv_size": [0, 0.5]},
								"west": {"uv": [22, 23], "uv_size": [0.75, 0.5]},
								"up": {"uv": [0, 0], "uv_size": [0, 0.75]},
								"down": {"uv": [0, 0.75], "uv_size": [0, -0.75]}
							}
						},
						{
							"origin": [-0.83235, 13.36662, 4.54515],
							"size": [0, 0.90801, 1.8917],
							"pivot": [0, 13.82063, 6.20984],
							"rotation": [-52.5, 0, 0],
							"uv": {
								"north": {"uv": [0, 0], "uv_size": [0, 0.5]},
								"east": {"uv": [1, 24], "uv_size": [0.75, 0.5]},
								"south": {"uv": [0, 0], "uv_size": [0, 0.5]},
								"west": {"uv": [24, 1], "uv_size": [0.75, 0.5]},
								"up": {"uv": [0, 0], "uv_size": [0, 0.75]},
								"down": {"uv": [0, 0.75], "uv_size": [0, -0.75]}
							}
						},
						{
							"origin": [0.83235, 13.56384, 4.15677],
							"size": [0, 1.36202, 1.51336],
							"pivot": [0.83235, 14.47185, 5.10262],
							"rotation": [-90, 0, 0],
							"uv": {
								"north": {"uv": [0, 0], "uv_size": [0, 0.5]},
								"east": {"uv": [23, 22], "uv_size": [0.75, 0.5]},
								"south": {"uv": [0, 0], "uv_size": [0, 0.5]},
								"west": {"uv": [23, 23], "uv_size": [0.75, 0.5]},
								"up": {"uv": [0, 0], "uv_size": [0, 0.75]},
								"down": {"uv": [0, 0.75], "uv_size": [0, -0.75]}
							}
						},
						{
							"origin": [-0.83235, 13.56384, 4.15677],
							"size": [0, 1.36202, 1.51336],
							"pivot": [-0.83235, 14.47185, 5.10262],
							"rotation": [-90, 0, 0],
							"uv": {
								"north": {"uv": [0, 0], "uv_size": [0, 0.5]},
								"east": {"uv": [0, 24], "uv_size": [0.75, 0.5]},
								"south": {"uv": [0, 0], "uv_size": [0, 0.5]},
								"west": {"uv": [24, 0], "uv_size": [0.75, 0.5]},
								"up": {"uv": [0, 0], "uv_size": [0, 0.75]},
								"down": {"uv": [0, 0.75], "uv_size": [0, -0.75]}
							}
						},
						{
							"origin": [-0.83235, 13.67931, -14.21553],
							"size": [1.66469, 0.23761, 13.24187],
							"uv": {
								"north": {"uv": [25, 2], "uv_size": [0.75, 0.25]},
								"east": {"uv": [17, 0], "uv_size": [5.5, 0.25]},
								"south": {"uv": [3, 25], "uv_size": [0.75, 0.25]},
								"west": {"uv": [17, 1], "uv_size": [5.5, 0.25]},
								"up": {"uv": [9, 2], "uv_size": [0.75, 5.5]},
								"down": {"uv": [3, 14.5], "uv_size": [0.75, -5.5]}
							}
						},
						{
							"origin": [-0.75668, 13.90631, -15.80456],
							"size": [1.51336, 0.61595, 21.71667],
							"uv": {
								"north": {"uv": [25, 13], "uv_size": [0.75, 0.25]},
								"east": {"uv": [14, 8], "uv_size": [9, 0.25]},
								"south": {"uv": [14, 25], "uv_size": [0.75, 0.25]},
								"west": {"uv": [14, 9], "uv_size": [9, 0.25]},
								"up": {"uv": [0, 4], "uv_size": [0.75, 9]},
								"down": {"uv": [1, 13], "uv_size": [0.75, -9]}
							}
						},
						{
							"origin": [-0.37834, 14.51165, 5.30677],
							"size": [0.75668, 0.76728, 0.15134],
							"uv": {
								"north": {"uv": [7, 26], "uv_size": [0.25, 0.25]},
								"east": {"uv": [0, 0], "uv_size": [0, 0.25]},
								"south": {"uv": [26, 7], "uv_size": [0.25, 0.25]},
								"west": {"uv": [0, 0], "uv_size": [0, 0.25]},
								"up": {"uv": [0, 0], "uv_size": [0.25, 0]},
								"down": {"uv": [0, 0], "uv_size": [0.25, 0]}
							}
						},
						{
							"origin": [-0.15134, 14.51165, -14.74521],
							"size": [0.30267, 0.54028, 0.227],
							"uv": {
								"north": {"uv": [8, 26], "uv_size": [0.25, 0.25]},
								"east": {"uv": [26, 8], "uv_size": [0.25, 0.25]},
								"south": {"uv": [9, 26], "uv_size": [0.25, 0.25]},
								"west": {"uv": [26, 9], "uv_size": [0.25, 0.25]},
								"up": {"uv": [10, 26], "uv_size": [0.25, 0.25]},
								"down": {"uv": [26, 10.25], "uv_size": [0.25, -0.25]}
							}
						},
						{
							"origin": [-1.13502, 7.32321, 5.91211],
							"size": [2.27003, 1.43769, 1.36202],
							"uv": {
								"north": {"uv": [0, 22], "uv_size": [1, 0.5]},
								"east": {"uv": [2, 24], "uv_size": [0.5, 0.5]},
								"south": {"uv": [1, 22], "uv_size": [1, 0.5]},
								"west": {"uv": [24, 2], "uv_size": [0.5, 0.5]},
								"up": {"uv": [2, 22], "uv_size": [1, 0.5]},
								"down": {"uv": [22, 2.5], "uv_size": [1, -0.5]}
							}
						},
						{
							"origin": [-1.13502, 7.47881, 5.00141],
							"size": [2.27003, 2.04303, 1.28635],
							"pivot": [0, 8.50032, 5.64458],
							"rotation": [45, 0, 0],
							"uv": {
								"north": {"uv": [2, 20], "uv_size": [1, 0.75]},
								"east": {"uv": [9, 23], "uv_size": [0.5, 0.75]},
								"south": {"uv": [3, 20], "uv_size": [1, 0.75]},
								"west": {"uv": [23, 9], "uv_size": [0.5, 0.75]},
								"up": {"uv": [3, 22], "uv_size": [1, 0.5]},
								"down": {"uv": [4, 22.5], "uv_size": [1, -0.5]}
							}
						},
						{
							"origin": [-1.13502, 11.18653, 2.58003],
							"size": [2.27003, 0.37834, 0.83235],
							"pivot": [0, 8.50032, 5.64458],
							"rotation": [45, 0, 0],
							"uv": {
								"north": {"uv": [3, 24], "uv_size": [1, 0.25]},
								"east": {"uv": [2, 26], "uv_size": [0.25, 0.25]},
								"south": {"uv": [24, 3], "uv_size": [1, 0.25]},
								"west": {"uv": [26, 2], "uv_size": [0.25, 0.25]},
								"up": {"uv": [4, 24], "uv_size": [1, 0.25]},
								"down": {"uv": [24, 4.25], "uv_size": [1, -0.25]}
							}
						},
						{
							"origin": [-1.13502, 6.33953, -0.97366],
							"size": [2.27003, 5.14541, 2.57271],
							"uv": {
								"north": {"uv": [14, 0], "uv_size": [1, 2.25]},
								"east": {"uv": [14, 3], "uv_size": [1, 2.25]},
								"south": {"uv": [11, 14], "uv_size": [1, 2.25]},
								"west": {"uv": [14, 12], "uv_size": [1, 2.25]},
								"up": {"uv": [10, 18], "uv_size": [1, 1]},
								"down": {"uv": [16, 19], "uv_size": [1, -1]}
							}
						},
						{
							"origin": [-1.13502, 4.82617, -2.26002],
							"size": [2.27003, 6.65877, 1.28635],
							"uv": {
								"north": {"uv": [7, 12], "uv_size": [1, 2.75]},
								"east": {"uv": [16, 11], "uv_size": [0.5, 2.75]},
								"south": {"uv": [9, 12], "uv_size": [1, 2.75]},
								"west": {"uv": [15, 16], "uv_size": [0.5, 2.75]},
								"up": {"uv": [5, 22], "uv_size": [1, 0.5]},
								"down": {"uv": [6, 22.5], "uv_size": [1, -0.5]}
							}
						},
						{
							"origin": [-0.68101, 2.43932, -1.24246],
							"size": [1.36202, 2.57271, 0],
							"pivot": [0, 3.72567, -1.24246],
							"rotation": [15, 0, 0],
							"uv": {
								"north": {"uv": [4, 23], "uv_size": [0.5, 1]},
								"east": {"uv": [0, 0], "uv_size": [0, 1]},
								"south": {"uv": [23, 4], "uv_size": [0.5, 1]},
								"west": {"uv": [0, 0], "uv_size": [0, 1]},
								"up": {"uv": [0, 0], "uv_size": [0.5, 0]},
								"down": {"uv": [0, 0], "uv_size": [0.5, 0]}
							}
						},
						{
							"origin": [-1.13502, 8.15555, -14.44254],
							"size": [2.27003, 3.32938, 12.18252],
							"uv": {
								"north": {"uv": [5, 16], "uv_size": [1, 1.5]},
								"east": {"uv": [0, 0], "uv_size": [5, 1.5]},
								"south": {"uv": [8, 16], "uv_size": [1, 1.5]},
								"west": {"uv": [0, 2], "uv_size": [5, 1.5]},
								"up": {"uv": [6, 6], "uv_size": [1, 5]},
								"down": {"uv": [7, 7], "uv_size": [1, -5]}
							}
						},
						{
							"origin": [-1.13473, 4.76668, -6.68691],
							"size": [2.26947, 3.32882, 4.38817],
							"inflate": -0.0002,
							"pivot": [-1.13502, 4.57658, -1.93761],
							"rotation": [-10, 0, 0],
							"uv": {
								"north": {"uv": [0, 18], "uv_size": [1, 1.25]},
								"east": {"uv": [5, 2], "uv_size": [1.75, 1.25]},
								"south": {"uv": [1, 18], "uv_size": [1, 1.25]},
								"west": {"uv": [15, 3], "uv_size": [1.75, 1.25]},
								"up": {"uv": [15, 13], "uv_size": [1, 1.75]},
								"down": {"uv": [14, 16.75], "uv_size": [1, -1.75]}
							}
						},
						{
							"origin": [-1.13445, 6.41399, -7.59812],
							"size": [2.2689, 1.43655, 1.51222],
							"inflate": -0.0004,
							"pivot": [0, 8.07811, -5.40432],
							"rotation": [27.5, 0, 0],
							"uv": {
								"north": {"uv": [15, 22], "uv_size": [1, 0.5]},
								"east": {"uv": [10, 23], "uv_size": [0.75, 0.5]},
								"south": {"uv": [16, 22], "uv_size": [1, 0.5]},
								"west": {"uv": [23, 10], "uv_size": [0.75, 0.5]},
								"up": {"uv": [20, 3], "uv_size": [1, 0.75]},
								"down": {"uv": [4, 20.75], "uv_size": [1, -0.75]}
							}
						},
						{
							"origin": [-1.13473, 6.80466, -7.98391],
							"size": [2.26947, 2.11813, 1.73979],
							"inflate": -0.0002,
							"pivot": [0, 7.86373, -7.11402],
							"rotation": [52.5, 0, 0],
							"uv": {
								"north": {"uv": [17, 18], "uv_size": [1, 1]},
								"east": {"uv": [5, 20], "uv_size": [0.75, 1]},
								"south": {"uv": [18, 18], "uv_size": [1, 1]},
								"west": {"uv": [8, 20], "uv_size": [0.75, 1]},
								"up": {"uv": [11, 20], "uv_size": [1, 0.75]},
								"down": {"uv": [12, 20.75], "uv_size": [1, -0.75]}
							}
						}
					]
				},
				{
					"name": "bone4",
					"parent": "bone",
					"pivot": [0, 13.20344, -16.17926],
					"cubes": [
						{
							"origin": [-0.83235, 12.9333, -16.44409],
							"size": [1.66469, 0.46511, 0.98659],
							"pivot": [0, 13.20344, -16.17926],
							"rotation": [57.5, 0, 0],
							"uv": {
								"north": {"uv": [25, 9], "uv_size": [0.75, 0.25]},
								"east": {"uv": [25, 24], "uv_size": [0.5, 0.25]},
								"south": {"uv": [10, 25], "uv_size": [0.75, 0.25]},
								"west": {"uv": [25, 25], "uv_size": [0.5, 0.25]},
								"up": {"uv": [23, 19], "uv_size": [0.75, 0.5]},
								"down": {"uv": [20, 23.5], "uv_size": [0.75, -0.5]}
							}
						},
						{
							"origin": [-0.83235, 12.79399, -14.56591],
							"size": [1.66469, 0.31377, 1.13792],
							"pivot": [0, 13.06413, -14.30107],
							"rotation": [57.5, 0, 0],
							"uv": {
								"north": {"uv": [25, 10], "uv_size": [0.75, 0.25]},
								"east": {"uv": [0, 26], "uv_size": [0.5, 0.25]},
								"south": {"uv": [11, 25], "uv_size": [0.75, 0.25]},
								"west": {"uv": [26, 0], "uv_size": [0.5, 0.25]},
								"up": {"uv": [23, 20], "uv_size": [0.75, 0.5]},
								"down": {"uv": [21, 23.5], "uv_size": [0.75, -0.5]}
							}
						},
						{
							"origin": [-0.83235, 13.09666, -14.1119],
							"size": [1.66469, 0.31377, 0.53258],
							"pivot": [0, 13.06413, -14.30107],
							"rotation": [57.5, 0, 0],
							"uv": {
								"north": {"uv": [25, 11], "uv_size": [0.75, 0.25]},
								"east": {"uv": [6, 26], "uv_size": [0.25, 0.25]},
								"south": {"uv": [12, 25], "uv_size": [0.75, 0.25]},
								"west": {"uv": [26, 6], "uv_size": [0.25, 0.25]},
								"up": {"uv": [25, 12], "uv_size": [0.75, 0.25]},
								"down": {"uv": [13, 25.25], "uv_size": [0.75, -0.25]}
							}
						}
					]
				},
				{
					"name": "bone2",
					"parent": "lod",
					"pivot": [0, -11.59375, -1.125],
					"cubes": [
						{
							"origin": [-1.21069, 7.92855, -21.02564],
							"size": [2.42137, 3.25372, 11.57718],
							"uv": {
								"north": {"uv": [17, 11], "uv_size": [1, 1.25]},
								"east": {"uv": [2, 4], "uv_size": [4.75, 1.25]},
								"south": {"uv": [12, 17], "uv_size": [1, 1.25]},
								"west": {"uv": [5, 0], "uv_size": [4.75, 1.25]},
								"up": {"uv": [7, 7], "uv_size": [1, 4.75]},
								"down": {"uv": [8, 6.75], "uv_size": [1, -4.75]}
							}
						},
						{
							"origin": [-1.58902, 9.51758, -20.6473],
							"size": [0.37834, 1.13502, 5.75076],
							"uv": {
								"north": {"uv": [1, 26], "uv_size": [0.25, 0.5]},
								"east": {"uv": [18, 11], "uv_size": [2.5, 0.5]},
								"south": {"uv": [26, 1], "uv_size": [0.25, 0.5]},
								"west": {"uv": [18, 12], "uv_size": [2.5, 0.5]},
								"up": {"uv": [11, 21], "uv_size": [0.25, 2.5]},
								"down": {"uv": [21, 13.5], "uv_size": [0.25, -2.5]}
							}
						},
						{
							"origin": [-0.90801, 6.8692, -21.25264],
							"size": [1.81603, 1.66469, 0.68101],
							"uv": {
								"north": {"uv": [16, 21], "uv_size": [0.75, 0.75]},
								"east": {"uv": [24, 24], "uv_size": [0.25, 0.75]},
								"south": {"uv": [21, 16], "uv_size": [0.75, 0.75]},
								"west": {"uv": [0, 25], "uv_size": [0.25, 0.75]},
								"up": {"uv": [25, 0], "uv_size": [0.75, 0.25]},
								"down": {"uv": [1, 25.25], "uv_size": [0.75, -0.25]}
							}
						},
						{
							"origin": [-0.58541, 6.47093, -21.25264],
							"size": [1.28413, 1.28413, 0.68101],
							"pivot": [0.32261, 6.92271, -20.91214],
							"rotation": [0, 0, -45],
							"uv": {
								"north": {"uv": [9, 24], "uv_size": [0.5, 0.5]},
								"east": {"uv": [25, 17], "uv_size": [0.25, 0.5]},
								"south": {"uv": [24, 9], "uv_size": [0.5, 0.5]},
								"west": {"uv": [18, 25], "uv_size": [0.25, 0.5]},
								"up": {"uv": [25, 18], "uv_size": [0.5, 0.25]},
								"down": {"uv": [19, 25.25], "uv_size": [0.5, -0.25]}
							}
						},
						{
							"origin": [-1.21069, 7.92855, -9.44846],
							"size": [2.42137, 0.75668, 1.43769],
							"uv": {
								"north": {"uv": [5, 24], "uv_size": [1, 0.25]},
								"east": {"uv": [25, 15], "uv_size": [0.5, 0.25]},
								"south": {"uv": [24, 5], "uv_size": [1, 0.25]},
								"west": {"uv": [16, 25], "uv_size": [0.5, 0.25]},
								"up": {"uv": [22, 11], "uv_size": [1, 0.5]},
								"down": {"uv": [12, 22.5], "uv_size": [1, -0.5]}
							}
						},
						{
							"origin": [-1.2104, 8.97099, -10.72701],
							"size": [2.4208, 1.28234, 2.88077],
							"inflate": -0.0002,
							"pivot": [0, 9.61216, -9.28662],
							"rotation": [-60, 0, 0],
							"uv": {
								"north": {"uv": [22, 13], "uv_size": [1, 0.5]},
								"east": {"uv": [18, 20], "uv_size": [1.25, 0.5]},
								"south": {"uv": [14, 22], "uv_size": [1, 0.5]},
								"west": {"uv": [20, 20], "uv_size": [1.25, 0.5]},
								"up": {"uv": [13, 17], "uv_size": [1, 1.25]},
								"down": {"uv": [14, 18.25], "uv_size": [1, -1.25]}
							}
						},
						{
							"origin": [-1.21069, 7.47454, -8.54045],
							"size": [2.42137, 0.45401, 0.52967],
							"uv": {
								"north": {"uv": [6, 24], "uv_size": [1, 0.25]},
								"east": {"uv": [3, 26], "uv_size": [0.25, 0.25]},
								"south": {"uv": [24, 6], "uv_size": [1, 0.25]},
								"west": {"uv": [26, 3], "uv_size": [0.25, 0.25]},
								"up": {"uv": [7, 24], "uv_size": [1, 0.25]},
								"down": {"uv": [24, 7.25], "uv_size": [1, -0.25]}
							}
						},
						{
							"origin": [-1.2104, 7.68321, -9.25511],
							"size": [2.4208, 0.45344, 0.90745],
							"inflate": -0.0002,
							"pivot": [0, 7.90993, -8.80138],
							"rotation": [-32.5, 0, 0],
							"uv": {
								"north": {"uv": [8, 24], "uv_size": [1, 0.25]},
								"east": {"uv": [25, 16], "uv_size": [0.5, 0.25]},
								"south": {"uv": [24, 8], "uv_size": [1, 0.25]},
								"west": {"uv": [17, 25], "uv_size": [0.5, 0.25]},
								"up": {"uv": [22, 12], "uv_size": [1, 0.5]},
								"down": {"uv": [13, 22.5], "uv_size": [1, -0.5]}
							}
						},
						{
							"origin": [-1.21069, 11.18227, -20.6473],
							"size": [2.42137, 1.13502, 6.20476],
							"uv": {
								"north": {"uv": [22, 6], "uv_size": [1, 0.5]},
								"east": {"uv": [17, 13], "uv_size": [2.5, 0.5]},
								"south": {"uv": [7, 22], "uv_size": [1, 0.5]},
								"west": {"uv": [16, 17], "uv_size": [2.5, 0.5]},
								"up": {"uv": [0, 13], "uv_size": [1, 2.5]},
								"down": {"uv": [13, 2.5], "uv_size": [1, -2.5]}
							}
						},
						{
							"origin": [-0.90801, 12.31728, -16.1829],
							"size": [1.81603, 0.37834, 1.74036],
							"uv": {
								"north": {"uv": [25, 5], "uv_size": [0.75, 0.25]},
								"east": {"uv": [6, 25], "uv_size": [0.75, 0.25]},
								"south": {"uv": [25, 6], "uv_size": [0.75, 0.25]},
								"west": {"uv": [7, 25], "uv_size": [0.75, 0.25]},
								"up": {"uv": [20, 21], "uv_size": [0.75, 0.75]},
								"down": {"uv": [21, 21.75], "uv_size": [0.75, -0.75]}
							}
						},
						{
							"origin": [-1.2104, 9.68856, -23.05228],
							"size": [2.4208, 1.13445, 4.23683],
							"inflate": -0.0002,
							"pivot": [0, 10.25579, -20.78253],
							"rotation": [70, 0, 0],
							"uv": {
								"north": {"uv": [22, 7], "uv_size": [1, 0.5]},
								"east": {"uv": [19, 4], "uv_size": [1.75, 0.5]},
								"south": {"uv": [22, 10], "uv_size": [1, 0.5]},
								"west": {"uv": [19, 7], "uv_size": [1.75, 0.5]},
								"up": {"uv": [12, 15], "uv_size": [1, 1.75]},
								"down": {"uv": [13, 16.75], "uv_size": [1, -1.75]}
							}
						}
					]
				},
				{
					"name": "bone3",
					"parent": "lod",
					"pivot": [0, -11.59375, -1.125],
					"cubes": [
						{
							"origin": [-1.05935, 7.32321, 7.27413],
							"size": [2.1187, 0.75668, 6.12909],
							"uv": {
								"north": {"uv": [10, 24], "uv_size": [1, 0.25]},
								"east": {"uv": [0, 21], "uv_size": [2.5, 0.25]},
								"south": {"uv": [24, 10], "uv_size": [1, 0.25]},
								"west": {"uv": [3, 21], "uv_size": [2.5, 0.25]},
								"up": {"uv": [1, 13], "uv_size": [1, 2.5]},
								"down": {"uv": [13, 5.5], "uv_size": [1, -2.5]}
							}
						},
						{
							"origin": [-1.05935, 6.41919, 13.14762],
							"size": [2.1187, 0.75668, 8.4748],
							"pivot": [0, 6.79753, 16.21217],
							"rotation": [-17.5, 0, 0],
							"uv": {
								"north": {"uv": [15, 24], "uv_size": [1, 0.25]},
								"east": {"uv": [11, 19], "uv_size": [3.5, 0.25]},
								"south": {"uv": [24, 15], "uv_size": [1, 0.25]},
								"west": {"uv": [19, 14], "uv_size": [3.5, 0.25]},
								"up": {"uv": [10, 4], "uv_size": [1, 3.5]},
								"down": {"uv": [10, 11.5], "uv_size": [1, -3.5]}
							}
						},
						{
							"origin": [-1.05935, 5.30537, 23.12997],
							"size": [2.1187, 0.45401, 1.13502],
							"pivot": [0, 5.6837, 20.02759],
							"rotation": [-70, 0, 0],
							"uv": {
								"north": {"uv": [17, 24], "uv_size": [1, 0.25]},
								"east": {"uv": [25, 19], "uv_size": [0.5, 0.25]},
								"south": {"uv": [24, 17], "uv_size": [1, 0.25]},
								"west": {"uv": [20, 25], "uv_size": [0.5, 0.25]},
								"up": {"uv": [22, 18], "uv_size": [1, 0.5]},
								"down": {"uv": [19, 22.5], "uv_size": [1, -0.5]}
							}
						},
						{
							"origin": [-1.05935, 6.37193, 22.74177],
							"size": [2.1187, 0.83235, 1.13502],
							"pivot": [0, 6.75027, 19.63939],
							"rotation": [-70, 0, 0],
							"uv": {
								"north": {"uv": [18, 24], "uv_size": [1, 0.25]},
								"east": {"uv": [25, 20], "uv_size": [0.5, 0.25]},
								"south": {"uv": [24, 18], "uv_size": [1, 0.25]},
								"west": {"uv": [21, 25], "uv_size": [0.5, 0.25]},
								"up": {"uv": [22, 19], "uv_size": [1, 0.5]},
								"down": {"uv": [20, 22.5], "uv_size": [1, -0.5]}
							}
						},
						{
							"origin": [-1.05935, 7.4385, 22.35357],
							"size": [2.1187, 1.21069, 1.13502],
							"pivot": [0, 7.81684, 19.25119],
							"rotation": [-70, 0, 0],
							"uv": {
								"north": {"uv": [22, 20], "uv_size": [1, 0.5]},
								"east": {"uv": [19, 24], "uv_size": [0.5, 0.5]},
								"south": {"uv": [21, 22], "uv_size": [1, 0.5]},
								"west": {"uv": [24, 19], "uv_size": [0.5, 0.5]},
								"up": {"uv": [22, 21], "uv_size": [1, 0.5]},
								"down": {"uv": [22, 22.5], "uv_size": [1, -0.5]}
							}
						},
						{
							"origin": [-1.05935, 3.9919, 17.88214],
							"size": [2.1187, 0.52967, 1.36202],
							"pivot": [0, 4.44591, 20.71968],
							"rotation": [-37.5, 0, 0],
							"uv": {
								"north": {"uv": [20, 24], "uv_size": [1, 0.25]},
								"east": {"uv": [25, 21], "uv_size": [0.5, 0.25]},
								"south": {"uv": [24, 20], "uv_size": [1, 0.25]},
								"west": {"uv": [22, 25], "uv_size": [0.5, 0.25]},
								"up": {"uv": [0, 23], "uv_size": [1, 0.5]},
								"down": {"uv": [23, 0.5], "uv_size": [1, -0.5]}
							}
						},
						{
							"origin": [-1.05935, 3.16276, 18.9627],
							"size": [2.1187, 0.90801, 1.36202],
							"pivot": [0, 3.61677, 21.80025],
							"rotation": [-37.5, 0, 0],
							"uv": {
								"north": {"uv": [1, 23], "uv_size": [1, 0.5]},
								"east": {"uv": [21, 24], "uv_size": [0.5, 0.5]},
								"south": {"uv": [23, 1], "uv_size": [1, 0.5]},
								"west": {"uv": [24, 21], "uv_size": [0.5, 0.5]},
								"up": {"uv": [2, 23], "uv_size": [1, 0.5]},
								"down": {"uv": [23, 2.5], "uv_size": [1, -0.5]}
							}
						},
						{
							"origin": [-1.05935, 10.05532, 13.8691],
							"size": [2.1187, 0.52967, 0.52967],
							"pivot": [0, 10.9255, 14.13394],
							"rotation": [-45, 0, 0],
							"uv": {
								"north": {"uv": [12, 24], "uv_size": [1, 0.25]},
								"east": {"uv": [4, 26], "uv_size": [0.25, 0.25]},
								"south": {"uv": [24, 12], "uv_size": [1, 0.25]},
								"west": {"uv": [26, 4], "uv_size": [0.25, 0.25]},
								"up": {"uv": [13, 24], "uv_size": [1, 0.25]},
								"down": {"uv": [24, 13.25], "uv_size": [1, -0.25]}
							}
						},
						{
							"origin": [-1.05935, 7.92855, 13.17622],
							"size": [2.1187, 1.8917, 0.52967],
							"uv": {
								"north": {"uv": [16, 20], "uv_size": [1, 0.75]},
								"east": {"uv": [25, 1], "uv_size": [0.25, 0.75]},
								"south": {"uv": [20, 16], "uv_size": [1, 0.75]},
								"west": {"uv": [2, 25], "uv_size": [0.25, 0.75]},
								"up": {"uv": [14, 24], "uv_size": [1, 0.25]},
								"down": {"uv": [24, 14.25], "uv_size": [1, -0.25]}
							}
						},
						{
							"origin": [-1.05935, 8.07989, 7.27413],
							"size": [2.1187, 1.74036, 2.49704],
							"uv": {
								"north": {"uv": [13, 20], "uv_size": [1, 0.75]},
								"east": {"uv": [20, 13], "uv_size": [1, 0.75]},
								"south": {"uv": [14, 20], "uv_size": [1, 0.75]},
								"west": {"uv": [15, 20], "uv_size": [1, 0.75]},
								"up": {"uv": [3, 19], "uv_size": [1, 1]},
								"down": {"uv": [19, 4], "uv_size": [1, -1]}
							}
						},
						{
							"origin": [-1.05935, 9.82025, 7.27413],
							"size": [2.1187, 1.28635, 6.43177],
							"uv": {
								"north": {"uv": [22, 17], "uv_size": [1, 0.5]},
								"east": {"uv": [16, 14], "uv_size": [2.75, 0.5]},
								"south": {"uv": [18, 22], "uv_size": [1, 0.5]},
								"west": {"uv": [16, 16], "uv_size": [2.75, 0.5]},
								"up": {"uv": [10, 12], "uv_size": [1, 2.75]},
								"down": {"uv": [12, 14.75], "uv_size": [1, -2.75]}
							}
						},
						{
							"origin": [-1.05907, 10.52619, 6.85085],
							"size": [2.11813, 1.28578, 3.17748],
							"inflate": -0.0002,
							"pivot": [0, 11.16908, 8.43959],
							"rotation": [-25, 0, 0],
							"uv": {
								"north": {"uv": [3, 23], "uv_size": [1, 0.5]},
								"east": {"uv": [21, 3], "uv_size": [1.25, 0.5]},
								"south": {"uv": [23, 3], "uv_size": [1, 0.5]},
								"west": {"uv": [21, 4], "uv_size": [1.25, 0.5]},
								"up": {"uv": [2, 18], "uv_size": [1, 1.25]},
								"down": {"uv": [4, 19.25], "uv_size": [1, -1.25]}
							}
						},
						{
							"origin": [-1.05935, 10.50126, 13.7059],
							"size": [2.1187, 0.60534, 7.86945],
							"uv": {
								"north": {"uv": [11, 24], "uv_size": [1, 0.25]},
								"east": {"uv": [15, 19], "uv_size": [3.25, 0.25]},
								"south": {"uv": [24, 11], "uv_size": [1, 0.25]},
								"west": {"uv": [19, 15], "uv_size": [3.25, 0.25]},
								"up": {"uv": [11, 0], "uv_size": [1, 3.25]},
								"down": {"uv": [11, 7.25], "uv_size": [1, -3.25]}
							}
						},
						{
							"origin": [-1.05935, 1.57245, 21.12134],
							"size": [2.1187, 8.9288, 0.45401],
							"uv": {
								"north": {"uv": [4, 9], "uv_size": [1, 3.75]},
								"east": {"uv": [9, 19], "uv_size": [0.25, 3.75]},
								"south": {"uv": [5, 9], "uv_size": [1, 3.75]},
								"west": {"uv": [10, 19], "uv_size": [0.25, 3.75]},
								"up": {"uv": [16, 24], "uv_size": [1, 0.25]},
								"down": {"uv": [24, 16.25], "uv_size": [1, -0.25]}
							}
						},
						{
							"origin": [0, 5.58285, 19.30531],
							"size": [0, 3.78339, 1.81603],
							"uv": {
								"north": {"uv": [0, 0], "uv_size": [0, 1.5]},
								"east": {"uv": [5, 18], "uv_size": [0.75, 1.5]},
								"south": {"uv": [0, 0], "uv_size": [0, 1.5]},
								"west": {"uv": [8, 18], "uv_size": [0.75, 1.5]},
								"up": {"uv": [0, 0], "uv_size": [0, 0.75]},
								"down": {"uv": [0, 0.75], "uv_size": [0, -0.75]}
							}
						},
						{
							"origin": [-0.98368, 1.64812, 21.57535],
							"size": [1.96736, 9.38281, 1.13502],
							"uv": {
								"north": {"uv": [6, 11], "uv_size": [0.75, 4]},
								"east": {"uv": [3, 15], "uv_size": [0.5, 4]},
								"south": {"uv": [11, 10], "uv_size": [0.75, 4]},
								"west": {"uv": [9, 15], "uv_size": [0.5, 4]},
								"up": {"uv": [23, 11], "uv_size": [0.75, 0.5]},
								"down": {"uv": [12, 23.5], "uv_size": [0.75, -0.5]}
							}
						}
					]
				},
				{
					"name": "bone5",
					"parent": "lod",
					"pivot": [0, -11.59375, -1.125],
					"cubes": [
						{
							"origin": [-0.75668, 11.40927, -12.32384],
							"size": [1.58902, 0.83235, 13.62021],
							"uv": {
								"north": {"uv": [25, 14], "uv_size": [0.75, 0.25]},
								"east": {"uv": [16, 2], "uv_size": [5.75, 0.25]},
								"south": {"uv": [15, 25], "uv_size": [0.75, 0.25]},
								"west": {"uv": [16, 10], "uv_size": [5.75, 0.25]},
								"up": {"uv": [8, 7], "uv_size": [0.75, 5.75]},
								"down": {"uv": [2, 14.75], "uv_size": [0.75, -5.75]}
							}
						}
					]
				},
				{
					"name": "bone6",
					"parent": "lod",
					"pivot": [0, -11.59375, -1.125],
					"cubes": [
						{
							"origin": [-0.52967, 9.29057, -24.12802],
							"size": [1.05935, 1.05935, 2.95105],
							"pivot": [0, 9.82025, -23.59835],
							"rotation": [0, 0, -45],
							"uv": {
								"north": {"uv": [22, 24], "uv_size": [0.5, 0.5]},
								"east": {"uv": [21, 5], "uv_size": [1.25, 0.5]},
								"south": {"uv": [24, 22], "uv_size": [0.5, 0.5]},
								"west": {"uv": [6, 21], "uv_size": [1.25, 0.5]},
								"up": {"uv": [21, 6], "uv_size": [0.5, 1.25]},
								"down": {"uv": [8, 22.25], "uv_size": [0.5, -1.25]}
							}
						},
						{
							"origin": [-0.07567, 11.1066, -21.70665],
							"size": [0.30267, 0.30267, 0.83235],
							"pivot": [0, 11.18227, -23.29567],
							"rotation": [0, 0, -45],
							"uv": {
								"north": {"uv": [11, 26], "uv_size": [0.25, 0.25]},
								"east": {"uv": [26, 11], "uv_size": [0.25, 0.25]},
								"south": {"uv": [12, 26], "uv_size": [0.25, 0.25]},
								"west": {"uv": [26, 12], "uv_size": [0.25, 0.25]},
								"up": {"uv": [13, 26], "uv_size": [0.25, 0.25]},
								"down": {"uv": [26, 13.25], "uv_size": [0.25, -0.25]}
							}
						}
					]
				},
				{
					"name": "bone7",
					"parent": "lod",
					"pivot": [0, -11.59375, -1.125],
					"cubes": [
						{
							"origin": [-1.05935, 3.69115, -6.42175],
							"size": [2.1187, 1.96736, 4.16173],
							"uv": {
								"north": {"uv": [17, 20], "uv_size": [1, 0.75]},
								"east": {"uv": [17, 3], "uv_size": [1.75, 0.75]},
								"south": {"uv": [20, 17], "uv_size": [1, 0.75]},
								"west": {"uv": [17, 4], "uv_size": [1.75, 0.75]},
								"up": {"uv": [0, 16], "uv_size": [1, 1.75]},
								"down": {"uv": [16, 1.75], "uv_size": [1, -1.75]}
							}
						},
						{
							"origin": [-1.05935, -2.79659, -6.58533],
							"size": [2.1187, 6.96144, 4.16173],
							"pivot": [0, 3.18117, -4.50447],
							"rotation": [-12.5, 0, 0],
							"uv": {
								"north": {"uv": [12, 0], "uv_size": [1, 3]},
								"east": {"uv": [2, 6], "uv_size": [1.75, 3]},
								"south": {"uv": [12, 3], "uv_size": [1, 3]},
								"west": {"uv": [4, 6], "uv_size": [1.75, 3]},
								"up": {"uv": [1, 16], "uv_size": [1, 1.75]},
								"down": {"uv": [4, 17.75], "uv_size": [1, -1.75]}
							}
						}
					]
				}
			]
		}
	]
}