{
	"format_version": "1.12.0",
	"minecraft:geometry": [
		{
			"description": {
				"identifier": "geometry.unknown",
				"texture_width": 16,
				"texture_height": 16,
				"visible_bounds_width": 9,
				"visible_bounds_height": 1.5,
				"visible_bounds_offset": [0, 0.25, 0]
			},
			"bones": [
				{
					"name": "sight",
					"pivot": [0, 0, 0.21875],
					"cubes": [
						{
							"origin": [-2.63575, -0.531, 0.28],
							"size": [0.125, 0.281, 0.24975],
							"pivot": [0.06825, -5.883, -3.20525],
							"rotation": [0, 0, 22.5],
							"uv": {
								"north": {"uv": [2, 1], "uv_size": [0.25, 0.25]},
								"east": {"uv": [2, 2], "uv_size": [0.25, 0.25]},
								"south": {"uv": [0, 3], "uv_size": [0.25, 0.25]},
								"west": {"uv": [3, 0], "uv_size": [0.25, 0.25]},
								"up": {"uv": [3, 0], "uv_size": [0.25, 0.25]},
								"down": {"uv": [3, 0.25], "uv_size": [0.25, -0.25]}
							}
						},
						{
							"origin": [0.53525, -0.001, 0.28],
							"size": [0.125, 0.281, 0.24975],
							"pivot": [0.28425, -0.618, -0.17225],
							"rotation": [0, 0, -22.5],
							"uv": {
								"north": {"uv": [1, 3], "uv_size": [0.25, 0.25]},
								"east": {"uv": [3, 0], "uv_size": [0.25, 0.25]},
								"south": {"uv": [3, 1], "uv_size": [0.25, 0.25]},
								"west": {"uv": [2, 3], "uv_size": [0.25, 0.25]},
								"up": {"uv": [3, 2], "uv_size": [0.25, 0.25]},
								"down": {"uv": [3, 0.25], "uv_size": [0.25, -0.25]}
							}
						},
						{
							"origin": [0.12425, 0.106, 0.28],
							"size": [0.164, 0.25, 0.24975],
							"uv": {
								"north": {"uv": [3, 3], "uv_size": [0.25, 0.25]},
								"east": {"uv": [0, 4], "uv_size": [0.25, 0.25]},
								"south": {"uv": [4, 0], "uv_size": [0.25, 0.25]},
								"west": {"uv": [3, 0], "uv_size": [0.25, 0.25]},
								"up": {"uv": [1, 4], "uv_size": [0.25, 0.25]},
								"down": {"uv": [3, 0.25], "uv_size": [0.25, -0.25]}
							}
						},
						{
							"origin": [-0.11075, 0.075, 0.28],
							"size": [0.234, 0.164, 0.24975],
							"uv": {
								"north": {"uv": [4, 1], "uv_size": [0.25, 0.25]},
								"east": {"uv": [3, 0], "uv_size": [0.25, 0.25]},
								"south": {"uv": [2, 4], "uv_size": [0.25, 0.25]},
								"west": {"uv": [3, 0], "uv_size": [0.25, 0.25]},
								"up": {"uv": [4, 2], "uv_size": [0.25, 0.25]},
								"down": {"uv": [3, 0.25], "uv_size": [0.25, -0.25]}
							}
						},
						{
							"origin": [-0.27475, 0.106, 0.28],
							"size": [0.164, 0.25, 0.24975],
							"uv": {
								"north": {"uv": [3, 4], "uv_size": [0.25, 0.25]},
								"east": {"uv": [3, 0], "uv_size": [0.25, 0.25]},
								"south": {"uv": [4, 3], "uv_size": [0.25, 0.25]},
								"west": {"uv": [4, 4], "uv_size": [0.25, 0.25]},
								"up": {"uv": [0, 5], "uv_size": [0.25, 0.25]},
								"down": {"uv": [3, 0.25], "uv_size": [0.25, -0.25]}
							}
						},
						{
							"origin": [-0.08675, 0.137, -7.908],
							"size": [0.188, 0.219, 0.281],
							"uv": {
								"north": {"uv": [3, 0], "uv_size": [0.25, 0.25]},
								"east": {"uv": [5, 0], "uv_size": [0.25, 0.25]},
								"south": {"uv": [1, 5], "uv_size": [0.25, 0.25]},
								"west": {"uv": [5, 1], "uv_size": [0.25, 0.25]},
								"up": {"uv": [2, 5], "uv_size": [0.25, 0.25]},
								"down": {"uv": [3, 0.25], "uv_size": [0.25, -0.25]}
							}
						},
						{
							"origin": [-0.08675, 1.423, -2.563],
							"size": [0.188, 0.187, 0.344],
							"pivot": [0.06825, -5.883, -3.549],
							"rotation": [45, 0, 0],
							"uv": {
								"north": {"uv": [5, 2], "uv_size": [0.25, 0.25]},
								"east": {"uv": [3, 5], "uv_size": [0.25, 0.25]},
								"south": {"uv": [3, 0], "uv_size": [0.25, 0.25]},
								"west": {"uv": [5, 3], "uv_size": [0.25, 0.25]},
								"up": {"uv": [4, 5], "uv_size": [0.25, 0.25]},
								"down": {"uv": [5, 4.25], "uv_size": [0.25, -0.25]}
							}
						},
						{
							"origin": [3.75525, -1.376, 0.28],
							"size": [0.133, 0.125, 0.25],
							"pivot": [0.00625, -5.883, -3.674],
							"rotation": [0, 0, -45],
							"uv": {
								"north": {"uv": [5, 5], "uv_size": [0.25, 0.25]},
								"east": {"uv": [0, 6], "uv_size": [0.25, 0.25]},
								"south": {"uv": [6, 0], "uv_size": [0.25, 0.25]},
								"west": {"uv": [1, 6], "uv_size": [0.25, 0.25]},
								"up": {"uv": [6, 1], "uv_size": [0.25, 0.25]},
								"down": {"uv": [2, 6.25], "uv_size": [0.25, -0.25]}
							}
						},
						{
							"origin": [-3.83775, -1.463, 0.2795],
							"size": [0.133, 0.125, 0.2495],
							"pivot": [0.13125, -5.883, -3.674],
							"rotation": [0, 0, 45],
							"uv": {
								"north": {"uv": [6, 2], "uv_size": [0.25, 0.25]},
								"east": {"uv": [3, 6], "uv_size": [0.25, 0.25]},
								"south": {"uv": [6, 3], "uv_size": [0.25, 0.25]},
								"west": {"uv": [4, 6], "uv_size": [0.25, 0.25]},
								"up": {"uv": [6, 4], "uv_size": [0.25, 0.25]},
								"down": {"uv": [5, 6.25], "uv_size": [0.25, -0.25]}
							}
						},
						{
							"origin": [-0.52475, 0.043, 0.2795],
							"size": [1.062, 0.094, 0.2505],
							"uv": {
								"north": {"uv": [0, 0], "uv_size": [1, 0.25]},
								"east": {"uv": [6, 5], "uv_size": [0.25, 0.25]},
								"south": {"uv": [0, 1], "uv_size": [1, 0.25]},
								"west": {"uv": [6, 6], "uv_size": [0.25, 0.25]},
								"up": {"uv": [1, 0], "uv_size": [1, 0.25]},
								"down": {"uv": [1, 1.25], "uv_size": [1, -0.25]}
							}
						},
						{
							"origin": [0.41087, -1.76276, -8.19946],
							"size": [0.1875, 0.1875, 0.10987],
							"inflate": 0.001,
							"pivot": [0.94187, -1.42656, -7.45702],
							"rotation": [0, 0, 45],
							"uv": {
								"north": {"uv": [0, 8], "uv_size": [0.25, 0.25]},
								"east": {"uv": [8, 0], "uv_size": [0.25, 0.25]},
								"south": {"uv": [1, 8], "uv_size": [0.25, 0.25]},
								"west": {"uv": [8, 1], "uv_size": [0.25, 0.25]},
								"up": {"uv": [2, 8], "uv_size": [0.25, 0.25]},
								"down": {"uv": [8, 2.25], "uv_size": [0.25, -0.25]}
							}
						}
					]
				},
				{
					"name": "sight_illuminated",
					"parent": "sight",
					"pivot": [0.85625, 12, 8.688],
					"cubes": [
						{
							"origin": [0.54025, -0.009, -7.712],
							"size": [0.094, 0.094, 0.094],
							"pivot": [0.00725, -0.543, -8.227],
							"rotation": [0, 0, -45],
							"uv": {
								"north": {"uv": [3, 0], "uv_size": [0.25, 0.25]},
								"east": {"uv": [0, 7], "uv_size": [0.25, 0.25]},
								"south": {"uv": [7, 0], "uv_size": [0.25, 0.25]},
								"west": {"uv": [1, 7], "uv_size": [0.25, 0.25]},
								"up": {"uv": [7, 1], "uv_size": [0.25, 0.25]},
								"down": {"uv": [2, 7.25], "uv_size": [0.25, -0.25]}
							}
						},
						{
							"origin": [0.13225, 0.231, 0.44375],
							"size": [0.078, 0.094, 0.094],
							"uv": {
								"north": {"uv": [3, 0], "uv_size": [0.25, 0.25]},
								"east": {"uv": [7, 2], "uv_size": [0.25, 0.25]},
								"south": {"uv": [3, 7], "uv_size": [0.25, 0.25]},
								"west": {"uv": [7, 3], "uv_size": [0.25, 0.25]},
								"up": {"uv": [4, 7], "uv_size": [0.25, 0.25]},
								"down": {"uv": [3, 0.25], "uv_size": [0.25, -0.25]}
							}
						},
						{
							"origin": [-0.19675, 0.168, 0.44375],
							"size": [0.406, 0.062, 0.094],
							"uv": {
								"north": {"uv": [3, 0], "uv_size": [0.25, 0.25]},
								"east": {"uv": [7, 4], "uv_size": [0.25, 0.25]},
								"south": {"uv": [0, 2], "uv_size": [0.5, 0.25]},
								"west": {"uv": [5, 7], "uv_size": [0.25, 0.25]},
								"up": {"uv": [2, 0], "uv_size": [0.5, 0.25]},
								"down": {"uv": [1, 2.25], "uv_size": [0.5, -0.25]}
							}
						},
						{
							"origin": [-0.19675, 0.231, 0.44375],
							"size": [0.078, 0.094, 0.094],
							"uv": {
								"north": {"uv": [3, 0], "uv_size": [0.25, 0.25]},
								"east": {"uv": [7, 5], "uv_size": [0.25, 0.25]},
								"south": {"uv": [6, 7], "uv_size": [0.25, 0.25]},
								"west": {"uv": [7, 6], "uv_size": [0.25, 0.25]},
								"up": {"uv": [7, 7], "uv_size": [0.25, 0.25]},
								"down": {"uv": [3, 0.25], "uv_size": [0.25, -0.25]}
							}
						}
					]
				},
				{
					"name": "views",
					"pivot": [0, 0, 0]
				},
				{
					"name": "scope_view_2",
					"parent": "views",
					"pivot": [0, 0.325, 7.75]
				},
				{
					"name": "scope_view",
					"parent": "views",
					"pivot": [-2.53229, -0.26281, 10.0625],
					"rotation": [1.00122, 0.00244, -45.06975]
				},
				{
					"name": "laser_beam",
					"pivot": [0.46876, -1.26562, -8.20312]
				}
			]
		}
	]
}