{
	"format_version": "1.12.0",
	"minecraft:geometry": [
		{
			"description": {
				"identifier": "geometry.unknown",
				"texture_width": 64,
				"texture_height": 64,
				"visible_bounds_width": 3,
				"visible_bounds_height": 2.5,
				"visible_bounds_offset": [0, 0.75, 0]
			},
			"bones": [
				{
					"name": "hera_cqr",
					"pivot": [0, 0, 0.075],
					"cubes": [
						{
							"origin": [1.19706, -0.87426, -2.25],
							"size": [0.35355, 0.25, 3.3],
							"pivot": [2.09706, -2.37426, -2.95],
							"rotation": [0, 0, -45],
							"uv": {
								"north": {"uv": [38, 30], "uv_size": [0.5, 0.5]},
								"east": {"uv": [13, 29], "uv_size": [3.5, 0.5]},
								"south": {"uv": [31, 38], "uv_size": [0.5, 0.5]},
								"west": {"uv": [18, 29], "uv_size": [3.5, 0.5]},
								"up": {"uv": [29, 18], "uv_size": [0.5, 3.5]},
								"down": {"uv": [22, 32.5], "uv_size": [0.5, -3.5]}
							}
						},
						{
							"origin": [1.17206, -0.87426, -2.95],
							"size": [0.35355, 0.25, 3.3],
							"pivot": [2.07206, -2.37426, -3.65],
							"rotation": [0, 0, -45],
							"uv": {
								"north": {"uv": [38, 31], "uv_size": [0.5, 0.5]},
								"east": {"uv": [29, 24], "uv_size": [3.5, 0.5]},
								"south": {"uv": [32, 38], "uv_size": [0.5, 0.5]},
								"west": {"uv": [29, 25], "uv_size": [3.5, 0.5]},
								"up": {"uv": [23, 29], "uv_size": [0.5, 3.5]},
								"down": {"uv": [24, 32.5], "uv_size": [0.5, -3.5]}
							}
						},
						{
							"origin": [-0.4, -1.95, -2.25],
							"size": [0.8, 0.25, 3.3],
							"uv": {
								"north": {"uv": [2, 37], "uv_size": [1, 0.5]},
								"east": {"uv": [29, 26], "uv_size": [3.5, 0.5]},
								"south": {"uv": [37, 2], "uv_size": [1, 0.5]},
								"west": {"uv": [27, 29], "uv_size": [3.5, 0.5]},
								"up": {"uv": [8, 18], "uv_size": [1, 3.5]},
								"down": {"uv": [20, 26.5], "uv_size": [1, -3.5]}
							}
						},
						{
							"origin": [-0.375, -1.95, -2.95],
							"size": [0.75, 0.25, 0.7],
							"uv": {
								"north": {"uv": [37, 3], "uv_size": [1, 0.5]},
								"east": {"uv": [38, 32], "uv_size": [0.5, 0.5]},
								"south": {"uv": [37, 4], "uv_size": [1, 0.5]},
								"west": {"uv": [33, 38], "uv_size": [0.5, 0.5]},
								"up": {"uv": [5, 37], "uv_size": [1, 0.5]},
								"down": {"uv": [37, 5.5], "uv_size": [1, -0.5]}
							}
						},
						{
							"origin": [-1.8435, -1.58137, -2.25],
							"size": [0.35355, 0.25, 3.3],
							"pivot": [-1.38995, -3.08137, -2.95],
							"rotation": [0, 0, 45],
							"uv": {
								"north": {"uv": [38, 33], "uv_size": [0.5, 0.5]},
								"east": {"uv": [29, 27], "uv_size": [3.5, 0.5]},
								"south": {"uv": [34, 38], "uv_size": [0.5, 0.5]},
								"west": {"uv": [29, 28], "uv_size": [3.5, 0.5]},
								"up": {"uv": [4, 30], "uv_size": [0.5, 3.5]},
								"down": {"uv": [30, 7.5], "uv_size": [0.5, -3.5]}
							}
						},
						{
							"origin": [-1.8185, -1.58137, -2.95],
							"size": [0.35355, 0.25, 3.3],
							"pivot": [-1.36495, -3.08137, -3.65],
							"rotation": [0, 0, 45],
							"uv": {
								"north": {"uv": [38, 34], "uv_size": [0.5, 0.5]},
								"east": {"uv": [13, 30], "uv_size": [3.5, 0.5]},
								"south": {"uv": [35, 38], "uv_size": [0.5, 0.5]},
								"west": {"uv": [17, 30], "uv_size": [3.5, 0.5]},
								"up": {"uv": [5, 30], "uv_size": [0.5, 3.5]},
								"down": {"uv": [8, 33.5], "uv_size": [0.5, -3.5]}
							}
						},
						{
							"origin": [0.13821, -2.38702, -3.869],
							"size": [0.35355, 0.25, 1],
							"pivot": [-0.025, -1.98454, -3.369],
							"rotation": [18.2489, 17.38772, -42.18626],
							"uv": {
								"north": {"uv": [38, 35], "uv_size": [0.5, 0.5]},
								"east": {"uv": [6, 37], "uv_size": [1, 0.5]},
								"south": {"uv": [36, 38], "uv_size": [0.5, 0.5]},
								"west": {"uv": [7, 37], "uv_size": [1, 0.5]},
								"up": {"uv": [8, 37], "uv_size": [0.5, 1]},
								"down": {"uv": [37, 9], "uv_size": [0.5, -1]}
							}
						},
						{
							"origin": [-0.375, -2.15373, -3.869],
							"size": [0.75, 0.25, 1],
							"pivot": [0, -1.98454, -3.369],
							"rotation": [25, 0, 0],
							"uv": {
								"north": {"uv": [9, 37], "uv_size": [1, 0.5]},
								"east": {"uv": [37, 9], "uv_size": [1, 0.5]},
								"south": {"uv": [10, 37], "uv_size": [1, 0.5]},
								"west": {"uv": [37, 10], "uv_size": [1, 0.5]},
								"up": {"uv": [32, 19], "uv_size": [1, 1]},
								"down": {"uv": [32, 32], "uv_size": [1, -1]}
							}
						},
						{
							"origin": [-0.49175, -2.38703, -3.869],
							"size": [0.35355, 0.25, 1],
							"pivot": [0.025, -1.98454, -3.369],
							"rotation": [18.2489, -17.38772, 42.18626],
							"uv": {
								"north": {"uv": [38, 36], "uv_size": [0.5, 0.5]},
								"east": {"uv": [11, 37], "uv_size": [1, 0.5]},
								"south": {"uv": [37, 38], "uv_size": [0.5, 0.5]},
								"west": {"uv": [37, 11], "uv_size": [1, 0.5]},
								"up": {"uv": [12, 37], "uv_size": [0.5, 1]},
								"down": {"uv": [37, 13], "uv_size": [0.5, -1]}
							}
						},
						{
							"origin": [-0.49175, -2.96006, -4.6158],
							"size": [0.35355, 0.25, 1],
							"pivot": [0.025, -2.55758, -4.1158],
							"rotation": [40.12074, -32.79775, 32.73241],
							"uv": {
								"north": {"uv": [38, 37], "uv_size": [0.5, 0.5]},
								"east": {"uv": [37, 13], "uv_size": [1, 0.5]},
								"south": {"uv": [38, 38], "uv_size": [0.5, 0.5]},
								"west": {"uv": [14, 37], "uv_size": [1, 0.5]},
								"up": {"uv": [15, 37], "uv_size": [0.5, 1]},
								"down": {"uv": [37, 16], "uv_size": [0.5, -1]}
							}
						},
						{
							"origin": [-0.375, -2.72677, -4.6158],
							"size": [0.75, 0.25, 1],
							"pivot": [0, -2.55758, -4.1158],
							"rotation": [50, 0, 0],
							"uv": {
								"north": {"uv": [16, 37], "uv_size": [1, 0.5]},
								"east": {"uv": [37, 16], "uv_size": [1, 0.5]},
								"south": {"uv": [17, 37], "uv_size": [1, 0.5]},
								"west": {"uv": [37, 17], "uv_size": [1, 0.5]},
								"up": {"uv": [32, 32], "uv_size": [1, 1]},
								"down": {"uv": [33, 1], "uv_size": [1, -1]}
							}
						},
						{
							"origin": [0.13821, -2.96006, -4.6158],
							"size": [0.35355, 0.25, 1],
							"pivot": [-0.025, -2.55758, -4.1158],
							"rotation": [40.12074, 32.79775, -32.73241],
							"uv": {
								"north": {"uv": [0, 39], "uv_size": [0.5, 0.5]},
								"east": {"uv": [18, 37], "uv_size": [1, 0.5]},
								"south": {"uv": [39, 0], "uv_size": [0.5, 0.5]},
								"west": {"uv": [37, 18], "uv_size": [1, 0.5]},
								"up": {"uv": [19, 37], "uv_size": [0.5, 1]},
								"down": {"uv": [37, 20], "uv_size": [0.5, -1]}
							}
						},
						{
							"origin": [0.32323, -2.51701, -4.81312],
							"size": [0.25355, 0.25, 1],
							"pivot": [0.5, -2.39201, -4.31312],
							"rotation": [0, 50, -90],
							"uv": {
								"north": {"uv": [1, 39], "uv_size": [0.5, 0.5]},
								"east": {"uv": [20, 37], "uv_size": [1, 0.5]},
								"south": {"uv": [39, 1], "uv_size": [0.5, 0.5]},
								"west": {"uv": [37, 20], "uv_size": [1, 0.5]},
								"up": {"uv": [21, 37], "uv_size": [0.5, 1]},
								"down": {"uv": [37, 22], "uv_size": [0.5, -1]}
							}
						},
						{
							"origin": [0.32323, -1.87609, -4.08502],
							"size": [0.22979, 0.25, 1.25715],
							"pivot": [0.5, -1.75109, -3.47786],
							"rotation": [0, 25, -90],
							"uv": {
								"north": {"uv": [2, 39], "uv_size": [0.5, 0.5]},
								"east": {"uv": [34, 7], "uv_size": [1.5, 0.5]},
								"south": {"uv": [39, 2], "uv_size": [0.5, 0.5]},
								"west": {"uv": [11, 34], "uv_size": [1.5, 0.5]},
								"up": {"uv": [8, 34], "uv_size": [0.5, 1.5]},
								"down": {"uv": [34, 12.5], "uv_size": [0.5, -1.5]}
							}
						},
						{
							"origin": [-0.67677, -2.51701, -4.81312],
							"size": [0.25355, 0.25, 1],
							"pivot": [-0.5, -2.39201, -4.31312],
							"rotation": [0, 50, -90],
							"uv": {
								"north": {"uv": [3, 39], "uv_size": [0.5, 0.5]},
								"east": {"uv": [22, 37], "uv_size": [1, 0.5]},
								"south": {"uv": [39, 3], "uv_size": [0.5, 0.5]},
								"west": {"uv": [23, 37], "uv_size": [1, 0.5]},
								"up": {"uv": [24, 37], "uv_size": [0.5, 1]},
								"down": {"uv": [25, 38], "uv_size": [0.5, -1]}
							}
						},
						{
							"origin": [-0.67677, -1.8761, -4.08501],
							"size": [0.22979, 0.25, 1.25715],
							"pivot": [-0.5, -1.7511, -3.47786],
							"rotation": [0, 25, -90],
							"uv": {
								"north": {"uv": [4, 39], "uv_size": [0.5, 0.5]},
								"east": {"uv": [13, 34], "uv_size": [1.5, 0.5]},
								"south": {"uv": [39, 4], "uv_size": [0.5, 0.5]},
								"west": {"uv": [34, 14], "uv_size": [1.5, 0.5]},
								"up": {"uv": [15, 34], "uv_size": [0.5, 1.5]},
								"down": {"uv": [34, 16.5], "uv_size": [0.5, -1.5]}
							}
						},
						{
							"origin": [1.19706, -5.54926, -2.95],
							"size": [0.35355, 0.25, 2],
							"pivot": [2.09706, -7.04926, -2.95],
							"rotation": [0, 0, -45],
							"uv": {
								"north": {"uv": [5, 39], "uv_size": [0.5, 0.5]},
								"east": {"uv": [33, 1], "uv_size": [2, 0.5]},
								"south": {"uv": [39, 5], "uv_size": [0.5, 0.5]},
								"west": {"uv": [33, 2], "uv_size": [2, 0.5]},
								"up": {"uv": [33, 4], "uv_size": [0.5, 2]},
								"down": {"uv": [33, 8], "uv_size": [0.5, -2]}
							}
						},
						{
							"origin": [-1.8435, -6.25637, -2.95],
							"size": [0.35355, 0.25, 2],
							"pivot": [-1.38995, -7.75637, -2.95],
							"rotation": [0, 0, 45],
							"uv": {
								"north": {"uv": [6, 39], "uv_size": [0.5, 0.5]},
								"east": {"uv": [33, 10], "uv_size": [2, 0.5]},
								"south": {"uv": [39, 6], "uv_size": [0.5, 0.5]},
								"west": {"uv": [11, 33], "uv_size": [2, 0.5]},
								"up": {"uv": [33, 11], "uv_size": [0.5, 2]},
								"down": {"uv": [33, 19], "uv_size": [0.5, -2]}
							}
						},
						{
							"origin": [-0.4, -6.625, -2.95],
							"size": [0.8, 0.25, 2.025],
							"uv": {
								"north": {"uv": [37, 26], "uv_size": [1, 0.5]},
								"east": {"uv": [33, 13], "uv_size": [2, 0.5]},
								"south": {"uv": [28, 37], "uv_size": [1, 0.5]},
								"west": {"uv": [33, 19], "uv_size": [2, 0.5]},
								"up": {"uv": [24, 27], "uv_size": [1, 2]},
								"down": {"uv": [27, 26], "uv_size": [1, -2]}
							}
						},
						{
							"origin": [-0.625, -1.7, -2.95],
							"size": [1.25, 0.8, 0.75],
							"uv": {
								"north": {"uv": [30, 22], "uv_size": [1.5, 1]},
								"east": {"uv": [18, 33], "uv_size": [1, 1]},
								"south": {"uv": [30, 23], "uv_size": [1.5, 1]},
								"west": {"uv": [22, 33], "uv_size": [1, 1]},
								"up": {"uv": [31, 4], "uv_size": [1.5, 1]},
								"down": {"uv": [31, 6], "uv_size": [1.5, -1]}
							}
						},
						{
							"origin": [0.46893, -1.7, -2.325],
							"size": [0.15, 0.8, 0.15],
							"pivot": [0.54393, -1.3, -2.25],
							"rotation": [0, -45, 0],
							"uv": {
								"north": {"uv": [37, 28], "uv_size": [0.5, 1]},
								"east": {"uv": [29, 37], "uv_size": [0.5, 1]},
								"south": {"uv": [37, 29], "uv_size": [0.5, 1]},
								"west": {"uv": [32, 37], "uv_size": [0.5, 1]},
								"up": {"uv": [7, 39], "uv_size": [0.5, 0.5]},
								"down": {"uv": [39, 7.5], "uv_size": [0.5, -0.5]}
							}
						},
						{
							"origin": [-0.61893, -1.7, -2.325],
							"size": [0.15, 0.8, 0.15],
							"pivot": [-0.54393, -1.3, -2.25],
							"rotation": [0, -45, 0],
							"uv": {
								"north": {"uv": [37, 32], "uv_size": [0.5, 1]},
								"east": {"uv": [33, 37], "uv_size": [0.5, 1]},
								"south": {"uv": [37, 33], "uv_size": [0.5, 1]},
								"west": {"uv": [34, 37], "uv_size": [0.5, 1]},
								"up": {"uv": [8, 39], "uv_size": [0.5, 0.5]},
								"down": {"uv": [39, 8.5], "uv_size": [0.5, -0.5]}
							}
						},
						{
							"origin": [-0.65, -1.7, -2.25],
							"size": [1.3, 0.8, 3.55],
							"uv": {
								"north": {"uv": [6, 31], "uv_size": [1.5, 1]},
								"east": {"uv": [21, 23], "uv_size": [3.5, 1]},
								"south": {"uv": [31, 6], "uv_size": [1.5, 1]},
								"west": {"uv": [23, 21], "uv_size": [3.5, 1]},
								"up": {"uv": [6, 18], "uv_size": [1.5, 3.5]},
								"down": {"uv": [19, 13.5], "uv_size": [1.5, -3.5]}
							}
						},
						{
							"origin": [-0.66064, -1.41758, -1.69436],
							"size": [1.3213, 0.25, 0.1],
							"pivot": [0.00001, -1.40767, -1.83319],
							"rotation": [-45, 0, 0],
							"uv": {
								"north": {"uv": [16, 34], "uv_size": [1.5, 0.5]},
								"east": {"uv": [9, 39], "uv_size": [0.5, 0.5]},
								"south": {"uv": [34, 17], "uv_size": [1.5, 0.5]},
								"west": {"uv": [39, 9], "uv_size": [0.5, 0.5]}
							}
						},
						{
							"origin": [-0.6596, -1.40678, -1.59454],
							"size": [1.3193, 0.25, 0.1],
							"uv": {
								"north": {"uv": [18, 34], "uv_size": [1.5, 0.5]},
								"east": {"uv": [10, 39], "uv_size": [0.5, 0.5]},
								"south": {"uv": [34, 18], "uv_size": [1.5, 0.5]},
								"west": {"uv": [39, 10], "uv_size": [0.5, 0.5]}
							}
						},
						{
							"origin": [-0.66064, -1.20589, -1.79543],
							"size": [1.3213, 0.1, 0.25],
							"pivot": [0.00001, -1.19276, -1.58142],
							"rotation": [-45, 0, 0],
							"uv": {
								"east": {"uv": [11, 39], "uv_size": [0.5, 0.5]},
								"west": {"uv": [39, 11], "uv_size": [0.5, 0.5]},
								"up": {"uv": [20, 34], "uv_size": [1.5, 0.5]},
								"down": {"uv": [34, 20.5], "uv_size": [1.5, -0.5]}
							}
						},
						{
							"origin": [-0.66064, -0.01245, 1.8],
							"size": [1.3213, 0.3, 0.3],
							"pivot": [0.00001, -1.38745, 3.425],
							"rotation": [45, 0, 0],
							"uv": {
								"north": {"uv": [34, 21], "uv_size": [1.5, 0.5]},
								"east": {"uv": [12, 39], "uv_size": [0.5, 0.5]},
								"south": {"uv": [22, 34], "uv_size": [1.5, 0.5]},
								"west": {"uv": [39, 12], "uv_size": [0.5, 0.5]},
								"up": {"uv": [24, 34], "uv_size": [1.5, 0.5]},
								"down": {"uv": [26, 34.5], "uv_size": [1.5, -0.5]}
							}
						},
						{
							"origin": [0.68936, -1.01245, 5.625],
							"size": [0.1463, 0.3, 0.3],
							"pivot": [0.17501, -2.38745, 7.25],
							"rotation": [45, 0, 0],
							"uv": {
								"north": {"uv": [34, 21], "uv_size": [1.5, 0.5]},
								"east": {"uv": [12, 39], "uv_size": [0.5, 0.5]},
								"south": {"uv": [22, 34], "uv_size": [1.5, 0.5]},
								"west": {"uv": [13, 39], "uv_size": [0.5, 0.5]},
								"up": {"uv": [24, 34], "uv_size": [1.5, 0.5]},
								"down": {"uv": [26, 34.5], "uv_size": [1.5, -0.5]}
							}
						},
						{
							"origin": [0.68936, -2.01245, 5.625],
							"size": [0.1463, 0.3, 0.3],
							"pivot": [0.17501, -3.38745, 7.25],
							"rotation": [45, 0, 0],
							"uv": {
								"north": {"uv": [34, 21], "uv_size": [1.5, 0.5]},
								"east": {"uv": [12, 39], "uv_size": [0.5, 0.5]},
								"south": {"uv": [22, 34], "uv_size": [1.5, 0.5]},
								"west": {"uv": [39, 13], "uv_size": [0.5, 0.5]},
								"up": {"uv": [24, 34], "uv_size": [1.5, 0.5]},
								"down": {"uv": [26, 34.5], "uv_size": [1.5, -0.5]}
							}
						},
						{
							"origin": [-0.66064, -2.91245, 1.1],
							"size": [1.3213, 0.3, 0.3],
							"pivot": [0.00001, -4.28745, 2.725],
							"rotation": [45, 0, 0],
							"uv": {
								"north": {"uv": [34, 27], "uv_size": [1.5, 0.5]},
								"east": {"uv": [14, 39], "uv_size": [0.5, 0.5]},
								"south": {"uv": [28, 34], "uv_size": [1.5, 0.5]},
								"west": {"uv": [39, 14], "uv_size": [0.5, 0.5]},
								"up": {"uv": [34, 28], "uv_size": [1.5, 0.5]},
								"down": {"uv": [34, 29.5], "uv_size": [1.5, -0.5]}
							}
						},
						{
							"origin": [-0.66064, -4.31245, -0.7],
							"size": [1.3213, 0.3, 0.3],
							"pivot": [0.00001, -5.68745, 0.925],
							"rotation": [45, 0, 0],
							"uv": {
								"north": {"uv": [30, 34], "uv_size": [1.5, 0.5]},
								"east": {"uv": [15, 39], "uv_size": [0.5, 0.5]},
								"south": {"uv": [34, 30], "uv_size": [1.5, 0.5]},
								"west": {"uv": [39, 15], "uv_size": [0.5, 0.5]},
								"up": {"uv": [34, 31], "uv_size": [1.5, 0.5]},
								"down": {"uv": [34, 32.5], "uv_size": [1.5, -0.5]}
							}
						},
						{
							"origin": [-0.6596, -1.58355, -1.92132],
							"size": [1.3193, 0.1, 0.25],
							"uv": {
								"east": {"uv": [16, 39], "uv_size": [0.5, 0.5]},
								"west": {"uv": [39, 16], "uv_size": [0.5, 0.5]},
								"up": {"uv": [34, 33], "uv_size": [1.5, 0.5]},
								"down": {"uv": [34, 34.5], "uv_size": [1.5, -0.5]}
							}
						},
						{
							"origin": [-0.66064, -1.59435, -2.02114],
							"size": [1.3213, 0.1, 0.25],
							"pivot": [0.00001, -1.40767, -1.83319],
							"rotation": [-45, 0, 0],
							"uv": {
								"east": {"uv": [17, 39], "uv_size": [0.5, 0.5]},
								"west": {"uv": [39, 17], "uv_size": [0.5, 0.5]},
								"up": {"uv": [0, 35], "uv_size": [1.5, 0.5]},
								"down": {"uv": [35, 1.5], "uv_size": [1.5, -0.5]}
							}
						},
						{
							"origin": [-0.6596, -1.40678, -2.0981],
							"size": [1.3193, 0.25, 0.1],
							"uv": {
								"north": {"uv": [35, 2], "uv_size": [1.5, 0.5]},
								"east": {"uv": [18, 39], "uv_size": [0.5, 0.5]},
								"south": {"uv": [35, 3], "uv_size": [1.5, 0.5]},
								"west": {"uv": [39, 18], "uv_size": [0.5, 0.5]}
							}
						},
						{
							"origin": [-0.6596, -1.08, -1.92132],
							"size": [1.3193, 0.1, 0.25],
							"uv": {
								"east": {"uv": [19, 39], "uv_size": [0.5, 0.5]},
								"west": {"uv": [39, 19], "uv_size": [0.5, 0.5]},
								"up": {"uv": [35, 4], "uv_size": [1.5, 0.5]},
								"down": {"uv": [35, 5.5], "uv_size": [1.5, -0.5]}
							}
						},
						{
							"origin": [-0.66064, -1.17982, -1.93212],
							"size": [1.3213, 0.1, 0.25],
							"pivot": [0.00001, -1.31865, -1.92221],
							"rotation": [45, 0, 0],
							"uv": {
								"east": {"uv": [20, 39], "uv_size": [0.5, 0.5]},
								"west": {"uv": [39, 20], "uv_size": [0.5, 0.5]},
								"up": {"uv": [6, 35], "uv_size": [1.5, 0.5]},
								"down": {"uv": [35, 8.5], "uv_size": [1.5, -0.5]}
							}
						},
						{
							"origin": [-0.65, -5.74289, -2.15711],
							"size": [1.3, 4.3, 1.25],
							"pivot": [0, -5.94289, -1.65711],
							"rotation": [-49, 0, 0],
							"uv": {
								"north": {"uv": [11, 14], "uv_size": [1.5, 4.5]},
								"east": {"uv": [13, 14], "uv_size": [1.5, 4.5]},
								"south": {"uv": [15, 10], "uv_size": [1.5, 4.5]},
								"west": {"uv": [15, 15], "uv_size": [1.5, 4.5]},
								"up": {"uv": [25, 17], "uv_size": [1.5, 1.5]},
								"down": {"uv": [25, 20.5], "uv_size": [1.5, -1.5]}
							}
						},
						{
							"origin": [-0.65, -6.375, -2.95],
							"size": [1.3, 1.225, 2],
							"uv": {
								"north": {"uv": [31, 7], "uv_size": [1.5, 1]},
								"east": {"uv": [25, 27], "uv_size": [2, 1]},
								"south": {"uv": [31, 10], "uv_size": [1.5, 1]},
								"west": {"uv": [27, 26], "uv_size": [2, 1]},
								"up": {"uv": [4, 24], "uv_size": [1.5, 2]},
								"down": {"uv": [24, 6], "uv_size": [1.5, -2]}
							}
						},
						{
							"origin": [-0.4, -7.26249, -3.8284],
							"size": [0.8, 0.14732, 2.1694],
							"uv": {
								"north": {"uv": [35, 37], "uv_size": [1, 0.5]},
								"east": {"uv": [33, 22], "uv_size": [2, 0.5]},
								"south": {"uv": [36, 37], "uv_size": [1, 0.5]},
								"west": {"uv": [23, 33], "uv_size": [2, 0.5]},
								"up": {"uv": [27, 27], "uv_size": [1, 2]},
								"down": {"uv": [28, 2], "uv_size": [1, -2]}
							}
						},
						{
							"origin": [-0.4, -6.78749, -3.3284],
							"size": [0.8, 0.17232, 2.1694],
							"uv": {
								"north": {"uv": [37, 37], "uv_size": [1, 0.5]},
								"east": {"uv": [33, 23], "uv_size": [2, 0.5]},
								"south": {"uv": [0, 38], "uv_size": [1, 0.5]},
								"west": {"uv": [33, 24], "uv_size": [2, 0.5]},
								"up": {"uv": [28, 2], "uv_size": [1, 2]},
								"down": {"uv": [4, 30], "uv_size": [1, -2]}
							}
						},
						{
							"origin": [-0.4, -6.96249, -3.5284],
							"size": [0.8, 0.19732, 2.1694],
							"uv": {
								"north": {"uv": [38, 0], "uv_size": [1, 0.5]},
								"east": {"uv": [33, 25], "uv_size": [2, 0.5]},
								"south": {"uv": [1, 38], "uv_size": [1, 0.5]},
								"west": {"uv": [33, 26], "uv_size": [2, 0.5]},
								"up": {"uv": [28, 4], "uv_size": [1, 2]},
								"down": {"uv": [5, 30], "uv_size": [1, -2]}
							}
						},
						{
							"origin": [-0.4, -7.11249, -3.6534],
							"size": [0.8, 0.17232, 0.5694],
							"uv": {
								"north": {"uv": [2, 38], "uv_size": [1, 0.5]},
								"east": {"uv": [21, 39], "uv_size": [0.5, 0.5]},
								"south": {"uv": [38, 2], "uv_size": [1, 0.5]},
								"west": {"uv": [39, 21], "uv_size": [0.5, 0.5]},
								"up": {"uv": [3, 38], "uv_size": [1, 0.5]},
								"down": {"uv": [38, 3.5], "uv_size": [1, -0.5]}
							}
						},
						{
							"origin": [-0.4, -6.465, -2.02601],
							"size": [0.8, 0.15457, 0.98065],
							"pivot": [-0.00001, -6.37293, -0.77601],
							"rotation": [41, 0, 0],
							"uv": {
								"north": {"uv": [4, 38], "uv_size": [1, 0.5]},
								"east": {"uv": [38, 4], "uv_size": [1, 0.5]},
								"south": {"uv": [5, 38], "uv_size": [1, 0.5]},
								"west": {"uv": [38, 5], "uv_size": [1, 0.5]},
								"up": {"uv": [33, 27], "uv_size": [1, 1]},
								"down": {"uv": [33, 29], "uv_size": [1, -1]}
							}
						},
						{
							"origin": [0.28787, -6.375, -3.1],
							"size": [0.3, 1.225, 0.3],
							"pivot": [0.43787, -5.7625, -2.95],
							"rotation": [0, -45, 0],
							"uv": {
								"north": {"uv": [6, 38], "uv_size": [0.5, 1]},
								"east": {"uv": [38, 6], "uv_size": [0.5, 1]},
								"south": {"uv": [7, 38], "uv_size": [0.5, 1]},
								"west": {"uv": [38, 7], "uv_size": [0.5, 1]},
								"up": {"uv": [22, 39], "uv_size": [0.5, 0.5]},
								"down": {"uv": [39, 22.5], "uv_size": [0.5, -0.5]}
							}
						},
						{
							"origin": [-0.58787, -6.375, -3.1],
							"size": [0.3, 1.225, 0.3],
							"pivot": [-0.43787, -5.7625, -2.95],
							"rotation": [0, -45, 0],
							"uv": {
								"north": {"uv": [8, 38], "uv_size": [0.5, 1]},
								"east": {"uv": [38, 8], "uv_size": [0.5, 1]},
								"south": {"uv": [9, 38], "uv_size": [0.5, 1]},
								"west": {"uv": [38, 9], "uv_size": [0.5, 1]},
								"up": {"uv": [23, 39], "uv_size": [0.5, 0.5]},
								"down": {"uv": [39, 23.5], "uv_size": [0.5, -0.5]}
							}
						},
						{
							"origin": [-0.65, -4.4, 1.05],
							"size": [1.3, 3.5, 2.65],
							"uv": {
								"north": {"uv": [11, 19], "uv_size": [1.5, 3.5]},
								"east": {"uv": [12, 10], "uv_size": [2.5, 3.5]},
								"south": {"uv": [13, 19], "uv_size": [1.5, 3.5]},
								"west": {"uv": [0, 14], "uv_size": [2.5, 3.5]},
								"up": {"uv": [11, 23], "uv_size": [1.5, 2.5]},
								"down": {"uv": [13, 25.5], "uv_size": [1.5, -2.5]}
							}
						},
						{
							"origin": [-0.54801, -3.5, 3.20377],
							"size": [1.3, 1.4, 0.25],
							"pivot": [0.10199, -2.65, 3.32877],
							"rotation": [0, -45, 0],
							"uv": {
								"north": {"uv": [21, 25], "uv_size": [1.5, 1.5]},
								"east": {"uv": [2, 35], "uv_size": [0.5, 1.5]},
								"south": {"uv": [23, 25], "uv_size": [1.5, 1.5]},
								"west": {"uv": [9, 35], "uv_size": [0.5, 1.5]},
								"up": {"uv": [35, 9], "uv_size": [1.5, 0.5]},
								"down": {"uv": [10, 35.5], "uv_size": [1.5, -0.5]}
							}
						},
						{
							"origin": [-0.54801, -3.5, 6.79623],
							"size": [1.3, 1.4, 0.25],
							"pivot": [0.10199, -2.65, 6.92123],
							"rotation": [0, 45, 0],
							"uv": {
								"north": {"uv": [25, 25], "uv_size": [1.5, 1.5]},
								"east": {"uv": [35, 10], "uv_size": [0.5, 1.5]},
								"south": {"uv": [4, 26], "uv_size": [1.5, 1.5]},
								"west": {"uv": [12, 35], "uv_size": [0.5, 1.5]},
								"up": {"uv": [35, 12], "uv_size": [1.5, 0.5]},
								"down": {"uv": [13, 35.5], "uv_size": [1.5, -0.5]}
							}
						},
						{
							"origin": [-0.65, -2.1, 3.7],
							"size": [1.3, 1.2, 2.85],
							"uv": {
								"north": {"uv": [31, 11], "uv_size": [1.5, 1]},
								"east": {"uv": [6, 24], "uv_size": [3, 1]},
								"south": {"uv": [31, 12], "uv_size": [1.5, 1]},
								"west": {"uv": [24, 6], "uv_size": [3, 1]},
								"up": {"uv": [21, 10], "uv_size": [1.5, 3]},
								"down": {"uv": [21, 16], "uv_size": [1.5, -3]}
							}
						},
						{
							"origin": [-0.65, -4.4, 3.7],
							"size": [1.3, 0.9, 2.85],
							"uv": {
								"north": {"uv": [13, 31], "uv_size": [1.5, 1]},
								"east": {"uv": [24, 7], "uv_size": [3, 1]},
								"south": {"uv": [31, 13], "uv_size": [1.5, 1]},
								"west": {"uv": [24, 8], "uv_size": [3, 1]},
								"up": {"uv": [21, 16], "uv_size": [1.5, 3]},
								"down": {"uv": [21, 22], "uv_size": [1.5, -3]}
							}
						},
						{
							"origin": [0.16109, -3.70251, 3.7],
							"size": [0.2, 0.9, 2.85],
							"pivot": [0.26109, -3.25251, 5.475],
							"rotation": [0, 0, -45],
							"uv": {
								"north": {"uv": [10, 38], "uv_size": [0.5, 1]},
								"east": {"uv": [24, 9], "uv_size": [3, 1]},
								"south": {"uv": [38, 10], "uv_size": [0.5, 1]},
								"west": {"uv": [15, 24], "uv_size": [3, 1]},
								"up": {"uv": [3, 31], "uv_size": [0.5, 3]},
								"down": {"uv": [15, 34], "uv_size": [0.5, -3]}
							}
						},
						{
							"origin": [0.16109, -2.79749, 3.7],
							"size": [0.2, 0.9, 2.85],
							"pivot": [0.26109, -2.34749, 5.475],
							"rotation": [0, 0, 45],
							"uv": {
								"north": {"uv": [11, 38], "uv_size": [0.5, 1]},
								"east": {"uv": [21, 24], "uv_size": [3, 1]},
								"south": {"uv": [38, 11], "uv_size": [0.5, 1]},
								"west": {"uv": [24, 24], "uv_size": [3, 1]},
								"up": {"uv": [16, 31], "uv_size": [0.5, 3]},
								"down": {"uv": [17, 34], "uv_size": [0.5, -3]}
							}
						},
						{
							"origin": [-0.45, -3.5, 3.7],
							"size": [0.9, 1.7, 2.85],
							"uv": {
								"north": {"uv": [18, 31], "uv_size": [1, 1.5]},
								"east": {"uv": [4, 22], "uv_size": [3, 1.5]},
								"south": {"uv": [31, 18], "uv_size": [1, 1.5]},
								"west": {"uv": [7, 22], "uv_size": [3, 1.5]},
								"up": {"uv": [9, 24], "uv_size": [1, 3]},
								"down": {"uv": [18, 27], "uv_size": [1, -3]}
							}
						},
						{
							"origin": [-0.65, -4.4, 6.55],
							"size": [1.3, 3.5, 2.65],
							"uv": {
								"north": {"uv": [19, 14], "uv_size": [1.5, 3.5]},
								"east": {"uv": [3, 14], "uv_size": [2.5, 3.5]},
								"south": {"uv": [19, 18], "uv_size": [1.5, 3.5]},
								"west": {"uv": [6, 14], "uv_size": [2.5, 3.5]},
								"up": {"uv": [23, 15], "uv_size": [1.5, 2.5]},
								"down": {"uv": [23, 20.5], "uv_size": [1.5, -2.5]}
							}
						},
						{
							"origin": [-0.65, -4.4, 9.2],
							"size": [1.3, 3.5, 0.4],
							"uv": {
								"north": {"uv": [15, 20], "uv_size": [1.5, 3.5]},
								"east": {"uv": [30, 18], "uv_size": [0.5, 3.5]},
								"south": {"uv": [17, 20], "uv_size": [1.5, 3.5]},
								"west": {"uv": [21, 30], "uv_size": [0.5, 3.5]},
								"up": {"uv": [35, 13], "uv_size": [1.5, 0.5]},
								"down": {"uv": [35, 15.5], "uv_size": [1.5, -0.5]}
							}
						},
						{
							"origin": [0.63936, -3.66245, 4.875],
							"size": [0.1713, 1.725, 0.5],
							"uv": {
								"north": {"uv": [16, 35], "uv_size": [0.5, 1.5]},
								"east": {"uv": [17, 35], "uv_size": [0.5, 1.5]},
								"south": {"uv": [18, 35], "uv_size": [0.5, 1.5]},
								"west": {"uv": [19, 35], "uv_size": [0.5, 1.5]}
							}
						},
						{
							"origin": [0.42049, -2.09906, 4.875],
							"size": [0.25, 0.5, 0.5],
							"pivot": [0.54549, -1.84906, 5.124],
							"rotation": [0, 0, -45],
							"uv": {
								"north": {"uv": [24, 39], "uv_size": [0.5, 0.5]},
								"south": {"uv": [39, 24], "uv_size": [0.5, 0.5]},
								"west": {"uv": [25, 39], "uv_size": [0.5, 0.5]}
							}
						},
						{
							"origin": [0.42049, -4.00084, 4.875],
							"size": [0.25, 0.5, 0.5],
							"pivot": [0.54549, -3.75084, 5.124],
							"rotation": [0, 0, 45],
							"uv": {
								"north": {"uv": [39, 25], "uv_size": [0.5, 0.5]},
								"south": {"uv": [26, 39], "uv_size": [0.5, 0.5]},
								"west": {"uv": [39, 26], "uv_size": [0.5, 0.5]}
							}
						},
						{
							"origin": [-0.81066, -3.66245, 4.875],
							"size": [0.1713, 1.725, 0.5],
							"uv": {
								"north": {"uv": [20, 35], "uv_size": [0.5, 1.5]},
								"east": {"uv": [21, 35], "uv_size": [0.5, 1.5]},
								"south": {"uv": [22, 35], "uv_size": [0.5, 1.5]},
								"west": {"uv": [35, 22], "uv_size": [0.5, 1.5]}
							}
						},
						{
							"origin": [-0.67049, -4.00084, 4.875],
							"size": [0.25, 0.5, 0.5],
							"pivot": [-0.54549, -3.75084, 5.124],
							"rotation": [0, 0, -45],
							"uv": {
								"north": {"uv": [27, 39], "uv_size": [0.5, 0.5]},
								"east": {"uv": [39, 27], "uv_size": [0.5, 0.5]},
								"south": {"uv": [28, 39], "uv_size": [0.5, 0.5]}
							}
						},
						{
							"origin": [-0.67049, -2.09906, 4.875],
							"size": [0.25, 0.5, 0.5],
							"pivot": [-0.54549, -1.84906, 5.124],
							"rotation": [0, 0, 45],
							"uv": {
								"north": {"uv": [39, 28], "uv_size": [0.5, 0.5]},
								"east": {"uv": [29, 39], "uv_size": [0.5, 0.5]},
								"south": {"uv": [39, 29], "uv_size": [0.5, 0.5]}
							}
						},
						{
							"origin": [-0.83566, -1.01245, 5.625],
							"size": [0.1463, 0.3, 0.3],
							"pivot": [-0.17501, -2.38745, 7.25],
							"rotation": [45, 0, 0],
							"uv": {
								"north": {"uv": [30, 39], "uv_size": [0.5, 0.5]},
								"east": {"uv": [39, 30], "uv_size": [0.5, 0.5]},
								"south": {"uv": [31, 39], "uv_size": [0.5, 0.5]},
								"west": {"uv": [39, 31], "uv_size": [0.5, 0.5]},
								"up": {"uv": [32, 39], "uv_size": [0.5, 0.5]},
								"down": {"uv": [39, 32.5], "uv_size": [0.5, -0.5]}
							}
						},
						{
							"origin": [-0.83566, -2.01245, 5.625],
							"size": [0.1463, 0.3, 0.3],
							"pivot": [-0.17501, -3.38745, 7.25],
							"rotation": [45, 0, 0],
							"uv": {
								"north": {"uv": [30, 39], "uv_size": [0.5, 0.5]},
								"east": {"uv": [33, 39], "uv_size": [0.5, 0.5]},
								"south": {"uv": [31, 39], "uv_size": [0.5, 0.5]},
								"west": {"uv": [39, 31], "uv_size": [0.5, 0.5]},
								"up": {"uv": [32, 39], "uv_size": [0.5, 0.5]},
								"down": {"uv": [39, 32.5], "uv_size": [0.5, -0.5]}
							}
						},
						{
							"origin": [-0.36109, -2.79749, 3.7],
							"size": [0.2, 0.9, 2.85],
							"pivot": [-0.26109, -2.34749, 5.475],
							"rotation": [0, 0, -45],
							"uv": {
								"north": {"uv": [12, 38], "uv_size": [0.5, 1]},
								"east": {"uv": [25, 0], "uv_size": [3, 1]},
								"south": {"uv": [38, 12], "uv_size": [0.5, 1]},
								"west": {"uv": [25, 1], "uv_size": [3, 1]},
								"up": {"uv": [19, 31], "uv_size": [0.5, 3]},
								"down": {"uv": [20, 34], "uv_size": [0.5, -3]}
							}
						},
						{
							"origin": [-0.75199, -3.5, 3.20377],
							"size": [1.3, 1.4, 0.25],
							"pivot": [-0.10199, -2.65, 3.32877],
							"rotation": [0, 45, 0],
							"uv": {
								"north": {"uv": [26, 4], "uv_size": [1.5, 1.5]},
								"east": {"uv": [23, 35], "uv_size": [0.5, 1.5]},
								"south": {"uv": [11, 26], "uv_size": [1.5, 1.5]},
								"west": {"uv": [24, 35], "uv_size": [0.5, 1.5]},
								"up": {"uv": [35, 16], "uv_size": [1.5, 0.5]},
								"down": {"uv": [35, 19.5], "uv_size": [1.5, -0.5]}
							}
						},
						{
							"origin": [-0.36109, -3.70251, 3.7],
							"size": [0.2, 0.9, 2.85],
							"pivot": [-0.26109, -3.25251, 5.475],
							"rotation": [0, 0, 45],
							"uv": {
								"north": {"uv": [13, 38], "uv_size": [0.5, 1]},
								"east": {"uv": [25, 2], "uv_size": [3, 1]},
								"south": {"uv": [38, 13], "uv_size": [0.5, 1]},
								"west": {"uv": [25, 3], "uv_size": [3, 1]},
								"up": {"uv": [31, 29], "uv_size": [0.5, 3]},
								"down": {"uv": [32, 3], "uv_size": [0.5, -3]}
							}
						},
						{
							"origin": [-0.75199, -3.5, 6.79623],
							"size": [1.3, 1.4, 0.25],
							"pivot": [-0.10199, -2.65, 6.92123],
							"rotation": [0, -45, 0],
							"uv": {
								"north": {"uv": [13, 26], "uv_size": [1.5, 1.5]},
								"east": {"uv": [35, 24], "uv_size": [0.5, 1.5]},
								"south": {"uv": [27, 6], "uv_size": [1.5, 1.5]},
								"west": {"uv": [25, 35], "uv_size": [0.5, 1.5]},
								"up": {"uv": [26, 35], "uv_size": [1.5, 0.5]},
								"down": {"uv": [35, 26.5], "uv_size": [1.5, -0.5]}
							}
						}
					]
				},
				{
					"name": "octagon15",
					"parent": "hera_cqr",
					"pivot": [0, 9.5, 2.325],
					"rotation": [0, -90, 0],
					"cubes": [
						{
							"origin": [-4.525, -0.56421, 1.325],
							"size": [11.4, 0.82843, 2],
							"pivot": [-4.025, -0.15, 2.325],
							"rotation": [-45, 0, 0],
							"uv": {
								"north": {"uv": [12, 2], "uv_size": [11.5, 1]},
								"east": {"uv": [6, 28], "uv_size": [2, 1]},
								"south": {"uv": [12, 3], "uv_size": [11.5, 1]},
								"west": {"uv": [11, 28], "uv_size": [2, 1]},
								"up": {"uv": [0, 0], "uv_size": [11.5, 2]},
								"down": {"uv": [0, 4], "uv_size": [11.5, -2]}
							}
						},
						{
							"origin": [-4.525, -0.56421, 1.325],
							"size": [11.4, 0.82843, 2],
							"uv": {
								"north": {"uv": [12, 4], "uv_size": [11.5, 1]},
								"east": {"uv": [13, 28], "uv_size": [2, 1]},
								"south": {"uv": [12, 5], "uv_size": [11.5, 1]},
								"west": {"uv": [28, 22], "uv_size": [2, 1]},
								"up": {"uv": [0, 4], "uv_size": [11.5, 2]},
								"down": {"uv": [0, 8], "uv_size": [11.5, -2]}
							}
						},
						{
							"origin": [-4.525, -1.15, 1.91079],
							"size": [11.4, 2, 0.82843],
							"pivot": [-4.025, -0.15, 2.325],
							"rotation": [-45, 0, 0],
							"uv": {
								"north": {"uv": [0, 8], "uv_size": [11.5, 2]},
								"east": {"uv": [28, 24], "uv_size": [1, 2]},
								"south": {"uv": [0, 10], "uv_size": [11.5, 2]},
								"west": {"uv": [25, 28], "uv_size": [1, 2]},
								"up": {"uv": [12, 6], "uv_size": [11.5, 1]},
								"down": {"uv": [12, 8], "uv_size": [11.5, -1]}
							}
						},
						{
							"origin": [-4.525, -1.15, 1.91079],
							"size": [11.4, 2, 0.82843],
							"uv": {
								"north": {"uv": [0, 12], "uv_size": [11.5, 2]},
								"east": {"uv": [26, 28], "uv_size": [1, 2]},
								"south": {"uv": [12, 0], "uv_size": [11.5, 2]},
								"west": {"uv": [28, 27], "uv_size": [1, 2]},
								"up": {"uv": [12, 8], "uv_size": [11.5, 1]},
								"down": {"uv": [12, 10], "uv_size": [11.5, -1]}
							}
						}
					]
				},
				{
					"name": "octagon16",
					"parent": "hera_cqr",
					"pivot": [0, 9.5, 13.425],
					"rotation": [0, -90, 0],
					"cubes": [
						{
							"origin": [-4.225, -0.56421, 12.425],
							"size": [0.4, 0.82843, 2],
							"pivot": [-14.725, -0.15, 13.425],
							"rotation": [-45, 0, 0],
							"uv": {
								"north": {"uv": [14, 38], "uv_size": [0.5, 1]},
								"east": {"uv": [29, 0], "uv_size": [2, 1]},
								"south": {"uv": [38, 14], "uv_size": [0.5, 1]},
								"west": {"uv": [29, 1], "uv_size": [2, 1]},
								"up": {"uv": [33, 29], "uv_size": [0.5, 2]},
								"down": {"uv": [33, 33], "uv_size": [0.5, -2]}
							}
						},
						{
							"origin": [-4.225, -0.56421, 12.425],
							"size": [0.4, 0.82843, 2],
							"uv": {
								"north": {"uv": [15, 38], "uv_size": [0.5, 1]},
								"east": {"uv": [29, 2], "uv_size": [2, 1]},
								"south": {"uv": [38, 15], "uv_size": [0.5, 1]},
								"west": {"uv": [29, 3], "uv_size": [2, 1]},
								"up": {"uv": [32, 33], "uv_size": [0.5, 2]},
								"down": {"uv": [33, 35], "uv_size": [0.5, -2]}
							}
						},
						{
							"origin": [-4.225, -1.15, 13.01079],
							"size": [0.4, 2, 0.82843],
							"pivot": [-14.725, -0.15, 13.425],
							"rotation": [-45, 0, 0],
							"uv": {
								"north": {"uv": [3, 34], "uv_size": [0.5, 2]},
								"east": {"uv": [29, 4], "uv_size": [1, 2]},
								"south": {"uv": [4, 34], "uv_size": [0.5, 2]},
								"west": {"uv": [6, 29], "uv_size": [1, 2]},
								"up": {"uv": [16, 38], "uv_size": [0.5, 1]},
								"down": {"uv": [38, 17], "uv_size": [0.5, -1]}
							}
						},
						{
							"origin": [-4.225, -1.15, 13.01079],
							"size": [0.4, 2, 0.82843],
							"uv": {
								"north": {"uv": [34, 4], "uv_size": [0.5, 2]},
								"east": {"uv": [29, 6], "uv_size": [1, 2]},
								"south": {"uv": [5, 34], "uv_size": [0.5, 2]},
								"west": {"uv": [7, 29], "uv_size": [1, 2]},
								"up": {"uv": [17, 38], "uv_size": [0.5, 1]},
								"down": {"uv": [38, 18], "uv_size": [0.5, -1]}
							}
						}
					]
				},
				{
					"name": "thing",
					"parent": "hera_cqr",
					"pivot": [0, 4.4982, 4.51374],
					"rotation": [139, 0, -180],
					"cubes": [
						{
							"origin": [1.19706, 0.7477, 12.75742],
							"size": [0.35355, 0.25, 3.05],
							"pivot": [2.09706, -0.7523, 10.00742],
							"rotation": [0, 0, -45],
							"uv": {
								"north": {"uv": [39, 33], "uv_size": [0.5, 0.5]},
								"east": {"uv": [31, 14], "uv_size": [3, 0.5]},
								"south": {"uv": [34, 39], "uv_size": [0.5, 0.5]},
								"west": {"uv": [31, 20], "uv_size": [3, 0.5]},
								"up": {"uv": [6, 32], "uv_size": [0.5, 3]},
								"down": {"uv": [7, 35], "uv_size": [0.5, -3]}
							}
						},
						{
							"origin": [-1.8435, 0.0406, 12.75742],
							"size": [0.35355, 0.25, 3.05],
							"pivot": [-1.38995, -1.4594, 10.00742],
							"rotation": [0, 0, 45],
							"uv": {
								"north": {"uv": [39, 34], "uv_size": [0.5, 0.5]},
								"east": {"uv": [31, 21], "uv_size": [3, 0.5]},
								"south": {"uv": [35, 39], "uv_size": [0.5, 0.5]},
								"west": {"uv": [32, 3], "uv_size": [3, 0.5]},
								"up": {"uv": [9, 32], "uv_size": [0.5, 3]},
								"down": {"uv": [10, 35], "uv_size": [0.5, -3]}
							}
						},
						{
							"origin": [-0.4, -0.32803, 12.75742],
							"size": [0.8, 0.25, 3.15],
							"uv": {
								"north": {"uv": [18, 38], "uv_size": [1, 0.5]},
								"east": {"uv": [32, 8], "uv_size": [3, 0.5]},
								"south": {"uv": [38, 18], "uv_size": [1, 0.5]},
								"west": {"uv": [32, 9], "uv_size": [3, 0.5]},
								"up": {"uv": [6, 25], "uv_size": [1, 3]},
								"down": {"uv": [7, 28], "uv_size": [1, -3]}
							}
						}
					]
				},
				{
					"name": "thing2",
					"parent": "hera_cqr",
					"pivot": [0, 6.356, 4.55504],
					"rotation": [-139, 0, 0],
					"cubes": [
						{
							"origin": [1.19706, 11.89012, 13.04872],
							"size": [0.35355, 0.25, 4.25],
							"pivot": [2.09706, 10.39012, 11.29872],
							"rotation": [0, 0, -45],
							"uv": {
								"north": {"uv": [39, 35], "uv_size": [0.5, 0.5]},
								"east": {"uv": [25, 23], "uv_size": [4.5, 0.5]},
								"south": {"uv": [36, 39], "uv_size": [0.5, 0.5]},
								"west": {"uv": [27, 8], "uv_size": [4.5, 0.5]},
								"up": {"uv": [8, 25], "uv_size": [0.5, 4.5]},
								"down": {"uv": [17, 29.5], "uv_size": [0.5, -4.5]}
							}
						},
						{
							"origin": [-1.8435, 11.18302, 13.04872],
							"size": [0.35355, 0.25, 4.25],
							"pivot": [-1.38995, 9.68302, 11.29872],
							"rotation": [0, 0, 45],
							"uv": {
								"north": {"uv": [39, 36], "uv_size": [0.5, 0.5]},
								"east": {"uv": [27, 9], "uv_size": [4.5, 0.5]},
								"south": {"uv": [37, 39], "uv_size": [0.5, 0.5]},
								"west": {"uv": [27, 15], "uv_size": [4.5, 0.5]},
								"up": {"uv": [9, 27], "uv_size": [0.5, 4.5]},
								"down": {"uv": [10, 31.5], "uv_size": [0.5, -4.5]}
							}
						},
						{
							"origin": [-0.4, 10.81439, 13.04872],
							"size": [0.8, 0.25, 4.25],
							"uv": {
								"north": {"uv": [19, 38], "uv_size": [1, 0.5]},
								"east": {"uv": [27, 16], "uv_size": [4.5, 0.5]},
								"south": {"uv": [38, 19], "uv_size": [1, 0.5]},
								"west": {"uv": [27, 17], "uv_size": [4.5, 0.5]},
								"up": {"uv": [10, 22], "uv_size": [1, 4.5]},
								"down": {"uv": [19, 26.5], "uv_size": [1, -4.5]}
							}
						}
					]
				},
				{
					"name": "thing3",
					"parent": "hera_cqr",
					"pivot": [0, 7.48393, 4.9],
					"rotation": [-47.5, 0, 0],
					"cubes": [
						{
							"origin": [1.19706, -1.11125, 8.52048],
							"size": [0.35355, 0.25, 1.4],
							"pivot": [2.09706, -2.61125, 9.67048],
							"rotation": [0, 0, -45],
							"uv": {
								"north": {"uv": [39, 37], "uv_size": [0.5, 0.5]},
								"east": {"uv": [28, 35], "uv_size": [1.5, 0.5]},
								"south": {"uv": [38, 39], "uv_size": [0.5, 0.5]},
								"west": {"uv": [30, 35], "uv_size": [1.5, 0.5]},
								"up": {"uv": [32, 35], "uv_size": [0.5, 1.5]},
								"down": {"uv": [33, 36.5], "uv_size": [0.5, -1.5]}
							}
						},
						{
							"origin": [-1.8435, -1.81836, 8.52048],
							"size": [0.35355, 0.25, 1.4],
							"pivot": [-1.38995, -3.31836, 9.67048],
							"rotation": [0, 0, 45],
							"uv": {
								"north": {"uv": [39, 38], "uv_size": [0.5, 0.5]},
								"east": {"uv": [34, 35], "uv_size": [1.5, 0.5]},
								"south": {"uv": [39, 39], "uv_size": [0.5, 0.5]},
								"west": {"uv": [0, 36], "uv_size": [1.5, 0.5]},
								"up": {"uv": [3, 36], "uv_size": [0.5, 1.5]},
								"down": {"uv": [4, 37.5], "uv_size": [0.5, -1.5]}
							}
						},
						{
							"origin": [-0.4, -2.18699, 8.52048],
							"size": [0.8, 0.25, 1.4],
							"uv": {
								"north": {"uv": [20, 38], "uv_size": [1, 0.5]},
								"east": {"uv": [36, 0], "uv_size": [1.5, 0.5]},
								"south": {"uv": [38, 20], "uv_size": [1, 0.5]},
								"west": {"uv": [5, 36], "uv_size": [1.5, 0.5]},
								"up": {"uv": [13, 32], "uv_size": [1, 1.5]},
								"down": {"uv": [14, 33.5], "uv_size": [1, -1.5]}
							}
						},
						{
							"origin": [-0.65, -1.93699, 8.72048],
							"size": [1.3, 0.45, 0.75],
							"uv": {
								"north": {"uv": [36, 6], "uv_size": [1.5, 0.5]},
								"east": {"uv": [21, 38], "uv_size": [1, 0.5]},
								"south": {"uv": [7, 36], "uv_size": [1.5, 0.5]},
								"west": {"uv": [38, 21], "uv_size": [1, 0.5]},
								"up": {"uv": [32, 15], "uv_size": [1.5, 1]},
								"down": {"uv": [32, 17], "uv_size": [1.5, -1]}
							}
						}
					]
				},
				{
					"name": "thing4",
					"parent": "hera_cqr",
					"pivot": [0, 7.18393, 5],
					"rotation": [-90, 0, 0],
					"cubes": [
						{
							"origin": [1.19706, 4.05074, 13.875],
							"size": [0.35355, 0.25, 1.4],
							"pivot": [2.09706, 2.55074, 15.025],
							"rotation": [0, 0, -45],
							"uv": {
								"north": {"uv": [0, 40], "uv_size": [0.5, 0.5]},
								"east": {"uv": [36, 7], "uv_size": [1.5, 0.5]},
								"south": {"uv": [40, 0], "uv_size": [0.5, 0.5]},
								"west": {"uv": [10, 36], "uv_size": [1.5, 0.5]},
								"up": {"uv": [36, 10], "uv_size": [0.5, 1.5]},
								"down": {"uv": [13, 37.5], "uv_size": [0.5, -1.5]}
							}
						},
						{
							"origin": [-1.8435, 3.34363, 13.875],
							"size": [0.35355, 0.25, 1.4],
							"pivot": [-1.38995, 1.84363, 15.025],
							"rotation": [0, 0, 45],
							"uv": {
								"north": {"uv": [1, 40], "uv_size": [0.5, 0.5]},
								"east": {"uv": [14, 36], "uv_size": [1.5, 0.5]},
								"south": {"uv": [40, 1], "uv_size": [0.5, 0.5]},
								"west": {"uv": [36, 14], "uv_size": [1.5, 0.5]},
								"up": {"uv": [36, 17], "uv_size": [0.5, 1.5]},
								"down": {"uv": [36, 21.5], "uv_size": [0.5, -1.5]}
							}
						},
						{
							"origin": [-0.4, 2.975, 13.875],
							"size": [0.8, 0.25, 1.4],
							"uv": {
								"north": {"uv": [22, 38], "uv_size": [1, 0.5]},
								"east": {"uv": [36, 22], "uv_size": [1.5, 0.5]},
								"south": {"uv": [38, 22], "uv_size": [1, 0.5]},
								"west": {"uv": [36, 23], "uv_size": [1.5, 0.5]},
								"up": {"uv": [32, 17], "uv_size": [1, 1.5]},
								"down": {"uv": [32, 23.5], "uv_size": [1, -1.5]}
							}
						}
					]
				},
				{
					"name": "thing5",
					"parent": "hera_cqr",
					"pivot": [0, 4.55893, 2.7],
					"rotation": [0, 0, -180],
					"cubes": [
						{
							"origin": [1.19706, 15.10074, -2.95],
							"size": [0.35355, 0.25, 1.45],
							"pivot": [2.09706, 13.60074, -3.95],
							"rotation": [0, 0, -45],
							"uv": {
								"north": {"uv": [2, 40], "uv_size": [0.5, 0.5]},
								"east": {"uv": [36, 24], "uv_size": [1.5, 0.5]},
								"south": {"uv": [40, 2], "uv_size": [0.5, 0.5]},
								"west": {"uv": [36, 25], "uv_size": [1.5, 0.5]},
								"up": {"uv": [26, 36], "uv_size": [0.5, 1.5]},
								"down": {"uv": [27, 37.5], "uv_size": [0.5, -1.5]}
							}
						},
						{
							"origin": [-1.8435, 14.39363, -2.95],
							"size": [0.35355, 0.25, 1.45],
							"pivot": [-1.38995, 12.89363, -3.95],
							"rotation": [0, 0, 45],
							"uv": {
								"north": {"uv": [3, 40], "uv_size": [0.5, 0.5]},
								"east": {"uv": [36, 27], "uv_size": [1.5, 0.5]},
								"south": {"uv": [40, 3], "uv_size": [0.5, 0.5]},
								"west": {"uv": [28, 36], "uv_size": [1.5, 0.5]},
								"up": {"uv": [36, 28], "uv_size": [0.5, 1.5]},
								"down": {"uv": [30, 37.5], "uv_size": [0.5, -1.5]}
							}
						},
						{
							"origin": [-0.4, 14.025, -2.95],
							"size": [0.8, 0.25, 1.45],
							"uv": {
								"north": {"uv": [23, 38], "uv_size": [1, 0.5]},
								"east": {"uv": [36, 30], "uv_size": [1.5, 0.5]},
								"south": {"uv": [38, 23], "uv_size": [1, 0.5]},
								"west": {"uv": [36, 31], "uv_size": [1.5, 0.5]},
								"up": {"uv": [32, 29], "uv_size": [1, 1.5]},
								"down": {"uv": [31, 33.5], "uv_size": [1, -1.5]}
							}
						}
					]
				},
				{
					"name": "thing6",
					"parent": "hera_cqr",
					"pivot": [0, 5.18393, 8.7],
					"cubes": [
						{
							"origin": [1.19706, -3.57426, 1.05],
							"size": [0.35355, 0.25, 8.15],
							"pivot": [2.09706, -5.07426, 2.05],
							"rotation": [0, 0, -45],
							"uv": {
								"north": {"uv": [4, 40], "uv_size": [0.5, 0.5]},
								"east": {"uv": [20, 22], "uv_size": [8, 0.5]},
								"south": {"uv": [40, 4], "uv_size": [0.5, 0.5]},
								"west": {"uv": [23, 10], "uv_size": [8, 0.5]},
								"up": {"uv": [0, 23], "uv_size": [0.5, 8]},
								"down": {"uv": [1, 31], "uv_size": [0.5, -8]}
							}
						},
						{
							"origin": [-1.8435, -4.28137, 1.05],
							"size": [0.35355, 0.25, 8.15],
							"pivot": [-1.38995, -5.78137, 2.05],
							"rotation": [0, 0, 45],
							"uv": {
								"north": {"uv": [5, 40], "uv_size": [0.5, 0.5]},
								"east": {"uv": [23, 11], "uv_size": [8, 0.5]},
								"south": {"uv": [40, 5], "uv_size": [0.5, 0.5]},
								"west": {"uv": [23, 12], "uv_size": [8, 0.5]},
								"up": {"uv": [2, 23], "uv_size": [0.5, 8]},
								"down": {"uv": [3, 31], "uv_size": [0.5, -8]}
							}
						},
						{
							"origin": [-0.4, -4.65, 1.05],
							"size": [0.8, 0.25, 8.15],
							"uv": {
								"north": {"uv": [24, 38], "uv_size": [1, 0.5]},
								"east": {"uv": [23, 13], "uv_size": [8, 0.5]},
								"south": {"uv": [38, 24], "uv_size": [1, 0.5]},
								"west": {"uv": [23, 14], "uv_size": [8, 0.5]},
								"up": {"uv": [9, 14], "uv_size": [1, 8]},
								"down": {"uv": [10, 22], "uv_size": [1, -8]}
							}
						},
						{
							"origin": [1.19706, -3.57426, 9.2],
							"size": [0.35355, 0.25, 0.4],
							"pivot": [2.09706, -5.07426, 2.45],
							"rotation": [0, 0, -45],
							"uv": {
								"north": {"uv": [6, 40], "uv_size": [0.5, 0.5]},
								"east": {"uv": [40, 6], "uv_size": [0.5, 0.5]},
								"south": {"uv": [7, 40], "uv_size": [0.5, 0.5]},
								"west": {"uv": [40, 7], "uv_size": [0.5, 0.5]},
								"up": {"uv": [8, 40], "uv_size": [0.5, 0.5]},
								"down": {"uv": [40, 8.5], "uv_size": [0.5, -0.5]}
							}
						},
						{
							"origin": [-1.8435, -4.28137, 9.2],
							"size": [0.35355, 0.25, 0.4],
							"pivot": [-1.38995, -5.78137, 2.45],
							"rotation": [0, 0, 45],
							"uv": {
								"north": {"uv": [9, 40], "uv_size": [0.5, 0.5]},
								"east": {"uv": [40, 9], "uv_size": [0.5, 0.5]},
								"south": {"uv": [10, 40], "uv_size": [0.5, 0.5]},
								"west": {"uv": [40, 10], "uv_size": [0.5, 0.5]},
								"up": {"uv": [11, 40], "uv_size": [0.5, 0.5]},
								"down": {"uv": [40, 11.5], "uv_size": [0.5, -0.5]}
							}
						},
						{
							"origin": [-0.4, -4.65, 9.2],
							"size": [0.8, 0.25, 0.4],
							"uv": {
								"north": {"uv": [25, 38], "uv_size": [1, 0.5]},
								"east": {"uv": [12, 40], "uv_size": [0.5, 0.5]},
								"south": {"uv": [38, 25], "uv_size": [1, 0.5]},
								"west": {"uv": [40, 12], "uv_size": [0.5, 0.5]},
								"up": {"uv": [26, 38], "uv_size": [1, 0.5]},
								"down": {"uv": [38, 26.5], "uv_size": [1, -0.5]}
							}
						}
					]
				}
			]
		}
	]
}