{
	"format_version": "1.21.0",
	"minecraft:geometry": [
		{
			"description": {
				"identifier": "geometry.unknown",
				"texture_width": 32,
				"texture_height": 32,
				"visible_bounds_width": 2,
				"visible_bounds_height": 1.5,
				"visible_bounds_offset": [0, 0.25, 0]
			},
			"bones": [
				{
					"name": "bone7",
					"pivot": [0, 0, 0]
				},
				{
					"name": "bone3",
					"parent": "bone7",
					"pivot": [0, 0, 0]
				},
				{
					"name": "bone",
					"parent": "bone3",
					"pivot": [0.6, -8.2, 15],
					"cubes": [
						{
							"origin": [1.6, 1.1231, -3.05],
							"size": [0.125, 0.44755, 6.375],
							"pivot": [0.6, 1.34688, 0.16875],
							"rotation": [0, 0, -22.5],
							"uv": {
								"north": {"uv": [19, 5], "uv_size": [0.5, 0.5]},
								"east": {"uv": [4, 4], "uv_size": [6.5, 0.5]},
								"south": {"uv": [10, 19], "uv_size": [0.5, 0.5]},
								"west": {"uv": [4, 5], "uv_size": [6.5, 0.5]}
							}
						},
						{
							"origin": [0.37622, 2.34688, -3.05],
							"size": [0.44756, 0.125, 6.375],
							"pivot": [0.6, 1.34688, 0.16875],
							"rotation": [0, 0, 45],
							"uv": {
								"north": {"uv": [11, 19], "uv_size": [0.5, 0.5]},
								"south": {"uv": [12, 19], "uv_size": [0.5, 0.5]},
								"up": {"uv": [5, 6], "uv_size": [0.5, 6.5]},
								"down": {"uv": [6, 12.5], "uv_size": [0.5, -6.5]}
							}
						},
						{
							"origin": [1.6, 1.1231, -3.05],
							"size": [0.125, 0.44755, 6.375],
							"uv": {
								"north": {"uv": [19, 17], "uv_size": [0.5, 0.5]},
								"east": {"uv": [6, 0], "uv_size": [6.5, 0.5]},
								"south": {"uv": [18, 19], "uv_size": [0.5, 0.5]},
								"west": {"uv": [6, 1], "uv_size": [6.5, 0.5]}
							}
						},
						{
							"origin": [1.6, 1.1231, -3.05],
							"size": [0.125, 0.44755, 6.375],
							"pivot": [0.6, 1.34687, 0.16875],
							"rotation": [0, 0, 22.5],
							"uv": {
								"north": {"uv": [19, 18], "uv_size": [0.5, 0.5]},
								"east": {"uv": [6, 2], "uv_size": [6.5, 0.5]},
								"south": {"uv": [19, 19], "uv_size": [0.5, 0.5]},
								"west": {"uv": [6, 3], "uv_size": [6.5, 0.5]}
							}
						},
						{
							"origin": [0.37622, 0.22187, -3.05],
							"size": [0.44756, 0.125, 6.375],
							"pivot": [0.6, 1.34687, 0.16875],
							"rotation": [0, 0, -45],
							"uv": {
								"north": {"uv": [20, 0], "uv_size": [0.5, 0.5]},
								"south": {"uv": [20, 1], "uv_size": [0.5, 0.5]},
								"up": {"uv": [8, 6], "uv_size": [0.5, 6.5]},
								"down": {"uv": [9, 12.5], "uv_size": [0.5, -6.5]}
							}
						},
						{
							"origin": [1.2, 0.7731, -2.55],
							"size": [0.325, 1.14755, 5.375],
							"uv": {
								"north": {"uv": [18, 4], "uv_size": [0.5, 1]},
								"east": {"uv": [0, 0], "uv_size": [5.5, 1]},
								"south": {"uv": [18, 5], "uv_size": [0.5, 1]},
								"west": {"uv": [0, 1], "uv_size": [5.5, 1]}
							}
						},
						{
							"origin": [1.4, 1.0731, -2.55],
							"size": [0.225, 0.54755, 5.375],
							"uv": {
								"north": {"uv": [20, 2], "uv_size": [0.5, 0.5]},
								"south": {"uv": [20, 3], "uv_size": [0.5, 0.5]}
							}
						}
					]
				},
				{
					"name": "bone2",
					"parent": "bone3",
					"pivot": [-0.6, -8.2, 15],
					"cubes": [
						{
							"origin": [-1.725, 1.1231, -3.05],
							"size": [0.125, 0.44755, 6.375],
							"pivot": [-0.6, 1.34688, 0.16875],
							"rotation": [0, 0, 22.5],
							"uv": {
								"north": {"uv": [4, 20], "uv_size": [0.5, 0.5]},
								"east": {"uv": [10, 6], "uv_size": [6.5, 0.5]},
								"south": {"uv": [20, 4], "uv_size": [0.5, 0.5]},
								"west": {"uv": [10, 7], "uv_size": [6.5, 0.5]}
							}
						},
						{
							"origin": [-0.82378, 2.34688, -3.05],
							"size": [0.44756, 0.125, 6.375],
							"pivot": [-0.6, 1.34688, 0.16875],
							"rotation": [0, 0, -45],
							"uv": {
								"north": {"uv": [5, 20], "uv_size": [0.5, 0.5]},
								"south": {"uv": [20, 5], "uv_size": [0.5, 0.5]},
								"up": {"uv": [1, 10], "uv_size": [0.5, 6.5]},
								"down": {"uv": [2, 16.5], "uv_size": [0.5, -6.5]}
							}
						},
						{
							"origin": [-1.725, 1.1231, -3.05],
							"size": [0.125, 0.44755, 6.375],
							"uv": {
								"north": {"uv": [6, 20], "uv_size": [0.5, 0.5]},
								"east": {"uv": [10, 8], "uv_size": [6.5, 0.5]},
								"south": {"uv": [7, 20], "uv_size": [0.5, 0.5]},
								"west": {"uv": [10, 9], "uv_size": [6.5, 0.5]}
							}
						},
						{
							"origin": [-1.725, 1.1231, -3.05],
							"size": [0.125, 0.44755, 6.375],
							"pivot": [-0.6, 1.34687, 0.16875],
							"rotation": [0, 0, -22.5],
							"uv": {
								"north": {"uv": [8, 20], "uv_size": [0.5, 0.5]},
								"east": {"uv": [10, 10], "uv_size": [6.5, 0.5]},
								"south": {"uv": [9, 20], "uv_size": [0.5, 0.5]},
								"west": {"uv": [11, 4], "uv_size": [6.5, 0.5]}
							}
						},
						{
							"origin": [-0.82378, 0.22187, -3.05],
							"size": [0.44756, 0.125, 6.375],
							"pivot": [-0.6, 1.34687, 0.16875],
							"rotation": [0, 0, 45],
							"uv": {
								"north": {"uv": [10, 20], "uv_size": [0.5, 0.5]},
								"south": {"uv": [11, 20], "uv_size": [0.5, 0.5]},
								"up": {"uv": [10, 11], "uv_size": [0.5, 6.5]},
								"down": {"uv": [11, 17.5], "uv_size": [0.5, -6.5]}
							}
						},
						{
							"origin": [-1.525, 0.7731, -2.55],
							"size": [0.325, 1.14755, 5.375],
							"uv": {
								"north": {"uv": [10, 18], "uv_size": [0.5, 1]},
								"east": {"uv": [0, 2], "uv_size": [5.5, 1]},
								"south": {"uv": [11, 18], "uv_size": [0.5, 1]},
								"west": {"uv": [0, 3], "uv_size": [5.5, 1]}
							}
						},
						{
							"origin": [-1.625, 1.0731, -2.55],
							"size": [0.225, 0.54755, 5.375],
							"uv": {
								"north": {"uv": [20, 11], "uv_size": [0.5, 0.5]},
								"south": {"uv": [12, 20], "uv_size": [0.5, 0.5]}
							}
						}
					]
				},
				{
					"name": "bone4",
					"parent": "bone7",
					"pivot": [0.05, 1.35, 0]
				},
				{
					"name": "bone5",
					"parent": "bone4",
					"pivot": [0.65, -8.25, 15],
					"cubes": [
						{
							"origin": [-0.2269, -0.375, -3.05],
							"size": [0.44755, 0.125, 6.375],
							"pivot": [-0.00312, 0.75, 0.16875],
							"rotation": [0, 0, -22.5],
							"uv": {
								"north": {"uv": [20, 12], "uv_size": [0.5, 0.5]},
								"south": {"uv": [13, 20], "uv_size": [0.5, 0.5]},
								"up": {"uv": [12, 11], "uv_size": [0.5, 6.5]},
								"down": {"uv": [4, 19.5], "uv_size": [0.5, -6.5]}
							}
						},
						{
							"origin": [0.99688, 0.52622, -3.05],
							"size": [0.125, 0.44756, 6.375],
							"pivot": [-0.00312, 0.75, 0.16875],
							"rotation": [0, 0, 45],
							"uv": {
								"north": {"uv": [20, 17], "uv_size": [0.5, 0.5]},
								"east": {"uv": [13, 0], "uv_size": [6.5, 0.5]},
								"south": {"uv": [18, 20], "uv_size": [0.5, 0.5]},
								"west": {"uv": [13, 1], "uv_size": [6.5, 0.5]}
							}
						},
						{
							"origin": [-0.2269, -0.375, -3.05],
							"size": [0.44755, 0.125, 6.375],
							"uv": {
								"north": {"uv": [20, 18], "uv_size": [0.5, 0.5]},
								"south": {"uv": [19, 20], "uv_size": [0.5, 0.5]},
								"up": {"uv": [5, 13], "uv_size": [0.5, 6.5]},
								"down": {"uv": [6, 19.5], "uv_size": [0.5, -6.5]}
							}
						},
						{
							"origin": [-0.2269, -0.375, -3.05],
							"size": [0.44755, 0.125, 6.375],
							"pivot": [-0.00313, 0.75, 0.16875],
							"rotation": [0, 0, 22.5],
							"uv": {
								"north": {"uv": [20, 19], "uv_size": [0.5, 0.5]},
								"south": {"uv": [20, 20], "uv_size": [0.5, 0.5]},
								"up": {"uv": [7, 13], "uv_size": [0.5, 6.5]},
								"down": {"uv": [8, 19.5], "uv_size": [0.5, -6.5]}
							}
						},
						{
							"origin": [-1.12813, 0.52622, -3.05],
							"size": [0.125, 0.44756, 6.375],
							"pivot": [-0.00313, 0.75, 0.16875],
							"rotation": [0, 0, -45],
							"uv": {
								"north": {"uv": [21, 0], "uv_size": [0.5, 0.5]},
								"east": {"uv": [13, 3], "uv_size": [6.5, 0.5]},
								"south": {"uv": [21, 1], "uv_size": [0.5, 0.5]},
								"west": {"uv": [13, 11], "uv_size": [6.5, 0.5]}
							}
						},
						{
							"origin": [-0.5769, -0.175, -2.55],
							"size": [1.14755, 0.325, 5.375],
							"uv": {
								"north": {"uv": [12, 18], "uv_size": [1, 0.5]},
								"south": {"uv": [18, 17], "uv_size": [1, 0.5]},
								"up": {"uv": [0, 4], "uv_size": [1, 5.5]},
								"down": {"uv": [1, 9.5], "uv_size": [1, -5.5]}
							}
						},
						{
							"origin": [-0.2769, -0.275, -2.55],
							"size": [0.54755, 0.225, 5.375],
							"uv": {
								"north": {"uv": [21, 2], "uv_size": [0.5, 0.5]},
								"south": {"uv": [21, 3], "uv_size": [0.5, 0.5]}
							}
						}
					]
				},
				{
					"name": "bone6",
					"parent": "bone4",
					"pivot": [-0.55, -8.25, 15],
					"cubes": [
						{
							"origin": [-0.2269, 2.95, -3.05],
							"size": [0.44755, 0.125, 6.375],
							"pivot": [-0.00312, 1.95, 0.16875],
							"rotation": [0, 0, 22.5],
							"uv": {
								"north": {"uv": [4, 21], "uv_size": [0.5, 0.5]},
								"south": {"uv": [21, 4], "uv_size": [0.5, 0.5]},
								"up": {"uv": [9, 13], "uv_size": [0.5, 6.5]},
								"down": {"uv": [13, 19.5], "uv_size": [0.5, -6.5]}
							}
						},
						{
							"origin": [0.99688, 1.72622, -3.05],
							"size": [0.125, 0.44756, 6.375],
							"pivot": [-0.00312, 1.95, 0.16875],
							"rotation": [0, 0, -45],
							"uv": {
								"north": {"uv": [5, 21], "uv_size": [0.5, 0.5]},
								"east": {"uv": [14, 13], "uv_size": [6.5, 0.5]},
								"south": {"uv": [21, 5], "uv_size": [0.5, 0.5]},
								"west": {"uv": [14, 14], "uv_size": [6.5, 0.5]}
							}
						},
						{
							"origin": [-0.2269, 2.95, -3.05],
							"size": [0.44755, 0.125, 6.375],
							"uv": {
								"north": {"uv": [6, 21], "uv_size": [0.5, 0.5]},
								"south": {"uv": [7, 21], "uv_size": [0.5, 0.5]},
								"up": {"uv": [14, 15], "uv_size": [0.5, 6.5]},
								"down": {"uv": [15, 21.5], "uv_size": [0.5, -6.5]}
							}
						},
						{
							"origin": [-0.2269, 2.95, -3.05],
							"size": [0.44755, 0.125, 6.375],
							"pivot": [-0.00313, 1.95, 0.16875],
							"rotation": [0, 0, -22.5],
							"uv": {
								"north": {"uv": [8, 21], "uv_size": [0.5, 0.5]},
								"south": {"uv": [9, 21], "uv_size": [0.5, 0.5]},
								"up": {"uv": [16, 16], "uv_size": [0.5, 6.5]},
								"down": {"uv": [0, 23.5], "uv_size": [0.5, -6.5]}
							}
						},
						{
							"origin": [-1.12813, 1.72622, -3.05],
							"size": [0.125, 0.44756, 6.375],
							"pivot": [-0.00313, 1.95, 0.16875],
							"rotation": [0, 0, 45],
							"uv": {
								"north": {"uv": [10, 21], "uv_size": [0.5, 0.5]},
								"east": {"uv": [17, 6], "uv_size": [6.5, 0.5]},
								"south": {"uv": [11, 21], "uv_size": [0.5, 0.5]},
								"west": {"uv": [17, 7], "uv_size": [6.5, 0.5]}
							}
						},
						{
							"origin": [-0.5769, 2.55, -2.55],
							"size": [1.14755, 0.325, 5.375],
							"uv": {
								"north": {"uv": [18, 18], "uv_size": [1, 0.5]},
								"south": {"uv": [19, 4], "uv_size": [1, 0.5]},
								"up": {"uv": [2, 4], "uv_size": [1, 5.5]},
								"down": {"uv": [3, 9.5], "uv_size": [1, -5.5]}
							}
						},
						{
							"origin": [-0.2769, 2.75, -2.55],
							"size": [0.54755, 0.225, 5.375],
							"uv": {
								"north": {"uv": [21, 11], "uv_size": [0.5, 0.5]},
								"south": {"uv": [12, 21], "uv_size": [0.5, 0.5]}
							}
						}
					]
				}
			]
		}
	]
}