{
	"format_version": "1.12.0",
	"minecraft:geometry": [
		{
			"description": {
				"identifier": "geometry.unknown",
				"texture_width": 256,
				"texture_height": 256,
				"visible_bounds_width": 5,
				"visible_bounds_height": 4,
				"visible_bounds_offset": [0, 1, 0]
			},
			"bones": [
				{
					"name": "scope_body",
					"pivot": [0, 0, 1],
					"cubes": [
						{
							"origin": [0.95313, 0.4375, -0.875],
							"size": [0, 0.75, 3],
							"uv": {
								"west": {"uv": [0, 44.5], "uv_size": [64, 16]}
							}
						}
					]
				},
				{
					"name": "bone",
					"parent": "scope_body",
					"pivot": [0, 1.75, -2],
					"cubes": [
						{
							"origin": [-0.25, -0.375, 0.875],
							"size": [0.5, 0.75, 0.75],
							"uv": {
								"north": {"uv": [2, 24], "uv_size": [0.5, 1]},
								"south": {"uv": [24, 2], "uv_size": [0.5, 1]}
							}
						},
						{
							"origin": [-0.25, -0.375, -1.625],
							"size": [0.5, 0.75, 0.75],
							"uv": {
								"north": {"uv": [24, 4], "uv_size": [0.5, 1]},
								"south": {"uv": [9, 24], "uv_size": [0.5, 1]}
							}
						},
						{
							"origin": [-0.38833, -0.125, -1.875],
							"size": [0.77666, 1.875, 5],
							"pivot": [0, 0.8125, 0.625],
							"rotation": [0, 0, 45],
							"uv": {
								"north": {"uv": [0, 12], "uv_size": [1, 2]},
								"south": {"uv": [12, 6], "uv_size": [1, 2]},
								"up": {"uv": [0, 0], "uv_size": [1, 5]},
								"down": {"uv": [2, 5], "uv_size": [1, -5]}
							}
						},
						{
							"origin": [-0.38833, -0.125, -1.875],
							"size": [0.77666, 1.875, 5],
							"uv": {
								"north": {"uv": [8, 13], "uv_size": [1, 2]},
								"south": {"uv": [10, 13], "uv_size": [1, 2]},
								"up": {"uv": [4, 0], "uv_size": [1, 5]},
								"down": {"uv": [0, 11], "uv_size": [1, -5]}
							}
						},
						{
							"origin": [-0.9375, 0.42417, -1.875],
							"size": [1.875, 0.77666, 5],
							"pivot": [0, 0.8125, 0.625],
							"rotation": [0, 0, 45],
							"uv": {
								"north": {"uv": [12, 13], "uv_size": [2, 1]},
								"east": {"uv": [6, 0], "uv_size": [5, 1]},
								"south": {"uv": [2, 14], "uv_size": [2, 1]},
								"west": {"uv": [2, 6], "uv_size": [5, 1]}
							}
						},
						{
							"origin": [-0.9375, 0.42417, -1.875],
							"size": [1.875, 0.77666, 5],
							"uv": {
								"north": {"uv": [5, 14], "uv_size": [2, 1]},
								"east": {"uv": [6, 2], "uv_size": [5, 1]},
								"south": {"uv": [14, 6], "uv_size": [2, 1]},
								"west": {"uv": [6, 4], "uv_size": [5, 1]}
							}
						},
						{
							"origin": [-0.75, 0.50184, 3.125],
							"size": [1.5, 0.62132, 0.25],
							"uv": {
								"east": {"uv": [20, 33], "uv_size": [0.5, 0.5]},
								"west": {"uv": [33, 20], "uv_size": [0.5, 0.5]}
							}
						},
						{
							"origin": [-0.75, 0.50184, 3.125],
							"size": [1.5, 0.62132, 0.25],
							"pivot": [0, 0.8125, 2.875],
							"rotation": [0, 0, 45],
							"uv": {
								"east": {"uv": [22, 33], "uv_size": [0.5, 0.5]},
								"west": {"uv": [24, 33], "uv_size": [0.5, 0.5]}
							}
						},
						{
							"origin": [-0.31066, 0.0625, 3.125],
							"size": [0.62132, 1.5, 0.25],
							"uv": {
								"up": {"uv": [33, 30], "uv_size": [0.5, 0.5]},
								"down": {"uv": [34, 0.5], "uv_size": [0.5, -0.5]}
							}
						},
						{
							"origin": [-0.31066, 0.0625, 3.125],
							"size": [0.62132, 1.5, 0.25],
							"pivot": [0, 0.8125, 2.875],
							"rotation": [0, 0, 45],
							"uv": {
								"up": {"uv": [2, 34], "uv_size": [0.5, 0.5]},
								"down": {"uv": [34, 2.5], "uv_size": [0.5, -0.5]}
							}
						},
						{
							"origin": [-1, 0.39829, -4.125],
							"size": [0.25, 0.82842, 2.25],
							"pivot": [0, 0.8125, -3.375],
							"rotation": [0, 0, 45],
							"uv": {
								"north": {"uv": [24, 11], "uv_size": [0.5, 1]},
								"east": {"uv": [2, 8], "uv_size": [2.5, 1]},
								"south": {"uv": [14, 24], "uv_size": [0.5, 1]},
								"west": {"uv": [6, 8], "uv_size": [2.5, 1]},
								"down": {"uv": [18, 21.5], "uv_size": [0.5, -2.5]}
							}
						},
						{
							"origin": [0.75, 0.39829, -3.875],
							"size": [0.25, 0.82842, 2],
							"uv": {
								"north": {"uv": [20, 24], "uv_size": [0.5, 1]},
								"east": {"uv": [14, 8], "uv_size": [2, 1]},
								"south": {"uv": [24, 23], "uv_size": [0.5, 1]},
								"west": {"uv": [14, 10], "uv_size": [2, 1]}
							}
						},
						{
							"origin": [0.75, 1.08579, -4.125],
							"size": [0.25, 0.14092, 0.25],
							"uv": {
								"north": {"uv": [34, 4], "uv_size": [0.5, 0.5]},
								"east": {"uv": [34, 6], "uv_size": [0.5, 0.5]},
								"west": {"uv": [8, 34], "uv_size": [0.5, 0.5]}
							}
						},
						{
							"origin": [0.75, 1.08557, -4.125],
							"size": [0.25, 0.26614, 0.73154],
							"pivot": [1, 1.08579, -4.125],
							"rotation": [-70, 0, 0],
							"uv": {
								"north": {"uv": [34, 8], "uv_size": [0.5, 0.5]},
								"east": {"uv": [34, 10], "uv_size": [0.5, 0.5]},
								"west": {"uv": [12, 34], "uv_size": [0.5, 0.5]},
								"up": {"uv": [34, 12], "uv_size": [0.5, 0.5]},
								"down": {"uv": [34, 14.5], "uv_size": [0.5, -0.5]}
							}
						},
						{
							"origin": [-1, 1.08557, -4.125],
							"size": [0.25, 0.26614, 0.73154],
							"pivot": [-1, 1.08579, -4.125],
							"rotation": [-70, 0, 0],
							"uv": {
								"north": {"uv": [18, 34], "uv_size": [0.5, 0.5]},
								"east": {"uv": [34, 22], "uv_size": [0.5, 0.5]},
								"west": {"uv": [34, 24], "uv_size": [0.5, 0.5]},
								"up": {"uv": [26, 34], "uv_size": [0.5, 0.5]},
								"down": {"uv": [34, 26.5], "uv_size": [0.5, -0.5]}
							}
						},
						{
							"origin": [-1, 1.08579, -4.125],
							"size": [0.25, 0.14092, 0.25],
							"uv": {
								"north": {"uv": [28, 34], "uv_size": [0.5, 0.5]},
								"east": {"uv": [34, 28], "uv_size": [0.5, 0.5]},
								"west": {"uv": [30, 34], "uv_size": [0.5, 0.5]}
							}
						},
						{
							"origin": [0.75, 0.39829, -3.875],
							"size": [0.25, 0.82842, 2],
							"pivot": [0, 0.8125, -3.375],
							"rotation": [0, 0, 45],
							"uv": {
								"north": {"uv": [0, 25], "uv_size": [0.5, 1]},
								"east": {"uv": [15, 0], "uv_size": [2, 1]},
								"south": {"uv": [4, 25], "uv_size": [0.5, 1]},
								"west": {"uv": [15, 2], "uv_size": [2, 1]}
							}
						},
						{
							"origin": [-0.41421, 1.5625, -4.125],
							"size": [0.82842, 0.25, 2.25],
							"uv": {
								"north": {"uv": [6, 25], "uv_size": [1, 0.5]},
								"south": {"uv": [11, 25], "uv_size": [1, 0.5]},
								"up": {"uv": [2, 10], "uv_size": [1, 2.5]},
								"down": {"uv": [4, 12.5], "uv_size": [1, -2.5]}
							}
						},
						{
							"origin": [-0.41421, 1.5625, -4.125],
							"size": [0.82842, 0.25, 2.25],
							"pivot": [0, 0.8125, -3.375],
							"rotation": [0, 0, 45],
							"uv": {
								"north": {"uv": [16, 25], "uv_size": [1, 0.5]},
								"south": {"uv": [25, 17], "uv_size": [1, 0.5]},
								"west": {"uv": [20, 2], "uv_size": [2.5, 0.5]},
								"up": {"uv": [6, 10], "uv_size": [1, 2.5]},
								"down": {"uv": [10, 8.5], "uv_size": [1, -2.5]}
							}
						},
						{
							"origin": [-0.41421, -0.1875, -3.875],
							"size": [0.82842, 0.25, 2],
							"uv": {
								"north": {"uv": [18, 25], "uv_size": [1, 0.5]},
								"south": {"uv": [25, 19], "uv_size": [1, 0.5]},
								"up": {"uv": [0, 15], "uv_size": [1, 2]},
								"down": {"uv": [12, 17], "uv_size": [1, -2]}
							}
						},
						{
							"origin": [-0.41421, -0.1875, -3.875],
							"size": [0.82842, 0.25, 2],
							"pivot": [0, 0.8125, -3.375],
							"rotation": [0, 0, 45],
							"uv": {
								"north": {"uv": [25, 21], "uv_size": [1, 0.5]},
								"south": {"uv": [22, 25], "uv_size": [1, 0.5]},
								"up": {"uv": [15, 12], "uv_size": [1, 2]},
								"down": {"uv": [14, 17], "uv_size": [1, -2]}
							}
						},
						{
							"origin": [-0.75, 0.3125, -3.625],
							"size": [1.5, 1, 0],
							"pivot": [0, 0.8125, -3.125],
							"rotation": [0, 0, 45],
							"uv": {
								"north": {"uv": [18, 17], "uv_size": [1.5, 1]},
								"south": {"uv": [19, 5], "uv_size": [1.5, 1]}
							}
						},
						{
							"origin": [-0.5625, 1.3125, -3.625],
							"size": [1.125, 0.25, 0],
							"pivot": [0, 0.8125, -3.125],
							"rotation": [0, 0, 45],
							"uv": {
								"north": {"uv": [24, 25], "uv_size": [1, 0.5]},
								"south": {"uv": [26, 0], "uv_size": [1, 0.5]}
							}
						},
						{
							"origin": [-0.5625, 0.0625, -3.625],
							"size": [1.125, 0.25, 0],
							"pivot": [0, 0.8125, -3.125],
							"rotation": [0, 0, 45],
							"uv": {
								"north": {"uv": [2, 26], "uv_size": [1, 0.5]},
								"south": {"uv": [26, 2], "uv_size": [1, 0.5]}
							}
						},
						{
							"origin": [-1, 0.39829, -3.875],
							"size": [0.25, 0.82842, 2],
							"uv": {
								"north": {"uv": [26, 4], "uv_size": [0.5, 1]},
								"east": {"uv": [15, 4], "uv_size": [2, 1]},
								"south": {"uv": [26, 6], "uv_size": [0.5, 1]},
								"west": {"uv": [2, 16], "uv_size": [2, 1]}
							}
						},
						{
							"origin": [-1.25, 0.5, 0.3125],
							"size": [0.5, 0.625, 0.625],
							"pivot": [0, 0.8125, 0.625],
							"rotation": [45, 0, 0],
							"uv": {
								"north": {"uv": [32, 34], "uv_size": [0.5, 0.5]},
								"south": {"uv": [34, 32], "uv_size": [0.5, 0.5]},
								"west": {"uv": [34, 34], "uv_size": [0.5, 0.5]},
								"up": {"uv": [0, 35], "uv_size": [0.5, 0.5]},
								"down": {"uv": [4, 35.5], "uv_size": [0.5, -0.5]}
							}
						},
						{
							"origin": [-1.6875, 0.4375, 0.25],
							"size": [0.5, 0.75, 0.75],
							"pivot": [-0.4375, 0.8125, 0.625],
							"rotation": [45, 0, 0],
							"uv": {
								"north": {"uv": [8, 26], "uv_size": [0.5, 1]},
								"east": {"uv": [8, 6], "uv_size": [1, 1]},
								"south": {"uv": [26, 8], "uv_size": [0.5, 1]},
								"west": {"uv": [20, 19], "uv_size": [1, 1]},
								"up": {"uv": [26, 10], "uv_size": [0.5, 1]},
								"down": {"uv": [26, 13], "uv_size": [0.5, -1]}
							}
						},
						{
							"origin": [-0.3125, 2.4375, 0.625],
							"size": [0.625, 0.25, 0.625],
							"pivot": [0, 2.5625, 0.9375],
							"rotation": [0, -22.5, 0],
							"uv": {
								"north": {"uv": [6, 35], "uv_size": [0.5, 0.5]},
								"east": {"uv": [10, 35], "uv_size": [0.5, 0.5]},
								"south": {"uv": [14, 35], "uv_size": [0.5, 0.5]},
								"west": {"uv": [16, 35], "uv_size": [0.5, 0.5]},
								"up": {"uv": [35, 16], "uv_size": [0.5, 0.5]},
								"down": {"uv": [35, 18.5], "uv_size": [0.5, -0.5]}
							}
						},
						{
							"origin": [-0.20711, 1.125, 0.4375],
							"size": [0.41422, 1, 1],
							"pivot": [0, 1.625, 0.9375],
							"rotation": [0, -45, 0],
							"uv": {
								"north": {"uv": [13, 26], "uv_size": [0.5, 1]},
								"south": {"uv": [26, 14], "uv_size": [0.5, 1]},
								"up": {"uv": [20, 26], "uv_size": [0.5, 1]},
								"down": {"uv": [26, 24], "uv_size": [0.5, -1]}
							}
						},
						{
							"origin": [-0.20711, 1.125, 0.4375],
							"size": [0.41422, 1, 1],
							"uv": {
								"north": {"uv": [26, 25], "uv_size": [0.5, 1]},
								"south": {"uv": [0, 27], "uv_size": [0.5, 1]},
								"up": {"uv": [4, 27], "uv_size": [0.5, 1]}
							}
						},
						{
							"origin": [-0.5, 1.125, 0.73039],
							"size": [1, 1, 0.41422],
							"pivot": [0, 1.625, 0.9375],
							"rotation": [0, -45, 0],
							"uv": {
								"east": {"uv": [6, 27], "uv_size": [0.5, 1]},
								"west": {"uv": [10, 27], "uv_size": [0.5, 1]},
								"up": {"uv": [15, 27], "uv_size": [1, 0.5]},
								"down": {"uv": [27, 16.5], "uv_size": [1, -0.5]}
							}
						},
						{
							"origin": [-0.25888, 1.4375, 1],
							"size": [0.51776, 1.25, 0.3125],
							"pivot": [0, 2.0625, 0.9375],
							"rotation": [90, -45, 0],
							"uv": {
								"north": {"uv": [21, 13], "uv_size": [0.5, 1.5]},
								"east": {"uv": [21, 16], "uv_size": [0.5, 1.5]},
								"south": {"uv": [20, 21], "uv_size": [0.5, 1.5]},
								"west": {"uv": [0, 22], "uv_size": [0.5, 1.5]},
								"up": {"uv": [20, 35], "uv_size": [0.5, 0.5]},
								"down": {"uv": [35, 20.5], "uv_size": [0.5, -0.5]}
							}
						},
						{
							"origin": [-0.25888, 1.4375, 1],
							"size": [0.51776, 1.25, 0.3125],
							"pivot": [0, 2.0625, 0.9375],
							"rotation": [90, 0, 0],
							"uv": {
								"north": {"uv": [22, 4], "uv_size": [0.5, 1.5]},
								"east": {"uv": [5, 22], "uv_size": [0.5, 1.5]},
								"south": {"uv": [7, 22], "uv_size": [0.5, 1.5]},
								"west": {"uv": [12, 22], "uv_size": [0.5, 1.5]},
								"up": {"uv": [22, 35], "uv_size": [0.5, 0.5]},
								"down": {"uv": [24, 35.5], "uv_size": [0.5, -0.5]}
							}
						},
						{
							"origin": [-0.625, 1.80362, 1],
							"size": [1.25, 0.51776, 0.3125],
							"pivot": [0, 2.0625, 0.9375],
							"rotation": [90, 0, 0],
							"uv": {
								"north": {"uv": [14, 22], "uv_size": [1.5, 0.5]},
								"east": {"uv": [35, 30], "uv_size": [0.5, 0.5]},
								"south": {"uv": [22, 19], "uv_size": [1.5, 0.5]},
								"west": {"uv": [36, 0], "uv_size": [0.5, 0.5]},
								"up": {"uv": [22, 21], "uv_size": [1.5, 0.5]},
								"down": {"uv": [23, 7.5], "uv_size": [1.5, -0.5]}
							}
						},
						{
							"origin": [-0.625, 1.80362, 1],
							"size": [1.25, 0.51776, 0.3125],
							"pivot": [0, 2.0625, 0.9375],
							"rotation": [90, -45, 0],
							"uv": {
								"north": {"uv": [23, 9], "uv_size": [1.5, 0.5]},
								"east": {"uv": [2, 36], "uv_size": [0.5, 0.5]},
								"south": {"uv": [23, 13], "uv_size": [1.5, 0.5]},
								"west": {"uv": [36, 2], "uv_size": [0.5, 0.5]},
								"up": {"uv": [23, 15], "uv_size": [1.5, 0.5]},
								"down": {"uv": [17, 23.5], "uv_size": [1.5, -0.5]}
							}
						},
						{
							"origin": [-0.5, 1.125, 0.73039],
							"size": [1, 1, 0.41422],
							"uv": {
								"east": {"uv": [17, 27], "uv_size": [0.5, 1]},
								"west": {"uv": [27, 18], "uv_size": [0.5, 1]},
								"up": {"uv": [27, 20], "uv_size": [1, 0.5]}
							}
						}
					]
				},
				{
					"name": "mount",
					"parent": "scope_body",
					"pivot": [8, -11, -11.5],
					"cubes": [
						{
							"origin": [0.89182, -3.8571, -0.70962],
							"size": [0.44591, 1.50494, 1.56069],
							"uv": {
								"north": {"uv": [13, 21], "uv_size": [0.5, 1.5]},
								"east": {"uv": [20, 10], "uv_size": [1.5, 1.5]},
								"south": {"uv": [4, 22], "uv_size": [0.5, 1.5]},
								"west": {"uv": [16, 21], "uv_size": [1.5, 1.5]},
								"up": {"uv": [6, 22], "uv_size": [0.5, 1.5]},
								"down": {"uv": [22, 7.5], "uv_size": [0.5, -1.5]}
							}
						},
						{
							"origin": [0.89182, -3.18824, 0.85107],
							"size": [0.44591, 0.83608, 1.78364],
							"uv": {
								"north": {"uv": [9, 6], "uv_size": [0.5, 1]},
								"east": {"uv": [7, 1], "uv_size": [2, 1]},
								"south": {"uv": [8, 9], "uv_size": [0.5, 1]},
								"west": {"uv": [2, 7], "uv_size": [2, 1]},
								"up": {"uv": [12, 8], "uv_size": [0.5, 2]},
								"down": {"uv": [9, 7], "uv_size": [0.5, -1]}
							}
						},
						{
							"origin": [0.89182, -3.8571, 0.85107],
							"size": [0.22295, 0.66886, 1.78364],
							"uv": {
								"north": {"uv": [9, 6], "uv_size": [0.5, 1]},
								"east": {"uv": [9, 1], "uv_size": [2, 0.5]},
								"south": {"uv": [22, 20], "uv_size": [0.5, 0.5]},
								"west": {"uv": [12, 2], "uv_size": [2, 0.5]},
								"up": {"uv": [9, 6], "uv_size": [0.5, 1]},
								"down": {"uv": [1, 18], "uv_size": [0.5, -2]}
							}
						},
						{
							"origin": [1.11477, 0.48695, -0.02972],
							"size": [0.22296, 0.83608, 0.44591],
							"inflate": -0.0001,
							"pivot": [0.04329, -2.16385, -4.49863],
							"rotation": [-45, 0, 0],
							"uv": {
								"north": {"uv": [9, 6], "uv_size": [0.5, 1]},
								"east": {"uv": [0, 11], "uv_size": [0.5, 1]},
								"south": {"uv": [11, 9], "uv_size": [0.5, 1]},
								"west": {"uv": [12, 5], "uv_size": [0.5, 1]},
								"up": {"uv": [9, 6], "uv_size": [0.5, 1]},
								"down": {"uv": [9, 7], "uv_size": [0.5, -1]}
							}
						},
						{
							"origin": [0.89182, -3.8571, -2.2703],
							"size": [0.22295, 0.66886, 1.56068],
							"uv": {
								"north": {"uv": [22, 22], "uv_size": [0.5, 0.5]},
								"east": {"uv": [14, 5], "uv_size": [1.5, 0.5]},
								"south": {"uv": [9, 6], "uv_size": [0.5, 1]},
								"west": {"uv": [14, 7], "uv_size": [1.5, 0.5]},
								"up": {"uv": [9, 6], "uv_size": [0.5, 1]},
								"down": {"uv": [8, 23.5], "uv_size": [0.5, -1.5]}
							}
						},
						{
							"origin": [0.89182, -3.18824, -2.2703],
							"size": [0.44591, 0.83608, 1.56068],
							"uv": {
								"north": {"uv": [8, 12], "uv_size": [0.5, 1]},
								"east": {"uv": [6, 7], "uv_size": [1.5, 1]},
								"south": {"uv": [9, 6], "uv_size": [0.5, 1]},
								"west": {"uv": [8, 7], "uv_size": [1.5, 1]},
								"up": {"uv": [22, 8], "uv_size": [0.5, 1.5]},
								"down": {"uv": [9, 7], "uv_size": [0.5, -1]}
							}
						},
						{
							"origin": [1.11477, -0.61662, -1.52347],
							"size": [0.22296, 0.44591, 0.83609],
							"inflate": -0.0001,
							"pivot": [0.04329, -2.16385, -4.49863],
							"rotation": [-45, 0, 0],
							"uv": {
								"north": {"uv": [9, 6], "uv_size": [0.5, 1]},
								"east": {"uv": [10, 12], "uv_size": [1, 0.5]},
								"south": {"uv": [9, 6], "uv_size": [0.5, 1]},
								"west": {"uv": [12, 12], "uv_size": [1, 0.5]},
								"up": {"uv": [9, 6], "uv_size": [0.5, 1]},
								"down": {"uv": [2, 14], "uv_size": [0.5, -1]}
							}
						},
						{
							"origin": [-0.08681, -3.80351, -2.2703],
							"size": [0.32105, 0.32105, 4.90501],
							"pivot": [0.04329, -2.16385, -4.49863],
							"rotation": [0, 0, -45],
							"uv": {
								"north": {"uv": [23, 0], "uv_size": [0.5, 0.5]},
								"east": {"uv": [6, 3], "uv_size": [5, 0.5]},
								"south": {"uv": [2, 23], "uv_size": [0.5, 0.5]},
								"west": {"uv": [9, 6], "uv_size": [0.5, 1]},
								"up": {"uv": [3, 9], "uv_size": [0.5, 5]},
								"down": {"uv": [15, 20], "uv_size": [0.5, -5]}
							}
						},
						{
							"origin": [1.0033, -4.28873, -3.08201],
							"size": [0.32049, 2.34102, 0.44591],
							"pivot": [0.04329, -2.16385, -4.49863],
							"rotation": [45, 0, 0],
							"uv": {
								"north": {"uv": [10, 9], "uv_size": [0.5, 2.5]},
								"east": {"uv": [14, 2], "uv_size": [0.5, 2.5]},
								"south": {"uv": [14, 11], "uv_size": [0.5, 2.5]},
								"west": {"uv": [13, 15], "uv_size": [0.5, 2.5]},
								"up": {"uv": [23, 2], "uv_size": [0.5, 0.5]},
								"down": {"uv": [23, 4.5], "uv_size": [0.5, -0.5]}
							}
						},
						{
							"origin": [1.01723, -1.32179, -1.49457],
							"size": [0.3205, 2.00659, 0.44591],
							"inflate": -0.0001,
							"pivot": [0.04329, -2.16385, -4.49863],
							"rotation": [-22.5, 0, 0],
							"uv": {
								"north": {"uv": [18, 12], "uv_size": [0.5, 2]},
								"east": {"uv": [17, 19], "uv_size": [0.5, 2]},
								"south": {"uv": [20, 12], "uv_size": [0.5, 2]},
								"west": {"uv": [14, 20], "uv_size": [0.5, 2]},
								"up": {"uv": [9, 6], "uv_size": [0.5, 1]},
								"down": {"uv": [9, 7], "uv_size": [0.5, -1]}
							}
						},
						{
							"origin": [1.01723, -6.83706, -0.69692],
							"size": [0.3205, 2.39676, 0.44591],
							"inflate": -0.0001,
							"pivot": [0.04329, -2.16385, -4.62363],
							"rotation": [45, 0, 0],
							"uv": {
								"north": {"uv": [2, 17], "uv_size": [0.5, 2.5]},
								"east": {"uv": [17, 2], "uv_size": [0.5, 2.5]},
								"south": {"uv": [7, 17], "uv_size": [0.5, 2.5]},
								"west": {"uv": [14, 17], "uv_size": [0.5, 2.5]},
								"up": {"uv": [9, 6], "uv_size": [0.5, 1]},
								"down": {"uv": [9, 7], "uv_size": [0.5, -1]}
							}
						},
						{
							"origin": [1.01723, -0.25332, 1.49882],
							"size": [0.3205, 2.28529, 0.44591],
							"inflate": -0.0001,
							"pivot": [0.04329, -2.16385, -4.74863],
							"rotation": [-22.5, 0, 0],
							"uv": {
								"north": {"uv": [17, 16], "uv_size": [0.5, 2.5]},
								"east": {"uv": [2, 20], "uv_size": [0.5, 2.5]},
								"south": {"uv": [20, 15], "uv_size": [0.5, 2.5]},
								"west": {"uv": [21, 4], "uv_size": [0.5, 2.5]},
								"up": {"uv": [23, 6], "uv_size": [0.5, 0.5]},
								"down": {"uv": [9, 7], "uv_size": [0.5, -1]}
							}
						},
						{
							"origin": [1.0033, -1.01607, -0.63311],
							"size": [0.33443, 0.33443, 0.83608],
							"uv": {
								"north": {"uv": [23, 8], "uv_size": [0.5, 0.5]},
								"east": {"uv": [6, 13], "uv_size": [1, 0.5]},
								"south": {"uv": [23, 10], "uv_size": [0.5, 0.5]},
								"west": {"uv": [0, 14], "uv_size": [1, 0.5]},
								"up": {"uv": [9, 6], "uv_size": [0.5, 1]},
								"down": {"uv": [14, 1], "uv_size": [0.5, -1]}
							}
						},
						{
							"origin": [1.0033, -0.84885, 2.62843],
							"size": [0.33443, 0.16721, 0.41247],
							"uv": {
								"north": {"uv": [11, 23], "uv_size": [0.5, 0.5]},
								"east": {"uv": [23, 11], "uv_size": [0.5, 0.5]},
								"south": {"uv": [23, 12], "uv_size": [0.5, 0.5]},
								"west": {"uv": [13, 23], "uv_size": [0.5, 0.5]},
								"up": {"uv": [9, 6], "uv_size": [0.5, 1]},
								"down": {"uv": [14, 23.5], "uv_size": [0.5, -0.5]}
							}
						},
						{
							"origin": [1.0033, -1.01607, -3.643],
							"size": [0.33443, 0.33443, 0.50165],
							"uv": {
								"north": {"uv": [23, 14], "uv_size": [0.5, 0.5]},
								"east": {"uv": [15, 23], "uv_size": [0.5, 0.5]},
								"south": {"uv": [16, 23], "uv_size": [0.5, 0.5]},
								"west": {"uv": [23, 16], "uv_size": [0.5, 0.5]},
								"up": {"uv": [9, 6], "uv_size": [0.5, 1]},
								"down": {"uv": [23, 18.5], "uv_size": [0.5, -0.5]}
							}
						},
						{
							"origin": [1.67225, -2.03108, 2.62843],
							"size": [0.33443, 1.16887, 0.41247],
							"pivot": [0.04329, -2.16385, -4.74863],
							"rotation": [0, 0, -45],
							"uv": {
								"north": {"uv": [20, 23], "uv_size": [0.5, 0.5]},
								"east": {"uv": [23, 20], "uv_size": [0.5, 0.5]},
								"south": {"uv": [23, 22], "uv_size": [0.5, 0.5]},
								"west": {"uv": [23, 23], "uv_size": [0.5, 0.5]},
								"up": {"uv": [9, 6], "uv_size": [0.5, 1]},
								"down": {"uv": [0, 24.5], "uv_size": [0.5, -0.5]}
							}
						},
						{
							"origin": [1.67225, -2.03108, -0.63311],
							"size": [0.33443, 1.16887, 0.83608],
							"pivot": [0.04329, -2.16385, -4.49863],
							"rotation": [0, 0, -45],
							"uv": {
								"north": {"uv": [4, 24], "uv_size": [0.5, 0.5]},
								"east": {"uv": [15, 3], "uv_size": [1, 0.5]},
								"south": {"uv": [5, 24], "uv_size": [0.5, 0.5]},
								"west": {"uv": [5, 15], "uv_size": [1, 0.5]},
								"up": {"uv": [9, 6], "uv_size": [0.5, 1]},
								"down": {"uv": [9, 7], "uv_size": [0.5, -1]}
							}
						},
						{
							"origin": [1.67225, -2.03108, -3.643],
							"size": [0.33443, 1.16887, 0.50165],
							"pivot": [0.04329, -2.16385, -4.49863],
							"rotation": [0, 0, -45],
							"uv": {
								"north": {"uv": [6, 24], "uv_size": [0.5, 0.5]},
								"east": {"uv": [24, 6], "uv_size": [0.5, 0.5]},
								"south": {"uv": [7, 24], "uv_size": [0.5, 0.5]},
								"west": {"uv": [8, 24], "uv_size": [0.5, 0.5]},
								"up": {"uv": [9, 6], "uv_size": [0.5, 1]},
								"down": {"uv": [9, 7], "uv_size": [0.5, -1]}
							}
						},
						{
							"origin": [0.45432, -4.1358, -0.20797],
							"size": [0.88341, 0.2787, 0.39017],
							"uv": {
								"north": {"uv": [6, 15], "uv_size": [1, 0.5]},
								"east": {"uv": [24, 8], "uv_size": [0.5, 0.5]},
								"south": {"uv": [9, 6], "uv_size": [0.5, 1]},
								"west": {"uv": [10, 24], "uv_size": [0.5, 0.5]},
								"up": {"uv": [8, 15], "uv_size": [1, 0.5]},
								"down": {"uv": [10, 15.5], "uv_size": [1, -0.5]}
							}
						},
						{
							"origin": [0.45432, -4.02432, -1.09979],
							"size": [0.88341, 0.16722, 1.05904],
							"uv": {
								"north": {"uv": [15, 11], "uv_size": [1, 0.5]},
								"east": {"uv": [16, 3], "uv_size": [1, 0.5]},
								"south": {"uv": [9, 6], "uv_size": [0.5, 1]},
								"west": {"uv": [16, 13], "uv_size": [1, 0.5]},
								"up": {"uv": [0, 5], "uv_size": [1, 1]},
								"down": {"uv": [4, 8], "uv_size": [1, -1]}
							}
						},
						{
							"origin": [0.45432, -2.34373, -0.10762],
							"size": [0.88341, 0.11148, 0.32767],
							"pivot": [0.04329, -2.16385, -4.49863],
							"rotation": [-22.5, 0, 0],
							"uv": {
								"north": {"uv": [9, 6], "uv_size": [0.5, 1]},
								"east": {"uv": [24, 10], "uv_size": [0.5, 0.5]},
								"south": {"uv": [16, 16], "uv_size": [1, 0.5]},
								"west": {"uv": [11, 24], "uv_size": [0.5, 0.5]},
								"up": {"uv": [9, 6], "uv_size": [0.5, 1]},
								"down": {"uv": [0, 17.5], "uv_size": [1, -0.5]}
							}
						},
						{
							"origin": [0.45432, -4.05048, 0.1741],
							"size": [0.88341, 0.19847, 0.21409],
							"uv": {
								"north": {"uv": [17, 0], "uv_size": [1, 0.5]},
								"east": {"uv": [12, 24], "uv_size": [0.5, 0.5]},
								"south": {"uv": [3, 17], "uv_size": [1, 0.5]},
								"west": {"uv": [24, 12], "uv_size": [0.5, 0.5]},
								"up": {"uv": [5, 17], "uv_size": [1, 0.5]},
								"down": {"uv": [17, 5.5], "uv_size": [1, -0.5]}
							}
						},
						{
							"origin": [0.45432, -5.77697, -0.92874],
							"size": [0.88341, 0.16722, 0.22296],
							"pivot": [0.04329, -2.16385, -4.49863],
							"rotation": [22.5, 0, 0],
							"uv": {
								"north": {"uv": [9, 6], "uv_size": [0.5, 1]},
								"east": {"uv": [13, 24], "uv_size": [0.5, 0.5]},
								"south": {"uv": [9, 6], "uv_size": [0.5, 1]},
								"west": {"uv": [24, 14], "uv_size": [0.5, 0.5]},
								"up": {"uv": [9, 6], "uv_size": [0.5, 1]},
								"down": {"uv": [6, 17.5], "uv_size": [1, -0.5]}
							}
						},
						{
							"origin": [0.89182, -4.08006, -0.15223],
							"size": [0.50165, 0.11148, 0.11148],
							"pivot": [1.14264, -4.02432, -0.09649],
							"rotation": [45, 0, 0],
							"uv": {
								"north": {"uv": [15, 24], "uv_size": [0.5, 0.5]},
								"east": {"uv": [16, 24], "uv_size": [0.5, 0.5]},
								"south": {"uv": [24, 16], "uv_size": [0.5, 0.5]},
								"west": {"uv": [17, 24], "uv_size": [0.5, 0.5]},
								"up": {"uv": [24, 17], "uv_size": [0.5, 0.5]},
								"down": {"uv": [18, 24.5], "uv_size": [0.5, -0.5]}
							}
						},
						{
							"origin": [0.50165, -4.02432, 0.25188],
							"size": [0.89182, 0.11148, 0.11148],
							"pivot": [0.94756, -3.96858, 0.30762],
							"rotation": [45, 0, 0],
							"uv": {
								"north": {"uv": [8, 17], "uv_size": [1, 0.5]},
								"east": {"uv": [24, 18], "uv_size": [0.5, 0.5]},
								"south": {"uv": [17, 10], "uv_size": [1, 0.5]},
								"west": {"uv": [24, 19], "uv_size": [0.5, 0.5]},
								"up": {"uv": [12, 17], "uv_size": [1, 0.5]},
								"down": {"uv": [17, 13.5], "uv_size": [1, -0.5]}
							}
						}
					]
				},
				{
					"name": "ocular_ring",
					"pivot": [0, 0.8125, 3.5],
					"cubes": [
						{
							"origin": [-0.38833, -0.125, 3.3125],
							"size": [0.77666, 0.25, 0.375],
							"pivot": [0, 0.8125, 3.8125],
							"rotation": [0, 0, 45],
							"uv": {
								"north": {"uv": [22, 27], "uv_size": [1, 0.5]},
								"south": {"uv": [24, 27], "uv_size": [1, 0.5]},
								"up": {"uv": [26, 27], "uv_size": [1, 0.5]},
								"down": {"uv": [28, 0.5], "uv_size": [1, -0.5]}
							}
						},
						{
							"origin": [-0.38833, -0.125, 3.3125],
							"size": [0.77666, 0.25, 0.375],
							"uv": {
								"north": {"uv": [2, 28], "uv_size": [1, 0.5]},
								"south": {"uv": [28, 2], "uv_size": [1, 0.5]},
								"up": {"uv": [28, 4], "uv_size": [1, 0.5]},
								"down": {"uv": [28, 6.5], "uv_size": [1, -0.5]}
							}
						},
						{
							"origin": [-0.38833, 1.5, 3.3125],
							"size": [0.77666, 0.25, 0.375],
							"pivot": [0, 0.8125, 3.8125],
							"rotation": [0, 0, 45],
							"uv": {
								"north": {"uv": [8, 28], "uv_size": [1, 0.5]},
								"south": {"uv": [28, 8], "uv_size": [1, 0.5]},
								"up": {"uv": [28, 10], "uv_size": [1, 0.5]},
								"down": {"uv": [12, 28.5], "uv_size": [1, -0.5]}
							}
						},
						{
							"origin": [-0.38833, 1.5, 3.3125],
							"size": [0.77666, 0.25, 0.375],
							"uv": {
								"north": {"uv": [28, 12], "uv_size": [1, 0.5]},
								"south": {"uv": [28, 14], "uv_size": [1, 0.5]},
								"up": {"uv": [19, 28], "uv_size": [1, 0.5]},
								"down": {"uv": [28, 22.5], "uv_size": [1, -0.5]}
							}
						},
						{
							"origin": [-0.13833, 1.5, 3.3125],
							"size": [0.27666, 0.25, 0.375],
							"pivot": [0, 0.8125, 3.8125],
							"rotation": [0, 0, -22.5],
							"uv": {
								"north": {"uv": [36.5, 6], "uv_size": [0.5, 0.5]},
								"south": {"uv": [36.5, 8], "uv_size": [0.5, 0.5]},
								"down": {"uv": [36.5, 9.5], "uv_size": [0.5, -0.5]}
							}
						},
						{
							"origin": [-0.13833, 1.5, 3.3125],
							"size": [0.27666, 0.25, 0.375],
							"pivot": [0, 0.8125, 3.8125],
							"rotation": [0, 0, 157.5],
							"uv": {
								"north": {"uv": [38.5, 7], "uv_size": [0.5, 0.5]},
								"south": {"uv": [38.5, 8], "uv_size": [0.5, 0.5]},
								"down": {"uv": [38.5, 9.5], "uv_size": [0.5, -0.5]}
							}
						},
						{
							"origin": [-0.13833, 1.5, 3.3125],
							"size": [0.27666, 0.25, 0.375],
							"pivot": [0, 0.8125, 3.5],
							"rotation": [0, 0, 112.5],
							"uv": {
								"north": {"uv": [40.5, 6], "uv_size": [0.5, 0.5]},
								"south": {"uv": [36.5, 11], "uv_size": [0.5, 0.5]},
								"down": {"uv": [37.5, 11.5], "uv_size": [0.5, -0.5]}
							}
						},
						{
							"origin": [-0.13833, 1.5, 3.3125],
							"size": [0.27666, 0.25, 0.375],
							"pivot": [0, 0.8125, 3.5],
							"rotation": [0, 0, -67.5],
							"uv": {
								"north": {"uv": [36.5, 10], "uv_size": [0.5, 0.5]},
								"south": {"uv": [38.5, 10], "uv_size": [0.5, 0.5]},
								"down": {"uv": [35.5, 11.5], "uv_size": [0.5, -0.5]}
							}
						},
						{
							"origin": [-0.13833, 1.5, 3.3125],
							"size": [0.27666, 0.25, 0.375],
							"pivot": [0, 0.8125, 3.5],
							"rotation": [0, 0, 67.5],
							"uv": {
								"north": {"uv": [39.5, 11], "uv_size": [0.5, 0.5]},
								"south": {"uv": [40.5, 10], "uv_size": [0.5, 0.5]},
								"down": {"uv": [40.5, 11.5], "uv_size": [0.5, -0.5]}
							}
						},
						{
							"origin": [-0.13833, 1.5, 3.3125],
							"size": [0.27666, 0.25, 0.375],
							"pivot": [0, 0.8125, 3.5],
							"rotation": [0, 0, -112.5],
							"uv": {
								"north": {"uv": [40.5, 8], "uv_size": [0.5, 0.5]},
								"south": {"uv": [38.5, 11], "uv_size": [0.5, 0.5]},
								"down": {"uv": [40.5, 9.5], "uv_size": [0.5, -0.5]}
							}
						},
						{
							"origin": [-0.13833, 1.5, 3.3125],
							"size": [0.27666, 0.25, 0.375],
							"pivot": [0, 0.8125, 3.5],
							"rotation": [0, 0, 22.5],
							"uv": {
								"north": {"uv": [36.5, 13], "uv_size": [0.5, 0.5]},
								"south": {"uv": [42.5, 7], "uv_size": [0.5, 0.5]},
								"down": {"uv": [37.5, 13.5], "uv_size": [0.5, -0.5]}
							}
						},
						{
							"origin": [-0.13833, 1.5, 3.3125],
							"size": [0.27666, 0.25, 0.375],
							"pivot": [0, 0.8125, 3.5],
							"rotation": [0, 0, -157.5],
							"uv": {
								"north": {"uv": [36.5, 12], "uv_size": [0.5, 0.5]},
								"south": {"uv": [41.5, 9], "uv_size": [0.5, 0.5]},
								"down": {"uv": [41.5, 11.5], "uv_size": [0.5, -0.5]}
							}
						},
						{
							"origin": [0.6875, 0.42417, 3.3125],
							"size": [0.25, 0.77666, 0.375],
							"pivot": [0, 0.8125, 3.8125],
							"rotation": [0, 0, 45],
							"uv": {
								"north": {"uv": [28, 24], "uv_size": [0.5, 1]},
								"east": {"uv": [28, 26], "uv_size": [0.5, 1]},
								"south": {"uv": [28, 28], "uv_size": [0.5, 1]},
								"west": {"uv": [0, 29], "uv_size": [0.5, 1]}
							}
						},
						{
							"origin": [0.6875, 0.42417, 3.3125],
							"size": [0.25, 0.77666, 0.375],
							"uv": {
								"north": {"uv": [4, 29], "uv_size": [0.5, 1]},
								"east": {"uv": [6, 29], "uv_size": [0.5, 1]},
								"south": {"uv": [10, 29], "uv_size": [0.5, 1]},
								"west": {"uv": [14, 29], "uv_size": [0.5, 1]}
							}
						},
						{
							"origin": [-0.9375, 0.42417, 3.3125],
							"size": [0.25, 0.77666, 0.375],
							"pivot": [0, 0.8125, 3.8125],
							"rotation": [0, 0, 45],
							"uv": {
								"north": {"uv": [16, 29], "uv_size": [0.5, 1]},
								"east": {"uv": [29, 16], "uv_size": [0.5, 1]},
								"south": {"uv": [29, 18], "uv_size": [0.5, 1]},
								"west": {"uv": [29, 20], "uv_size": [0.5, 1]}
							}
						},
						{
							"origin": [-0.9375, 0.42417, 3.3125],
							"size": [0.25, 0.77666, 0.375],
							"uv": {
								"north": {"uv": [21, 29], "uv_size": [0.5, 1]},
								"east": {"uv": [23, 29], "uv_size": [0.5, 1]},
								"south": {"uv": [25, 29], "uv_size": [0.5, 1]},
								"west": {"uv": [30, 0], "uv_size": [0.5, 1]}
							}
						}
					]
				},
				{
					"name": "ocular",
					"pivot": [0, 0.8125, 3.4375],
					"cubes": [
						{
							"origin": [-0.75, 0.3125, 3.4375],
							"size": [1.5, 1, 0],
							"pivot": [0, 0.8125, 2.9375],
							"rotation": [0, 0, 45],
							"uv": {
								"south": {"uv": [5, 1], "uv_size": [1.5, 1]}
							}
						},
						{
							"origin": [-0.5625, 1.3125, 3.4375],
							"size": [1.125, 0.25, 0],
							"pivot": [0, 0.8125, 2.9375],
							"rotation": [0, 0, 45],
							"uv": {
								"south": {"uv": [1, 1], "uv_size": [1, 0.5]}
							}
						},
						{
							"origin": [-0.5625, 0.0625, 3.4375],
							"size": [1.125, 0.25, 0],
							"pivot": [0, 0.8125, 2.9375],
							"rotation": [0, 0, 45],
							"uv": {
								"south": {"uv": [3, 0], "uv_size": [1, 0.5]}
							}
						}
					]
				},
				{
					"name": "division",
					"pivot": [0, -24, -23],
					"cubes": [
						{
							"origin": [-8, -7.1875, -22.375],
							"size": [16, 16, 0],
							"uv": {
								"south": {"uv": [64, 0], "uv_size": [192, 192]}
							}
						},
						{
							"origin": [8, -23.1875, -22.375],
							"size": [24, 48, 0],
							"uv": {
								"south": {"uv": [36, 4], "uv_size": [1.5, 1.5]}
							}
						},
						{
							"origin": [-32, -23.1875, -22.375],
							"size": [24, 48, 0],
							"uv": {
								"south": {"uv": [36, 4], "uv_size": [1.5, 1.5]}
							}
						},
						{
							"origin": [-8, 8.8125, -22.375],
							"size": [16, 16, 0],
							"uv": {
								"south": {"uv": [36, 4], "uv_size": [1.5, 1.5]}
							}
						},
						{
							"origin": [-8, -23.1875, -22.375],
							"size": [16, 16, 0],
							"uv": {
								"south": {"uv": [36, 4], "uv_size": [1.5, 1.5]}
							}
						},
						{
							"origin": [-0.03125, -1.5625, -22.25],
							"size": [0.0625, 4.75, 0],
							"uv": {
								"south": {"uv": [3, 1], "uv_size": [0.5, 2.5]}
							}
						},
						{
							"origin": [-0.03125, -1.5625, -22.25],
							"size": [0.0625, 4.75, 0],
							"pivot": [0, 0.8125, -23.25],
							"rotation": [0, 0, -90],
							"uv": {
								"south": {"uv": [5, 2], "uv_size": [0.5, 2.5]}
							}
						},
						{
							"origin": [-0.15625, -7.25, -22.25],
							"size": [0.3125, 5.625, 0],
							"pivot": [0, 0.8125, -22.25],
							"rotation": [0, 0, -90],
							"uv": {
								"south": {"uv": [1, 2], "uv_size": [0.5, 6.5]}
							}
						},
						{
							"origin": [-1.83406, -1.02156, -22.25],
							"size": [0.22097, 0.22097, 0],
							"pivot": [0, 0.8125, -22.25],
							"rotation": [0, 0, -135],
							"uv": {
								"south": {"uv": [1, 0], "uv_size": [0.5, 0.5]}
							}
						},
						{
							"origin": [-0.15625, -7.25, -22.25],
							"size": [0.3125, 5.625, 0],
							"pivot": [0, 0.8125, -22.25],
							"rotation": [0, 0, 90],
							"uv": {
								"south": {"uv": [5, 7], "uv_size": [0.5, 6.5]}
							}
						},
						{
							"origin": [1.61309, -1.02156, -22.25],
							"size": [0.22097, 0.22097, 0],
							"pivot": [0, 0.8125, -22.25],
							"rotation": [0, 0, 135],
							"uv": {
								"south": {"uv": [3, 4], "uv_size": [0.5, 0.5]}
							}
						},
						{
							"origin": [-0.15625, -7.25, -22.25],
							"size": [0.3125, 5.625, 0],
							"uv": {
								"south": {"uv": [1, 9], "uv_size": [0.5, 6.5]}
							}
						},
						{
							"origin": [1.61309, -1.02156, -22.25],
							"size": [0.22097, 0.22097, 0],
							"pivot": [0, 0.8125, -22.25],
							"rotation": [0, 0, 45],
							"uv": {
								"south": {"uv": [5, 0], "uv_size": [0.5, 0.5]}
							}
						},
						{
							"origin": [-1.83406, -1.02156, -22.25],
							"size": [0.22097, 0.22097, 0],
							"pivot": [0, 0.8125, -22.25],
							"rotation": [0, 0, 135],
							"uv": {
								"south": {"uv": [2, 5], "uv_size": [0.5, 0.5]}
							}
						},
						{
							"origin": [-0.15625, -7.25, -22.25],
							"size": [0.3125, 5.625, 0],
							"pivot": [0, 0.8125, -22.25],
							"rotation": [0, 0, -180],
							"uv": {
								"south": {"uv": [7, 9], "uv_size": [0.5, 6.5]}
							}
						}
					]
				},
				{
					"name": "scope_view",
					"pivot": [0, 0.8125, 7.75]
				}
			]
		}
	]
}