{
	"format_version": "1.21.0",
	"minecraft:geometry": [
		{
			"description": {
				"identifier": "geometry.unknown",
				"texture_width": 64,
				"texture_height": 64,
				"visible_bounds_width": 13,
				"visible_bounds_height": 9,
				"visible_bounds_offset": [0, 0.5, 0]
			},
			"bones": [
				{
					"name": "scope_body",
					"pivot": [0.1132, -0.10304, 2.3339],
					"cubes": [
						{
							"origin": [1.55159, -0.96339, -1.78952],
							"size": [0, 0.28125, 0.95625],
							"uv": {
								"west": {"uv": [0, 0], "uv_size": [8.5, 2.5]}
							}
						},
						{
							"origin": [1.52909, -0.98589, -1.76702],
							"size": [0, 0.28125, 0.95625],
							"uv": {
								"west": {"uv": [0, 2.5], "uv_size": [8.5, 2.5]}
							}
						}
					]
				},
				{
					"name": "scope",
					"parent": "scope_body",
					"pivot": [0.3632, -0.93804, 0.09796],
					"cubes": [
						{
							"origin": [-2.6365, -0.12253, 0.05817],
							"size": [0.85293, 2.05918, 2.69998],
							"inflate": 0.0001,
							"pivot": [-1.27309, -2.12781, 2.35298],
							"rotation": [0, 0, 45],
							"uv": {
								"north": {"uv": [1, 14], "uv_size": [1, 2.5]},
								"east": {"uv": [0, 0], "uv_size": [3, 2.5]},
								"south": {"uv": [9, 14], "uv_size": [1, 2.5]},
								"west": {"uv": [0, 3], "uv_size": [3, 2.5]},
								"up": {"uv": [10, 13], "uv_size": [1, 3]},
								"down": {"uv": [11, 16], "uv_size": [1, -3]}
							}
						},
						{
							"origin": [-0.21507, -0.34892, 0.05816],
							"size": [0.85191, 2.0592, 2.7],
							"uv": {
								"north": {"uv": [12, 14], "uv_size": [1, 2.5]},
								"east": {"uv": [3, 0], "uv_size": [3, 2.5]},
								"south": {"uv": [14, 12], "uv_size": [1, 2.5]},
								"west": {"uv": [3, 3], "uv_size": [3, 2.5]},
								"up": {"uv": [13, 11], "uv_size": [1, 3]},
								"down": {"uv": [0, 17], "uv_size": [1, -3]}
							}
						},
						{
							"origin": [-0.21507, 1.26028, -0.84184],
							"size": [0.85191, 0.45, 0.9],
							"uv": {
								"north": {"uv": [29, 6], "uv_size": [1, 0.5]},
								"east": {"uv": [7, 29], "uv_size": [1, 0.5]},
								"south": {"uv": [29, 7], "uv_size": [1, 0.5]},
								"west": {"uv": [8, 29], "uv_size": [1, 0.5]},
								"up": {"uv": [15, 14], "uv_size": [1, 1]},
								"down": {"uv": [23, 5], "uv_size": [1, -1]}
							}
						},
						{
							"origin": [1.31072, 1.31743, -0.11734],
							"size": [0.09, 0.216, 0.216],
							"pivot": [1.31072, 1.42543, -0.00934],
							"rotation": [-45, 0, 0],
							"uv": {
								"north": {"uv": [9, 32], "uv_size": [0.5, 0.5]},
								"east": {"uv": [32, 9], "uv_size": [0.5, 0.5]},
								"south": {"uv": [10, 32], "uv_size": [0.5, 0.5]},
								"west": {"uv": [32, 10], "uv_size": [0.5, 0.5]},
								"up": {"uv": [11, 32], "uv_size": [0.5, 0.5]},
								"down": {"uv": [32, 11.5], "uv_size": [0.5, -0.5]}
							}
						},
						{
							"origin": [0.59072, 1.14484, -0.17134],
							"size": [0.72, 0.56119, 0.324],
							"uv": {
								"north": {"uv": [29, 8], "uv_size": [1, 0.5]},
								"east": {"uv": [12, 32], "uv_size": [0.5, 0.5]},
								"south": {"uv": [9, 29], "uv_size": [1, 0.5]},
								"west": {"uv": [32, 12], "uv_size": [0.5, 0.5]},
								"up": {"uv": [10, 29], "uv_size": [1, 0.5]},
								"down": {"uv": [29, 10.5], "uv_size": [1, -0.5]}
							}
						},
						{
							"origin": [0.59072, 1.20413, -0.06863],
							"size": [0.72, 0.56119, 0.324],
							"pivot": [1.63472, 1.36613, 0.09337],
							"rotation": [60, 0, 0],
							"uv": {
								"north": {"uv": [11, 29], "uv_size": [1, 0.5]},
								"east": {"uv": [13, 32], "uv_size": [0.5, 0.5]},
								"south": {"uv": [29, 11], "uv_size": [1, 0.5]},
								"west": {"uv": [32, 13], "uv_size": [0.5, 0.5]},
								"up": {"uv": [12, 29], "uv_size": [1, 0.5]},
								"down": {"uv": [29, 12.5], "uv_size": [1, -0.5]}
							}
						},
						{
							"origin": [0.59072, 1.02624, -0.28993],
							"size": [0.72, 0.56119, 0.324],
							"pivot": [1.63472, 1.26343, 0.03407],
							"rotation": [-60, 0, 0],
							"uv": {
								"north": {"uv": [13, 29], "uv_size": [1, 0.5]},
								"east": {"uv": [14, 32], "uv_size": [0.5, 0.5]},
								"south": {"uv": [29, 13], "uv_size": [1, 0.5]},
								"west": {"uv": [32, 14], "uv_size": [0.5, 0.5]},
								"up": {"uv": [14, 29], "uv_size": [1, 0.5]},
								"down": {"uv": [29, 14.5], "uv_size": [1, -0.5]}
							}
						},
						{
							"origin": [-0.44428, 1.27243, -0.16234],
							"size": [0.225, 0.306, 0.306],
							"pivot": [-0.66928, 1.42543, -0.00934],
							"rotation": [-45, 0, 0],
							"uv": {
								"north": {"uv": [15, 32], "uv_size": [0.5, 0.5]},
								"east": {"uv": [32, 15], "uv_size": [0.5, 0.5]},
								"south": {"uv": [16, 32], "uv_size": [0.5, 0.5]},
								"west": {"uv": [32, 16], "uv_size": [0.5, 0.5]},
								"up": {"uv": [17, 32], "uv_size": [0.5, 0.5]},
								"down": {"uv": [32, 17.5], "uv_size": [0.5, -0.5]}
							}
						},
						{
							"origin": [1.31072, 1.37143, -0.27934],
							"size": [0.09, 0.108, 0.54],
							"uv": {
								"north": {"uv": [18, 32], "uv_size": [0.5, 0.5]},
								"east": {"uv": [32, 18], "uv_size": [0.5, 0.5]},
								"south": {"uv": [19, 32], "uv_size": [0.5, 0.5]},
								"west": {"uv": [32, 19], "uv_size": [0.5, 0.5]},
								"up": {"uv": [20, 32], "uv_size": [0.5, 0.5]},
								"down": {"uv": [32, 20.5], "uv_size": [0.5, -0.5]}
							}
						},
						{
							"origin": [0.41185, 0.90028, -0.84184],
							"size": [0.225, 0.81, 0],
							"pivot": [0.63685, 1.71028, -0.84184],
							"rotation": [-44.66463, -6.17511, -6.21129],
							"uv": {
								"north": {"uv": [15, 29], "uv_size": [0.5, 1]}
							}
						},
						{
							"origin": [-0.21507, 1.08028, -0.84184],
							"size": [0.85191, 0.63, 0],
							"pivot": [0.63685, 1.71028, -0.84184],
							"rotation": [-45, 0, 0],
							"uv": {
								"north": {"uv": [29, 15], "uv_size": [1, 0.5]}
							}
						},
						{
							"origin": [0.63685, 0.90028, -0.84184],
							"size": [0, 0.81, 0.45],
							"pivot": [0.63685, 1.71028, -0.84184],
							"rotation": [-44.25, 0, -12.5],
							"uv": {
								"west": {"uv": [16, 29], "uv_size": [0.5, 1]}
							}
						},
						{
							"origin": [0.69529, 1.17668, -0.84184],
							"size": [0, 0.54, 0.9],
							"pivot": [0.69529, 1.44668, -0.61684],
							"rotation": [0, 0, -12.5],
							"uv": {
								"west": {"uv": [17, 29], "uv_size": [1, 0.5]}
							}
						},
						{
							"origin": [-0.21419, 0.90009, -0.84184],
							"size": [0, 0.81, 0.45],
							"pivot": [-0.21419, 1.71009, -0.84184],
							"rotation": [-44.25, 0, 12.5],
							"uv": {
								"east": {"uv": [18, 29], "uv_size": [0.5, 1]}
							}
						},
						{
							"origin": [-0.27263, 1.17649, -0.84184],
							"size": [0, 0.54, 0.9],
							"pivot": [-0.27263, 1.44649, -0.61684],
							"rotation": [0, 0, 12.5],
							"uv": {
								"east": {"uv": [29, 18], "uv_size": [1, 0.5]}
							}
						},
						{
							"origin": [-0.21419, 0.90009, -0.84184],
							"size": [0.225, 0.81, 0],
							"pivot": [-0.21419, 1.71009, -0.84184],
							"rotation": [-44.66463, 6.17511, 6.21129],
							"uv": {
								"north": {"uv": [19, 29], "uv_size": [0.5, 1]}
							}
						},
						{
							"origin": [-3.23964, 0.48059, 0.05817],
							"size": [2.05918, 0.85293, 2.69998],
							"inflate": 0.0001,
							"pivot": [-1.27309, -2.12781, 2.35298],
							"rotation": [0, 0, 45],
							"uv": {
								"north": {"uv": [2, 15], "uv_size": [2.5, 1]},
								"east": {"uv": [14, 4], "uv_size": [3, 1]},
								"south": {"uv": [5, 15], "uv_size": [2.5, 1]},
								"west": {"uv": [14, 5], "uv_size": [3, 1]},
								"up": {"uv": [0, 6], "uv_size": [2.5, 3]},
								"down": {"uv": [6, 3], "uv_size": [2.5, -3]}
							}
						},
						{
							"origin": [-0.81923, 0.25421, 0.05816],
							"size": [2.0592, 0.85295, 2.7],
							"uv": {
								"north": {"uv": [15, 8], "uv_size": [2.5, 1]},
								"east": {"uv": [6, 14], "uv_size": [3, 1]},
								"south": {"uv": [15, 9], "uv_size": [2.5, 1]},
								"west": {"uv": [14, 6], "uv_size": [3, 1]},
								"up": {"uv": [3, 6], "uv_size": [2.5, 3]},
								"down": {"uv": [6, 6], "uv_size": [2.5, -3]}
							}
						},
						{
							"origin": [0.78997, -0.42079, 0.48566],
							"size": [0.54, 1.08, 0.54],
							"uv": {
								"north": {"uv": [29, 19], "uv_size": [0.5, 1]},
								"east": {"uv": [29, 20], "uv_size": [0.5, 1]},
								"south": {"uv": [21, 29], "uv_size": [0.5, 1]},
								"west": {"uv": [29, 21], "uv_size": [0.5, 1]},
								"up": {"uv": [21, 32], "uv_size": [0.5, 0.5]},
								"down": {"uv": [32, 21.5], "uv_size": [0.5, -0.5]}
							}
						},
						{
							"origin": [1.32997, 0.45671, 0.82316],
							"size": [0.045, 0.135, 0.135],
							"pivot": [1.34122, 0.52421, 0.89066],
							"rotation": [-45, 0, 0],
							"uv": {
								"north": {"uv": [22, 32], "uv_size": [0.5, 0.5]},
								"east": {"uv": [32, 22], "uv_size": [0.5, 0.5]},
								"south": {"uv": [23, 32], "uv_size": [0.5, 0.5]},
								"west": {"uv": [32, 23], "uv_size": [0.5, 0.5]},
								"up": {"uv": [24, 32], "uv_size": [0.5, 0.5]},
								"down": {"uv": [32, 24.5], "uv_size": [0.5, -0.5]}
							}
						},
						{
							"origin": [1.32997, -0.35329, 0.82316],
							"size": [0.045, 0.135, 0.135],
							"pivot": [1.34122, -0.28579, 0.89066],
							"rotation": [-45, 0, 0],
							"uv": {
								"north": {"uv": [25, 32], "uv_size": [0.5, 0.5]},
								"east": {"uv": [32, 25], "uv_size": [0.5, 0.5]},
								"south": {"uv": [26, 32], "uv_size": [0.5, 0.5]},
								"west": {"uv": [32, 26], "uv_size": [0.5, 0.5]},
								"up": {"uv": [27, 32], "uv_size": [0.5, 0.5]},
								"down": {"uv": [32, 27.5], "uv_size": [0.5, -0.5]}
							}
						},
						{
							"origin": [1.32997, -0.35329, 0.55316],
							"size": [0.045, 0.135, 0.135],
							"pivot": [1.34122, -0.28579, 0.62066],
							"rotation": [-45, 0, 0],
							"uv": {
								"north": {"uv": [28, 32], "uv_size": [0.5, 0.5]},
								"east": {"uv": [32, 28], "uv_size": [0.5, 0.5]},
								"south": {"uv": [29, 32], "uv_size": [0.5, 0.5]},
								"west": {"uv": [32, 29], "uv_size": [0.5, 0.5]},
								"up": {"uv": [30, 32], "uv_size": [0.5, 0.5]},
								"down": {"uv": [32, 30.5], "uv_size": [0.5, -0.5]}
							}
						},
						{
							"origin": [1.32997, 0.45671, 0.55316],
							"size": [0.045, 0.135, 0.135],
							"pivot": [1.34122, 0.52421, 0.62066],
							"rotation": [-45, 0, 0],
							"uv": {
								"north": {"uv": [31, 32], "uv_size": [0.5, 0.5]},
								"east": {"uv": [32, 31], "uv_size": [0.5, 0.5]},
								"south": {"uv": [32, 32], "uv_size": [0.5, 0.5]},
								"west": {"uv": [0, 33], "uv_size": [0.5, 0.5]},
								"up": {"uv": [33, 0], "uv_size": [0.5, 0.5]},
								"down": {"uv": [1, 33.5], "uv_size": [0.5, -0.5]}
							}
						},
						{
							"origin": [-1.86003, 0.0965, -2.19184],
							"size": [0.62032, 1.4976, 2.25],
							"pivot": [-0.86845, -1.36187, -0.43288],
							"rotation": [0, 0, 45],
							"uv": {
								"north": {"uv": [9, 25], "uv_size": [0.5, 1.5]},
								"east": {"uv": [0, 9], "uv_size": [2.5, 1.5]},
								"south": {"uv": [10, 25], "uv_size": [0.5, 1.5]},
								"west": {"uv": [9, 0], "uv_size": [2.5, 1.5]},
								"up": {"uv": [21, 21], "uv_size": [0.5, 2.5]},
								"down": {"uv": [3, 24.5], "uv_size": [0.5, -2.5]}
							}
						},
						{
							"origin": [-0.09897, -0.06813, -2.19184],
							"size": [0.61958, 1.4976, 2.25],
							"uv": {
								"north": {"uv": [25, 10], "uv_size": [0.5, 1.5]},
								"east": {"uv": [9, 2], "uv_size": [2.5, 1.5]},
								"south": {"uv": [11, 25], "uv_size": [0.5, 1.5]},
								"west": {"uv": [3, 9], "uv_size": [2.5, 1.5]},
								"up": {"uv": [8, 22], "uv_size": [0.5, 2.5]},
								"down": {"uv": [10, 24.5], "uv_size": [0.5, -2.5]}
							}
						},
						{
							"origin": [-2.29866, 0.53514, -2.19184],
							"size": [1.4976, 0.62033, 2.25],
							"pivot": [-0.86845, -1.36187, -0.43288],
							"rotation": [0, 0, 45],
							"uv": {
								"north": {"uv": [12, 25], "uv_size": [1.5, 0.5]},
								"east": {"uv": [22, 8], "uv_size": [2.5, 0.5]},
								"south": {"uv": [25, 12], "uv_size": [1.5, 0.5]},
								"west": {"uv": [22, 9], "uv_size": [2.5, 0.5]},
								"up": {"uv": [6, 10], "uv_size": [1.5, 2.5]},
								"down": {"uv": [8, 12.5], "uv_size": [1.5, -2.5]}
							}
						},
						{
							"origin": [-0.53836, 0.3705, -2.19184],
							"size": [1.4976, 0.62033, 2.25],
							"uv": {
								"north": {"uv": [25, 13], "uv_size": [1.5, 0.5]},
								"east": {"uv": [22, 12], "uv_size": [2.5, 0.5]},
								"south": {"uv": [14, 25], "uv_size": [1.5, 0.5]},
								"west": {"uv": [13, 22], "uv_size": [2.5, 0.5]},
								"up": {"uv": [10, 10], "uv_size": [1.5, 2.5]},
								"down": {"uv": [0, 13.5], "uv_size": [1.5, -2.5]}
							}
						},
						{
							"origin": [-2.17844, 1.55157, -5.11684],
							"size": [0.68235, 0.18, 2.925],
							"pivot": [-1.0877, -1.6775, -0.25698],
							"rotation": [0, 0, 45],
							"uv": {
								"north": {"uv": [22, 29], "uv_size": [1, 0.5]},
								"east": {"uv": [16, 18], "uv_size": [3.5, 0.5]},
								"south": {"uv": [29, 22], "uv_size": [1, 0.5]},
								"west": {"uv": [18, 17], "uv_size": [3.5, 0.5]},
								"up": {"uv": [2, 11], "uv_size": [1, 3.5]},
								"down": {"uv": [3, 14.5], "uv_size": [1, -3.5]}
							}
						},
						{
							"origin": [-2.06709, 0.03809, -5.11684],
							"size": [0.68235, 0.18, 2.925],
							"pivot": [-0.97635, -1.56612, -0.25698],
							"rotation": [0, 0, 45],
							"uv": {
								"north": {"uv": [31, 13], "uv_size": [1, 0.5]},
								"east": {"uv": [19, 6], "uv_size": [3.5, 0.5]},
								"south": {"uv": [14, 31], "uv_size": [1, 0.5]},
								"west": {"uv": [19, 7], "uv_size": [3.5, 0.5]},
								"up": {"uv": [5, 11], "uv_size": [1, 3.5]},
								"down": {"uv": [12, 7.5], "uv_size": [1, -3.5]}
							}
						},
						{
							"origin": [-0.12993, -0.14301, -5.11684],
							"size": [0.68153, 0.18, 2.925],
							"uv": {
								"north": {"uv": [29, 23], "uv_size": [1, 0.5]},
								"east": {"uv": [19, 0], "uv_size": [3.5, 0.5]},
								"south": {"uv": [24, 29], "uv_size": [1, 0.5]},
								"west": {"uv": [19, 1], "uv_size": [3.5, 0.5]},
								"up": {"uv": [4, 11], "uv_size": [1, 3.5]},
								"down": {"uv": [11, 7.5], "uv_size": [1, -3.5]}
							}
						},
						{
							"origin": [-0.12993, 1.32435, -5.11684],
							"size": [0.68153, 0.18, 2.925],
							"uv": {
								"north": {"uv": [31, 14], "uv_size": [1, 0.5]},
								"east": {"uv": [19, 10], "uv_size": [3.5, 0.5]},
								"south": {"uv": [15, 31], "uv_size": [1, 0.5]},
								"west": {"uv": [19, 11], "uv_size": [3.5, 0.5]},
								"up": {"uv": [12, 10], "uv_size": [1, 3.5]},
								"down": {"uv": [13, 7.5], "uv_size": [1, -3.5]}
							}
						},
						{
							"origin": [-2.59487, 0.40921, -5.11684],
							"size": [0.18, 0.68235, 2.925],
							"pivot": [-0.86413, -1.67749, -0.25698],
							"rotation": [0, 0, 45],
							"uv": {
								"north": {"uv": [29, 24], "uv_size": [0.5, 1]},
								"east": {"uv": [11, 8], "uv_size": [3.5, 1]},
								"south": {"uv": [25, 29], "uv_size": [0.5, 1]},
								"west": {"uv": [11, 9], "uv_size": [3.5, 1]},
								"up": {"uv": [0, 19], "uv_size": [0.5, 3.5]},
								"down": {"uv": [1, 22.5], "uv_size": [0.5, -3.5]}
							}
						},
						{
							"origin": [-1.08223, 0.52059, -5.11684],
							"size": [0.18, 0.68235, 2.925],
							"pivot": [-0.97635, -1.56612, -0.25698],
							"rotation": [0, 0, 45],
							"uv": {
								"north": {"uv": [31, 15], "uv_size": [0.5, 1]},
								"east": {"uv": [6, 13], "uv_size": [3.5, 1]},
								"south": {"uv": [16, 31], "uv_size": [0.5, 1]},
								"west": {"uv": [13, 10], "uv_size": [3.5, 1]},
								"up": {"uv": [7, 19], "uv_size": [0.5, 3.5]},
								"down": {"uv": [9, 22.5], "uv_size": [0.5, -3.5]}
							}
						},
						{
							"origin": [0.8541, 0.3395, -5.11684],
							"size": [0.18, 0.68235, 2.925],
							"uv": {
								"north": {"uv": [29, 25], "uv_size": [0.5, 1]},
								"east": {"uv": [12, 0], "uv_size": [3.5, 1]},
								"south": {"uv": [26, 29], "uv_size": [0.5, 1]},
								"west": {"uv": [12, 1], "uv_size": [3.5, 1]},
								"up": {"uv": [19, 2], "uv_size": [0.5, 3.5]},
								"down": {"uv": [4, 22.5], "uv_size": [0.5, -3.5]}
							}
						},
						{
							"origin": [-0.61243, 0.3395, -5.11684],
							"size": [0.18, 0.68235, 2.925],
							"uv": {
								"north": {"uv": [31, 12], "uv_size": [0.5, 1]},
								"east": {"uv": [12, 2], "uv_size": [3.5, 1]},
								"south": {"uv": [13, 31], "uv_size": [0.5, 1]},
								"west": {"uv": [12, 3], "uv_size": [3.5, 1]},
								"up": {"uv": [5, 19], "uv_size": [0.5, 3.5]},
								"down": {"uv": [6, 22.5], "uv_size": [0.5, -3.5]}
							}
						},
						{
							"origin": [-0.04092, 1.28906, 4.33302],
							"size": [0.50339, -0.00002, 1.57024],
							"inflate": 0.0001,
							"pivot": [0.46247, 1.28995, 4.33301],
							"rotation": [7.5, 0, 0],
							"uv": {
								"up": {"uv": [25, 14], "uv_size": [0.5, 1.5]}
							}
						},
						{
							"origin": [-0.04083, 0.07218, 4.33313],
							"size": [0.50339, -0.00002, 1.57024],
							"inflate": 0.0001,
							"pivot": [0.46256, 0.07127, 4.33312],
							"rotation": [-7.5, 0, 0],
							"uv": {
								"down": {"uv": [16, 26.5], "uv_size": [0.5, -1.5]}
							}
						},
						{
							"origin": [0.31629, 0.42829, 4.33315],
							"size": [0.50339, -0.00002, 1.57024],
							"inflate": 0.0001,
							"pivot": [0.81968, 0.42918, 4.33314],
							"rotation": [7.5, 0, 90],
							"uv": {
								"up": {"uv": [25, 16], "uv_size": [0.5, 1.5]}
							}
						},
						{
							"origin": [-0.39874, 0.42829, 4.33315],
							"size": [0.50339, -0.00002, 1.57024],
							"inflate": 0.0001,
							"pivot": [-0.39875, 0.42918, 4.33314],
							"rotation": [7.5, 0, -90],
							"uv": {
								"up": {"uv": [17, 25], "uv_size": [0.5, 1.5]}
							}
						},
						{
							"origin": [0.46303, 1.28865, 4.33313],
							"size": [0.50339, -0.00002, 1.57024],
							"inflate": 0.0001,
							"pivot": [0.46293, 1.28873, 4.33303],
							"rotation": [7.5, 0, 45],
							"uv": {
								"up": {"uv": [25, 20], "uv_size": [0.5, 1.5]}
							}
						},
						{
							"origin": [0.4154, 1.39169, 4.32772],
							"size": [0.08998, -0.00002, 1.57024],
							"inflate": 0.0001,
							"pivot": [0.49863, 1.37554, 5.11283],
							"rotation": [7.5, 3.15, 0],
							"uv": {
								"up": {"uv": [25, 22], "uv_size": [0.5, 1.5]}
							}
						},
						{
							"origin": [0.49197, 1.39147, 4.32769],
							"size": [0.08998, -0.00002, 1.57024],
							"inflate": 0.0001,
							"pivot": [0.49863, 1.37554, 5.11283],
							"rotation": [7.5, -3.15, 45],
							"uv": {
								"up": {"uv": [24, 25], "uv_size": [0.5, 1.5]}
							}
						},
						{
							"origin": [-0.08383, 1.39169, 4.32772],
							"size": [0.08998, -0.00002, 1.57024],
							"inflate": 0.0001,
							"pivot": [-0.07708, 1.37554, 5.11284],
							"rotation": [7.5, -3.15, 0],
							"uv": {
								"up": {"uv": [25, 24], "uv_size": [0.5, 1.5]}
							}
						},
						{
							"origin": [-0.1604, 1.39147, 4.32769],
							"size": [0.08998, -0.00002, 1.57024],
							"inflate": 0.0001,
							"pivot": [-0.07708, 1.37554, 5.11284],
							"rotation": [7.5, 3.15, -45],
							"uv": {
								"up": {"uv": [26, 0], "uv_size": [0.5, 1.5]}
							}
						},
						{
							"origin": [-0.08392, -0.03026, 4.32786],
							"size": [0.08998, -0.00002, 1.57024],
							"inflate": 0.0001,
							"pivot": [-0.07718, -0.01415, 5.11298],
							"rotation": [-7.5, -3.15, 0],
							"uv": {
								"down": {"uv": [26, 3.5], "uv_size": [0.5, -1.5]}
							}
						},
						{
							"origin": [-0.1605, -0.03005, 4.32783],
							"size": [0.08998, -0.00002, 1.57024],
							"inflate": 0.0001,
							"pivot": [-0.07718, -0.01415, 5.11298],
							"rotation": [-7.5, 3.15, 45],
							"uv": {
								"down": {"uv": [26, 5.5], "uv_size": [0.5, -1.5]}
							}
						},
						{
							"origin": [0.4153, -0.03026, 4.32786],
							"size": [0.08998, -0.00002, 1.57024],
							"inflate": 0.0001,
							"pivot": [0.49853, -0.01415, 5.11297],
							"rotation": [-7.5, 3.15, 0],
							"uv": {
								"down": {"uv": [26, 7.5], "uv_size": [0.5, -1.5]}
							}
						},
						{
							"origin": [0.49187, -0.03005, 4.32782],
							"size": [0.08998, -0.00002, 1.57024],
							"inflate": 0.0001,
							"pivot": [0.49853, -0.01415, 5.11297],
							"rotation": [-7.5, -3.15, -45],
							"uv": {
								"down": {"uv": [26, 9.5], "uv_size": [0.5, -1.5]}
							}
						},
						{
							"origin": [-0.08348, -0.02225, 4.43424],
							"size": [0.08998, -0.00002, 1.57024],
							"inflate": 0.0001,
							"pivot": [0.21073, 0.6807, 5.11291],
							"rotation": [-7.5, -3.15, 90],
							"uv": {
								"down": {"uv": [26, 11.5], "uv_size": [0.5, -1.5]}
							}
						},
						{
							"origin": [0.41471, -0.02209, 4.43421],
							"size": [0.08998, -0.00002, 1.57024],
							"inflate": 0.0001,
							"pivot": [0.21073, 0.6807, 5.11291],
							"rotation": [-7.5, 3.15, 135],
							"uv": {
								"down": {"uv": [12, 27.5], "uv_size": [0.5, -1.5]}
							}
						},
						{
							"origin": [-0.08331, -0.02202, 4.4342],
							"size": [0.08998, -0.00002, 1.57024],
							"inflate": 0.0001,
							"pivot": [0.21073, 0.6807, 5.11291],
							"rotation": [-7.5, -3.15, 45],
							"uv": {
								"down": {"uv": [13, 27.5], "uv_size": [0.5, -1.5]}
							}
						},
						{
							"origin": [0.41486, -0.02225, 4.43423],
							"size": [0.08998, -0.00002, 1.57024],
							"inflate": 0.0001,
							"pivot": [0.21073, 0.6807, 5.11291],
							"rotation": [-7.5, 3.15, 90],
							"uv": {
								"down": {"uv": [14, 27.5], "uv_size": [0.5, -1.5]}
							}
						},
						{
							"origin": [0.41496, 1.38369, 4.4341],
							"size": [0.08998, -0.00002, 1.57024],
							"inflate": 0.0001,
							"pivot": [0.21073, 0.6807, 5.11291],
							"rotation": [7.5, 3.15, 90],
							"uv": {
								"up": {"uv": [26, 14], "uv_size": [0.5, 1.5]}
							}
						},
						{
							"origin": [-0.08326, 1.38354, 4.43407],
							"size": [0.08998, -0.00002, 1.57024],
							"inflate": 0.0001,
							"pivot": [0.21073, 0.6807, 5.11291],
							"rotation": [7.5, -3.15, 135],
							"uv": {
								"up": {"uv": [15, 26], "uv_size": [0.5, 1.5]}
							}
						},
						{
							"origin": [-0.08339, 1.38369, 4.4341],
							"size": [0.08998, -0.00002, 1.57024],
							"inflate": 0.0001,
							"pivot": [0.21073, 0.6807, 5.11291],
							"rotation": [7.5, -3.15, 90],
							"uv": {
								"up": {"uv": [26, 16], "uv_size": [0.5, 1.5]}
							}
						},
						{
							"origin": [0.41479, 1.38346, 4.43407],
							"size": [0.08998, -0.00002, 1.57024],
							"inflate": 0.0001,
							"pivot": [0.21073, 0.6807, 5.11291],
							"rotation": [7.5, 3.15, 45],
							"uv": {
								"up": {"uv": [18, 26], "uv_size": [0.5, 1.5]}
							}
						},
						{
							"origin": [-0.04149, 1.38534, 4.41934],
							"size": [0.50339, -0.00002, 1.57024],
							"inflate": 0.0001,
							"pivot": [0.21047, 0.68061, 5.11161],
							"rotation": [7.5, 0, 135],
							"uv": {
								"up": {"uv": [26, 18], "uv_size": [0.5, 1.5]}
							}
						},
						{
							"origin": [-0.04096, 1.38534, 4.41934],
							"size": [0.50339, -0.00002, 1.57024],
							"inflate": 0.0001,
							"pivot": [0.21047, 0.68061, 5.11161],
							"rotation": [7.5, 0, -45],
							"uv": {
								"up": {"uv": [19, 26], "uv_size": [0.5, 1.5]}
							}
						},
						{
							"origin": [-0.04083, -0.02422, 4.41933],
							"size": [0.50339, -0.00002, 1.57024],
							"inflate": 0.0001,
							"pivot": [0.21047, 0.68061, 5.11161],
							"rotation": [-7.5, 0, 45],
							"uv": {
								"down": {"uv": [20, 27.5], "uv_size": [0.5, -1.5]}
							}
						},
						{
							"origin": [-0.39793, 0.42865, 2.75816],
							"size": [1.2168, 0.50402, 1.575],
							"uv": {
								"north": {"uv": [26, 20], "uv_size": [1.5, 0.5]},
								"east": {"uv": [21, 26], "uv_size": [1.5, 0.5]},
								"south": {"uv": [26, 21], "uv_size": [1.5, 0.5]},
								"west": {"uv": [26, 22], "uv_size": [1.5, 0.5]},
								"up": {"uv": [5, 16], "uv_size": [1.5, 1.5]},
								"down": {"uv": [10, 17.5], "uv_size": [1.5, -1.5]}
							}
						},
						{
							"origin": [-1.82818, 0.56242, 2.75816],
							"size": [1.2168, 0.50402, 1.575],
							"pivot": [-0.66612, -0.9789, 2.35919],
							"rotation": [0, 0, 45],
							"uv": {
								"north": {"uv": [26, 23], "uv_size": [1.5, 0.5]},
								"east": {"uv": [26, 24], "uv_size": [1.5, 0.5]},
								"south": {"uv": [25, 26], "uv_size": [1.5, 0.5]},
								"west": {"uv": [26, 25], "uv_size": [1.5, 0.5]},
								"up": {"uv": [16, 14], "uv_size": [1.5, 1.5]},
								"down": {"uv": [16, 17.5], "uv_size": [1.5, -1.5]}
							}
						},
						{
							"origin": [-0.04093, 0.07226, 2.75816],
							"size": [0.50341, 1.2168, 1.575],
							"uv": {
								"north": {"uv": [23, 26], "uv_size": [0.5, 1.5]},
								"east": {"uv": [0, 17], "uv_size": [1.5, 1.5]},
								"south": {"uv": [0, 27], "uv_size": [0.5, 1.5]},
								"west": {"uv": [17, 4], "uv_size": [1.5, 1.5]},
								"up": {"uv": [27, 0], "uv_size": [0.5, 1.5]},
								"down": {"uv": [1, 28.5], "uv_size": [0.5, -1.5]}
							}
						},
						{
							"origin": [-1.47178, 0.20603, 2.75816],
							"size": [0.50402, 1.2168, 1.575],
							"pivot": [-0.66612, -0.9789, 2.35919],
							"rotation": [0, 0, 45],
							"uv": {
								"north": {"uv": [2, 27], "uv_size": [0.5, 1.5]},
								"east": {"uv": [17, 6], "uv_size": [1.5, 1.5]},
								"south": {"uv": [27, 2], "uv_size": [0.5, 1.5]},
								"west": {"uv": [17, 10], "uv_size": [1.5, 1.5]},
								"up": {"uv": [3, 27], "uv_size": [0.5, 1.5]},
								"down": {"uv": [4, 28.5], "uv_size": [0.5, -1.5]}
							}
						},
						{
							"origin": [-0.66797, 0.31683, 5.70004],
							"size": [1.75676, 0.72767, 0.4725],
							"uv": {
								"north": {"uv": [17, 13], "uv_size": [2, 1]},
								"east": {"uv": [29, 26], "uv_size": [0.5, 1]},
								"south": {"uv": [4, 18], "uv_size": [2, 1]},
								"west": {"uv": [27, 29], "uv_size": [0.5, 1]},
								"up": {"uv": [6, 23], "uv_size": [2, 0.5]},
								"down": {"uv": [23, 6.5], "uv_size": [2, -0.5]}
							}
						},
						{
							"origin": [-0.66793, 0.31668, 5.70004],
							"size": [1.75676, 0.72767, 0.4725],
							"pivot": [0.21062, 0.68067, 6.54463],
							"rotation": [0, 0, 45],
							"uv": {
								"north": {"uv": [6, 18], "uv_size": [2, 1]},
								"east": {"uv": [29, 27], "uv_size": [0.5, 1]},
								"south": {"uv": [18, 8], "uv_size": [2, 1]},
								"west": {"uv": [28, 29], "uv_size": [0.5, 1]},
								"up": {"uv": [23, 7], "uv_size": [2, 0.5]},
								"down": {"uv": [23, 10.5], "uv_size": [2, -0.5]}
							}
						},
						{
							"origin": [-0.15255, -0.19771, 5.70004],
							"size": [0.7268, 1.75676, 0.4725],
							"uv": {
								"north": {"uv": [10, 18], "uv_size": [1, 2]},
								"east": {"uv": [9, 23], "uv_size": [0.5, 2]},
								"south": {"uv": [11, 18], "uv_size": [1, 2]},
								"west": {"uv": [11, 23], "uv_size": [0.5, 2]},
								"up": {"uv": [29, 28], "uv_size": [1, 0.5]},
								"down": {"uv": [29, 29.5], "uv_size": [1, -0.5]}
							}
						},
						{
							"origin": [-0.15338, -0.19786, 5.70004],
							"size": [0.72767, 1.75676, 0.4725],
							"pivot": [0.21062, 0.68067, 6.54463],
							"rotation": [0, 0, 45],
							"uv": {
								"north": {"uv": [12, 18], "uv_size": [1, 2]},
								"east": {"uv": [12, 23], "uv_size": [0.5, 2]},
								"south": {"uv": [13, 18], "uv_size": [1, 2]},
								"west": {"uv": [13, 23], "uv_size": [0.5, 2]},
								"up": {"uv": [0, 30], "uv_size": [1, 0.5]},
								"down": {"uv": [30, 0.5], "uv_size": [1, -0.5]}
							}
						}
					]
				},
				{
					"name": "ocular_ring",
					"parent": "scope",
					"pivot": [0.21062, 0.68068, 6.12473],
					"cubes": [
						{
							"origin": [1.04852, 0.28691, 6.16691],
							"size": [0.1125, 0.78752, 0.9],
							"uv": {
								"north": {"uv": [31, 10], "uv_size": [0.5, 1]},
								"east": {"uv": [24, 16], "uv_size": [1, 1]},
								"south": {"uv": [11, 31], "uv_size": [0.5, 1]},
								"west": {"uv": [17, 24], "uv_size": [1, 1]},
								"up": {"uv": [31, 11], "uv_size": [0.5, 1]},
								"down": {"uv": [12, 32], "uv_size": [0.5, -1]}
							}
						},
						{
							"origin": [1.04857, 0.28674, 6.16691],
							"size": [0.1125, 0.78752, 0.9],
							"pivot": [0.21062, 0.68068, 6.12473],
							"rotation": [0, 0, 45],
							"uv": {
								"north": {"uv": [31, 8], "uv_size": [0.5, 1]},
								"east": {"uv": [24, 15], "uv_size": [1, 1]},
								"south": {"uv": [9, 31], "uv_size": [0.5, 1]},
								"west": {"uv": [16, 24], "uv_size": [1, 1]},
								"up": {"uv": [31, 9], "uv_size": [0.5, 1]},
								"down": {"uv": [10, 32], "uv_size": [0.5, -1]}
							}
						},
						{
							"origin": [-0.18242, -0.26995, 6.16691],
							"size": [0.78657, 0.1125, 0.9],
							"uv": {
								"north": {"uv": [3, 30], "uv_size": [1, 0.5]},
								"east": {"uv": [30, 3], "uv_size": [1, 0.5]},
								"south": {"uv": [4, 30], "uv_size": [1, 0.5]},
								"west": {"uv": [30, 4], "uv_size": [1, 0.5]},
								"up": {"uv": [14, 23], "uv_size": [1, 1]},
								"down": {"uv": [23, 15], "uv_size": [1, -1]}
							}
						},
						{
							"origin": [-0.18331, -0.27012, 6.16691],
							"size": [0.78752, 0.1125, 0.9],
							"pivot": [0.21062, 0.68068, 6.12473],
							"rotation": [0, 0, 45],
							"uv": {
								"north": {"uv": [1, 30], "uv_size": [1, 0.5]},
								"east": {"uv": [30, 1], "uv_size": [1, 0.5]},
								"south": {"uv": [2, 30], "uv_size": [1, 0.5]},
								"west": {"uv": [30, 2], "uv_size": [1, 0.5]},
								"up": {"uv": [23, 11], "uv_size": [1, 1]},
								"down": {"uv": [23, 14], "uv_size": [1, -1]}
							}
						},
						{
							"origin": [-0.74023, 0.28691, 6.16691],
							"size": [0.1125, 0.78752, 0.9],
							"uv": {
								"north": {"uv": [7, 30], "uv_size": [0.5, 1]},
								"east": {"uv": [23, 16], "uv_size": [1, 1]},
								"south": {"uv": [30, 7], "uv_size": [0.5, 1]},
								"west": {"uv": [23, 17], "uv_size": [1, 1]},
								"up": {"uv": [8, 30], "uv_size": [0.5, 1]},
								"down": {"uv": [30, 9], "uv_size": [0.5, -1]}
							}
						},
						{
							"origin": [-0.74018, 0.28674, 6.16691],
							"size": [0.1125, 0.78752, 0.9],
							"pivot": [0.21062, 0.68068, 6.12473],
							"rotation": [0, 0, 45],
							"uv": {
								"north": {"uv": [5, 30], "uv_size": [0.5, 1]},
								"east": {"uv": [15, 23], "uv_size": [1, 1]},
								"south": {"uv": [30, 5], "uv_size": [0.5, 1]},
								"west": {"uv": [23, 15], "uv_size": [1, 1]},
								"up": {"uv": [6, 30], "uv_size": [0.5, 1]},
								"down": {"uv": [30, 7], "uv_size": [0.5, -1]}
							}
						},
						{
							"origin": [-0.18242, 1.5188, 6.16691],
							"size": [0.78657, 0.1125, 0.9],
							"uv": {
								"north": {"uv": [31, 6], "uv_size": [1, 0.5]},
								"east": {"uv": [7, 31], "uv_size": [1, 0.5]},
								"south": {"uv": [31, 7], "uv_size": [1, 0.5]},
								"west": {"uv": [8, 31], "uv_size": [1, 0.5]},
								"up": {"uv": [24, 14], "uv_size": [1, 1]},
								"down": {"uv": [15, 25], "uv_size": [1, -1]}
							}
						},
						{
							"origin": [-0.18331, 1.51863, 6.16691],
							"size": [0.78752, 0.1125, 0.9],
							"pivot": [0.21062, 0.68068, 6.12473],
							"rotation": [0, 0, 45],
							"uv": {
								"north": {"uv": [31, 4], "uv_size": [1, 0.5]},
								"east": {"uv": [5, 31], "uv_size": [1, 0.5]},
								"south": {"uv": [31, 5], "uv_size": [1, 0.5]},
								"west": {"uv": [6, 31], "uv_size": [1, 0.5]},
								"up": {"uv": [24, 13], "uv_size": [1, 1]},
								"down": {"uv": [14, 25], "uv_size": [1, -1]}
							}
						}
					]
				},
				{
					"name": "ocular",
					"parent": "scope",
					"pivot": [0.23544, 0.92792, 6.99037],
					"cubes": [
						{
							"origin": [-0.13603, -0.15541, 6.88691],
							"size": [0.69362, 1.67251, 0],
							"pivot": [0.21063, 0.68069, 6.05779],
							"rotation": [0, 0, 45],
							"uv": {
								"south": {"uv": [0, 5], "uv_size": [0.5, 0.5]}
							}
						},
						{
							"origin": [-0.13524, -0.15586, 6.88691],
							"size": [0.69217, 1.67311, 0],
							"uv": {
								"south": {"uv": [0, 5], "uv_size": [0.5, 0.5]}
							}
						},
						{
							"origin": [-0.62547, 0.33403, 6.88691],
							"size": [1.6725, 0.69363, 0],
							"pivot": [0.21063, 0.68069, 6.05779],
							"rotation": [0, 0, 45],
							"uv": {
								"south": {"uv": [0.5, 5], "uv_size": [-0.5, 0.5]}
							}
						},
						{
							"origin": [-0.62571, 0.3346, 6.88691],
							"size": [1.67269, 0.69259, 0],
							"uv": {
								"south": {"uv": [0, 5], "uv_size": [0.5, 0.5]}
							}
						}
					]
				},
				{
					"name": "adjust1",
					"parent": "scope",
					"pivot": [0.54999, 2.1141, 0.65662],
					"cubes": [
						{
							"origin": [-0.14911, 1.71028, 0.05816],
							"size": [0.72, 0.09, 1.35],
							"uv": {
								"north": {"uv": [17, 30], "uv_size": [1, 0.5]},
								"east": {"uv": [16, 28], "uv_size": [1.5, 0.5]},
								"south": {"uv": [30, 17], "uv_size": [1, 0.5]},
								"west": {"uv": [28, 16], "uv_size": [1.5, 0.5]},
								"up": {"uv": [21, 8], "uv_size": [1, 1.5]},
								"down": {"uv": [11, 22.5], "uv_size": [1, -1.5]}
							}
						},
						{
							"origin": [0.00958, 1.52938, 0.24626],
							"size": [0.40261, 0.675, 0.972],
							"pivot": [0.21089, 1.62118, 0.73226],
							"rotation": [0, -45, 0],
							"uv": {
								"north": {"uv": [18, 30], "uv_size": [0.5, 1]},
								"east": {"uv": [23, 18], "uv_size": [1, 1]},
								"south": {"uv": [30, 18], "uv_size": [0.5, 1]},
								"west": {"uv": [23, 19], "uv_size": [1, 1]},
								"up": {"uv": [19, 30], "uv_size": [0.5, 1]},
								"down": {"uv": [30, 20], "uv_size": [0.5, -1]}
							}
						},
						{
							"origin": [0.00958, 1.52938, 0.24626],
							"size": [0.40261, 0.675, 0.972],
							"uv": {
								"north": {"uv": [20, 30], "uv_size": [0.5, 1]},
								"east": {"uv": [23, 20], "uv_size": [1, 1]},
								"south": {"uv": [30, 20], "uv_size": [0.5, 1]},
								"west": {"uv": [23, 21], "uv_size": [1, 1]},
								"up": {"uv": [21, 30], "uv_size": [0.5, 1]},
								"down": {"uv": [30, 22], "uv_size": [0.5, -1]}
							}
						},
						{
							"origin": [-0.27511, 1.52938, 0.53095],
							"size": [0.972, 0.675, 0.40261],
							"pivot": [0.21089, 1.62118, 0.73226],
							"rotation": [0, -45, 0],
							"uv": {
								"north": {"uv": [22, 23], "uv_size": [1, 1]},
								"east": {"uv": [22, 30], "uv_size": [0.5, 1]},
								"south": {"uv": [23, 22], "uv_size": [1, 1]},
								"west": {"uv": [30, 22], "uv_size": [0.5, 1]},
								"up": {"uv": [23, 30], "uv_size": [1, 0.5]},
								"down": {"uv": [30, 23.5], "uv_size": [1, -0.5]}
							}
						},
						{
							"origin": [-0.27511, 1.52938, 0.53095],
							"size": [0.972, 0.675, 0.40261],
							"uv": {
								"north": {"uv": [23, 23], "uv_size": [1, 1]},
								"east": {"uv": [24, 30], "uv_size": [0.5, 1]},
								"south": {"uv": [24, 0], "uv_size": [1, 1]},
								"west": {"uv": [30, 24], "uv_size": [0.5, 1]},
								"up": {"uv": [25, 30], "uv_size": [1, 0.5]},
								"down": {"uv": [30, 25.5], "uv_size": [1, -0.5]}
							}
						},
						{
							"origin": [0.12089, 2.20438, 0.64226],
							"size": [0.18, 0.045, 0.18],
							"pivot": [0.21089, 1.86688, 0.73226],
							"rotation": [0, -45, 0],
							"uv": {
								"north": {"uv": [33, 5], "uv_size": [0.5, 0.5]},
								"east": {"uv": [6, 33], "uv_size": [0.5, 0.5]},
								"south": {"uv": [33, 6], "uv_size": [0.5, 0.5]},
								"west": {"uv": [7, 33], "uv_size": [0.5, 0.5]},
								"up": {"uv": [33, 7], "uv_size": [0.5, 0.5]},
								"down": {"uv": [8, 33.5], "uv_size": [0.5, -0.5]}
							}
						},
						{
							"origin": [-0.19411, 2.20438, 0.64226],
							"size": [0.18, 0.045, 0.18],
							"pivot": [-0.10411, 1.86688, 0.73226],
							"rotation": [0, -45, 0],
							"uv": {
								"north": {"uv": [33, 8], "uv_size": [0.5, 0.5]},
								"east": {"uv": [9, 33], "uv_size": [0.5, 0.5]},
								"south": {"uv": [33, 9], "uv_size": [0.5, 0.5]},
								"west": {"uv": [10, 33], "uv_size": [0.5, 0.5]},
								"up": {"uv": [33, 10], "uv_size": [0.5, 0.5]},
								"down": {"uv": [11, 33.5], "uv_size": [0.5, -0.5]}
							}
						},
						{
							"origin": [0.43589, 2.20438, 0.64226],
							"size": [0.18, 0.045, 0.18],
							"pivot": [0.52589, 1.86688, 0.73226],
							"rotation": [0, -45, 0],
							"uv": {
								"north": {"uv": [33, 11], "uv_size": [0.5, 0.5]},
								"east": {"uv": [12, 33], "uv_size": [0.5, 0.5]},
								"south": {"uv": [33, 12], "uv_size": [0.5, 0.5]},
								"west": {"uv": [13, 33], "uv_size": [0.5, 0.5]},
								"up": {"uv": [33, 13], "uv_size": [0.5, 0.5]},
								"down": {"uv": [14, 33.5], "uv_size": [0.5, -0.5]}
							}
						}
					]
				},
				{
					"name": "adjust2",
					"parent": "scope",
					"pivot": [-1.56501, 1.33515, 0.65674],
					"rotation": [0, 0, -90],
					"cubes": [
						{
							"origin": [-2.5805, 0.58938, 0.05816],
							"size": [0.72, 0.09, 1.35],
							"uv": {
								"north": {"uv": [26, 30], "uv_size": [1, 0.5]},
								"east": {"uv": [28, 17], "uv_size": [1.5, 0.5]},
								"south": {"uv": [30, 26], "uv_size": [1, 0.5]},
								"west": {"uv": [18, 28], "uv_size": [1.5, 0.5]},
								"up": {"uv": [12, 21], "uv_size": [1, 1.5]},
								"down": {"uv": [21, 13.5], "uv_size": [1, -1.5]}
							}
						},
						{
							"origin": [-2.42181, 0.40848, 0.24626],
							"size": [0.40261, 0.675, 0.972],
							"pivot": [-2.2205, 0.50028, 0.73226],
							"rotation": [0, -45, 0],
							"uv": {
								"north": {"uv": [27, 30], "uv_size": [0.5, 1]},
								"east": {"uv": [24, 1], "uv_size": [1, 1]},
								"south": {"uv": [30, 27], "uv_size": [0.5, 1]},
								"west": {"uv": [24, 2], "uv_size": [1, 1]},
								"up": {"uv": [28, 30], "uv_size": [0.5, 1]},
								"down": {"uv": [30, 29], "uv_size": [0.5, -1]}
							}
						},
						{
							"origin": [-2.42181, 0.40848, 0.24626],
							"size": [0.40261, 0.675, 0.972],
							"uv": {
								"north": {"uv": [29, 30], "uv_size": [0.5, 1]},
								"east": {"uv": [24, 3], "uv_size": [1, 1]},
								"south": {"uv": [30, 29], "uv_size": [0.5, 1]},
								"west": {"uv": [24, 4], "uv_size": [1, 1]},
								"up": {"uv": [30, 30], "uv_size": [0.5, 1]},
								"down": {"uv": [0, 32], "uv_size": [0.5, -1]}
							}
						},
						{
							"origin": [-2.7065, 0.40848, 0.53095],
							"size": [0.972, 0.675, 0.40261],
							"pivot": [-2.2205, 0.50028, 0.73226],
							"rotation": [0, -45, 0],
							"uv": {
								"north": {"uv": [24, 5], "uv_size": [1, 1]},
								"east": {"uv": [31, 0], "uv_size": [0.5, 1]},
								"south": {"uv": [6, 24], "uv_size": [1, 1]},
								"west": {"uv": [1, 31], "uv_size": [0.5, 1]},
								"up": {"uv": [31, 1], "uv_size": [1, 0.5]},
								"down": {"uv": [2, 31.5], "uv_size": [1, -0.5]}
							}
						},
						{
							"origin": [-2.7065, 0.40848, 0.53095],
							"size": [0.972, 0.675, 0.40261],
							"uv": {
								"north": {"uv": [7, 24], "uv_size": [1, 1]},
								"east": {"uv": [31, 2], "uv_size": [0.5, 1]},
								"south": {"uv": [24, 11], "uv_size": [1, 1]},
								"west": {"uv": [3, 31], "uv_size": [0.5, 1]},
								"up": {"uv": [31, 3], "uv_size": [1, 0.5]},
								"down": {"uv": [4, 31.5], "uv_size": [1, -0.5]}
							}
						},
						{
							"origin": [-2.3105, 1.08348, 0.64226],
							"size": [0.18, 0.045, 0.18],
							"pivot": [-2.2205, 0.74598, 0.73226],
							"rotation": [0, -45, 0],
							"uv": {
								"north": {"uv": [33, 14], "uv_size": [0.5, 0.5]},
								"east": {"uv": [15, 33], "uv_size": [0.5, 0.5]},
								"south": {"uv": [33, 15], "uv_size": [0.5, 0.5]},
								"west": {"uv": [16, 33], "uv_size": [0.5, 0.5]},
								"up": {"uv": [33, 16], "uv_size": [0.5, 0.5]},
								"down": {"uv": [17, 33.5], "uv_size": [0.5, -0.5]}
							}
						},
						{
							"origin": [-2.6255, 1.08348, 0.64226],
							"size": [0.18, 0.045, 0.18],
							"pivot": [-2.5355, 0.74598, 0.73226],
							"rotation": [0, -45, 0],
							"uv": {
								"north": {"uv": [33, 17], "uv_size": [0.5, 0.5]},
								"east": {"uv": [18, 33], "uv_size": [0.5, 0.5]},
								"south": {"uv": [33, 18], "uv_size": [0.5, 0.5]},
								"west": {"uv": [19, 33], "uv_size": [0.5, 0.5]},
								"up": {"uv": [33, 19], "uv_size": [0.5, 0.5]},
								"down": {"uv": [20, 33.5], "uv_size": [0.5, -0.5]}
							}
						},
						{
							"origin": [-1.9955, 1.08348, 0.64226],
							"size": [0.18, 0.045, 0.18],
							"pivot": [-1.9055, 0.74598, 0.73226],
							"rotation": [0, -45, 0],
							"uv": {
								"north": {"uv": [33, 20], "uv_size": [0.5, 0.5]},
								"east": {"uv": [21, 33], "uv_size": [0.5, 0.5]},
								"south": {"uv": [33, 21], "uv_size": [0.5, 0.5]},
								"west": {"uv": [22, 33], "uv_size": [0.5, 0.5]},
								"up": {"uv": [33, 22], "uv_size": [0.5, 0.5]},
								"down": {"uv": [23, 33.5], "uv_size": [0.5, -0.5]}
							}
						}
					]
				},
				{
					"name": "mount",
					"parent": "scope_body",
					"pivot": [7.3132, -10.22804, -9.35204],
					"cubes": [
						{
							"origin": [0.89173, -3.95665, 0.43495],
							"size": [0.40132, 1.17445, 1.30619],
							"uv": {
								"north": {"uv": [19, 24], "uv_size": [0.5, 1.5]},
								"east": {"uv": [9, 4], "uv_size": [1.5, 1.5]},
								"south": {"uv": [24, 19], "uv_size": [0.5, 1.5]},
								"west": {"uv": [15, 12], "uv_size": [1.5, 1.5]},
								"up": {"uv": [20, 24], "uv_size": [0.5, 1.5]},
								"down": {"uv": [21, 25.5], "uv_size": [0.5, -1.5]}
							}
						},
						{
							"origin": [0.89173, -3.34147, 1.74113],
							"size": [0.40132, 0.55926, 0.61633],
							"uv": {
								"north": {"uv": [24, 28], "uv_size": [0.5, 1]},
								"east": {"uv": [28, 24], "uv_size": [0.5, 1]},
								"south": {"uv": [25, 28], "uv_size": [0.5, 1]},
								"west": {"uv": [28, 25], "uv_size": [0.5, 1]},
								"up": {"uv": [31, 17], "uv_size": [0.5, 0.5]},
								"down": {"uv": [18, 31.5], "uv_size": [0.5, -0.5]}
							}
						},
						{
							"origin": [0.89162, -0.16555, 0.97653],
							"size": [0.40154, 0.87104, 0.45761],
							"inflate": -0.0002,
							"pivot": [0.12805, -2.43273, -2.98923],
							"rotation": [-45, 0, 0],
							"uv": {
								"north": {"uv": [26, 28], "uv_size": [0.5, 1]},
								"east": {"uv": [27, 28], "uv_size": [0.5, 1]},
								"south": {"uv": [28, 27], "uv_size": [0.5, 1]},
								"west": {"uv": [28, 28], "uv_size": [0.5, 1]},
								"up": {"uv": [31, 18], "uv_size": [0.5, 0.5]},
								"down": {"uv": [19, 31.5], "uv_size": [0.5, -0.5]}
							}
						},
						{
							"origin": [0.89172, -3.76114, -1.79991],
							"size": [0.20067, 0.60199, 2.30463],
							"inflate": -0.0001,
							"pivot": [0.99206, -3.46014, -0.64759],
							"rotation": [-10, 0, 0],
							"uv": {
								"north": {"uv": [31, 19], "uv_size": [0.5, 0.5]},
								"east": {"uv": [21, 5], "uv_size": [2.5, 0.5]},
								"south": {"uv": [20, 31], "uv_size": [0.5, 0.5]},
								"west": {"uv": [14, 21], "uv_size": [2.5, 0.5]},
								"up": {"uv": [17, 21], "uv_size": [0.5, 2.5]},
								"down": {"uv": [18, 23.5], "uv_size": [0.5, -2.5]}
							}
						},
						{
							"origin": [0.89173, -3.44468, -1.86967],
							"size": [0.40132, 0.66247, 2.30461],
							"uv": {
								"north": {"uv": [0, 29], "uv_size": [0.5, 1]},
								"east": {"uv": [14, 7], "uv_size": [2.5, 1]},
								"south": {"uv": [1, 29], "uv_size": [0.5, 1]},
								"west": {"uv": [14, 11], "uv_size": [2.5, 1]},
								"up": {"uv": [21, 18], "uv_size": [0.5, 2.5]},
								"down": {"uv": [19, 23.5], "uv_size": [0.5, -2.5]}
							}
						},
						{
							"origin": [0.95739, -2.78221, 0.29514],
							"size": [0.27, 0.09, 0.27],
							"pivot": [1.09239, -2.73721, 0.43014],
							"rotation": [0, -45, 0],
							"uv": {
								"north": {"uv": [31, 20], "uv_size": [0.5, 0.5]},
								"east": {"uv": [21, 31], "uv_size": [0.5, 0.5]},
								"south": {"uv": [31, 21], "uv_size": [0.5, 0.5]},
								"west": {"uv": [22, 31], "uv_size": [0.5, 0.5]},
								"up": {"uv": [31, 22], "uv_size": [0.5, 0.5]},
								"down": {"uv": [23, 31.5], "uv_size": [0.5, -0.5]}
							}
						},
						{
							"origin": [0.89173, -2.78221, -1.86967],
							"size": [0.40132, 1.125, 1.125],
							"uv": {
								"north": {"uv": [24, 21], "uv_size": [0.5, 1.5]},
								"east": {"uv": [14, 15], "uv_size": [1.5, 1.5]},
								"south": {"uv": [22, 24], "uv_size": [0.5, 1.5]},
								"west": {"uv": [16, 0], "uv_size": [1.5, 1.5]},
								"up": {"uv": [23, 24], "uv_size": [0.5, 1.5]},
								"down": {"uv": [24, 24.5], "uv_size": [0.5, -1.5]}
							}
						},
						{
							"origin": [0.50057, -0.7638, -1.77967],
							"size": [0.18, 1.1, 4.005],
							"pivot": [0.59057, -0.0888, -1.30717],
							"rotation": [0, 0, -35],
							"uv": {
								"north": {"uv": [0, 25], "uv_size": [0.5, 1.5]},
								"east": {"uv": [6, 6], "uv_size": [4.5, 1.5]},
								"south": {"uv": [25, 0], "uv_size": [0.5, 1.5]},
								"west": {"uv": [6, 8], "uv_size": [4.5, 1.5]},
								"up": {"uv": [8, 15], "uv_size": [0.5, 4.5]},
								"down": {"uv": [2, 20.5], "uv_size": [0.5, -4.5]}
							}
						},
						{
							"origin": [0.23056, -0.96631, -0.83468],
							"size": [0.72002, 1.30252, 0.09002],
							"inflate": -0.0001,
							"pivot": [0.59057, -0.0888, -2.31967],
							"rotation": [0, 0, -35],
							"uv": {
								"north": {"uv": [14, 19], "uv_size": [1, 1.5]},
								"east": {"uv": [1, 25], "uv_size": [0.5, 1.5]},
								"south": {"uv": [15, 19], "uv_size": [1, 1.5]},
								"west": {"uv": [2, 25], "uv_size": [0.5, 1.5]},
								"up": {"uv": [29, 1], "uv_size": [1, 0.5]},
								"down": {"uv": [2, 29.5], "uv_size": [1, -0.5]}
							}
						},
						{
							"origin": [0.32057, -0.9663, 2.18033],
							"size": [0.54, 1.3025, 0.135],
							"pivot": [0.59057, -0.0888, 0.74033],
							"rotation": [0, 0, -35],
							"uv": {
								"north": {"uv": [25, 2], "uv_size": [0.5, 1.5]},
								"east": {"uv": [3, 25], "uv_size": [0.5, 1.5]},
								"south": {"uv": [4, 25], "uv_size": [0.5, 1.5]},
								"west": {"uv": [25, 4], "uv_size": [0.5, 1.5]},
								"up": {"uv": [31, 23], "uv_size": [0.5, 0.5]},
								"down": {"uv": [24, 31.5], "uv_size": [0.5, -0.5]}
							}
						},
						{
							"origin": [0.32057, -0.9663, 1.73033],
							"size": [0.54, 1.3025, 0.135],
							"pivot": [0.59057, -0.0888, 0.29033],
							"rotation": [0, 0, -35],
							"uv": {
								"north": {"uv": [5, 25], "uv_size": [0.5, 1.5]},
								"east": {"uv": [6, 25], "uv_size": [0.5, 1.5]},
								"south": {"uv": [25, 6], "uv_size": [0.5, 1.5]},
								"west": {"uv": [7, 25], "uv_size": [0.5, 1.5]},
								"up": {"uv": [31, 24], "uv_size": [0.5, 0.5]},
								"down": {"uv": [25, 31.5], "uv_size": [0.5, -0.5]}
							}
						},
						{
							"origin": [0.23056, -0.96631, -1.86968],
							"size": [0.72002, 1.30252, 0.09002],
							"inflate": -0.0001,
							"pivot": [0.59057, -0.0888, -3.35467],
							"rotation": [0, 0, -35],
							"uv": {
								"north": {"uv": [19, 15], "uv_size": [1, 1.5]},
								"east": {"uv": [8, 25], "uv_size": [0.5, 1.5]},
								"south": {"uv": [16, 19], "uv_size": [1, 1.5]},
								"west": {"uv": [25, 8], "uv_size": [0.5, 1.5]},
								"up": {"uv": [29, 2], "uv_size": [1, 0.5]},
								"down": {"uv": [3, 29.5], "uv_size": [1, -0.5]}
							}
						},
						{
							"origin": [0.66673, -1.92721, -1.86967],
							"size": [0.85132, 1.35, 1.125],
							"uv": {
								"north": {"uv": [17, 19], "uv_size": [1, 1.5]},
								"east": {"uv": [16, 2], "uv_size": [1.5, 1.5]},
								"south": {"uv": [18, 19], "uv_size": [1, 1.5]},
								"west": {"uv": [3, 16], "uv_size": [1.5, 1.5]},
								"up": {"uv": [19, 19], "uv_size": [1, 1.5]},
								"down": {"uv": [20, 3.5], "uv_size": [1, -1.5]}
							}
						},
						{
							"origin": [1.29305, -2.42221, -1.48717],
							"size": [0.09, 0.36, 0.36],
							"pivot": [1.36055, -2.24221, -1.30717],
							"rotation": [-45, 0, 0],
							"uv": {
								"north": {"uv": [31, 25], "uv_size": [0.5, 0.5]},
								"south": {"uv": [26, 31], "uv_size": [0.5, 0.5]},
								"west": {"uv": [31, 26], "uv_size": [0.5, 0.5]},
								"up": {"uv": [27, 31], "uv_size": [0.5, 0.5]},
								"down": {"uv": [31, 27.5], "uv_size": [0.5, -0.5]}
							}
						},
						{
							"origin": [1.29305, -3.09721, -1.48717],
							"size": [0.09, 0.36, 0.36],
							"pivot": [1.36055, -2.91721, -1.30717],
							"rotation": [-45, 0, 0],
							"uv": {
								"north": {"uv": [28, 31], "uv_size": [0.5, 0.5]},
								"south": {"uv": [31, 28], "uv_size": [0.5, 0.5]},
								"west": {"uv": [29, 31], "uv_size": [0.5, 0.5]},
								"up": {"uv": [31, 29], "uv_size": [0.5, 0.5]},
								"down": {"uv": [30, 31.5], "uv_size": [0.5, -0.5]}
							}
						},
						{
							"origin": [1.29305, -3.18721, 1.39283],
							"size": [0.09, 0.36, 0.36],
							"pivot": [1.36055, -3.00721, 1.57283],
							"rotation": [-45, 0, 0],
							"uv": {
								"north": {"uv": [31, 30], "uv_size": [0.5, 0.5]},
								"south": {"uv": [31, 31], "uv_size": [0.5, 0.5]},
								"west": {"uv": [0, 32], "uv_size": [0.5, 0.5]},
								"up": {"uv": [32, 0], "uv_size": [0.5, 0.5]},
								"down": {"uv": [1, 32.5], "uv_size": [0.5, -0.5]}
							}
						},
						{
							"origin": [1.29305, -3.86221, 1.16783],
							"size": [0.09, 0.36, 0.36],
							"pivot": [1.36055, -3.68221, 1.34783],
							"rotation": [-45, 0, 0],
							"uv": {
								"north": {"uv": [32, 1], "uv_size": [0.5, 0.5]},
								"south": {"uv": [2, 32], "uv_size": [0.5, 0.5]},
								"west": {"uv": [32, 2], "uv_size": [0.5, 0.5]},
								"up": {"uv": [3, 32], "uv_size": [0.5, 0.5]},
								"down": {"uv": [32, 3.5], "uv_size": [0.5, -0.5]}
							}
						},
						{
							"origin": [0.89173, -2.78221, 1.68246],
							"size": [0.40132, 1.305, 0.675],
							"uv": {
								"north": {"uv": [22, 13], "uv_size": [0.5, 2]},
								"east": {"uv": [7, 16], "uv_size": [1, 2]},
								"south": {"uv": [22, 15], "uv_size": [0.5, 2]},
								"west": {"uv": [9, 17], "uv_size": [1, 2]},
								"up": {"uv": [29, 3], "uv_size": [0.5, 1]},
								"down": {"uv": [4, 30], "uv_size": [0.5, -1]}
							}
						},
						{
							"origin": [1.18719, -2.89876, 2.13241],
							"size": [0.2251, 1.6201, 0.2251],
							"inflate": -0.0005,
							"pivot": [1.21158, -1.54871, 2.24496],
							"rotation": [0, 0, 7.5],
							"uv": {
								"north": {"uv": [16, 22], "uv_size": [0.5, 2]},
								"east": {"uv": [22, 17], "uv_size": [0.5, 2]},
								"south": {"uv": [22, 19], "uv_size": [0.5, 2]},
								"west": {"uv": [20, 22], "uv_size": [0.5, 2]},
								"up": {"uv": [4, 32], "uv_size": [0.5, 0.5]},
								"down": {"uv": [32, 4.5], "uv_size": [0.5, -0.5]}
							}
						},
						{
							"origin": [1.17724, -3.33336, -1.86972],
							"size": [0.2251, 1.8001, 0.2251],
							"inflate": -0.0005,
							"pivot": [1.20164, -2.43331, -1.75717],
							"rotation": [0, 0, 7.5],
							"uv": {
								"north": {"uv": [22, 21], "uv_size": [0.5, 2]},
								"east": {"uv": [0, 23], "uv_size": [0.5, 2]},
								"south": {"uv": [23, 0], "uv_size": [0.5, 2]},
								"west": {"uv": [1, 23], "uv_size": [0.5, 2]},
								"up": {"uv": [5, 32], "uv_size": [0.5, 0.5]},
								"down": {"uv": [32, 5.5], "uv_size": [0.5, -0.5]}
							}
						},
						{
							"origin": [0.77249, -2.89876, 2.13241],
							"size": [0.2251, 1.6201, 0.2251],
							"inflate": -0.0005,
							"pivot": [0.9732, -1.54871, 1.79496],
							"rotation": [0, 0, -7.5],
							"uv": {
								"north": {"uv": [2, 23], "uv_size": [0.5, 2]},
								"east": {"uv": [23, 2], "uv_size": [0.5, 2]},
								"south": {"uv": [4, 23], "uv_size": [0.5, 2]},
								"west": {"uv": [5, 23], "uv_size": [0.5, 2]},
								"up": {"uv": [6, 32], "uv_size": [0.5, 0.5]},
								"down": {"uv": [32, 6.5], "uv_size": [0.5, -0.5]}
							}
						},
						{
							"origin": [1.09238, -1.13023, -0.29753],
							"size": [0.20068, 0.40134, 0.7525],
							"inflate": -0.0001,
							"pivot": [0.12805, -2.52273, -2.97516],
							"rotation": [-45, 0, 0],
							"uv": {
								"north": {"uv": [7, 32], "uv_size": [0.5, 0.5]},
								"east": {"uv": [29, 4], "uv_size": [1, 0.5]},
								"south": {"uv": [32, 7], "uv_size": [0.5, 0.5]},
								"west": {"uv": [5, 29], "uv_size": [1, 0.5]},
								"up": {"uv": [29, 5], "uv_size": [0.5, 1]},
								"down": {"uv": [6, 30], "uv_size": [0.5, -1]}
							}
						},
						{
							"origin": [0.01614, -3.99842, -1.86967],
							"size": [0.28377, 0.28378, 3.79576],
							"pivot": [0.12805, -2.52273, -2.97516],
							"rotation": [0, 0, -45],
							"uv": {
								"north": {"uv": [8, 32], "uv_size": [0.5, 0.5]},
								"east": {"uv": [12, 17], "uv_size": [4, 0.5]},
								"south": {"uv": [32, 8], "uv_size": [0.5, 0.5]},
								"west": {"uv": [17, 12], "uv_size": [4, 0.5]},
								"up": {"uv": [18, 0], "uv_size": [0.5, 4]},
								"down": {"uv": [3, 22], "uv_size": [0.5, -4]}
							}
						}
					]
				},
				{
					"name": "octagon2",
					"parent": "mount",
					"pivot": [1.11493, -0.45052, 4.77043],
					"rotation": [0, 0, 22.5],
					"cubes": [
						{
							"origin": [1.06661, -1.37638, 2.27008],
							"size": [0.4563, 1.1016, 0.17212],
							"pivot": [1.16932, -0.77361, 4.17895],
							"rotation": [0, 0, 45],
							"uv": {
								"north": {"uv": [27, 4], "uv_size": [0.5, 1.5]},
								"east": {"uv": [5, 27], "uv_size": [0.5, 1.5]},
								"south": {"uv": [6, 27], "uv_size": [0.5, 1.5]},
								"west": {"uv": [27, 6], "uv_size": [0.5, 1.5]},
								"up": {"uv": [33, 1], "uv_size": [0.5, 0.5]},
								"down": {"uv": [2, 33.5], "uv_size": [0.5, -0.5]}
							}
						},
						{
							"origin": [0.99368, -1.44986, 2.27008],
							"size": [0.45575, 1.1016, 0.17212],
							"uv": {
								"north": {"uv": [7, 27], "uv_size": [0.5, 1.5]},
								"east": {"uv": [8, 27], "uv_size": [0.5, 1.5]},
								"south": {"uv": [27, 8], "uv_size": [0.5, 1.5]},
								"west": {"uv": [9, 27], "uv_size": [0.5, 1.5]},
								"up": {"uv": [33, 2], "uv_size": [0.5, 0.5]},
								"down": {"uv": [3, 33.5], "uv_size": [0.5, -0.5]}
							}
						},
						{
							"origin": [0.74397, -1.05372, 2.27008],
							"size": [1.1016, 0.4563, 0.17212],
							"pivot": [1.16932, -0.77361, 4.17895],
							"rotation": [0, 0, 45],
							"uv": {
								"north": {"uv": [10, 27], "uv_size": [1.5, 0.5]},
								"east": {"uv": [33, 3], "uv_size": [0.5, 0.5]},
								"south": {"uv": [27, 10], "uv_size": [1.5, 0.5]},
								"west": {"uv": [4, 33], "uv_size": [0.5, 0.5]},
								"up": {"uv": [27, 11], "uv_size": [1.5, 0.5]},
								"down": {"uv": [27, 12.5], "uv_size": [1.5, -0.5]}
							}
						},
						{
							"origin": [0.67048, -1.12721, 2.27008],
							"size": [1.1016, 0.4563, 0.17212],
							"uv": {
								"north": {"uv": [27, 13], "uv_size": [1.5, 0.5]},
								"east": {"uv": [33, 4], "uv_size": [0.5, 0.5]},
								"south": {"uv": [27, 14], "uv_size": [1.5, 0.5]},
								"west": {"uv": [5, 33], "uv_size": [0.5, 0.5]},
								"up": {"uv": [27, 15], "uv_size": [1.5, 0.5]},
								"down": {"uv": [16, 27.5], "uv_size": [1.5, -0.5]}
							}
						}
					]
				},
				{
					"name": "octagon",
					"parent": "mount",
					"pivot": [1.06763, -0.91364, 1.67691],
					"rotation": [0, 0, 22.5],
					"cubes": [
						{
							"origin": [0.90721, -1.43249, 1.67797],
							"size": [0.507, 1.224, 0.59288],
							"pivot": [1.00169, -0.75461, 2.10637],
							"rotation": [0, 0, 45],
							"uv": {
								"north": {"uv": [27, 16], "uv_size": [0.5, 1.5]},
								"east": {"uv": [20, 4], "uv_size": [1, 1.5]},
								"south": {"uv": [27, 18], "uv_size": [0.5, 1.5]},
								"west": {"uv": [8, 20], "uv_size": [1, 1.5]},
								"up": {"uv": [9, 30], "uv_size": [0.5, 1]},
								"down": {"uv": [30, 10], "uv_size": [0.5, -1]}
							}
						},
						{
							"origin": [0.81467, -1.52564, 1.67797],
							"size": [0.50638, 1.224, 0.59288],
							"uv": {
								"north": {"uv": [21, 27], "uv_size": [0.5, 1.5]},
								"east": {"uv": [20, 8], "uv_size": [1, 1.5]},
								"south": {"uv": [22, 27], "uv_size": [0.5, 1.5]},
								"west": {"uv": [10, 20], "uv_size": [1, 1.5]},
								"up": {"uv": [10, 30], "uv_size": [0.5, 1]},
								"down": {"uv": [30, 11], "uv_size": [0.5, -1]}
							}
						},
						{
							"origin": [0.54871, -1.07399, 1.67797],
							"size": [1.224, 0.507, 0.59288],
							"pivot": [1.00169, -0.75461, 2.10637],
							"rotation": [0, 0, 45],
							"uv": {
								"north": {"uv": [24, 27], "uv_size": [1.5, 0.5]},
								"east": {"uv": [11, 30], "uv_size": [1, 0.5]},
								"south": {"uv": [26, 27], "uv_size": [1.5, 0.5]},
								"west": {"uv": [30, 11], "uv_size": [1, 0.5]},
								"up": {"uv": [19, 13], "uv_size": [1.5, 1]},
								"down": {"uv": [11, 21], "uv_size": [1.5, -1]}
							}
						},
						{
							"origin": [0.45556, -1.16714, 1.67797],
							"size": [1.224, 0.507, 0.59288],
							"uv": {
								"north": {"uv": [27, 26], "uv_size": [1.5, 0.5]},
								"east": {"uv": [12, 30], "uv_size": [1, 0.5]},
								"south": {"uv": [28, 0], "uv_size": [1.5, 0.5]},
								"west": {"uv": [30, 12], "uv_size": [1, 0.5]},
								"up": {"uv": [20, 14], "uv_size": [1.5, 1]},
								"down": {"uv": [20, 16], "uv_size": [1.5, -1]}
							}
						},
						{
							"origin": [0.90721, -1.43249, 2.44297],
							"size": [0.507, 1.224, 0.59287],
							"pivot": [1.00169, -0.75461, 2.10637],
							"rotation": [0, 0, 45],
							"uv": {
								"north": {"uv": [28, 1], "uv_size": [0.5, 1.5]},
								"east": {"uv": [13, 20], "uv_size": [1, 1.5]},
								"south": {"uv": [28, 3], "uv_size": [0.5, 1.5]},
								"west": {"uv": [20, 18], "uv_size": [1, 1.5]},
								"up": {"uv": [13, 30], "uv_size": [0.5, 1]},
								"down": {"uv": [30, 14], "uv_size": [0.5, -1]}
							}
						},
						{
							"origin": [0.81467, -1.52564, 2.44297],
							"size": [0.50638, 1.224, 0.59287],
							"uv": {
								"north": {"uv": [28, 5], "uv_size": [0.5, 1.5]},
								"east": {"uv": [20, 20], "uv_size": [1, 1.5]},
								"south": {"uv": [28, 7], "uv_size": [0.5, 1.5]},
								"west": {"uv": [2, 21], "uv_size": [1, 1.5]},
								"up": {"uv": [14, 30], "uv_size": [0.5, 1]},
								"down": {"uv": [30, 15], "uv_size": [0.5, -1]}
							}
						},
						{
							"origin": [0.54871, -1.07399, 2.44297],
							"size": [1.224, 0.507, 0.59287],
							"pivot": [1.00169, -0.75461, 2.10637],
							"rotation": [0, 0, 45],
							"uv": {
								"north": {"uv": [28, 9], "uv_size": [1.5, 0.5]},
								"east": {"uv": [15, 30], "uv_size": [1, 0.5]},
								"south": {"uv": [10, 28], "uv_size": [1.5, 0.5]},
								"west": {"uv": [30, 15], "uv_size": [1, 0.5]},
								"up": {"uv": [20, 16], "uv_size": [1.5, 1]},
								"down": {"uv": [21, 3], "uv_size": [1.5, -1]}
							}
						},
						{
							"origin": [0.45556, -1.16714, 2.44297],
							"size": [1.224, 0.507, 0.59287],
							"uv": {
								"north": {"uv": [12, 28], "uv_size": [1.5, 0.5]},
								"east": {"uv": [16, 30], "uv_size": [1, 0.5]},
								"south": {"uv": [14, 28], "uv_size": [1.5, 0.5]},
								"west": {"uv": [30, 16], "uv_size": [1, 0.5]},
								"up": {"uv": [21, 3], "uv_size": [1.5, 1]},
								"down": {"uv": [21, 5], "uv_size": [1.5, -1]}
							}
						}
					]
				},
				{
					"name": "lens_illuminated",
					"parent": "scope_body",
					"pivot": [0.3632, 0.83946, -7.77704],
					"rotation": [0, 0, -180],
					"cubes": [
						{
							"origin": [0.21648, 0.28496, -4.7764],
							"size": [0.57024, 1.44342, 0],
							"pivot": [0.5016, 1.00667, -4.7764],
							"rotation": [0, 0, 22.5],
							"uv": {
								"north": {"uv": [13, 14], "uv_size": [1, 2.5]}
							}
						},
						{
							"origin": [-0.2112, 0.64136, -4.7764],
							"size": [0.14256, 0.73062, 0],
							"pivot": [0.5016, 1.00667, -4.7764],
							"rotation": [0, 0, 22.5],
							"uv": {
								"north": {"uv": [23, 28], "uv_size": [0.5, 1.5]}
							}
						},
						{
							"origin": [0.78672, 0.39188, -4.7764],
							"size": [0.28512, 1.22958, 0],
							"pivot": [0.5016, 1.00667, -4.7764],
							"rotation": [0, 0, 22.5],
							"uv": {
								"north": {"uv": [24, 17], "uv_size": [0.5, 2]}
							}
						},
						{
							"origin": [-0.06864, 0.39188, -4.7764],
							"size": [0.28512, 1.22958, 0],
							"pivot": [0.5016, 1.00667, -4.7764],
							"rotation": [0, 0, 22.5],
							"uv": {
								"north": {"uv": [18, 24], "uv_size": [0.5, 2]}
							}
						},
						{
							"origin": [1.07184, 0.64136, -4.7764],
							"size": [0.14256, 0.73062, 0],
							"pivot": [0.5016, 1.00667, -4.7764],
							"rotation": [0, 0, 22.5],
							"uv": {
								"north": {"uv": [28, 22], "uv_size": [0.5, 1.5]}
							}
						}
					]
				},
				{
					"name": "division",
					"pivot": [-0.1428, 1.2725, -95.94077],
					"cubes": [
						{
							"origin": [25.8572, -56.77745, -95.94077],
							"size": [52, 116, 0],
							"uv": {
								"south": {"uv": [0, 5], "uv_size": [0.5, 0.5]}
							}
						},
						{
							"origin": [-78.1428, -56.77745, -95.94077],
							"size": [52, 116, 0],
							"uv": {
								"south": {"uv": [0, 5], "uv_size": [0.5, 0.5]}
							}
						},
						{
							"origin": [-26.1428, 27.22255, -95.94077],
							"size": [52, 32, 0],
							"uv": {
								"south": {"uv": [0, 5], "uv_size": [0.5, 0.5]}
							}
						},
						{
							"origin": [-26.1428, -56.77745, -95.94077],
							"size": [52, 32, 0],
							"uv": {
								"south": {"uv": [0, 5], "uv_size": [0.5, 0.5]}
							}
						},
						{
							"origin": [-5.31452, 26.22255, -95.94077],
							"size": [10.34344, 1, 0],
							"pivot": [-0.1428, 1.22255, -95.94077],
							"rotation": [0, 0, -90],
							"uv": {
								"south": {"uv": [0, 5], "uv_size": [0.5, 0.5]}
							}
						},
						{
							"origin": [-5.31452, -24.77745, -95.94077],
							"size": [10.34344, 1, 0],
							"pivot": [-0.1428, 1.22255, -95.94077],
							"rotation": [0, 0, -90],
							"uv": {
								"south": {"uv": [0, 5], "uv_size": [0.5, 0.5]}
							}
						},
						{
							"origin": [-8.31452, 26.22255, -95.94077],
							"size": [16.34344, 7, 0],
							"pivot": [-0.1428, 1.22255, -95.94077],
							"rotation": [0, 0, 67.5],
							"uv": {
								"south": {"uv": [0, 5], "uv_size": [0.5, 0.5]}
							}
						},
						{
							"origin": [-5.31452, 26.22255, -95.94077],
							"size": [10.34344, 12, 0],
							"pivot": [-0.1428, 1.22255, -95.94077],
							"rotation": [0, 0, 45],
							"uv": {
								"south": {"uv": [0, 5], "uv_size": [0.5, 0.5]}
							}
						},
						{
							"origin": [-8.31452, 26.22255, -95.94077],
							"size": [16.34344, 7, 0],
							"pivot": [-0.1428, 1.22255, -95.94077],
							"rotation": [0, 0, 22.5],
							"uv": {
								"south": {"uv": [0, 5], "uv_size": [0.5, 0.5]}
							}
						},
						{
							"origin": [-8.31452, 26.22255, -95.94077],
							"size": [16.34344, 7, 0],
							"pivot": [-0.1428, 1.22255, -95.94077],
							"rotation": [0, 0, 112.5],
							"uv": {
								"south": {"uv": [0, 5], "uv_size": [0.5, 0.5]}
							}
						},
						{
							"origin": [-5.31452, 26.22255, -95.94077],
							"size": [10.34344, 12, 0],
							"pivot": [-0.1428, 1.22255, -95.94077],
							"rotation": [0, 0, 135],
							"uv": {
								"south": {"uv": [0, 5], "uv_size": [0.5, 0.5]}
							}
						},
						{
							"origin": [-8.31452, 26.22255, -95.94077],
							"size": [16.34344, 7, 0],
							"pivot": [-0.1428, 1.22255, -95.94077],
							"rotation": [0, 0, 157.5],
							"uv": {
								"south": {"uv": [0, 5], "uv_size": [0.5, 0.5]}
							}
						},
						{
							"origin": [-8.31452, 26.22255, -95.94077],
							"size": [16.34344, 7, 0],
							"pivot": [-0.1428, 1.22255, -95.94077],
							"rotation": [0, 0, -157.5],
							"uv": {
								"south": {"uv": [0, 5], "uv_size": [0.5, 0.5]}
							}
						},
						{
							"origin": [-5.31452, 26.22255, -95.94077],
							"size": [10.34344, 12, 0],
							"pivot": [-0.1428, 1.22255, -95.94077],
							"rotation": [0, 0, -135],
							"uv": {
								"south": {"uv": [0, 5], "uv_size": [0.5, 0.5]}
							}
						},
						{
							"origin": [-8.31452, 26.22255, -95.94077],
							"size": [16.34344, 7, 0],
							"pivot": [-0.1428, 1.22255, -95.94077],
							"rotation": [0, 0, -112.5],
							"uv": {
								"south": {"uv": [0, 5], "uv_size": [0.5, 0.5]}
							}
						},
						{
							"origin": [-8.31452, 26.22255, -95.94077],
							"size": [16.34344, 7, 0],
							"pivot": [-0.1428, 1.22255, -95.94077],
							"rotation": [0, 0, -67.5],
							"uv": {
								"south": {"uv": [0, 5], "uv_size": [0.5, 0.5]}
							}
						},
						{
							"origin": [-5.31452, 26.22255, -95.94077],
							"size": [10.34344, 12, 0],
							"pivot": [-0.1428, 1.22255, -95.94077],
							"rotation": [0, 0, -45],
							"uv": {
								"south": {"uv": [0, 5], "uv_size": [0.5, 0.5]}
							}
						},
						{
							"origin": [-8.31452, 26.22255, -95.94077],
							"size": [16.34344, 7, 0],
							"pivot": [-0.1428, 1.22255, -95.94077],
							"rotation": [0, 0, -22.5],
							"uv": {
								"south": {"uv": [0, 5], "uv_size": [0.5, 0.5]}
							}
						},
						{
							"origin": [-5.31452, -24.77745, -95.94077],
							"size": [10.34344, 1, 0],
							"pivot": [-0.1428, 1.22255, -95.94077],
							"rotation": [0, 0, -146.25],
							"uv": {
								"south": {"uv": [0, 5], "uv_size": [0.5, 0.5]}
							}
						},
						{
							"origin": [-5.31452, 26.22255, -95.94077],
							"size": [10.34344, 1, 0],
							"pivot": [-0.1428, 1.22255, -95.94077],
							"rotation": [0, 0, -146.25],
							"uv": {
								"south": {"uv": [0, 5], "uv_size": [0.5, 0.5]}
							}
						},
						{
							"origin": [-5.31452, -24.77745, -95.94077],
							"size": [10.34344, 1, 0],
							"pivot": [-0.1428, 1.22255, -95.94077],
							"rotation": [0, 0, -123.75],
							"uv": {
								"south": {"uv": [0, 5], "uv_size": [0.5, 0.5]}
							}
						},
						{
							"origin": [-5.31452, 26.22255, -95.94077],
							"size": [10.34344, 1, 0],
							"pivot": [-0.1428, 1.22255, -95.94077],
							"rotation": [0, 0, -123.75],
							"uv": {
								"south": {"uv": [0, 5], "uv_size": [0.5, 0.5]}
							}
						},
						{
							"origin": [-5.31452, -24.77745, -95.94077],
							"size": [10.34344, 1, 0],
							"pivot": [-0.1428, 1.22255, -95.94077],
							"rotation": [0, 0, -101.25],
							"uv": {
								"south": {"uv": [0, 5], "uv_size": [0.5, 0.5]}
							}
						},
						{
							"origin": [-5.31452, 26.22255, -95.94077],
							"size": [10.34344, 1, 0],
							"pivot": [-0.1428, 1.22255, -95.94077],
							"rotation": [0, 0, -101.25],
							"uv": {
								"south": {"uv": [0, 5], "uv_size": [0.5, 0.5]}
							}
						},
						{
							"origin": [-5.31452, -24.77745, -95.94077],
							"size": [10.34344, 1, 0],
							"pivot": [-0.1428, 1.22255, -95.94077],
							"rotation": [0, 0, -78.75],
							"uv": {
								"south": {"uv": [0, 5], "uv_size": [0.5, 0.5]}
							}
						},
						{
							"origin": [-5.31452, 26.22255, -95.94077],
							"size": [10.34344, 1, 0],
							"pivot": [-0.1428, 1.22255, -95.94077],
							"rotation": [0, 0, -78.75],
							"uv": {
								"south": {"uv": [0, 5], "uv_size": [0.5, 0.5]}
							}
						},
						{
							"origin": [-5.31452, -24.77745, -95.94077],
							"size": [10.34344, 1, 0],
							"pivot": [-0.1428, 1.22255, -95.94077],
							"rotation": [0, 0, -56.25],
							"uv": {
								"south": {"uv": [0, 5], "uv_size": [0.5, 0.5]}
							}
						},
						{
							"origin": [-5.31452, 26.22255, -95.94077],
							"size": [10.34344, 1, 0],
							"pivot": [-0.1428, 1.22255, -95.94077],
							"rotation": [0, 0, -56.25],
							"uv": {
								"south": {"uv": [0, 5], "uv_size": [0.5, 0.5]}
							}
						},
						{
							"origin": [-5.31452, -24.77745, -95.94077],
							"size": [10.34344, 1, 0],
							"pivot": [-0.1428, 1.22255, -95.94077],
							"rotation": [0, 0, -33.75],
							"uv": {
								"south": {"uv": [0, 5], "uv_size": [0.5, 0.5]}
							}
						},
						{
							"origin": [-5.31452, 26.22255, -95.94077],
							"size": [10.34344, 1, 0],
							"pivot": [-0.1428, 1.22255, -95.94077],
							"rotation": [0, 0, -33.75],
							"uv": {
								"south": {"uv": [0, 5], "uv_size": [0.5, 0.5]}
							}
						},
						{
							"origin": [-5.31452, -24.77745, -95.94077],
							"size": [10.34344, 1, 0],
							"pivot": [-0.1428, 1.22255, -95.94077],
							"rotation": [0, 0, -11.25],
							"uv": {
								"south": {"uv": [0, 5], "uv_size": [0.5, 0.5]}
							}
						},
						{
							"origin": [-5.31452, 26.22255, -95.94077],
							"size": [10.34344, 1, 0],
							"pivot": [-0.1428, 1.22255, -95.94077],
							"rotation": [0, 0, -11.25],
							"uv": {
								"south": {"uv": [0, 5], "uv_size": [0.5, 0.5]}
							}
						},
						{
							"origin": [-5.31452, -24.77745, -95.94077],
							"size": [10.34344, 1, 0],
							"pivot": [-0.1428, 1.22255, -95.94077],
							"rotation": [0, 0, 11.25],
							"uv": {
								"south": {"uv": [0, 5], "uv_size": [0.5, 0.5]}
							}
						},
						{
							"origin": [-5.31452, 26.22255, -95.94077],
							"size": [10.34344, 1, 0],
							"pivot": [-0.1428, 1.22255, -95.94077],
							"rotation": [0, 0, 11.25],
							"uv": {
								"south": {"uv": [0, 5], "uv_size": [0.5, 0.5]}
							}
						},
						{
							"origin": [-5.31452, 26.22255, -95.94077],
							"size": [10.34344, 1, 0],
							"uv": {
								"south": {"uv": [0, 5], "uv_size": [0.5, 0.5]}
							}
						},
						{
							"origin": [-5.31452, -24.77745, -95.94077],
							"size": [10.34344, 1, 0],
							"uv": {
								"south": {"uv": [0, 5], "uv_size": [0.5, 0.5]}
							}
						}
					]
				},
				{
					"name": "sight_picture",
					"parent": "division",
					"pivot": [-0.1428, 1.2725, -95.9408],
					"cubes": [
						{
							"origin": [-6.09463, -42.53862, -95.11784],
							"size": [0.207, 1.035, 0],
							"pivot": [-2.57563, -20.80362, -95.11784],
							"rotation": [0, 0, -180],
							"uv": {
								"south": {"uv": [0, 5], "uv_size": [0.5, 0.5]}
							}
						},
						{
							"origin": [-0.14338, 0.68585, -95.11784],
							"size": [0.1035, 0.05175, 0],
							"pivot": [-0.03988, 0.78935, -95.11784],
							"rotation": [0, 0, 149],
							"uv": {
								"south": {"uv": [0, 5], "uv_size": [0.5, 0.5]}
							}
						},
						{
							"origin": [-0.03988, 0.68585, -95.11784],
							"size": [0.1035, 0.05175, 0],
							"pivot": [-0.03988, 0.78935, -95.11784],
							"rotation": [0, 0, -149],
							"uv": {
								"south": {"uv": [0, 5], "uv_size": [0.5, 0.5]}
							}
						},
						{
							"origin": [-0.21147, 0.72439, -95.11784],
							"size": [0.07082, 0.05174, 0],
							"pivot": [-0.10797, 0.82788, -95.11784],
							"rotation": [0, 0, 180],
							"uv": {
								"south": {"uv": [0, 5], "uv_size": [0.5, 0.5]}
							}
						},
						{
							"origin": [5.80787, -42.53862, -95.11784],
							"size": [0.207, 1.035, 0],
							"pivot": [2.49587, -20.80362, -95.11784],
							"rotation": [0, 0, 180],
							"uv": {
								"south": {"uv": [0, 5], "uv_size": [0.5, 0.5]}
							}
						},
						{
							"origin": [-0.14338, 0.7376, -95.11784],
							"size": [0.207, 0.98325, 0],
							"pivot": [-0.03988, 0.78935, -95.11784],
							"rotation": [0, 0, -149],
							"uv": {
								"south": {"uv": [0, 5], "uv_size": [0.5, 0.5]}
							}
						},
						{
							"origin": [-0.14338, 0.7376, -95.11784],
							"size": [0.207, 0.98325, 0],
							"pivot": [-0.03988, 0.78935, -95.11784],
							"rotation": [0, 0, 149],
							"uv": {
								"south": {"uv": [0, 5], "uv_size": [0.5, 0.5]}
							}
						},
						{
							"origin": [5.29037, -42.53862, -95.11784],
							"size": [0.207, 1.035, 0],
							"pivot": [1.97837, -20.80362, -95.11784],
							"rotation": [0, 0, 180],
							"uv": {
								"south": {"uv": [0, 5], "uv_size": [0.5, 0.5]}
							}
						},
						{
							"origin": [4.77287, -42.53862, -95.11784],
							"size": [0.207, 1.035, 0],
							"pivot": [1.46087, -20.80362, -95.11784],
							"rotation": [0, 0, 180],
							"uv": {
								"south": {"uv": [0, 5], "uv_size": [0.5, 0.5]}
							}
						},
						{
							"origin": [4.25537, -42.53862, -95.11784],
							"size": [0.207, 1.035, 0],
							"pivot": [0.94337, -20.80362, -95.11784],
							"rotation": [0, 0, 180],
							"uv": {
								"south": {"uv": [0, 5], "uv_size": [0.5, 0.5]}
							}
						},
						{
							"origin": [8.08487, -42.53862, -95.11784],
							"size": [0.207, 1.035, 0],
							"pivot": [4.77287, -20.80362, -95.11784],
							"rotation": [0, 0, 180],
							"uv": {
								"south": {"uv": [0, 5], "uv_size": [0.5, 0.5]}
							}
						},
						{
							"origin": [8.60237, -42.53862, -95.11784],
							"size": [0.207, 1.035, 0],
							"pivot": [5.29037, -20.80362, -95.11784],
							"rotation": [0, 0, 180],
							"uv": {
								"south": {"uv": [0, 5], "uv_size": [0.5, 0.5]}
							}
						},
						{
							"origin": [9.11987, -42.53862, -95.11784],
							"size": [0.207, 1.035, 0],
							"pivot": [5.80787, -20.80362, -95.11784],
							"rotation": [0, 0, 180],
							"uv": {
								"south": {"uv": [0, 5], "uv_size": [0.5, 0.5]}
							}
						},
						{
							"origin": [3.73787, -42.53862, -95.11784],
							"size": [0.207, 1.5525, 0],
							"pivot": [0.42587, -20.80362, -95.11784],
							"rotation": [0, 0, 180],
							"uv": {
								"south": {"uv": [0, 5], "uv_size": [0.5, 0.5]}
							}
						},
						{
							"origin": [9.63737, -42.53862, -95.11784],
							"size": [0.207, 1.5525, 0],
							"pivot": [6.32537, -20.80362, -95.11784],
							"rotation": [0, 0, 180],
							"uv": {
								"south": {"uv": [0, 5], "uv_size": [0.5, 0.5]}
							}
						},
						{
							"origin": [12.94937, -41.40012, -95.11784],
							"size": [0.414, 1.035, 0],
							"pivot": [9.63737, -21.21762, -95.11784],
							"rotation": [0, 0, 180],
							"uv": {
								"south": {"uv": [3.5, 34], "uv_size": [0.5, 2.5]}
							}
						},
						{
							"origin": [11.08637, -41.40012, -95.11784],
							"size": [1.035, 1.035, 0],
							"pivot": [8.39537, -21.21762, -95.11784],
							"rotation": [0, 0, 180],
							"uv": {
								"south": {"uv": [0, 34], "uv_size": [2.5, 2.5]}
							}
						},
						{
							"origin": [0.01187, -41.40012, -95.11784],
							"size": [1.035, 1.035, 0],
							"pivot": [-2.67913, -21.21762, -95.11784],
							"rotation": [0, 0, 180],
							"uv": {
								"south": {"uv": [0, 34], "uv_size": [2.5, 2.5]}
							}
						},
						{
							"origin": [1.87487, -41.40012, -95.11784],
							"size": [0.414, 1.035, 0],
							"pivot": [-1.43713, -21.21762, -95.11784],
							"rotation": [0, 0, 180],
							"uv": {
								"south": {"uv": [3.5, 34], "uv_size": [0.5, 2.5]}
							}
						},
						{
							"origin": [12.22487, -42.53862, -95.11784],
							"size": [0.207, 1.5525, 0],
							"pivot": [8.91287, -20.80362, -95.11784],
							"rotation": [0, 0, 180],
							"uv": {
								"south": {"uv": [0, 5], "uv_size": [0.5, 0.5]}
							}
						},
						{
							"origin": [11.70737, -42.53862, -95.11784],
							"size": [0.207, 1.035, 0],
							"pivot": [8.39537, -20.80362, -95.11784],
							"rotation": [0, 0, 180],
							"uv": {
								"south": {"uv": [0, 5], "uv_size": [0.5, 0.5]}
							}
						},
						{
							"origin": [11.18987, -42.53862, -95.11784],
							"size": [0.207, 1.035, 0],
							"pivot": [7.87787, -20.80362, -95.11784],
							"rotation": [0, 0, 180],
							"uv": {
								"south": {"uv": [0, 5], "uv_size": [0.5, 0.5]}
							}
						},
						{
							"origin": [10.67237, -42.53862, -95.11784],
							"size": [0.207, 1.035, 0],
							"pivot": [7.36037, -20.80362, -95.11784],
							"rotation": [0, 0, 180],
							"uv": {
								"south": {"uv": [0, 5], "uv_size": [0.5, 0.5]}
							}
						},
						{
							"origin": [-3.50713, -42.53862, -95.11784],
							"size": [0.207, 1.035, 0],
							"pivot": [0.01187, -20.80362, -95.11784],
							"rotation": [0, 0, -180],
							"uv": {
								"south": {"uv": [0, 5], "uv_size": [0.5, 0.5]}
							}
						},
						{
							"origin": [1.15037, -42.53862, -95.11784],
							"size": [0.207, 1.5525, 0],
							"pivot": [-2.16163, -20.80362, -95.11784],
							"rotation": [0, 0, 180],
							"uv": {
								"south": {"uv": [0, 5], "uv_size": [0.5, 0.5]}
							}
						},
						{
							"origin": [1.66787, -42.53862, -95.11784],
							"size": [0.207, 1.035, 0],
							"pivot": [-1.64413, -20.80362, -95.11784],
							"rotation": [0, 0, 180],
							"uv": {
								"south": {"uv": [0, 5], "uv_size": [0.5, 0.5]}
							}
						},
						{
							"origin": [2.18537, -42.53862, -95.11784],
							"size": [0.207, 1.035, 0],
							"pivot": [-1.12663, -20.80362, -95.11784],
							"rotation": [0, 0, 180],
							"uv": {
								"south": {"uv": [0, 5], "uv_size": [0.5, 0.5]}
							}
						},
						{
							"origin": [2.70287, -42.53862, -95.11784],
							"size": [0.207, 1.035, 0],
							"pivot": [-0.60913, -20.80362, -95.11784],
							"rotation": [0, 0, 180],
							"uv": {
								"south": {"uv": [0, 5], "uv_size": [0.5, 0.5]}
							}
						},
						{
							"origin": [3.22037, -42.53862, -95.11784],
							"size": [0.207, 1.035, 0],
							"pivot": [-0.09163, -20.80362, -95.11784],
							"rotation": [0, 0, 180],
							"uv": {
								"south": {"uv": [0, 5], "uv_size": [0.5, 0.5]}
							}
						},
						{
							"origin": [-2.88613, -42.53862, -95.11784],
							"size": [16.56, 0.207, 0],
							"pivot": [10.15487, -20.80362, -95.11784],
							"rotation": [0, 0, 180],
							"uv": {
								"south": {"uv": [0, 5], "uv_size": [0.5, 0.5]}
							}
						},
						{
							"origin": [-32.79763, -42.53862, -95.11784],
							"size": [16.56, 0.207, 0],
							"pivot": [-19.75663, -20.80362, -95.11784],
							"rotation": [0, 0, 180],
							"uv": {
								"south": {"uv": [0, 5], "uv_size": [0.5, 0.5]}
							}
						},
						{
							"origin": [9.22337, -43.88412, -95.11784],
							"size": [0.207, 1.035, 0],
							"pivot": [6.11837, -24.11562, -95.11784],
							"rotation": [0, 0, 180],
							"uv": {
								"south": {"uv": [0, 5], "uv_size": [0.5, 0.5]}
							}
						},
						{
							"origin": [8.80937, -43.47012, -95.11784],
							"size": [1.035, 1.035, 0],
							"pivot": [6.11837, -23.28762, -95.11784],
							"rotation": [0, 0, 180],
							"uv": {
								"south": {"uv": [4.5, 34], "uv_size": [2.5, 2.5]}
							}
						},
						{
							"origin": [12.53537, -45.95412, -95.11784],
							"size": [1.035, 1.035, 0],
							"pivot": [9.84437, -25.77162, -95.11784],
							"rotation": [0, 0, 180],
							"uv": {
								"south": {"uv": [7.5, 34], "uv_size": [2.5, 2.5], "uv_rotation": 180}
							}
						},
						{
							"origin": [12.94937, -46.36812, -95.11784],
							"size": [0.207, 1.035, 0],
							"pivot": [9.84437, -26.59962, -95.11784],
							"rotation": [0, 0, 180],
							"uv": {
								"south": {"uv": [0, 5], "uv_size": [0.5, 0.5]}
							}
						},
						{
							"origin": [16.67537, -47.19612, -95.11784],
							"size": [0.207, 1.035, 0],
							"pivot": [13.57037, -27.42762, -95.11784],
							"rotation": [0, 0, 180],
							"uv": {
								"south": {"uv": [0, 5], "uv_size": [0.5, 0.5]}
							}
						},
						{
							"origin": [16.26137, -46.78212, -95.11784],
							"size": [1.035, 1.035, 0],
							"pivot": [13.57037, -26.59962, -95.11784],
							"rotation": [0, 0, 180],
							"uv": {
								"south": {"uv": [10.5, 34], "uv_size": [2.5, 2.5], "uv_rotation": 180}
							}
						},
						{
							"origin": [20.19437, -47.19612, -95.11784],
							"size": [1.035, 1.035, 0],
							"pivot": [17.50337, -27.01362, -95.11784],
							"rotation": [0, 0, 180],
							"uv": {
								"south": {"uv": [16.5, 34], "uv_size": [2.5, 2.5], "uv_rotation": 180}
							}
						},
						{
							"origin": [20.60837, -47.61012, -95.11784],
							"size": [0.207, 1.035, 0],
							"pivot": [17.50337, -27.84162, -95.11784],
							"rotation": [0, 0, 180],
							"uv": {
								"south": {"uv": [0, 5], "uv_size": [0.5, 0.5]}
							}
						},
						{
							"origin": [24.33437, -47.81712, -95.11784],
							"size": [0.207, 1.035, 0],
							"pivot": [21.22937, -28.04862, -95.11784],
							"rotation": [0, 0, 180],
							"uv": {
								"south": {"uv": [0, 5], "uv_size": [0.5, 0.5]}
							}
						},
						{
							"origin": [3.01337, -6.62412, -95.11784],
							"size": [0.207, 1.035, 0],
							"pivot": [3.11687, -6.10662, -95.11784],
							"rotation": [0, 0, 135],
							"uv": {
								"south": {"uv": [0, 5], "uv_size": [0.5, 0.5]}
							}
						},
						{
							"origin": [4.66937, -7.86612, -95.11784],
							"size": [0.207, 1.035, 0],
							"pivot": [4.77287, -7.34862, -95.11784],
							"rotation": [0, 0, 117.5],
							"uv": {
								"south": {"uv": [0, 5], "uv_size": [0.5, 0.5]}
							}
						},
						{
							"origin": [6.53237, -8.69412, -95.11784],
							"size": [0.207, 1.035, 0],
							"pivot": [6.63587, -8.17662, -95.11784],
							"rotation": [0, 0, 110],
							"uv": {
								"south": {"uv": [0, 5], "uv_size": [0.5, 0.5]}
							}
						},
						{
							"origin": [8.39537, -9.15987, -95.11784],
							"size": [0.207, 1.035, 0],
							"pivot": [8.49887, -8.64237, -95.11784],
							"rotation": [0, 0, 100.75],
							"uv": {
								"south": {"uv": [0, 5], "uv_size": [0.5, 0.5]}
							}
						},
						{
							"origin": [10.25837, -9.41862, -95.11784],
							"size": [0.207, 1.035, 0],
							"pivot": [10.36187, -8.90112, -95.11784],
							"rotation": [0, 0, 97.5],
							"uv": {
								"south": {"uv": [0, 5], "uv_size": [0.5, 0.5]}
							}
						},
						{
							"origin": [12.12137, -9.62562, -95.11784],
							"size": [0.207, 1.035, 0],
							"pivot": [12.22487, -9.10812, -95.11784],
							"rotation": [0, 0, 97.5],
							"uv": {
								"south": {"uv": [0, 5], "uv_size": [0.5, 0.5]}
							}
						},
						{
							"origin": [13.98437, -9.83262, -95.11784],
							"size": [0.207, 1.035, 0],
							"pivot": [14.08787, -9.31512, -95.11784],
							"rotation": [0, 0, 97.5],
							"uv": {
								"south": {"uv": [0, 5], "uv_size": [0.5, 0.5]}
							}
						},
						{
							"origin": [15.84737, -10.03962, -95.11784],
							"size": [0.207, 1.035, 0],
							"pivot": [15.95087, -9.52212, -95.11784],
							"rotation": [0, 0, 97.5],
							"uv": {
								"south": {"uv": [0, 5], "uv_size": [0.5, 0.5]}
							}
						},
						{
							"origin": [17.71037, -10.24662, -95.11784],
							"size": [0.207, 0.77625, 0],
							"pivot": [17.81387, -9.72912, -95.11784],
							"rotation": [0, 0, 97.5],
							"uv": {
								"south": {"uv": [0, 5], "uv_size": [0.5, 0.5]}
							}
						},
						{
							"origin": [-8.16463, -53.92362, -95.11784],
							"size": [15.2145, 0.207, 0],
							"pivot": [4.97987, -32.18862, -95.11784],
							"rotation": [0, 0, 180],
							"uv": {
								"south": {"uv": [0, 5], "uv_size": [0.5, 0.5]}
							}
						},
						{
							"origin": [8.60237, -51.54312, -95.11784],
							"size": [1.035, 1.035, 0],
							"pivot": [5.91137, -31.36062, -95.11784],
							"rotation": [0, 0, 180],
							"uv": {
								"south": {"uv": [0, 34], "uv_size": [2.5, 2.5]}
							}
						},
						{
							"origin": [10.46537, -51.54312, -95.11784],
							"size": [0.414, 1.035, 0],
							"pivot": [7.15337, -31.36062, -95.11784],
							"rotation": [0, 0, 180],
							"uv": {
								"south": {"uv": [3.5, 34], "uv_size": [0.5, 2.5]}
							}
						},
						{
							"origin": [-0.21147, -1.13862, -95.11784],
							"size": [0.07082, 0.1035, 0],
							"pivot": [-0.10797, -1.03512, -95.11784],
							"rotation": [0, 0, 180],
							"uv": {
								"south": {"uv": [0, 5], "uv_size": [0.5, 0.5]}
							}
						},
						{
							"origin": [-0.1307, -1.45803, -95.11784],
							"size": [0.1035, 0.621, 0],
							"pivot": [-0.10482, -1.22516, -95.11784],
							"rotation": [0, 0, -159],
							"uv": {
								"south": {"uv": [0, 5], "uv_size": [0.5, 0.5]}
							}
						},
						{
							"origin": [-0.27957, -6.72762, -95.11784],
							"size": [0.207, 11.385, 0],
							"pivot": [-0.10797, -6.62412, -95.11784],
							"rotation": [0, 0, 180],
							"uv": {
								"south": {"uv": [0, 5], "uv_size": [0.5, 0.5]}
							}
						},
						{
							"origin": [-0.07895, -1.50978, -95.11784],
							"size": [0.05175, 0.05175, 0],
							"pivot": [-0.10482, -1.22516, -95.11784],
							"rotation": [0, 0, -159],
							"uv": {
								"south": {"uv": [0, 5], "uv_size": [0.5, 0.5]}
							}
						},
						{
							"origin": [0.14755, -1.47269, -95.11784],
							"size": [0.05175, 0.05175, 0],
							"pivot": [0.12167, -1.18806, -95.11784],
							"rotation": [0, 0, 159],
							"uv": {
								"south": {"uv": [0, 5], "uv_size": [0.5, 0.5]}
							}
						},
						{
							"origin": [0.04749, -1.43948, -95.11784],
							"size": [0.1035, 0.621, 0],
							"pivot": [0.07336, -1.20661, -95.11784],
							"rotation": [0, 0, 159],
							"uv": {
								"south": {"uv": [0, 5], "uv_size": [0.5, 0.5]}
							}
						},
						{
							"origin": [0.04749, -3.50948, -95.11784],
							"size": [0.1035, 0.621, 0],
							"pivot": [0.07336, -3.27661, -95.11784],
							"rotation": [0, 0, 159],
							"uv": {
								"south": {"uv": [0, 5], "uv_size": [0.5, 0.5]}
							}
						},
						{
							"origin": [0.14755, -3.54269, -95.11784],
							"size": [0.05175, 0.05175, 0],
							"pivot": [0.12167, -3.25806, -95.11784],
							"rotation": [0, 0, 159],
							"uv": {
								"south": {"uv": [0, 5], "uv_size": [0.5, 0.5]}
							}
						},
						{
							"origin": [-0.07895, -3.57978, -95.11784],
							"size": [0.05175, 0.05175, 0],
							"pivot": [-0.10482, -3.29516, -95.11784],
							"rotation": [0, 0, -159],
							"uv": {
								"south": {"uv": [0, 5], "uv_size": [0.5, 0.5]}
							}
						},
						{
							"origin": [-0.1307, -3.52803, -95.11784],
							"size": [0.1035, 0.621, 0],
							"pivot": [-0.10482, -3.29516, -95.11784],
							"rotation": [0, 0, -159],
							"uv": {
								"south": {"uv": [0, 5], "uv_size": [0.5, 0.5]}
							}
						},
						{
							"origin": [-0.21147, -3.20862, -95.11784],
							"size": [0.07082, 0.1035, 0],
							"pivot": [-0.10797, -3.10512, -95.11784],
							"rotation": [0, 0, 180],
							"uv": {
								"south": {"uv": [0, 5], "uv_size": [0.5, 0.5]}
							}
						},
						{
							"origin": [0.04749, -5.57948, -95.11784],
							"size": [0.1035, 0.621, 0],
							"pivot": [0.07336, -5.34661, -95.11784],
							"rotation": [0, 0, 159],
							"uv": {
								"south": {"uv": [0, 5], "uv_size": [0.5, 0.5]}
							}
						},
						{
							"origin": [0.14755, -5.61269, -95.11784],
							"size": [0.05175, 0.05175, 0],
							"pivot": [0.12167, -5.32806, -95.11784],
							"rotation": [0, 0, 159],
							"uv": {
								"south": {"uv": [0, 5], "uv_size": [0.5, 0.5]}
							}
						},
						{
							"origin": [-0.07895, -5.64978, -95.11784],
							"size": [0.05175, 0.05175, 0],
							"pivot": [-0.10482, -5.36516, -95.11784],
							"rotation": [0, 0, -159],
							"uv": {
								"south": {"uv": [0, 5], "uv_size": [0.5, 0.5]}
							}
						},
						{
							"origin": [-0.1307, -5.59803, -95.11784],
							"size": [0.1035, 0.621, 0],
							"pivot": [-0.10482, -5.36516, -95.11784],
							"rotation": [0, 0, -159],
							"uv": {
								"south": {"uv": [0, 5], "uv_size": [0.5, 0.5]}
							}
						},
						{
							"origin": [-0.21147, -5.27862, -95.11784],
							"size": [0.07082, 0.1035, 0],
							"pivot": [-0.10797, -5.17512, -95.11784],
							"rotation": [0, 0, 180],
							"uv": {
								"south": {"uv": [0, 5], "uv_size": [0.5, 0.5]}
							}
						},
						{
							"origin": [23.60987, -47.40312, -95.11784],
							"size": [1.035, 1.035, 0],
							"pivot": [20.91887, -27.22062, -95.11784],
							"rotation": [0, 0, 180],
							"uv": {
								"south": {"uv": [0, 34], "uv_size": [2.5, 2.5]}
							}
						},
						{
							"origin": [25.47287, -47.40312, -95.11784],
							"size": [0.414, 1.035, 0],
							"pivot": [22.16087, -27.22062, -95.11784],
							"rotation": [0, 0, 180],
							"uv": {
								"south": {"uv": [3.5, 34], "uv_size": [0.5, 2.5]}
							}
						}
					]
				},
				{
					"name": "scope_view",
					"pivot": [0.21155, 0.6814, 10.63791]
				}
			]
		}
	]
}