{
	"format_version": "1.12.0",
	"minecraft:geometry": [
		{
			"description": {
				"identifier": "geometry.unknown",
				"texture_width": 185,
				"texture_height": 110,
				"visible_bounds_width": 3,
				"visible_bounds_height": 2.5,
				"visible_bounds_offset": [0, 0.75, 0]
			},
			"bones": [
				{
					"name": "stock",
					"pivot": [0, -11.5625, -2.95]
				},
				{
					"name": "Stock_1",
					"parent": "stock",
					"pivot": [-0.13346, -2.08157, -12.45703],
					"cubes": [
						{
							"origin": [-0.41421, 0.275, -1.9219],
							"size": [0.82842, 0.625, 0.96562],
							"uv": {
								"north": {"uv": [162.5, 53], "uv_size": [1, 0.5]},
								"south": {"uv": [163.5, 53], "uv_size": [1, 0.5]},
								"up": {"uv": [163.5, 47], "uv_size": [1, 1]}
							}
						},
						{
							"origin": [1.1186, -0.24545, -1.9219],
							"size": [0.72841, 0.49999, 0.96562],
							"pivot": [-0.06274, -2.15227, -11.85703],
							"rotation": [0, 0, -45],
							"uv": {
								"north": {"uv": [157.5, 56], "uv_size": [0.5, 0.5]},
								"south": {"uv": [177.5, 36], "uv_size": [0.5, 0.5]},
								"up": {"uv": [164.5, 53], "uv_size": [0.5, 1]}
							}
						},
						{
							"origin": [-1.88378, -0.15673, -1.9219],
							"size": [0.72841, 0.50001, 0.96562],
							"pivot": [-0.06276, -2.15228, -11.85703],
							"rotation": [0, 0, 45],
							"uv": {
								"north": {"uv": [158.5, 56], "uv_size": [0.5, 0.5]},
								"south": {"uv": [177.5, 37], "uv_size": [0.5, 0.5]},
								"up": {"uv": [174.5, 43], "uv_size": [0.5, 1]}
							}
						},
						{
							"origin": [-0.92927, -0.44351, -1.9219],
							"size": [1.85855, 0.82845, 0.96562],
							"uv": {
								"north": {"uv": [160.5, 41], "uv_size": [2, 1]},
								"east": {"uv": [164.5, 47], "uv_size": [1, 1]},
								"south": {"uv": [162.5, 41], "uv_size": [2, 1]},
								"west": {"uv": [165.5, 47], "uv_size": [1, 1]},
								"down": {"uv": [160.5, 43], "uv_size": [2, -1]}
							}
						},
						{
							"origin": [-0.67918, -2.12919, -1.9219],
							"size": [0.3424, 0.22051, 0.69062],
							"pivot": [0.13346, -2.08157, -12.85703],
							"rotation": [0, 0, 45],
							"uv": {
								"north": {"uv": [159.5, 56], "uv_size": [0.5, 0.5]},
								"south": {"uv": [177.5, 38], "uv_size": [0.5, 0.5]},
								"down": {"uv": [160.5, 56.5], "uv_size": [0.5, -0.5]}
							}
						},
						{
							"origin": [-0.23272, -1.78274, -1.9219],
							"size": [0.46544, 0.51599, 0.69062],
							"uv": {
								"north": {"uv": [177.5, 39], "uv_size": [0.5, 0.5]},
								"south": {"uv": [161.5, 56], "uv_size": [0.5, 0.5]},
								"west": {"uv": [177.5, 40], "uv_size": [0.5, 0.5]},
								"down": {"uv": [162.5, 56.5], "uv_size": [0.5, -0.5]}
							}
						},
						{
							"origin": [-0.23272, -1.7455, -1.35393],
							"size": [0.46544, 0.14099, 0.39062],
							"pivot": [-0.07072, -1.4875, -1.20862],
							"rotation": [25, 0, 0],
							"uv": {
								"east": {"uv": [177.5, 41], "uv_size": [0.5, 0.5]},
								"south": {"uv": [163.5, 56], "uv_size": [0.5, 0.5]},
								"west": {"uv": [177.5, 42], "uv_size": [0.5, 0.5]},
								"down": {"uv": [164.5, 56.5], "uv_size": [0.5, -0.5]}
							}
						},
						{
							"origin": [-0.22152, -1.34901, -1.9219],
							"size": [0.375, 1.1875, 0.96562],
							"pivot": [0.13346, -2.08157, -12.85703],
							"rotation": [0, 0, -22.5],
							"uv": {
								"north": {"uv": [165.5, 53], "uv_size": [0.5, 1]},
								"east": {"uv": [167.5, 47], "uv_size": [1, 1]},
								"south": {"uv": [174.5, 44], "uv_size": [0.5, 1]},
								"west": {"uv": [168.5, 47], "uv_size": [1, 1]}
							}
						},
						{
							"origin": [-1.17076, -1.16354, -1.63667],
							"size": [0.375, 0.89347, 0.68039],
							"pivot": [-0.98326, -0.86382, -1.43909],
							"rotation": [0, 0, 22.5],
							"uv": {
								"north": {"uv": [166.5, 53], "uv_size": [0.5, 1]},
								"east": {"uv": [167.5, 53], "uv_size": [0.5, 1]},
								"south": {"uv": [174.5, 46], "uv_size": [0.5, 1]},
								"west": {"uv": [174.5, 47], "uv_size": [0.5, 1]}
							}
						},
						{
							"origin": [-1.17076, -1.16354, -0.95628],
							"size": [0.375, 0.19347, 1.7],
							"pivot": [-0.98326, -0.86382, 0.26091],
							"rotation": [0, 0, 22.5],
							"uv": {
								"east": {"uv": [157.5, 51], "uv_size": [1.5, 0.5]}
							}
						},
						{
							"origin": [-1.17076, -1.16354, 0.73833],
							"size": [0.375, 0.31847, 0.13039],
							"pivot": [-0.98326, -0.86382, 1.56091],
							"rotation": [0, 0, 22.5],
							"uv": {
								"north": {"uv": [177.5, 43], "uv_size": [0.5, 0.5]},
								"east": {"uv": [165.5, 56], "uv_size": [0.5, 0.5]},
								"south": {"uv": [177.5, 44], "uv_size": [0.5, 0.5]}
							}
						},
						{
							"origin": [-1.12202, -0.69288, -1.05504],
							"size": [0.875, 0.39347, 0.28039],
							"pivot": [-0.93452, -0.74614, -0.91485],
							"rotation": [22.5, 0, 22.5],
							"uv": {
								"north": {"uv": [169.5, 53], "uv_size": [1, 0.5]},
								"east": {"uv": [166.5, 56], "uv_size": [0.5, 0.5]},
								"south": {"uv": [174.5, 48], "uv_size": [1, 0.5]},
								"west": {"uv": [177.5, 45], "uv_size": [0.5, 0.5]}
							}
						},
						{
							"origin": [-1.09138, -1.98363, -0.59734],
							"size": [0.375, 1.90819, 0.31497],
							"pivot": [-0.90388, -0.67218, -0.43844],
							"rotation": [75, 0, 22.5],
							"uv": {
								"north": {"uv": [169.5, 36], "uv_size": [0.5, 2]},
								"east": {"uv": [158.5, 48], "uv_size": [0.5, 2]},
								"south": {"uv": [159.5, 48], "uv_size": [0.5, 2]},
								"west": {"uv": [169.5, 38], "uv_size": [0.5, 2]}
							}
						},
						{
							"origin": [-1.21119, -1.58454, -0.55623],
							"size": [0.375, 1.11987, 0.1991],
							"pivot": [-1.02369, -0.9614, -0.52232],
							"rotation": [75, 0, 22.5],
							"uv": {
								"north": {"uv": [170.5, 53], "uv_size": [0.5, 1]},
								"east": {"uv": [174.5, 49], "uv_size": [0.5, 1]},
								"south": {"uv": [171.5, 53], "uv_size": [0.5, 1]},
								"west": {"uv": [174.5, 51], "uv_size": [0.5, 1]}
							}
						},
						{
							"origin": [-1.17076, -0.45757, -1.9219],
							"size": [0.375, 0.1875, 0.3],
							"pivot": [-0.98326, -0.86382, -1.73909],
							"rotation": [0, 0, 22.5],
							"uv": {
								"north": {"uv": [167.5, 56], "uv_size": [0.5, 0.5]},
								"east": {"uv": [177.5, 46], "uv_size": [0.5, 0.5]}
							}
						},
						{
							"origin": [-1.14924, -1.19256, -1.77987],
							"size": [0.775, 0.76141, 0.15797],
							"pivot": [-0.96174, -0.81185, -1.7719],
							"rotation": [22, 0, 22.5],
							"uv": {
								"north": {"uv": [160.5, 48], "uv_size": [1, 1]},
								"east": {"uv": [174.5, 52], "uv_size": [0.5, 1]},
								"south": {"uv": [169.5, 40], "uv_size": [1, 1]},
								"west": {"uv": [174.5, 53], "uv_size": [0.5, 1]}
							}
						},
						{
							"origin": [-1.14924, -0.89256, -1.60734],
							"size": [0.375, 0.53633, 0.11044],
							"pivot": [-0.96174, -0.81185, -1.5719],
							"rotation": [22, 0, 22.5],
							"uv": {
								"north": {"uv": [168.5, 56], "uv_size": [0.5, 0.5]},
								"east": {"uv": [177.5, 47], "uv_size": [0.5, 0.5]},
								"south": {"uv": [169.5, 56], "uv_size": [0.5, 0.5]},
								"west": {"uv": [177.5, 48], "uv_size": [0.5, 0.5]}
							}
						},
						{
							"origin": [-1.27119, -1.35096, -1.63667],
							"size": [0.37728, 0.28199, 2.50539],
							"uv": {
								"north": {"uv": [170.5, 56], "uv_size": [0.5, 0.5]},
								"east": {"uv": [167.5, 35], "uv_size": [2.5, 0.5]},
								"south": {"uv": [177.5, 49], "uv_size": [0.5, 0.5]}
							}
						},
						{
							"origin": [-0.67918, -2.12919, -1.23128],
							"size": [0.1424, 0.22051, 1.2],
							"pivot": [0.13346, -2.08157, -12.45703],
							"rotation": [0, 0, 45],
							"uv": {
								"south": {"uv": [171.5, 56], "uv_size": [0.5, 0.5]},
								"down": {"uv": [156.5, 55], "uv_size": [0.5, -1]}
							}
						},
						{
							"origin": [-0.43325, -1.55539, -0.83128],
							"size": [0.86651, 0.28864, 1.4],
							"uv": {
								"north": {"uv": [157.5, 54], "uv_size": [1, 0.5]},
								"south": {"uv": [158.5, 54], "uv_size": [1, 0.5]},
								"west": {"uv": [172.5, 36], "uv_size": [1.5, 0.5]},
								"down": {"uv": [161.5, 44.5], "uv_size": [1, -1.5]}
							}
						},
						{
							"origin": [-0.37414, -1.64131, -1.23128],
							"size": [0.74828, 0.08592, 1.2],
							"uv": {
								"north": {"uv": [177.5, 50], "uv_size": [0.5, 0.5]},
								"south": {"uv": [172.5, 56], "uv_size": [0.5, 0.5]},
								"down": {"uv": [175.5, 38], "uv_size": [0.5, -1]}
							}
						},
						{
							"origin": [-1.27554, -0.98991, -0.60129],
							"size": [0.375, 0.36987, 0.1741],
							"pivot": [-1.08804, -1.11677, -0.56738],
							"rotation": [75, 0, 22.5],
							"uv": {
								"north": {"uv": [177.5, 51], "uv_size": [0.5, 0.5]},
								"east": {"uv": [173.5, 56], "uv_size": [0.5, 0.5]},
								"south": {"uv": [177.5, 52], "uv_size": [0.5, 0.5]}
							}
						},
						{
							"origin": [-0.15348, -1.34901, -1.9219],
							"size": [0.375, 1.1875, 0.96562],
							"pivot": [-0.13346, -2.08157, -12.85703],
							"rotation": [0, 0, 22.5],
							"uv": {
								"north": {"uv": [159.5, 54], "uv_size": [0.5, 1]},
								"east": {"uv": [162.5, 48], "uv_size": [1, 1]},
								"south": {"uv": [175.5, 38], "uv_size": [0.5, 1]},
								"west": {"uv": [169.5, 41], "uv_size": [1, 1]}
							}
						},
						{
							"origin": [0.33678, -2.12919, -1.9219],
							"size": [0.3424, 0.22051, 0.69062],
							"pivot": [-0.13346, -2.08157, -12.85703],
							"rotation": [0, 0, -45],
							"uv": {
								"north": {"uv": [174.5, 56], "uv_size": [0.5, 0.5]},
								"south": {"uv": [177.5, 53], "uv_size": [0.5, 0.5]},
								"down": {"uv": [175.5, 56.5], "uv_size": [0.5, -0.5]}
							}
						},
						{
							"origin": [0.64576, -1.16354, 0.73833],
							"size": [0.525, 0.31847, 0.13039],
							"pivot": [0.98326, -0.86382, 1.56091],
							"rotation": [0, 0, -22.5],
							"uv": {
								"north": {"uv": [177.5, 54], "uv_size": [0.5, 0.5]},
								"south": {"uv": [176.5, 56], "uv_size": [0.5, 0.5]},
								"west": {"uv": [177.5, 55], "uv_size": [0.5, 0.5]}
							}
						},
						{
							"origin": [-0.96676, -1.66292, -0.08628],
							"size": [0.53794, 2.00829, 0.33957],
							"pivot": [-0.41743, -0.88956, 0.07577],
							"rotation": [75, 0, 0],
							"uv": {
								"north": {"uv": [163.5, 48], "uv_size": [0.5, 2]},
								"east": {"uv": [169.5, 42], "uv_size": [0.5, 2]},
								"south": {"uv": [164.5, 48], "uv_size": [0.5, 2]},
								"west": {"uv": [165.5, 48], "uv_size": [0.5, 2]}
							}
						},
						{
							"origin": [0.89391, -1.35096, -1.63667],
							"size": [0.37728, 0.28199, 2.50539],
							"uv": {
								"north": {"uv": [177.5, 56], "uv_size": [0.5, 0.5]},
								"south": {"uv": [156.5, 57], "uv_size": [0.5, 0.5]},
								"west": {"uv": [167.5, 46], "uv_size": [2.5, 0.5]}
							}
						},
						{
							"origin": [0.82218, -1.46377, -1.63667],
							"size": [0.40161, 0.28911, 1.60539],
							"pivot": [1.03468, -1.32002, -1.03909],
							"rotation": [0, 0, 45],
							"uv": {
								"north": {"uv": [178.5, 35], "uv_size": [0.5, 0.5]},
								"east": {"uv": [172.5, 37], "uv_size": [1.5, 0.5]},
								"south": {"uv": [157.5, 57], "uv_size": [0.5, 0.5]},
								"west": {"uv": [172.5, 38], "uv_size": [1.5, 0.5]}
							}
						},
						{
							"origin": [0.82218, -1.46377, 0.26333],
							"size": [0.40161, 0.28911, 0.60539],
							"pivot": [1.03468, -1.32002, -0.13909],
							"rotation": [0, 0, 45],
							"uv": {
								"north": {"uv": [178.5, 36], "uv_size": [0.5, 0.5]},
								"south": {"uv": [158.5, 57], "uv_size": [0.5, 0.5]},
								"west": {"uv": [178.5, 37], "uv_size": [0.5, 0.5]}
							}
						},
						{
							"origin": [0.82218, -1.36377, -0.03667],
							"size": [0.40161, 0.18911, 0.30539],
							"pivot": [1.03468, -1.32002, -0.43909],
							"rotation": [0, 0, 45],
							"uv": {
								"west": {"uv": [159.5, 57], "uv_size": [0.5, 0.5]}
							}
						},
						{
							"origin": [0.77961, -3.42514, -0.03667],
							"size": [0.40161, 2.27493, 0.30539],
							"pivot": [0.99211, -1.29557, -0.43909],
							"rotation": [0, 0, 90],
							"uv": {
								"north": {"uv": [156.5, 47], "uv_size": [0.5, 2.5]},
								"east": {"uv": [157.5, 47], "uv_size": [0.5, 2.5]},
								"south": {"uv": [168.5, 36], "uv_size": [0.5, 2.5]},
								"west": {"uv": [161.5, 47], "uv_size": [0.5, 2.5]}
							}
						},
						{
							"origin": [-1.22379, -1.36377, -0.03667],
							"size": [0.40161, 0.18911, 0.30539],
							"pivot": [-1.03468, -1.32002, -0.43909],
							"rotation": [0, 0, -45],
							"uv": {
								"east": {"uv": [178.5, 38], "uv_size": [0.5, 0.5]}
							}
						},
						{
							"origin": [-0.67383, -1.45574, 0.26333],
							"size": [0.20161, 0.28911, 0.60539],
							"pivot": [-0.67303, -1.31118, -0.38398],
							"rotation": [0, 0, 45],
							"uv": {
								"north": {"uv": [160.5, 57], "uv_size": [0.5, 0.5]},
								"south": {"uv": [178.5, 39], "uv_size": [0.5, 0.5]},
								"west": {"uv": [161.5, 57], "uv_size": [0.5, 0.5]}
							}
						},
						{
							"origin": [0.90054, -0.98991, -0.60129],
							"size": [0.375, 0.36987, 0.1741],
							"pivot": [1.08804, -1.11677, -0.56738],
							"rotation": [75, 0, -22.5],
							"uv": {
								"north": {"uv": [178.5, 40], "uv_size": [0.5, 0.5]},
								"south": {"uv": [162.5, 57], "uv_size": [0.5, 0.5]},
								"west": {"uv": [178.5, 41], "uv_size": [0.5, 0.5]}
							}
						},
						{
							"origin": [0.83619, -1.58454, -0.55623],
							"size": [0.375, 1.11987, 0.1991],
							"pivot": [1.02369, -0.9614, -0.52232],
							"rotation": [75, 0, -22.5],
							"uv": {
								"north": {"uv": [160.5, 54], "uv_size": [0.5, 1]},
								"east": {"uv": [175.5, 39], "uv_size": [0.5, 1]},
								"south": {"uv": [161.5, 54], "uv_size": [0.5, 1]},
								"west": {"uv": [175.5, 40], "uv_size": [0.5, 1]}
							}
						},
						{
							"origin": [0.79576, -1.16354, -0.95628],
							"size": [0.375, 0.19347, 1.7],
							"pivot": [0.98326, -0.86382, 0.26091],
							"rotation": [0, 0, -22.5],
							"uv": {
								"west": {"uv": [160.5, 51], "uv_size": [1.5, 0.5]}
							}
						},
						{
							"origin": [0.71638, -1.98363, -0.59734],
							"size": [0.375, 1.90819, 0.31497],
							"pivot": [0.90388, -0.67218, -0.43844],
							"rotation": [75, 0, -22.5],
							"uv": {
								"north": {"uv": [169.5, 44], "uv_size": [0.5, 2]},
								"east": {"uv": [166.5, 48], "uv_size": [0.5, 2]},
								"south": {"uv": [167.5, 48], "uv_size": [0.5, 2]},
								"west": {"uv": [168.5, 48], "uv_size": [0.5, 2]}
							}
						},
						{
							"origin": [0.79576, -1.16354, -1.63667],
							"size": [0.375, 0.89347, 0.68039],
							"pivot": [0.98326, -0.86382, -1.43909],
							"rotation": [0, 0, -22.5],
							"uv": {
								"north": {"uv": [162.5, 54], "uv_size": [0.5, 1]},
								"east": {"uv": [175.5, 41], "uv_size": [0.5, 1]},
								"south": {"uv": [163.5, 54], "uv_size": [0.5, 1]},
								"west": {"uv": [175.5, 42], "uv_size": [0.5, 1]}
							}
						},
						{
							"origin": [0.24702, -0.69288, -1.05504],
							"size": [0.875, 0.39347, 0.28039],
							"pivot": [0.93452, -0.74614, -0.91485],
							"rotation": [22.5, 0, -22.5],
							"uv": {
								"north": {"uv": [164.5, 54], "uv_size": [1, 0.5]},
								"east": {"uv": [163.5, 57], "uv_size": [0.5, 0.5]},
								"south": {"uv": [175.5, 43], "uv_size": [1, 0.5]},
								"west": {"uv": [178.5, 42], "uv_size": [0.5, 0.5]}
							}
						},
						{
							"origin": [0.37424, -1.19256, -1.77987],
							"size": [0.775, 0.76141, 0.15797],
							"pivot": [0.96174, -0.81185, -1.7719],
							"rotation": [22, 0, -22.5],
							"uv": {
								"north": {"uv": [169.5, 47], "uv_size": [1, 1]},
								"east": {"uv": [165.5, 54], "uv_size": [0.5, 1]},
								"south": {"uv": [169.5, 48], "uv_size": [1, 1]},
								"west": {"uv": [175.5, 44], "uv_size": [0.5, 1]}
							}
						},
						{
							"origin": [0.77424, -0.89256, -1.60734],
							"size": [0.375, 0.53633, 0.11044],
							"pivot": [0.96174, -0.81185, -1.5719],
							"rotation": [22, 0, -22.5],
							"uv": {
								"north": {"uv": [164.5, 57], "uv_size": [0.5, 0.5]},
								"east": {"uv": [178.5, 43], "uv_size": [0.5, 0.5]},
								"south": {"uv": [165.5, 57], "uv_size": [0.5, 0.5]},
								"west": {"uv": [178.5, 44], "uv_size": [0.5, 0.5]}
							}
						},
						{
							"origin": [0.79576, -0.45757, -1.9219],
							"size": [0.375, 0.1875, 0.3],
							"pivot": [0.98326, -0.86382, -1.73909],
							"rotation": [0, 0, -22.5],
							"uv": {
								"north": {"uv": [166.5, 57], "uv_size": [0.5, 0.5]},
								"west": {"uv": [178.5, 45], "uv_size": [0.5, 0.5]}
							}
						},
						{
							"origin": [0.53678, -2.12919, -1.23128],
							"size": [0.1424, 0.22051, 1.2],
							"pivot": [-0.13346, -2.08157, -12.45703],
							"rotation": [0, 0, -45],
							"uv": {
								"south": {"uv": [167.5, 57], "uv_size": [0.5, 0.5]},
								"down": {"uv": [166.5, 55], "uv_size": [0.5, -1]}
							}
						},
						{
							"origin": [-0.37414, -1.64131, 0.26872],
							"size": [0.74828, 0.08592, 0.4],
							"uv": {
								"north": {"uv": [178.5, 46], "uv_size": [0.5, 0.5]},
								"south": {"uv": [168.5, 57], "uv_size": [0.5, 0.5]},
								"down": {"uv": [178.5, 47.5], "uv_size": [0.5, -0.5]}
							}
						},
						{
							"origin": [0.53678, -2.12919, 0.26872],
							"size": [0.3424, 0.22051, 0.4],
							"pivot": [-0.13346, -2.08157, -11.75703],
							"rotation": [0, 0, -45],
							"uv": {
								"north": {"uv": [169.5, 57], "uv_size": [0.5, 0.5]},
								"south": {"uv": [178.5, 48], "uv_size": [0.5, 0.5]},
								"down": {"uv": [170.5, 57.5], "uv_size": [0.5, -0.5]}
							}
						},
						{
							"origin": [-0.87918, -2.12919, 0.26872],
							"size": [0.3424, 0.22051, 0.4],
							"pivot": [0.13346, -2.08157, -11.75703],
							"rotation": [0, 0, 45],
							"uv": {
								"north": {"uv": [178.5, 49], "uv_size": [0.5, 0.5]},
								"south": {"uv": [171.5, 57], "uv_size": [0.5, 0.5]},
								"down": {"uv": [178.5, 50.5], "uv_size": [0.5, -0.5]}
							}
						},
						{
							"origin": [0.63325, -1.55539, 0.26333],
							"size": [0.4335, 0.28864, 0.60539],
							"uv": {
								"north": {"uv": [172.5, 57], "uv_size": [0.5, 0.5]},
								"south": {"uv": [178.5, 51], "uv_size": [0.5, 0.5]},
								"down": {"uv": [173.5, 57.5], "uv_size": [0.5, -0.5]}
							}
						},
						{
							"origin": [0.63325, -1.55539, -1.63667],
							"size": [0.4335, 0.28864, 1.60539],
							"uv": {
								"north": {"uv": [178.5, 52], "uv_size": [0.5, 0.5]},
								"south": {"uv": [174.5, 57], "uv_size": [0.5, 0.5]},
								"down": {"uv": [162.5, 52.5], "uv_size": [0.5, -1.5]}
							}
						},
						{
							"origin": [0.47222, -1.45574, 0.26333],
							"size": [0.20161, 0.28911, 0.60539],
							"pivot": [0.67303, -1.31118, -0.38398],
							"rotation": [0, 0, -45],
							"uv": {
								"north": {"uv": [178.5, 53], "uv_size": [0.5, 0.5]},
								"east": {"uv": [175.5, 57], "uv_size": [0.5, 0.5]},
								"south": {"uv": [178.5, 54], "uv_size": [0.5, 0.5]}
							}
						},
						{
							"origin": [0.42882, -1.35096, -1.23667],
							"size": [0.63794, 0.43271, 2.10539],
							"uv": {
								"north": {"uv": [176.5, 57], "uv_size": [0.5, 0.5]},
								"east": {"uv": [170.5, 35], "uv_size": [2, 0.5]},
								"south": {"uv": [178.5, 55], "uv_size": [0.5, 0.5]},
								"west": {"uv": [170.5, 36], "uv_size": [2, 0.5]}
							}
						},
						{
							"origin": [-0.42882, -1.26675, -1.63667],
							"size": [0.86208, 0.4287, 2.20608],
							"uv": {
								"north": {"uv": [175.5, 45], "uv_size": [1, 0.5]},
								"east": {"uv": [170.5, 37], "uv_size": [2, 0.5]},
								"south": {"uv": [167.5, 54], "uv_size": [1, 0.5]},
								"west": {"uv": [170.5, 38], "uv_size": [2, 0.5]},
								"down": {"uv": [163.5, 41], "uv_size": [1, -2]}
							}
						},
						{
							"origin": [0.43325, -1.55539, -1.63667],
							"size": [0.2, 0.51479, 1.60539],
							"uv": {
								"north": {"uv": [177.5, 57], "uv_size": [0.5, 0.5]},
								"east": {"uv": [163.5, 51], "uv_size": [1.5, 0.5]},
								"west": {"uv": [172.5, 43], "uv_size": [1.5, 0.5]},
								"down": {"uv": [165.5, 52.5], "uv_size": [0.5, -1.5]}
							}
						},
						{
							"origin": [-1.22379, -1.46377, 0.26333],
							"size": [0.40161, 0.28911, 0.60539],
							"pivot": [-1.03468, -1.32002, -0.13909],
							"rotation": [0, 0, -45],
							"uv": {
								"north": {"uv": [178.5, 56], "uv_size": [0.5, 0.5]},
								"east": {"uv": [178.5, 57], "uv_size": [0.5, 0.5]},
								"south": {"uv": [156.5, 58], "uv_size": [0.5, 0.5]}
							}
						},
						{
							"origin": [-1.06675, -1.55539, 0.26333],
							"size": [0.4335, 0.28864, 0.60539],
							"uv": {
								"north": {"uv": [179.5, 35], "uv_size": [0.5, 0.5]},
								"south": {"uv": [157.5, 58], "uv_size": [0.5, 0.5]},
								"down": {"uv": [179.5, 36.5], "uv_size": [0.5, -0.5]}
							}
						},
						{
							"origin": [-1.22379, -1.46377, -1.63667],
							"size": [0.40161, 0.28911, 1.60539],
							"pivot": [-1.03468, -1.32002, -1.03909],
							"rotation": [0, 0, -45],
							"uv": {
								"north": {"uv": [158.5, 58], "uv_size": [0.5, 0.5]},
								"east": {"uv": [172.5, 44], "uv_size": [1.5, 0.5]},
								"south": {"uv": [179.5, 37], "uv_size": [0.5, 0.5]},
								"west": {"uv": [167.5, 51], "uv_size": [1.5, 0.5]}
							}
						},
						{
							"origin": [-1.06675, -1.55539, -1.63667],
							"size": [0.4335, 0.28864, 1.60539],
							"uv": {
								"north": {"uv": [159.5, 58], "uv_size": [0.5, 0.5]},
								"south": {"uv": [179.5, 38], "uv_size": [0.5, 0.5]},
								"down": {"uv": [169.5, 52.5], "uv_size": [0.5, -1.5]}
							}
						},
						{
							"origin": [-0.63325, -1.55539, -1.63667],
							"size": [0.2, 0.51479, 1.60539],
							"uv": {
								"north": {"uv": [160.5, 58], "uv_size": [0.5, 0.5]},
								"east": {"uv": [170.5, 51], "uv_size": [1.5, 0.5]},
								"west": {"uv": [172.5, 51], "uv_size": [1.5, 0.5]},
								"down": {"uv": [156.5, 53.5], "uv_size": [0.5, -1.5]}
							}
						},
						{
							"origin": [-0.42882, -1.35304, -0.08628],
							"size": [0.85765, 1.69841, 0.33957],
							"pivot": [-0.28257, -0.88956, 0.07577],
							"rotation": [75, 0, 0],
							"uv": {
								"north": {"uv": [165.5, 39], "uv_size": [1, 1.5]},
								"south": {"uv": [162.5, 44], "uv_size": [1, 1.5]}
							}
						},
						{
							"origin": [0.42882, -1.66292, -0.08628],
							"size": [0.53794, 2.00829, 0.33957],
							"pivot": [0.41743, -0.88956, 0.07577],
							"rotation": [75, 0, 0],
							"uv": {
								"north": {"uv": [160.5, 49], "uv_size": [0.5, 2]},
								"east": {"uv": [170.5, 39], "uv_size": [0.5, 2]},
								"south": {"uv": [162.5, 49], "uv_size": [0.5, 2]},
								"west": {"uv": [170.5, 41], "uv_size": [0.5, 2]}
							}
						},
						{
							"origin": [-1.06676, -1.35096, -1.23667],
							"size": [0.63794, 0.43271, 2.10539],
							"uv": {
								"north": {"uv": [179.5, 39], "uv_size": [0.5, 0.5]},
								"east": {"uv": [170.5, 43], "uv_size": [2, 0.5]},
								"south": {"uv": [161.5, 58], "uv_size": [0.5, 0.5]},
								"west": {"uv": [170.5, 44], "uv_size": [2, 0.5]}
							}
						}
					]
				},
				{
					"name": "Stock_2",
					"parent": "stock",
					"pivot": [0, -1.5625, -10.95],
					"cubes": [
						{
							"origin": [-1.7486, -1.01585, -1.07502],
							"size": [0.56954, 1.375, 3.2375],
							"pivot": [-0.37328, -1.9468, -11.4344],
							"rotation": [0, 0, 45],
							"uv": {
								"south": {"uv": [157.5, 52], "uv_size": [0.5, 1.5]},
								"up": {"uv": [163.5, 44], "uv_size": [0.5, 3]},
								"down": {"uv": [164.5, 47], "uv_size": [0.5, -3]}
							}
						},
						{
							"origin": [-0.28477, -0.71875, -1.07502],
							"size": [0.56954, 1.375, 3.2375],
							"uv": {
								"south": {"uv": [158.5, 52], "uv_size": [0.5, 1.5]},
								"up": {"uv": [165.5, 44], "uv_size": [0.5, 3]},
								"down": {"uv": [160.5, 48], "uv_size": [0.5, -3]}
							}
						},
						{
							"origin": [-0.28477, -0.81875, -1.07502],
							"size": [0.56954, 1.575, 0.3375],
							"uv": {
								"south": {"uv": [159.5, 52], "uv_size": [0.5, 1.5]},
								"up": {"uv": [179.5, 40], "uv_size": [0.5, 0.5]},
								"down": {"uv": [162.5, 58.5], "uv_size": [0.5, -0.5]}
							}
						},
						{
							"origin": [-0.35548, -0.78946, -1.07502],
							"size": [0.71097, 1.51642, 0.3375],
							"pivot": [0, -0.03125, -0.90627],
							"rotation": [0, 0, -45],
							"uv": {
								"south": {"uv": [160.5, 52], "uv_size": [0.5, 1.5]},
								"up": {"uv": [179.5, 41], "uv_size": [0.5, 0.5]},
								"down": {"uv": [163.5, 58.5], "uv_size": [0.5, -0.5]}
							}
						},
						{
							"origin": [-0.35548, -0.78946, -1.07502],
							"size": [0.71097, 1.51642, 0.3375],
							"pivot": [0, -0.03125, -0.90627],
							"rotation": [0, 0, 45],
							"uv": {
								"south": {"uv": [173.5, 39], "uv_size": [0.5, 1.5]},
								"up": {"uv": [179.5, 42], "uv_size": [0.5, 0.5]},
								"down": {"uv": [164.5, 58.5], "uv_size": [0.5, -0.5]}
							}
						},
						{
							"origin": [-2.15133, -0.61312, -1.07502],
							"size": [1.375, 0.56954, 3.2375],
							"pivot": [-0.37328, -1.9468, -11.4344],
							"rotation": [0, 0, 45],
							"uv": {
								"east": {"uv": [165.5, 36], "uv_size": [3, 0.5]},
								"south": {"uv": [173.5, 41], "uv_size": [1.5, 0.5]},
								"west": {"uv": [166.5, 39], "uv_size": [3, 0.5]}
							}
						},
						{
							"origin": [-0.6875, -0.31602, -1.07502],
							"size": [1.375, 0.56954, 3.2375],
							"uv": {
								"east": {"uv": [166.5, 40], "uv_size": [3, 0.5]},
								"south": {"uv": [163.5, 52], "uv_size": [1.5, 0.5]},
								"west": {"uv": [166.5, 41], "uv_size": [3, 0.5]}
							}
						},
						{
							"origin": [-0.7875, -0.31602, -1.07502],
							"size": [1.575, 0.56954, 0.3375],
							"uv": {
								"east": {"uv": [179.5, 43], "uv_size": [0.5, 0.5]},
								"south": {"uv": [173.5, 42], "uv_size": [1.5, 0.5]},
								"west": {"uv": [165.5, 58], "uv_size": [0.5, 0.5]}
							}
						}
					]
				},
				{
					"name": "Stock_3",
					"parent": "stock",
					"pivot": [0.13346, -2.08157, -12.45703],
					"cubes": [
						{
							"origin": [0.29681, -2.15458, 0.66333],
							"size": [0.15765, 0.6, 0.20539],
							"pivot": [0.37564, -1.90458, 0.71603],
							"rotation": [0, 0, 35],
							"uv": {
								"north": {"uv": [179.5, 44], "uv_size": [0.5, 0.5]},
								"east": {"uv": [166.5, 58], "uv_size": [0.5, 0.5]},
								"south": {"uv": [179.5, 45], "uv_size": [0.5, 0.5]},
								"west": {"uv": [167.5, 58], "uv_size": [0.5, 0.5]},
								"up": {"uv": [179.5, 46], "uv_size": [0.5, 0.5]},
								"down": {"uv": [168.5, 58.5], "uv_size": [0.5, -0.5]}
							}
						},
						{
							"origin": [-0.29681, -2.15458, 0.66333],
							"size": [0.59362, 0.16808, 0.20539],
							"uv": {
								"north": {"uv": [179.5, 47], "uv_size": [0.5, 0.5]},
								"south": {"uv": [169.5, 58], "uv_size": [0.5, 0.5]},
								"up": {"uv": [179.5, 48], "uv_size": [0.5, 0.5]},
								"down": {"uv": [170.5, 58.5], "uv_size": [0.5, -0.5]}
							}
						},
						{
							"origin": [0.08555, -1.6865, 0.66333],
							"size": [0.1539, 0.15, 0.20539],
							"pivot": [0.175, -1.6115, 0.71603],
							"rotation": [0, 0, 35],
							"uv": {
								"north": {"uv": [179.5, 49], "uv_size": [0.5, 0.5]},
								"south": {"uv": [171.5, 58], "uv_size": [0.5, 0.5]},
								"west": {"uv": [179.5, 50], "uv_size": [0.5, 0.5]},
								"up": {"uv": [172.5, 58], "uv_size": [0.5, 0.5]},
								"down": {"uv": [179.5, 51.5], "uv_size": [0.5, -0.5]}
							}
						},
						{
							"origin": [-0.40382, -1.9865, 0.66333],
							"size": [0.24327, 0.25, 0.20539],
							"uv": {
								"north": {"uv": [173.5, 58], "uv_size": [0.5, 0.5]},
								"south": {"uv": [179.5, 52], "uv_size": [0.5, 0.5]},
								"west": {"uv": [174.5, 58], "uv_size": [0.5, 0.5]}
							}
						},
						{
							"origin": [-0.47882, -1.7365, 0.66333],
							"size": [0.31827, 0.1, 0.20539],
							"uv": {
								"north": {"uv": [179.5, 53], "uv_size": [0.5, 0.5]},
								"south": {"uv": [175.5, 58], "uv_size": [0.5, 0.5]},
								"west": {"uv": [179.5, 54], "uv_size": [0.5, 0.5]}
							}
						},
						{
							"origin": [-0.42882, -1.63649, 0.66333],
							"size": [0.85765, 0.28554, 0.20539],
							"uv": {
								"north": {"uv": [175.5, 46], "uv_size": [1, 0.5]},
								"south": {"uv": [168.5, 54], "uv_size": [1, 0.5]},
								"down": {"uv": [175.5, 47.5], "uv_size": [1, -0.5]}
							}
						},
						{
							"origin": [0.16055, -1.9865, 0.66333],
							"size": [0.24327, 0.25, 0.20539],
							"uv": {
								"north": {"uv": [176.5, 58], "uv_size": [0.5, 0.5]},
								"east": {"uv": [179.5, 55], "uv_size": [0.5, 0.5]},
								"south": {"uv": [177.5, 58], "uv_size": [0.5, 0.5]}
							}
						},
						{
							"origin": [0.16055, -1.7365, 0.66333],
							"size": [0.31827, 0.1, 0.20539],
							"uv": {
								"north": {"uv": [179.5, 56], "uv_size": [0.5, 0.5]},
								"east": {"uv": [178.5, 58], "uv_size": [0.5, 0.5]},
								"south": {"uv": [179.5, 57], "uv_size": [0.5, 0.5]}
							}
						},
						{
							"origin": [-0.23945, -1.6865, 0.66333],
							"size": [0.1539, 0.15, 0.20539],
							"pivot": [-0.175, -1.6115, 0.71603],
							"rotation": [0, 0, -35],
							"uv": {
								"north": {"uv": [179.5, 58], "uv_size": [0.5, 0.5]},
								"east": {"uv": [156.5, 59], "uv_size": [0.5, 0.5]},
								"south": {"uv": [180.5, 35], "uv_size": [0.5, 0.5]},
								"up": {"uv": [157.5, 59], "uv_size": [0.5, 0.5]},
								"down": {"uv": [180.5, 36.5], "uv_size": [0.5, -0.5]}
							}
						},
						{
							"origin": [0.14897, -1.95614, 0.66333],
							"size": [0.1539, 0.15, 0.20539],
							"pivot": [0.05, -2.00433, 0.76603],
							"rotation": [0, 0, -145],
							"uv": {
								"north": {"uv": [158.5, 59], "uv_size": [0.5, 0.5]},
								"east": {"uv": [180.5, 37], "uv_size": [0.5, 0.5]},
								"south": {"uv": [159.5, 59], "uv_size": [0.5, 0.5]},
								"up": {"uv": [180.5, 38], "uv_size": [0.5, 0.5]},
								"down": {"uv": [160.5, 59.5], "uv_size": [0.5, -0.5]}
							}
						},
						{
							"origin": [-0.30287, -1.95614, 0.66333],
							"size": [0.1539, 0.15, 0.20539],
							"pivot": [-0.05, -2.00433, 0.76603],
							"rotation": [0, 0, 145],
							"uv": {
								"north": {"uv": [180.5, 39], "uv_size": [0.5, 0.5]},
								"south": {"uv": [161.5, 59], "uv_size": [0.5, 0.5]},
								"west": {"uv": [180.5, 40], "uv_size": [0.5, 0.5]},
								"up": {"uv": [162.5, 59], "uv_size": [0.5, 0.5]},
								"down": {"uv": [180.5, 41.5], "uv_size": [0.5, -0.5]}
							}
						},
						{
							"origin": [-0.45446, -2.15458, 0.66333],
							"size": [0.15765, 0.6, 0.20539],
							"pivot": [-0.37564, -1.90458, 0.71603],
							"rotation": [0, 0, -35],
							"uv": {
								"north": {"uv": [163.5, 59], "uv_size": [0.5, 0.5]},
								"east": {"uv": [180.5, 42], "uv_size": [0.5, 0.5]},
								"south": {"uv": [164.5, 59], "uv_size": [0.5, 0.5]},
								"west": {"uv": [180.5, 43], "uv_size": [0.5, 0.5]},
								"up": {"uv": [165.5, 59], "uv_size": [0.5, 0.5]},
								"down": {"uv": [180.5, 44.5], "uv_size": [0.5, -0.5]}
							}
						},
						{
							"origin": [-0.64095, -1.66309, 0.66333],
							"size": [0.15765, 0.1, 0.20539],
							"uv": {
								"north": {"uv": [166.5, 59], "uv_size": [0.5, 0.5]},
								"east": {"uv": [180.5, 45], "uv_size": [0.5, 0.5]},
								"south": {"uv": [167.5, 59], "uv_size": [0.5, 0.5]},
								"down": {"uv": [180.5, 46.5], "uv_size": [0.5, -0.5]}
							}
						},
						{
							"origin": [-0.62869, -1.63347, 0.66333],
							"size": [0.20765, 0.3, 0.20539],
							"pivot": [-0.54986, -1.58347, 0.71603],
							"rotation": [0, 0, 45],
							"uv": {
								"north": {"uv": [168.5, 59], "uv_size": [0.5, 0.5]},
								"east": {"uv": [180.5, 47], "uv_size": [0.5, 0.5]},
								"south": {"uv": [169.5, 59], "uv_size": [0.5, 0.5]},
								"west": {"uv": [180.5, 48], "uv_size": [0.5, 0.5]},
								"down": {"uv": [170.5, 59.5], "uv_size": [0.5, -0.5]}
							}
						},
						{
							"origin": [0.42104, -1.63347, 0.66333],
							"size": [0.20765, 0.3, 0.20539],
							"pivot": [0.54986, -1.58347, 0.71603],
							"rotation": [0, 0, -45],
							"uv": {
								"north": {"uv": [180.5, 49], "uv_size": [0.5, 0.5]},
								"east": {"uv": [171.5, 59], "uv_size": [0.5, 0.5]},
								"south": {"uv": [180.5, 50], "uv_size": [0.5, 0.5]},
								"west": {"uv": [172.5, 59], "uv_size": [0.5, 0.5]},
								"down": {"uv": [180.5, 51.5], "uv_size": [0.5, -0.5]}
							}
						},
						{
							"origin": [0.48331, -1.66309, 0.66333],
							"size": [0.15765, 0.1, 0.20539],
							"uv": {
								"north": {"uv": [173.5, 59], "uv_size": [0.5, 0.5]},
								"south": {"uv": [180.5, 52], "uv_size": [0.5, 0.5]},
								"west": {"uv": [174.5, 59], "uv_size": [0.5, 0.5]},
								"down": {"uv": [180.5, 53.5], "uv_size": [0.5, -0.5]}
							}
						},
						{
							"origin": [-0.42882, -1.35096, 0.56333],
							"size": [0.85765, 0.33271, 0.30539],
							"uv": {
								"south": {"uv": [169.5, 54], "uv_size": [1, 0.5]},
								"up": {"uv": [175.5, 48], "uv_size": [1, 0.5]},
								"down": {"uv": [170.5, 54.5], "uv_size": [1, -0.5]}
							}
						},
						{
							"origin": [-0.32883, -1.47596, 0.61333],
							"size": [0.20765, 0.2076, 0.30539],
							"pivot": [-0.20001, -1.34716, 0.76603],
							"rotation": [0, 0, 45],
							"uv": {
								"north": {"uv": [175.5, 59], "uv_size": [0.5, 0.5]},
								"east": {"uv": [180.5, 54], "uv_size": [0.5, 0.5]},
								"south": {"uv": [176.5, 59], "uv_size": [0.5, 0.5]},
								"west": {"uv": [180.5, 55], "uv_size": [0.5, 0.5]},
								"up": {"uv": [177.5, 59], "uv_size": [0.5, 0.5]},
								"down": {"uv": [180.5, 56.5], "uv_size": [0.5, -0.5]}
							}
						},
						{
							"origin": [0.12118, -1.47596, 0.61333],
							"size": [0.20765, 0.2076, 0.30539],
							"pivot": [0.20001, -1.34716, 0.76603],
							"rotation": [0, 0, -45],
							"uv": {
								"north": {"uv": [178.5, 59], "uv_size": [0.5, 0.5]},
								"east": {"uv": [180.5, 57], "uv_size": [0.5, 0.5]},
								"south": {"uv": [179.5, 59], "uv_size": [0.5, 0.5]},
								"west": {"uv": [180.5, 58], "uv_size": [0.5, 0.5]},
								"up": {"uv": [180.5, 59], "uv_size": [0.5, 0.5]},
								"down": {"uv": [156.5, 60.5], "uv_size": [0.5, -0.5]}
							}
						},
						{
							"origin": [-0.39575, -1.08297, 0.56333],
							"size": [0.10765, 0.15771, 0.28039],
							"pivot": [-0.36693, -1.09162, 0.76603],
							"rotation": [0, 0, -45],
							"uv": {
								"north": {"uv": [181.5, 35], "uv_size": [0.5, 0.5]},
								"south": {"uv": [157.5, 60], "uv_size": [0.5, 0.5]},
								"west": {"uv": [181.5, 36], "uv_size": [0.5, 0.5]}
							}
						},
						{
							"origin": [-0.28353, -0.7975, 0.4589],
							"size": [0.10765, 0.15771, 0.30539],
							"pivot": [0, -1.07035, 0.6116],
							"rotation": [-22.20765, -20.70481, -40.89339],
							"uv": {
								"east": {"uv": [158.5, 60], "uv_size": [0.5, 0.5]},
								"west": {"uv": [181.5, 37], "uv_size": [0.5, 0.5]},
								"up": {"uv": [159.5, 60], "uv_size": [0.5, 0.5]},
								"down": {"uv": [181.5, 38.5], "uv_size": [0.5, -0.5]}
							}
						},
						{
							"origin": [-0.42882, -1.32298, 0.4589],
							"size": [0.85765, 0.33271, 0.30539],
							"pivot": [0, -1.07035, 0.6116],
							"rotation": [-30, 0, 0],
							"uv": {
								"east": {"uv": [160.5, 60], "uv_size": [0.5, 0.5]},
								"south": {"uv": [175.5, 49], "uv_size": [1, 0.5]},
								"west": {"uv": [181.5, 39], "uv_size": [0.5, 0.5]},
								"down": {"uv": [171.5, 54.5], "uv_size": [1, -0.5]}
							}
						},
						{
							"origin": [0.17588, -0.7975, 0.4589],
							"size": [0.10765, 0.15771, 0.30539],
							"pivot": [0, -1.07035, 0.6116],
							"rotation": [-22.20765, 20.70481, 40.89339],
							"uv": {
								"east": {"uv": [161.5, 60], "uv_size": [0.5, 0.5]},
								"west": {"uv": [181.5, 40], "uv_size": [0.5, 0.5]},
								"up": {"uv": [162.5, 60], "uv_size": [0.5, 0.5]},
								"down": {"uv": [181.5, 41.5], "uv_size": [0.5, -0.5]}
							}
						},
						{
							"origin": [0.28811, -1.08297, 0.56333],
							"size": [0.10765, 0.15771, 0.28039],
							"pivot": [0.36693, -1.09162, 0.76603],
							"rotation": [0, 0, 45],
							"uv": {
								"north": {"uv": [163.5, 60], "uv_size": [0.5, 0.5]},
								"east": {"uv": [181.5, 42], "uv_size": [0.5, 0.5]},
								"south": {"uv": [164.5, 60], "uv_size": [0.5, 0.5]}
							}
						}
					]
				},
				{
					"name": "Stock_4",
					"parent": "stock",
					"pivot": [0.99698, -0.36681, 5.74775],
					"cubes": [
						{
							"origin": [-0.92928, -0.26619, 5.04372],
							"size": [0.12752, 0.65114, 1.23305],
							"uv": {
								"north": {"uv": [181.5, 43], "uv_size": [0.5, 0.5]},
								"east": {"uv": [175.5, 50], "uv_size": [1, 0.5]},
								"south": {"uv": [165.5, 60], "uv_size": [0.5, 0.5]},
								"west": {"uv": [172.5, 54], "uv_size": [1, 0.5]}
							}
						},
						{
							"origin": [-0.71774, 0.24413, 3.04372],
							"size": [0.12729, 0.72879, 3.23305],
							"pivot": [-0.65398, 0.57008, 3.96025],
							"rotation": [0, 0, 45],
							"uv": {
								"north": {"uv": [181.5, 44], "uv_size": [0.5, 0.5]},
								"east": {"uv": [166.5, 42], "uv_size": [3, 0.5]},
								"south": {"uv": [166.5, 60], "uv_size": [0.5, 0.5]},
								"west": {"uv": [166.5, 43], "uv_size": [3, 0.5]}
							}
						},
						{
							"origin": [-1.16147, -1.12559, 5.06872],
							"size": [0.12648, 0.92131, 1.20805],
							"pivot": [-1.07397, -0.8215, 5.22621],
							"rotation": [0, 0, 22.5],
							"uv": {
								"north": {"uv": [175.5, 51], "uv_size": [0.5, 1]},
								"east": {"uv": [170.5, 45], "uv_size": [1, 1]},
								"south": {"uv": [173.5, 54], "uv_size": [0.5, 1]},
								"west": {"uv": [170.5, 46], "uv_size": [1, 1]}
							}
						},
						{
							"origin": [-1.27119, -1.35215, 5.06872],
							"size": [0.31686, 0.28319, 1.20805],
							"uv": {
								"north": {"uv": [181.5, 45], "uv_size": [0.5, 0.5]},
								"east": {"uv": [175.5, 52], "uv_size": [1, 0.5]},
								"south": {"uv": [167.5, 60], "uv_size": [0.5, 0.5]},
								"west": {"uv": [174.5, 54], "uv_size": [1, 0.5]}
							}
						},
						{
							"origin": [-1.21682, -3.19738, 5.06872],
							"size": [0.31686, 1.88319, 1.20805],
							"pivot": [-1.15839, -1.45579, 5.57275],
							"rotation": [0, 0, -25],
							"uv": {
								"north": {"uv": [170.5, 47], "uv_size": [0.5, 2]},
								"east": {"uv": [162.5, 42], "uv_size": [1, 2]},
								"south": {"uv": [169.5, 49], "uv_size": [0.5, 2]},
								"west": {"uv": [163.5, 42], "uv_size": [1, 2]}
							}
						},
						{
							"origin": [0.89996, -3.19738, 5.06872],
							"size": [0.31686, 1.88319, 1.20805],
							"pivot": [1.15839, -1.45579, 5.57275],
							"rotation": [0, 0, 25],
							"uv": {
								"north": {"uv": [170.5, 49], "uv_size": [0.5, 2]},
								"east": {"uv": [160.5, 43], "uv_size": [1, 2]},
								"south": {"uv": [156.5, 50], "uv_size": [0.5, 2]},
								"west": {"uv": [164.5, 39], "uv_size": [1, 2]}
							}
						},
						{
							"origin": [0.12469, -3.27759, 5.06872],
							"size": [0.21615, 0.30188, 1.20805],
							"pivot": [0, -2.91731, 5.87275],
							"rotation": [0, 0, -30],
							"uv": {
								"north": {"uv": [181.5, 46], "uv_size": [0.5, 0.5]},
								"east": {"uv": [175.5, 53], "uv_size": [1, 0.5]},
								"south": {"uv": [168.5, 60], "uv_size": [0.5, 0.5]},
								"west": {"uv": [175.5, 54], "uv_size": [1, 0.5]},
								"up": {"uv": [156.5, 55], "uv_size": [0.5, 1]},
								"down": {"uv": [176.5, 36], "uv_size": [0.5, -1]}
							}
						},
						{
							"origin": [-0.41432, -3.13316, 5.06872],
							"size": [0.21615, 0.30188, 1.20805],
							"pivot": [-0.30625, -2.98222, 5.87275],
							"rotation": [0, 0, 30],
							"uv": {
								"north": {"uv": [181.5, 47], "uv_size": [0.5, 0.5]},
								"east": {"uv": [157.5, 55], "uv_size": [1, 0.5]},
								"south": {"uv": [169.5, 60], "uv_size": [0.5, 0.5]},
								"west": {"uv": [176.5, 36], "uv_size": [1, 0.5]},
								"up": {"uv": [158.5, 55], "uv_size": [0.5, 1]},
								"down": {"uv": [176.5, 38], "uv_size": [0.5, -1]}
							}
						},
						{
							"origin": [-0.28812, -3.16698, 5.06872],
							"size": [0.57624, 0.26069, 1.20805],
							"uv": {
								"north": {"uv": [181.5, 48], "uv_size": [0.5, 0.5]},
								"south": {"uv": [170.5, 60], "uv_size": [0.5, 0.5]},
								"west": {"uv": [159.5, 55], "uv_size": [1, 0.5]},
								"up": {"uv": [176.5, 38], "uv_size": [0.5, 1]},
								"down": {"uv": [160.5, 56], "uv_size": [0.5, -1]}
							}
						},
						{
							"origin": [0.80176, -0.26619, 5.06872],
							"size": [0.12752, 0.65114, 1.20805],
							"uv": {
								"north": {"uv": [181.5, 49], "uv_size": [0.5, 0.5]},
								"east": {"uv": [176.5, 39], "uv_size": [1, 0.5]},
								"south": {"uv": [171.5, 60], "uv_size": [0.5, 0.5]},
								"west": {"uv": [161.5, 55], "uv_size": [1, 0.5]}
							}
						},
						{
							"origin": [0.59022, 0.24474, 3.04372],
							"size": [0.12714, 0.72818, 3.23305],
							"pivot": [0.65398, 0.57008, 3.96025],
							"rotation": [0, 0, -45],
							"uv": {
								"north": {"uv": [181.5, 50], "uv_size": [0.5, 0.5]},
								"east": {"uv": [166.5, 44], "uv_size": [3, 0.5]},
								"south": {"uv": [172.5, 60], "uv_size": [0.5, 0.5]},
								"west": {"uv": [166.5, 45], "uv_size": [3, 0.5]}
							}
						},
						{
							"origin": [1.03499, -1.12559, 5.06872],
							"size": [0.12648, 0.92131, 1.20805],
							"pivot": [1.07397, -0.8215, 5.22621],
							"rotation": [0, 0, -22.5],
							"uv": {
								"north": {"uv": [176.5, 40], "uv_size": [0.5, 1]},
								"east": {"uv": [157.5, 50], "uv_size": [1, 1]},
								"south": {"uv": [162.5, 55], "uv_size": [0.5, 1]},
								"west": {"uv": [158.5, 50], "uv_size": [1, 1]}
							}
						},
						{
							"origin": [0.95433, -1.35215, 5.06872],
							"size": [0.31686, 0.28319, 1.20805],
							"uv": {
								"north": {"uv": [181.5, 51], "uv_size": [0.5, 0.5]},
								"east": {"uv": [176.5, 41], "uv_size": [1, 0.5]},
								"south": {"uv": [173.5, 60], "uv_size": [0.5, 0.5]},
								"west": {"uv": [163.5, 55], "uv_size": [1, 0.5]}
							}
						},
						{
							"origin": [-0.95433, -1.35215, 5.56872],
							"size": [1.90866, 0.78319, 0.70805],
							"uv": {
								"north": {"uv": [164.5, 41], "uv_size": [2, 1]},
								"south": {"uv": [164.5, 42], "uv_size": [2, 1]},
								"down": {"uv": [171.5, 39.5], "uv_size": [2, -0.5]}
							}
						},
						{
							"origin": [0.95433, -1.06896, 5.06872],
							"size": [0.2, 0.5, 1.20805],
							"uv": {
								"north": {"uv": [181.5, 52], "uv_size": [0.5, 0.5]},
								"east": {"uv": [176.5, 42], "uv_size": [1, 0.5]},
								"south": {"uv": [174.5, 60], "uv_size": [0.5, 0.5]},
								"west": {"uv": [164.5, 55], "uv_size": [1, 0.5]}
							}
						},
						{
							"origin": [-1.15433, -1.06896, 5.06872],
							"size": [0.2, 0.5, 1.20805],
							"uv": {
								"north": {"uv": [181.5, 53], "uv_size": [0.5, 0.5]},
								"east": {"uv": [176.5, 43], "uv_size": [1, 0.5]},
								"south": {"uv": [175.5, 60], "uv_size": [0.5, 0.5]},
								"west": {"uv": [165.5, 55], "uv_size": [1, 0.5]}
							}
						},
						{
							"origin": [-0.92933, -0.56896, 5.56872],
							"size": [1.85866, 0.8, 0.70805],
							"uv": {
								"north": {"uv": [164.5, 43], "uv_size": [2, 1]},
								"east": {"uv": [176.5, 44], "uv_size": [0.5, 1]},
								"south": {"uv": [165.5, 35], "uv_size": [2, 1]},
								"west": {"uv": [166.5, 55], "uv_size": [0.5, 1]}
							}
						},
						{
							"origin": [-0.62933, 0.23104, 5.06872],
							"size": [1.25866, 0.4, 1.20805],
							"uv": {
								"north": {"uv": [166.5, 52], "uv_size": [1.5, 0.5]},
								"south": {"uv": [173.5, 45], "uv_size": [1.5, 0.5]},
								"down": {"uv": [156.5, 47], "uv_size": [1.5, -1]}
							}
						},
						{
							"origin": [-0.51421, 0.63104, 5.06872],
							"size": [1.02842, 0.14146, 1.20805],
							"uv": {
								"north": {"uv": [176.5, 45], "uv_size": [1, 0.5]},
								"south": {"uv": [167.5, 55], "uv_size": [1, 0.5]}
							}
						},
						{
							"origin": [0.62933, 0.23104, 5.06872],
							"size": [0.2, 0.2, 1.20805],
							"uv": {
								"north": {"uv": [181.5, 54], "uv_size": [0.5, 0.5]},
								"south": {"uv": [176.5, 60], "uv_size": [0.5, 0.5]},
								"down": {"uv": [176.5, 47], "uv_size": [0.5, -1]}
							}
						},
						{
							"origin": [0.62933, 0.43104, 5.06872],
							"size": [0.075, 0.1, 1.20805],
							"uv": {
								"north": {"uv": [181.5, 55], "uv_size": [0.5, 0.5]},
								"south": {"uv": [177.5, 60], "uv_size": [0.5, 0.5]}
							}
						},
						{
							"origin": [-0.70433, 0.43104, 5.06872],
							"size": [0.075, 0.1, 1.20805],
							"uv": {
								"north": {"uv": [181.5, 56], "uv_size": [0.5, 0.5]},
								"south": {"uv": [178.5, 60], "uv_size": [0.5, 0.5]}
							}
						},
						{
							"origin": [-0.82933, 0.23104, 5.06872],
							"size": [0.2, 0.2, 1.20805],
							"uv": {
								"north": {"uv": [181.5, 57], "uv_size": [0.5, 0.5]},
								"south": {"uv": [179.5, 60], "uv_size": [0.5, 0.5]},
								"down": {"uv": [168.5, 56], "uv_size": [0.5, -1]}
							}
						},
						{
							"origin": [-0.11376, 0.47162, 3.04372],
							"size": [0.12763, 0.82885, 3.23305],
							"pivot": [-0.05001, 0.83625, 4.46025],
							"rotation": [0, 0, 90],
							"uv": {
								"north": {"uv": [176.5, 47], "uv_size": [0.5, 1]},
								"east": {"uv": [160.5, 39], "uv_size": [3, 1]},
								"south": {"uv": [169.5, 55], "uv_size": [0.5, 1]},
								"west": {"uv": [160.5, 40], "uv_size": [3, 1]}
							}
						},
						{
							"origin": [-1.10295, -1.11312, 5.06872],
							"size": [0.08368, 1.49357, 1.20805],
							"pivot": [-0.99698, -0.3668, 5.72275],
							"rotation": [0, 0, 13.25],
							"uv": {
								"north": {"uv": [161.5, 52], "uv_size": [0.5, 1.5]},
								"east": {"uv": [161.5, 45], "uv_size": [1, 1.5]},
								"south": {"uv": [173.5, 46], "uv_size": [0.5, 1.5]},
								"west": {"uv": [167.5, 37], "uv_size": [1, 1.5]}
							}
						},
						{
							"origin": [1.01926, -1.11312, 5.06872],
							"size": [0.08368, 1.49357, 1.20805],
							"pivot": [0.99698, -0.3668, 5.72275],
							"rotation": [0, 0, -13.25],
							"uv": {
								"north": {"uv": [168.5, 52], "uv_size": [0.5, 1.5]},
								"east": {"uv": [162.5, 46], "uv_size": [1, 1.5]},
								"south": {"uv": [173.5, 48], "uv_size": [0.5, 1.5]},
								"west": {"uv": [166.5, 46], "uv_size": [1, 1.5]}
							}
						},
						{
							"origin": [0.94426, -0.31133, 3.0437],
							"size": [0.15868, 0.69178, 0.6],
							"pivot": [0.99698, -0.3668, 4.62275],
							"rotation": [0, 0, -13.25],
							"uv": {
								"north": {"uv": [181.5, 58], "uv_size": [0.5, 0.5]},
								"east": {"uv": [180.5, 60], "uv_size": [0.5, 0.5]},
								"south": {"uv": [181.5, 59], "uv_size": [0.5, 0.5]},
								"west": {"uv": [181.5, 60], "uv_size": [0.5, 0.5]}
							}
						},
						{
							"origin": [0.94426, -0.61133, 4.66872],
							"size": [0.15868, 0.99178, 0.4],
							"pivot": [0.99698, -0.3668, 5.62275],
							"rotation": [0, 0, -13.25],
							"uv": {
								"north": {"uv": [176.5, 48], "uv_size": [0.5, 1]},
								"east": {"uv": [170.5, 55], "uv_size": [0.5, 1]},
								"south": {"uv": [176.5, 49], "uv_size": [0.5, 1]},
								"west": {"uv": [171.5, 55], "uv_size": [0.5, 1]},
								"down": {"uv": [156.5, 61.5], "uv_size": [0.5, -0.5]}
							}
						},
						{
							"origin": [0.94426, -1.07399, 4.88493],
							"size": [0.15868, 0.46266, 0.18379],
							"pivot": [0.99698, -0.3668, 5.62275],
							"rotation": [0, 0, -13.25],
							"uv": {
								"north": {"uv": [182.5, 35], "uv_size": [0.5, 0.5]},
								"east": {"uv": [157.5, 61], "uv_size": [0.5, 0.5]},
								"south": {"uv": [182.5, 36], "uv_size": [0.5, 0.5]},
								"west": {"uv": [158.5, 61], "uv_size": [0.5, 0.5]},
								"down": {"uv": [182.5, 37.5], "uv_size": [0.5, -0.5]}
							}
						},
						{
							"origin": [-1.10294, -1.07399, 4.88493],
							"size": [0.15868, 0.46266, 0.18379],
							"pivot": [-0.99698, -0.3668, 5.62275],
							"rotation": [0, 0, 13.25],
							"uv": {
								"north": {"uv": [159.5, 61], "uv_size": [0.5, 0.5]},
								"east": {"uv": [182.5, 38], "uv_size": [0.5, 0.5]},
								"south": {"uv": [160.5, 61], "uv_size": [0.5, 0.5]},
								"west": {"uv": [182.5, 39], "uv_size": [0.5, 0.5]},
								"down": {"uv": [161.5, 61.5], "uv_size": [0.5, -0.5]}
							}
						},
						{
							"origin": [0.94426, 0.18867, 3.6437],
							"size": [0.15868, 0.19178, 1.02502],
							"pivot": [0.99698, -0.3668, 6.02275],
							"rotation": [0, 0, -13.25],
							"uv": {
								"east": {"uv": [176.5, 50], "uv_size": [1, 0.5]},
								"west": {"uv": [172.5, 55], "uv_size": [1, 0.5]},
								"down": {"uv": [176.5, 52], "uv_size": [0.5, -1]}
							}
						},
						{
							"origin": [1.01201, -0.75149, 2.99317],
							"size": [0.15912, 0.23914, 1.99293],
							"pivot": [1.12885, -0.64705, 4.18207],
							"rotation": [-22.5, 0, -13.25],
							"uv": {
								"north": {"uv": [182.5, 40], "uv_size": [0.5, 0.5]},
								"east": {"uv": [171.5, 40], "uv_size": [2, 0.5]},
								"south": {"uv": [162.5, 61], "uv_size": [0.5, 0.5]},
								"west": {"uv": [171.5, 41], "uv_size": [2, 0.5]},
								"down": {"uv": [159.5, 52], "uv_size": [0.5, -2]}
							}
						},
						{
							"origin": [0.96137, -0.53644, 3.53468],
							"size": [0.15912, 0.18914, 1.54293],
							"pivot": [1.07821, -0.432, 4.27358],
							"rotation": [-22.5, 0, -13.25],
							"uv": {
								"north": {"uv": [182.5, 41], "uv_size": [0.5, 0.5]},
								"east": {"uv": [170.5, 52], "uv_size": [1.5, 0.5]},
								"south": {"uv": [163.5, 61], "uv_size": [0.5, 0.5]},
								"west": {"uv": [173.5, 50], "uv_size": [1.5, 0.5]},
								"up": {"uv": [172.5, 52], "uv_size": [0.5, 1.5]},
								"down": {"uv": [173.5, 53.5], "uv_size": [0.5, -1.5]}
							}
						},
						{
							"origin": [0.95383, -0.47352, 4.52341],
							"size": [0.1591, 0.14714, 0.22329],
							"pivot": [1.0521, -0.40395, 4.68237],
							"rotation": [45, 0, -13.25],
							"uv": {
								"north": {"uv": [182.5, 42], "uv_size": [0.5, 0.5]},
								"east": {"uv": [164.5, 61], "uv_size": [0.5, 0.5]},
								"south": {"uv": [182.5, 43], "uv_size": [0.5, 0.5]},
								"west": {"uv": [165.5, 61], "uv_size": [0.5, 0.5]},
								"up": {"uv": [182.5, 44], "uv_size": [0.5, 0.5]},
								"down": {"uv": [166.5, 61.5], "uv_size": [0.5, -0.5]}
							}
						},
						{
							"origin": [0.83833, 0.09199, 3.6441],
							"size": [0.1591, 0.09714, 0.17329],
							"pivot": [0.9366, 0.08656, 3.65307],
							"rotation": [45, 0, -13.25],
							"uv": {
								"north": {"uv": [182.5, 45], "uv_size": [0.5, 0.5]},
								"east": {"uv": [167.5, 61], "uv_size": [0.5, 0.5]},
								"south": {"uv": [182.5, 46], "uv_size": [0.5, 0.5]},
								"west": {"uv": [168.5, 61], "uv_size": [0.5, 0.5]},
								"up": {"uv": [182.5, 47], "uv_size": [0.5, 0.5]},
								"down": {"uv": [169.5, 61.5], "uv_size": [0.5, -0.5]}
							}
						},
						{
							"origin": [0.8123, 0.08594, 4.55724],
							"size": [0.1591, 0.14714, 0.22329],
							"pivot": [0.90968, 0.19701, 4.69388],
							"rotation": [-45, 0, -13.25],
							"uv": {
								"north": {"uv": [182.5, 48], "uv_size": [0.5, 0.5]},
								"east": {"uv": [170.5, 61], "uv_size": [0.5, 0.5]},
								"south": {"uv": [182.5, 49], "uv_size": [0.5, 0.5]},
								"west": {"uv": [171.5, 61], "uv_size": [0.5, 0.5]},
								"up": {"uv": [182.5, 50], "uv_size": [0.5, 0.5]},
								"down": {"uv": [172.5, 61.5], "uv_size": [0.5, -0.5]}
							}
						},
						{
							"origin": [-1.10295, -0.31133, 3.0437],
							"size": [0.15868, 0.69178, 0.6],
							"pivot": [-0.99698, -0.3668, 4.62275],
							"rotation": [0, 0, 13.25],
							"uv": {
								"north": {"uv": [182.5, 51], "uv_size": [0.5, 0.5]},
								"east": {"uv": [173.5, 61], "uv_size": [0.5, 0.5]},
								"south": {"uv": [182.5, 52], "uv_size": [0.5, 0.5]},
								"west": {"uv": [174.5, 61], "uv_size": [0.5, 0.5]}
							}
						},
						{
							"origin": [-1.10295, 0.18867, 3.6437],
							"size": [0.15868, 0.19178, 1.02502],
							"pivot": [-0.99698, -0.3668, 6.02275],
							"rotation": [0, 0, 13.25],
							"uv": {
								"east": {"uv": [173.5, 55], "uv_size": [1, 0.5]},
								"west": {"uv": [176.5, 52], "uv_size": [1, 0.5]},
								"down": {"uv": [174.5, 56], "uv_size": [0.5, -1]}
							}
						},
						{
							"origin": [-0.99743, 0.09199, 3.6441],
							"size": [0.1591, 0.09714, 0.17329],
							"pivot": [-0.9366, 0.08656, 3.65307],
							"rotation": [45, 0, 13.25],
							"uv": {
								"north": {"uv": [182.5, 53], "uv_size": [0.5, 0.5]},
								"east": {"uv": [175.5, 61], "uv_size": [0.5, 0.5]},
								"south": {"uv": [182.5, 54], "uv_size": [0.5, 0.5]},
								"west": {"uv": [176.5, 61], "uv_size": [0.5, 0.5]},
								"up": {"uv": [182.5, 55], "uv_size": [0.5, 0.5]},
								"down": {"uv": [177.5, 61.5], "uv_size": [0.5, -0.5]}
							}
						},
						{
							"origin": [-0.9714, 0.08594, 4.55724],
							"size": [0.1591, 0.14714, 0.22329],
							"pivot": [-0.90968, 0.19701, 4.69388],
							"rotation": [-45, 0, 13.25],
							"uv": {
								"north": {"uv": [182.5, 56], "uv_size": [0.5, 0.5]},
								"east": {"uv": [178.5, 61], "uv_size": [0.5, 0.5]},
								"south": {"uv": [182.5, 57], "uv_size": [0.5, 0.5]},
								"west": {"uv": [179.5, 61], "uv_size": [0.5, 0.5]},
								"up": {"uv": [182.5, 58], "uv_size": [0.5, 0.5]},
								"down": {"uv": [180.5, 61.5], "uv_size": [0.5, -0.5]}
							}
						},
						{
							"origin": [-1.10295, -0.61133, 4.66872],
							"size": [0.15868, 0.99178, 0.4],
							"pivot": [-0.99698, -0.3668, 5.62275],
							"rotation": [0, 0, 13.25],
							"uv": {
								"north": {"uv": [176.5, 53], "uv_size": [0.5, 1]},
								"east": {"uv": [175.5, 55], "uv_size": [0.5, 1]},
								"south": {"uv": [176.5, 54], "uv_size": [0.5, 1]},
								"west": {"uv": [176.5, 55], "uv_size": [0.5, 1]}
							}
						},
						{
							"origin": [-1.11293, -0.47352, 4.52341],
							"size": [0.1591, 0.14714, 0.22329],
							"pivot": [-1.0521, -0.40395, 4.68237],
							"rotation": [45, 0, 13.25],
							"uv": {
								"north": {"uv": [182.5, 59], "uv_size": [0.5, 0.5]},
								"east": {"uv": [181.5, 61], "uv_size": [0.5, 0.5]},
								"south": {"uv": [182.5, 60], "uv_size": [0.5, 0.5]},
								"west": {"uv": [182.5, 61], "uv_size": [0.5, 0.5]},
								"up": {"uv": [156.5, 62], "uv_size": [0.5, 0.5]},
								"down": {"uv": [183.5, 35.5], "uv_size": [0.5, -0.5]}
							}
						},
						{
							"origin": [-1.12049, -0.53644, 3.53468],
							"size": [0.15912, 0.18914, 1.54293],
							"pivot": [-1.07821, -0.432, 4.27358],
							"rotation": [-22.5, 0, 13.25],
							"uv": {
								"north": {"uv": [157.5, 62], "uv_size": [0.5, 0.5]},
								"east": {"uv": [174.5, 35], "uv_size": [1.5, 0.5]},
								"south": {"uv": [183.5, 36], "uv_size": [0.5, 0.5]},
								"west": {"uv": [174.5, 36], "uv_size": [1.5, 0.5]},
								"up": {"uv": [174.5, 37], "uv_size": [0.5, 1.5]},
								"down": {"uv": [174.5, 40.5], "uv_size": [0.5, -1.5]}
							}
						},
						{
							"origin": [-1.01727, -0.81312, 5.06872],
							"size": [0.073, 0.97638, 1.20805],
							"pivot": [-0.92198, -0.3668, 5.72275],
							"rotation": [0, 0, 13.25],
							"uv": {
								"south": {"uv": [156.5, 56], "uv_size": [0.5, 1]},
								"west": {"uv": [161.5, 50], "uv_size": [1, 1]}
							}
						},
						{
							"origin": [0.94426, -0.81312, 5.06872],
							"size": [0.073, 0.97638, 1.20805],
							"pivot": [0.92198, -0.3668, 5.72275],
							"rotation": [0, 0, -13.25],
							"uv": {
								"east": {"uv": [163.5, 50], "uv_size": [1, 1]},
								"south": {"uv": [177.5, 35], "uv_size": [0.5, 1]}
							}
						},
						{
							"origin": [0.87119, -1.36896, -2.33128],
							"size": [0.3, 0.3, 8.6],
							"pivot": [1.02119, -1.21896, 2.06872],
							"rotation": [0, 0, -45],
							"uv": {
								"north": {"uv": [158.5, 62], "uv_size": [0.5, 0.5]},
								"east": {"uv": [156.5, 35], "uv_size": [8.5, 0.5]},
								"south": {"uv": [183.5, 37], "uv_size": [0.5, 0.5]},
								"west": {"uv": [156.5, 36], "uv_size": [8.5, 0.5]},
								"up": {"uv": [156.5, 37], "uv_size": [0.5, 8.5]},
								"down": {"uv": [157.5, 45.5], "uv_size": [0.5, -8.5]}
							}
						},
						{
							"origin": [-1.17119, -1.36896, -2.33128],
							"size": [0.3, 0.3, 8.6],
							"pivot": [-1.02119, -1.21896, 2.06872],
							"rotation": [0, 0, 45],
							"uv": {
								"north": {"uv": [159.5, 62], "uv_size": [0.5, 0.5]},
								"east": {"uv": [158.5, 37], "uv_size": [8.5, 0.5]},
								"south": {"uv": [183.5, 38], "uv_size": [0.5, 0.5]},
								"west": {"uv": [158.5, 38], "uv_size": [8.5, 0.5]},
								"up": {"uv": [158.5, 39], "uv_size": [0.5, 8.5]},
								"down": {"uv": [159.5, 47.5], "uv_size": [0.5, -8.5]}
							}
						},
						{
							"origin": [-1.17113, -0.75149, 2.99317],
							"size": [0.15912, 0.23914, 1.99293],
							"pivot": [-1.12885, -0.64705, 4.18207],
							"rotation": [-22.5, 0, 13.25],
							"uv": {
								"north": {"uv": [160.5, 62], "uv_size": [0.5, 0.5]},
								"east": {"uv": [171.5, 42], "uv_size": [2, 0.5]},
								"south": {"uv": [183.5, 39], "uv_size": [0.5, 0.5]},
								"west": {"uv": [164.5, 50], "uv_size": [2, 0.5]},
								"down": {"uv": [166.5, 52], "uv_size": [0.5, -2]}
							}
						}
					]
				},
				{
					"name": "Stock_5",
					"parent": "stock",
					"pivot": [0.44318, -1.64183, 0.10139],
					"rotation": [0, 180, 0],
					"cubes": [
						{
							"origin": [-0.3, -1.93954, 0.04331],
							"size": [0.1, 0.12704, 0.10669],
							"pivot": [0.7, -1.6125, 0.0875],
							"rotation": [-45, 0, 0],
							"uv": {
								"east": {"uv": [161.5, 62], "uv_size": [0.5, 0.5]},
								"south": {"uv": [183.5, 40], "uv_size": [0.5, 0.5]},
								"west": {"uv": [162.5, 62], "uv_size": [0.5, 0.5]},
								"down": {"uv": [183.5, 41.5], "uv_size": [0.5, -0.5]}
							}
						},
						{
							"origin": [-0.3, -1.89812, -0.05813],
							"size": [0.1, 0.37411, 0.07544],
							"pivot": [0.7, -1.8346, -0.03604],
							"rotation": [-90, 0, 0],
							"uv": {
								"north": {"uv": [163.5, 62], "uv_size": [0.5, 0.5]},
								"east": {"uv": [183.5, 42], "uv_size": [0.5, 0.5]},
								"south": {"uv": [164.5, 62], "uv_size": [0.5, 0.5]},
								"west": {"uv": [183.5, 43], "uv_size": [0.5, 0.5]},
								"up": {"uv": [165.5, 62], "uv_size": [0.5, 0.5]}
							}
						},
						{
							"origin": [-0.3, -1.86883, 0.21402],
							"size": [0.1, 0.12704, 0.10669],
							"pivot": [0.7, -1.80531, 0.26736],
							"rotation": [45, 0, 0],
							"uv": {
								"north": {"uv": [183.5, 44], "uv_size": [0.5, 0.5]},
								"east": {"uv": [166.5, 62], "uv_size": [0.5, 0.5]},
								"west": {"uv": [183.5, 45], "uv_size": [0.5, 0.5]},
								"down": {"uv": [167.5, 62.5], "uv_size": [0.5, -0.5]}
							}
						},
						{
							"origin": [-0.3, -1.8125, -0.175],
							"size": [0.1, 0.3, 0.525],
							"uv": {
								"north": {"uv": [183.5, 46], "uv_size": [0.5, 0.5]},
								"east": {"uv": [168.5, 62], "uv_size": [0.5, 0.5]},
								"south": {"uv": [183.5, 47], "uv_size": [0.5, 0.5]},
								"west": {"uv": [169.5, 62], "uv_size": [0.5, 0.5]},
								"down": {"uv": [183.5, 48.5], "uv_size": [0.5, -0.5]}
							}
						},
						{
							"origin": [-0.2, -1.6125, 0.1],
							"size": [1.75, 0.1, 0.125],
							"uv": {
								"north": {"uv": [171.5, 45], "uv_size": [2, 0.5]},
								"south": {"uv": [167.5, 50], "uv_size": [2, 0.5]},
								"up": {"uv": [171.5, 46], "uv_size": [2, 0.5]},
								"down": {"uv": [171.5, 47.5], "uv_size": [2, -0.5]}
							}
						},
						{
							"origin": [-0.23839, -1.8216, 0.1],
							"size": [0.25, 0.1, 0.125],
							"pivot": [-0.28839, -1.7716, 0.1625],
							"rotation": [0, 0, -45],
							"uv": {
								"north": {"uv": [170.5, 62], "uv_size": [0.5, 0.5]},
								"south": {"uv": [183.5, 49], "uv_size": [0.5, 0.5]},
								"down": {"uv": [171.5, 62.5], "uv_size": [0.5, -0.5]}
							}
						},
						{
							"origin": [1.03744, -2.84994, 0.1],
							"size": [0.35, 0.1, 0.125],
							"pivot": [-0.2, -1.6125, 0.1],
							"rotation": [0, 0, -45],
							"uv": {
								"north": {"uv": [183.5, 50], "uv_size": [0.5, 0.5]},
								"south": {"uv": [172.5, 62], "uv_size": [0.5, 0.5]},
								"west": {"uv": [183.5, 51], "uv_size": [0.5, 0.5]},
								"up": {"uv": [173.5, 62], "uv_size": [0.5, 0.5]},
								"down": {"uv": [183.5, 52.5], "uv_size": [0.5, -0.5]}
							}
						},
						{
							"origin": [0.15, -1.6125, -0.05],
							"size": [1.75, 0.1, 0.125],
							"uv": {
								"north": {"uv": [171.5, 48], "uv_size": [2, 0.5]},
								"south": {"uv": [171.5, 49], "uv_size": [2, 0.5]},
								"west": {"uv": [174.5, 62], "uv_size": [0.5, 0.5]},
								"up": {"uv": [171.5, 50], "uv_size": [2, 0.5]},
								"down": {"uv": [172.5, 35.5], "uv_size": [2, -0.5]}
							}
						},
						{
							"origin": [1.16924, -3.10956, -0.05],
							"size": [0.15, 0.1, 0.125],
							"pivot": [-0.19749, -1.65999, -0.025],
							"rotation": [0, 0, -45],
							"uv": {
								"north": {"uv": [183.5, 53], "uv_size": [0.5, 0.5]},
								"south": {"uv": [175.5, 62], "uv_size": [0.5, 0.5]},
								"down": {"uv": [183.5, 54.5], "uv_size": [0.5, -0.5]}
							}
						},
						{
							"origin": [1.62448, -1.92767, -0.05],
							"size": [0.15, 0.1, 0.125],
							"pivot": [1.96161, -1.66553, 0.0375],
							"rotation": [0, 0, 45],
							"uv": {
								"north": {"uv": [176.5, 62], "uv_size": [0.5, 0.5]},
								"south": {"uv": [183.5, 55], "uv_size": [0.5, 0.5]},
								"down": {"uv": [177.5, 62.5], "uv_size": [0.5, -0.5]}
							}
						},
						{
							"origin": [0.13055, -1.8216, -0.05],
							"size": [0.15, 0.1, 0.125],
							"pivot": [0.46768, -1.55947, 0.0375],
							"rotation": [0, 0, 45],
							"uv": {
								"north": {"uv": [183.5, 56], "uv_size": [0.5, 0.5]},
								"south": {"uv": [178.5, 62], "uv_size": [0.5, 0.5]},
								"down": {"uv": [183.5, 57.5], "uv_size": [0.5, -0.5]}
							}
						},
						{
							"origin": [1.64393, -1.71857, -0.05],
							"size": [0.15, 0.125, 0.125],
							"uv": {
								"north": {"uv": [179.5, 62], "uv_size": [0.5, 0.5]},
								"south": {"uv": [183.5, 58], "uv_size": [0.5, 0.5]},
								"down": {"uv": [180.5, 62.5], "uv_size": [0.5, -0.5]}
							}
						}
					]
				}
			]
		}
	]
}