{
	"format_version": "1.12.0",
	"minecraft:geometry": [
		{
			"description": {
				"identifier": "geometry.unknown",
				"texture_width": 16,
				"texture_height": 16,
				"visible_bounds_width": 8,
				"visible_bounds_height": 1.5,
				"visible_bounds_offset": [0, 0.25, 0]
			},
			"bones": [
				{
					"name": "bone2",
					"pivot": [0, 0, 0]
				},
				{
					"name": "bone",
					"parent": "bone2",
					"pivot": [0, 0.03125, 0],
					"cubes": [
						{
							"origin": [-0.625, -0.21875, -0.1875],
							"size": [1.25, 0.4375, 2],
							"uv": {
								"north": {"uv": [7, 7], "uv_size": [1.5, 0.5]},
								"east": {"uv": [4, 4], "uv_size": [2, 0.5]},
								"south": {"uv": [8, 0], "uv_size": [1.5, 0.5]},
								"west": {"uv": [5, 0], "uv_size": [2, 0.5]},
								"up": {"uv": [0, 0], "uv_size": [1.5, 2]},
								"down": {"uv": [0, 4], "uv_size": [1.5, -2]}
							}
						},
						{
							"origin": [-0.6875, -0.09375, 0.6875],
							"size": [1.375, 0.25, 0.25],
							"pivot": [0, 0.03125, 0.8125],
							"rotation": [45, 0, 0],
							"uv": {
								"north": {"uv": [8, 1], "uv_size": [1.5, 0.5]},
								"east": {"uv": [3, 10], "uv_size": [0.5, 0.5]},
								"south": {"uv": [8, 2], "uv_size": [1.5, 0.5]},
								"west": {"uv": [10, 3], "uv_size": [0.5, 0.5]},
								"up": {"uv": [3, 8], "uv_size": [1.5, 0.5]},
								"down": {"uv": [8, 3.5], "uv_size": [1.5, -0.5]}
							}
						},
						{
							"origin": [0.5, -0.41091, -0.1875],
							"size": [0.125, 0.19215, 2],
							"pivot": [0.625, -0.21875, 1.8125],
							"rotation": [0, 0, 45],
							"uv": {
								"north": {"uv": [4, 10], "uv_size": [0.5, 0.5]},
								"east": {"uv": [5, 1], "uv_size": [2, 0.5]},
								"south": {"uv": [10, 4], "uv_size": [0.5, 0.5]},
								"west": {"uv": [5, 2], "uv_size": [2, 0.5]},
								"up": {"uv": [4, 5], "uv_size": [0.5, 2]},
								"down": {"uv": [5, 7], "uv_size": [0.5, -2]}
							}
						},
						{
							"origin": [-0.625, -0.41091, -0.1875],
							"size": [0.125, 0.19215, 2],
							"pivot": [-0.625, -0.21875, 1.8125],
							"rotation": [0, 0, -45],
							"uv": {
								"north": {"uv": [5, 10], "uv_size": [0.5, 0.5]},
								"east": {"uv": [2, 6], "uv_size": [2, 0.5]},
								"south": {"uv": [10, 5], "uv_size": [0.5, 0.5]},
								"west": {"uv": [6, 4], "uv_size": [2, 0.5]},
								"up": {"uv": [6, 5], "uv_size": [0.5, 2]},
								"down": {"uv": [0, 9], "uv_size": [0.5, -2]}
							}
						},
						{
							"origin": [-0.5, -0.59375, -0.1875],
							"size": [1, 0.375, 2],
							"uv": {
								"north": {"uv": [8, 4], "uv_size": [1, 0.5]},
								"east": {"uv": [5, 3], "uv_size": [2, 0.5]},
								"south": {"uv": [5, 8], "uv_size": [1, 0.5]},
								"west": {"uv": [0, 6], "uv_size": [2, 0.5]},
								"up": {"uv": [2, 0], "uv_size": [1, 2]},
								"down": {"uv": [2, 4], "uv_size": [1, -2]}
							}
						}
					]
				},
				{
					"name": "octagon",
					"parent": "bone2",
					"pivot": [0, -0.75, 0.09375],
					"cubes": [
						{
							"origin": [-0.23237, -1.311, -0.37425],
							"size": [0.46475, 1.122, 2.18675],
							"pivot": [0, -0.75, 0.09375],
							"rotation": [0, 0, 45],
							"uv": {
								"north": {"uv": [6, 8], "uv_size": [0.5, 1]},
								"east": {"uv": [3, 0], "uv_size": [2, 1]},
								"south": {"uv": [7, 8], "uv_size": [0.5, 1]},
								"west": {"uv": [3, 1], "uv_size": [2, 1]},
								"up": {"uv": [7, 0], "uv_size": [0.5, 2]},
								"down": {"uv": [1, 9], "uv_size": [0.5, -2]}
							}
						},
						{
							"origin": [-0.23237, -1.311, -0.37425],
							"size": [0.46475, 1.122, 2.18675],
							"uv": {
								"north": {"uv": [8, 8], "uv_size": [0.5, 1]},
								"east": {"uv": [3, 2], "uv_size": [2, 1]},
								"south": {"uv": [0, 9], "uv_size": [0.5, 1]},
								"west": {"uv": [3, 3], "uv_size": [2, 1]},
								"up": {"uv": [2, 7], "uv_size": [0.5, 2]},
								"down": {"uv": [7, 4], "uv_size": [0.5, -2]}
							}
						},
						{
							"origin": [-0.561, -0.98237, -0.37425],
							"size": [1.122, 0.46475, 2.18675],
							"pivot": [0, -0.75, 0.09375],
							"rotation": [0, 0, 45],
							"uv": {
								"north": {"uv": [1, 9], "uv_size": [1, 0.5]},
								"east": {"uv": [3, 7], "uv_size": [2, 0.5]},
								"south": {"uv": [2, 9], "uv_size": [1, 0.5]},
								"west": {"uv": [5, 7], "uv_size": [2, 0.5]},
								"up": {"uv": [0, 4], "uv_size": [1, 2]},
								"down": {"uv": [1, 6], "uv_size": [1, -2]}
							}
						},
						{
							"origin": [-0.561, -0.98237, -0.37425],
							"size": [1.122, 0.46475, 2.18675],
							"uv": {
								"north": {"uv": [3, 9], "uv_size": [1, 0.5]},
								"east": {"uv": [7, 5], "uv_size": [2, 0.5]},
								"south": {"uv": [4, 9], "uv_size": [1, 0.5]},
								"west": {"uv": [7, 6], "uv_size": [2, 0.5]},
								"up": {"uv": [2, 4], "uv_size": [1, 2]},
								"down": {"uv": [3, 6], "uv_size": [1, -2]}
							}
						}
					]
				},
				{
					"name": "octagon2",
					"parent": "bone2",
					"pivot": [0, -0.75, 0.73475],
					"cubes": [
						{
							"origin": [-0.25561, -1.3671, -0.40546],
							"size": [0.51122, 1.2342, 0.21792],
							"pivot": [0, -0.75, 0.04684],
							"rotation": [0, 0, 45],
							"uv": {
								"north": {"uv": [9, 4], "uv_size": [0.5, 1]},
								"east": {"uv": [5, 9], "uv_size": [0.5, 1]},
								"south": {"uv": [9, 5], "uv_size": [0.5, 1]},
								"west": {"uv": [6, 9], "uv_size": [0.5, 1]},
								"up": {"uv": [6, 10], "uv_size": [0.5, 0.5]},
								"down": {"uv": [10, 6.5], "uv_size": [0.5, -0.5]}
							}
						},
						{
							"origin": [-0.25561, -1.3671, -0.40546],
							"size": [0.51122, 1.2342, 0.21792],
							"uv": {
								"north": {"uv": [9, 6], "uv_size": [0.5, 1]},
								"east": {"uv": [7, 9], "uv_size": [0.5, 1]},
								"south": {"uv": [9, 7], "uv_size": [0.5, 1]},
								"west": {"uv": [8, 9], "uv_size": [0.5, 1]},
								"up": {"uv": [7, 10], "uv_size": [0.5, 0.5]},
								"down": {"uv": [10, 7.5], "uv_size": [0.5, -0.5]}
							}
						},
						{
							"origin": [-0.6171, -1.00561, -0.40546],
							"size": [1.2342, 0.51122, 0.21792],
							"pivot": [0, -0.75, 0.04684],
							"rotation": [0, 0, 45],
							"uv": {
								"north": {"uv": [9, 8], "uv_size": [1, 0.5]},
								"east": {"uv": [8, 10], "uv_size": [0.5, 0.5]},
								"south": {"uv": [9, 9], "uv_size": [1, 0.5]},
								"west": {"uv": [10, 8], "uv_size": [0.5, 0.5]},
								"up": {"uv": [0, 10], "uv_size": [1, 0.5]},
								"down": {"uv": [10, 0.5], "uv_size": [1, -0.5]}
							}
						},
						{
							"origin": [-0.6171, -1.00561, -0.40546],
							"size": [1.2342, 0.51122, 0.21792],
							"uv": {
								"north": {"uv": [1, 10], "uv_size": [1, 0.5]},
								"east": {"uv": [9, 10], "uv_size": [0.5, 0.5]},
								"south": {"uv": [10, 1], "uv_size": [1, 0.5]},
								"west": {"uv": [10, 9], "uv_size": [0.5, 0.5]},
								"up": {"uv": [2, 10], "uv_size": [1, 0.5]},
								"down": {"uv": [10, 2.5], "uv_size": [1, -0.5]}
							}
						}
					]
				},
				{
					"name": "octagon5",
					"parent": "bone2",
					"pivot": [0, -0.75, 0.67323],
					"cubes": [
						{
							"origin": [-0.24048, -1.33057, -0.44542],
							"size": [0.48096, 1.16114, 0.25096],
							"pivot": [0, -0.75, 0.02604],
							"rotation": [0, 0, 45],
							"uv": {
								"north": {"uv": [10, 14], "uv_size": [0.5, 1]},
								"east": {"uv": [14, 10], "uv_size": [0.5, 1]},
								"south": {"uv": [11, 14], "uv_size": [0.5, 1]},
								"west": {"uv": [14, 11], "uv_size": [0.5, 1]},
								"up": {"uv": [15, 3], "uv_size": [0.5, 0.5]},
								"down": {"uv": [4, 15.5], "uv_size": [0.5, -0.5]}
							}
						},
						{
							"origin": [-0.24048, -1.33057, -0.44542],
							"size": [0.48096, 1.16114, 0.25096],
							"uv": {
								"north": {"uv": [12, 14], "uv_size": [0.5, 1]},
								"east": {"uv": [14, 12], "uv_size": [0.5, 1]},
								"south": {"uv": [13, 14], "uv_size": [0.5, 1]},
								"west": {"uv": [14, 13], "uv_size": [0.5, 1]},
								"up": {"uv": [15, 4], "uv_size": [0.5, 0.5]},
								"down": {"uv": [5, 15.5], "uv_size": [0.5, -0.5]}
							}
						},
						{
							"origin": [-0.58057, -0.99048, -0.44542],
							"size": [1.16114, 0.48096, 0.25096],
							"pivot": [0, -0.75, 0.02604],
							"rotation": [0, 0, 45],
							"uv": {
								"north": {"uv": [14, 14], "uv_size": [1, 0.5]},
								"east": {"uv": [15, 5], "uv_size": [0.5, 0.5]},
								"south": {"uv": [0, 15], "uv_size": [1, 0.5]},
								"west": {"uv": [6, 15], "uv_size": [0.5, 0.5]},
								"up": {"uv": [15, 0], "uv_size": [1, 0.5]},
								"down": {"uv": [1, 15.5], "uv_size": [1, -0.5]}
							}
						},
						{
							"origin": [-0.58057, -0.99048, -0.44542],
							"size": [1.16114, 0.48096, 0.25096],
							"uv": {
								"north": {"uv": [15, 1], "uv_size": [1, 0.5]},
								"east": {"uv": [15, 6], "uv_size": [0.5, 0.5]},
								"south": {"uv": [2, 15], "uv_size": [1, 0.5]},
								"west": {"uv": [7, 15], "uv_size": [0.5, 0.5]},
								"up": {"uv": [15, 2], "uv_size": [1, 0.5]},
								"down": {"uv": [3, 15.5], "uv_size": [1, -0.5]}
							}
						}
					]
				},
				{
					"name": "octagon4",
					"parent": "bone2",
					"pivot": [0, -0.75, 0.48006],
					"cubes": [
						{
							"origin": [-0.24283, -1.33624, -0.60314],
							"size": [0.48566, 1.17249, 0.20703],
							"pivot": [0, -0.75, -0.17345],
							"rotation": [0, 0, 45],
							"uv": {
								"up": {"uv": [11, 2], "uv_size": [0.5, 0.5]},
								"down": {"uv": [3, 11.5], "uv_size": [0.5, -0.5]}
							}
						},
						{
							"origin": [-0.24283, -1.33624, -0.60314],
							"size": [0.48566, 1.17249, 0.20703],
							"uv": {
								"up": {"uv": [11, 3], "uv_size": [0.5, 0.5]},
								"down": {"uv": [4, 11.5], "uv_size": [0.5, -0.5]}
							}
						},
						{
							"origin": [-0.58624, -0.99283, -0.60314],
							"size": [1.17249, 0.48566, 0.20703],
							"pivot": [0, -0.75, -0.17345],
							"rotation": [0, 0, 45],
							"uv": {
								"east": {"uv": [11, 4], "uv_size": [0.5, 0.5]},
								"west": {"uv": [5, 11], "uv_size": [0.5, 0.5]}
							}
						},
						{
							"origin": [-0.58624, -0.99283, -0.60314],
							"size": [1.17249, 0.48566, 0.20703],
							"uv": {
								"east": {"uv": [11, 5], "uv_size": [0.5, 0.5]},
								"west": {"uv": [6, 11], "uv_size": [0.5, 0.5]}
							}
						}
					]
				},
				{
					"name": "octagon3",
					"parent": "bone2",
					"pivot": [0, -0.75, 0.3285],
					"cubes": [
						{
							"origin": [-0.25561, -0.2421, -0.99921],
							"size": [0.51122, 0.1092, 0.12496],
							"pivot": [0, -0.75, -0.35941],
							"rotation": [0, 0, 45],
							"uv": {
								"north": {"uv": [11, 9], "uv_size": [0.5, 0.5]},
								"east": {"uv": [10, 11], "uv_size": [0.5, 0.5]},
								"south": {"uv": [11, 10], "uv_size": [0.5, 0.5]},
								"west": {"uv": [11, 11], "uv_size": [0.5, 0.5]},
								"up": {"uv": [0, 12], "uv_size": [0.5, 0.5]},
								"down": {"uv": [12, 0.5], "uv_size": [0.5, -0.5]}
							}
						},
						{
							"origin": [0.05689, -0.2421, -0.87425],
							"size": [0.19872, 0.1092, 0.14063],
							"pivot": [0, -0.75, -0.35941],
							"rotation": [0, 0, 45],
							"uv": {
								"north": {"uv": [11, 9], "uv_size": [0.5, 0.5]},
								"east": {"uv": [13, 0], "uv_size": [0.5, 0.5]},
								"south": {"uv": [11, 10], "uv_size": [0.5, 0.5]},
								"west": {"uv": [1, 13], "uv_size": [0.5, 0.5]},
								"up": {"uv": [13, 1], "uv_size": [0.5, 0.5]},
								"down": {"uv": [2, 13.5], "uv_size": [0.5, -0.5]}
							}
						},
						{
							"origin": [-0.25561, -0.2421, -0.73362],
							"size": [0.51122, 0.1092, 0.13984],
							"pivot": [0, -0.75, -0.35941],
							"rotation": [0, 0, 45],
							"uv": {
								"north": {"uv": [11, 9], "uv_size": [0.5, 0.5]},
								"east": {"uv": [11, 12], "uv_size": [0.5, 0.5]},
								"south": {"uv": [11, 10], "uv_size": [0.5, 0.5]},
								"west": {"uv": [12, 11], "uv_size": [0.5, 0.5]},
								"up": {"uv": [12, 12], "uv_size": [0.5, 0.5]},
								"down": {"uv": [0, 13.5], "uv_size": [0.5, -0.5]}
							}
						},
						{
							"origin": [-0.25561, -0.2421, -0.99921],
							"size": [0.51122, 0.1092, 0.12496],
							"uv": {
								"north": {"uv": [4, 12], "uv_size": [0.5, 0.5]},
								"east": {"uv": [12, 4], "uv_size": [0.5, 0.5]},
								"south": {"uv": [5, 12], "uv_size": [0.5, 0.5]},
								"west": {"uv": [12, 5], "uv_size": [0.5, 0.5]},
								"up": {"uv": [6, 12], "uv_size": [0.5, 0.5]},
								"down": {"uv": [12, 6.5], "uv_size": [0.5, -0.5]}
							}
						},
						{
							"origin": [-0.25561, -0.2421, -0.73362],
							"size": [0.51122, 0.1092, 0.13984],
							"uv": {
								"north": {"uv": [4, 12], "uv_size": [0.5, 0.5]},
								"east": {"uv": [7, 12], "uv_size": [0.5, 0.5]},
								"south": {"uv": [5, 12], "uv_size": [0.5, 0.5]},
								"west": {"uv": [12, 7], "uv_size": [0.5, 0.5]},
								"up": {"uv": [8, 12], "uv_size": [0.5, 0.5]},
								"down": {"uv": [12, 8.5], "uv_size": [0.5, -0.5]}
							}
						},
						{
							"origin": [-0.6171, -1.00561, -0.99921],
							"size": [0.1092, 0.51122, 0.12496],
							"pivot": [0, -0.75, -0.35941],
							"rotation": [0, 0, 45],
							"uv": {
								"north": {"uv": [11, 6], "uv_size": [0.5, 0.5]},
								"east": {"uv": [7, 11], "uv_size": [0.5, 0.5]},
								"south": {"uv": [11, 7], "uv_size": [0.5, 0.5]},
								"west": {"uv": [8, 11], "uv_size": [0.5, 0.5]},
								"up": {"uv": [11, 8], "uv_size": [0.5, 0.5]},
								"down": {"uv": [9, 11.5], "uv_size": [0.5, -0.5]}
							}
						},
						{
							"origin": [-0.6171, -1.00561, -0.87425],
							"size": [0.1092, 0.19872, 0.14063],
							"pivot": [0, -0.75, -0.35941],
							"rotation": [0, 0, 45],
							"uv": {
								"north": {"uv": [11, 6], "uv_size": [0.5, 0.5]},
								"east": {"uv": [13, 2], "uv_size": [0.5, 0.5]},
								"south": {"uv": [11, 7], "uv_size": [0.5, 0.5]},
								"west": {"uv": [3, 13], "uv_size": [0.5, 0.5]},
								"up": {"uv": [13, 3], "uv_size": [0.5, 0.5]},
								"down": {"uv": [4, 13.5], "uv_size": [0.5, -0.5]}
							}
						},
						{
							"origin": [-0.6171, -1.00561, -0.73362],
							"size": [0.1092, 0.51122, 0.13984],
							"pivot": [0, -0.75, -0.35941],
							"rotation": [0, 0, 45],
							"uv": {
								"north": {"uv": [11, 6], "uv_size": [0.5, 0.5]},
								"east": {"uv": [9, 12], "uv_size": [0.5, 0.5]},
								"south": {"uv": [11, 7], "uv_size": [0.5, 0.5]},
								"west": {"uv": [12, 9], "uv_size": [0.5, 0.5]},
								"up": {"uv": [10, 12], "uv_size": [0.5, 0.5]},
								"down": {"uv": [12, 10.5], "uv_size": [0.5, -0.5]}
							}
						},
						{
							"origin": [-0.6171, -1.00561, -0.99921],
							"size": [0.1092, 0.51122, 0.12496],
							"pivot": [0, -0.75, -0.35941],
							"rotation": [0, 0, -45],
							"uv": {
								"north": {"uv": [3, 14], "uv_size": [0.5, 0.5]},
								"east": {"uv": [8, 14], "uv_size": [0.5, 0.5]},
								"south": {"uv": [4, 14], "uv_size": [0.5, 0.5]},
								"west": {"uv": [14, 8], "uv_size": [0.5, 0.5]},
								"up": {"uv": [9, 14], "uv_size": [0.5, 0.5]},
								"down": {"uv": [14, 9.5], "uv_size": [0.5, -0.5]}
							}
						},
						{
							"origin": [-0.6171, -1.00561, -0.73362],
							"size": [0.1092, 0.51122, 0.13984],
							"pivot": [0, -0.75, -0.35941],
							"rotation": [0, 0, -45],
							"uv": {
								"north": {"uv": [3, 14], "uv_size": [0.5, 0.5]},
								"east": {"uv": [6, 14], "uv_size": [0.5, 0.5]},
								"south": {"uv": [4, 14], "uv_size": [0.5, 0.5]},
								"west": {"uv": [14, 6], "uv_size": [0.5, 0.5]},
								"up": {"uv": [7, 14], "uv_size": [0.5, 0.5]},
								"down": {"uv": [14, 7.5], "uv_size": [0.5, -0.5]}
							}
						},
						{
							"origin": [-0.6171, -0.69311, -0.87425],
							"size": [0.1092, 0.19872, 0.14063],
							"pivot": [0, -0.75, -0.35941],
							"rotation": [0, 0, -45],
							"uv": {
								"north": {"uv": [3, 14], "uv_size": [0.5, 0.5]},
								"east": {"uv": [14, 3], "uv_size": [0.5, 0.5]},
								"south": {"uv": [4, 14], "uv_size": [0.5, 0.5]},
								"west": {"uv": [14, 4], "uv_size": [0.5, 0.5]},
								"up": {"uv": [5, 14], "uv_size": [0.5, 0.5]},
								"down": {"uv": [14, 5.5], "uv_size": [0.5, -0.5]}
							}
						},
						{
							"origin": [-0.25561, -1.3671, -0.73362],
							"size": [0.51122, 0.1092, 0.13984],
							"uv": {
								"north": {"uv": [13, 11], "uv_size": [0.5, 0.5]},
								"east": {"uv": [1, 14], "uv_size": [0.5, 0.5]},
								"south": {"uv": [13, 12], "uv_size": [0.5, 0.5]},
								"west": {"uv": [14, 1], "uv_size": [0.5, 0.5]},
								"up": {"uv": [2, 14], "uv_size": [0.5, 0.5]},
								"down": {"uv": [14, 2.5], "uv_size": [0.5, -0.5]}
							}
						},
						{
							"origin": [-0.25561, -1.3671, -0.99921],
							"size": [0.51122, 0.1092, 0.12496],
							"uv": {
								"north": {"uv": [13, 11], "uv_size": [0.5, 0.5]},
								"east": {"uv": [12, 13], "uv_size": [0.5, 0.5]},
								"south": {"uv": [13, 12], "uv_size": [0.5, 0.5]},
								"west": {"uv": [13, 13], "uv_size": [0.5, 0.5]},
								"up": {"uv": [0, 14], "uv_size": [0.5, 0.5]},
								"down": {"uv": [14, 0.5], "uv_size": [0.5, -0.5]}
							}
						},
						{
							"origin": [-0.25561, -1.3671, -0.73362],
							"size": [0.51122, 0.1092, 0.13984],
							"pivot": [0, -0.75, -0.35941],
							"rotation": [0, 0, -45],
							"uv": {
								"north": {"uv": [13, 4], "uv_size": [0.5, 0.5]},
								"east": {"uv": [13, 9], "uv_size": [0.5, 0.5]},
								"south": {"uv": [13, 5], "uv_size": [0.5, 0.5]},
								"west": {"uv": [10, 13], "uv_size": [0.5, 0.5]},
								"up": {"uv": [13, 10], "uv_size": [0.5, 0.5]},
								"down": {"uv": [11, 13.5], "uv_size": [0.5, -0.5]}
							}
						},
						{
							"origin": [-0.25561, -1.3671, -0.99921],
							"size": [0.51122, 0.1092, 0.12496],
							"pivot": [0, -0.75, -0.35941],
							"rotation": [0, 0, -45],
							"uv": {
								"north": {"uv": [13, 4], "uv_size": [0.5, 0.5]},
								"east": {"uv": [13, 7], "uv_size": [0.5, 0.5]},
								"south": {"uv": [13, 5], "uv_size": [0.5, 0.5]},
								"west": {"uv": [8, 13], "uv_size": [0.5, 0.5]},
								"up": {"uv": [13, 8], "uv_size": [0.5, 0.5]},
								"down": {"uv": [9, 13.5], "uv_size": [0.5, -0.5]}
							}
						},
						{
							"origin": [0.05689, -1.3671, -0.87425],
							"size": [0.19872, 0.1092, 0.14063],
							"pivot": [0, -0.75, -0.35941],
							"rotation": [0, 0, -45],
							"uv": {
								"north": {"uv": [13, 4], "uv_size": [0.5, 0.5]},
								"east": {"uv": [5, 13], "uv_size": [0.5, 0.5]},
								"south": {"uv": [13, 5], "uv_size": [0.5, 0.5]},
								"west": {"uv": [6, 13], "uv_size": [0.5, 0.5]},
								"up": {"uv": [13, 6], "uv_size": [0.5, 0.5]},
								"down": {"uv": [7, 13.5], "uv_size": [0.5, -0.5]}
							}
						},
						{
							"origin": [-0.6171, -1.00561, -0.99921],
							"size": [0.1092, 0.51122, 0.40542],
							"uv": {
								"north": {"uv": [10, 10], "uv_size": [0.5, 0.5]},
								"east": {"uv": [0, 11], "uv_size": [0.5, 0.5]},
								"south": {"uv": [11, 0], "uv_size": [0.5, 0.5]},
								"west": {"uv": [1, 11], "uv_size": [0.5, 0.5]},
								"up": {"uv": [11, 1], "uv_size": [0.5, 0.5]},
								"down": {"uv": [2, 11.5], "uv_size": [0.5, -0.5]}
							}
						},
						{
							"origin": [0.5079, -1.00561, -0.99921],
							"size": [0.1092, 0.51122, 0.40542],
							"uv": {
								"north": {"uv": [1, 12], "uv_size": [0.5, 0.5]},
								"east": {"uv": [12, 1], "uv_size": [0.5, 0.5]},
								"south": {"uv": [2, 12], "uv_size": [0.5, 0.5]},
								"west": {"uv": [12, 2], "uv_size": [0.5, 0.5]},
								"up": {"uv": [3, 12], "uv_size": [0.5, 0.5]},
								"down": {"uv": [12, 3.5], "uv_size": [0.5, -0.5]}
							}
						}
					]
				}
			]
		}
	]
}