{
  "materials": [
    {
      "item": {
        "item": "minecraft:phantom_membrane"
      },
      "count": 32
    },
      "item": {
        "item": "minecraft:nether_wart"
      },
      "count": 32
    },
    {
      "item": {
        "item": "minecraft:fermented_spider_eye"
      },
      "count": 32
    },
    {
      "item": {
        "item": "minecraft:golden_rail"
      },
      "count": 16
    },
    {
      "item": {
        "item": "minecraft:detector_rail"
      },
      "count": 4
    },
    {
      "item": {
        "item": "minecraft:activator_rail"
      },
      "count": 4
    }
  ],
  "result": {
    "type": "attachment",
    "id": "arip:tacit"
  },
  "type": "tacz:gun_smith_table_crafting"
}