{
	"format_version": "1.21.0",
	"minecraft:geometry": [
		{
			"description": {
				"identifier": "geometry.mk47_laser_ir_device",
				"texture_width": 66,
				"texture_height": 131,
				"visible_bounds_width": 2,
				"visible_bounds_height": 1.5,
				"visible_bounds_offset": [0, 0.25, 0]
			},
			"bones": [
				{
					"name": "sight_illuminated",
					"pivot": [-0.5, -3.2, 8.9],
					"cubes": [
						{
							"origin": [-1.51813, 0.10937, -12.1625],
							"size": [0.125, 0.125, 9],
							"pivot": [-0.5054, -0.38613, -6.20571],
							"rotation": [0, 0, 45],
							"uv": {
								"north": {"uv": [13, 17], "uv_size": [1, 1], "uv_rotation": 90},
								"east": {"uv": [6, 9], "uv_size": [-1, 42], "uv_rotation": 270},
								"south": {"uv": [17, 13], "uv_size": [1, 1], "uv_rotation": 270},
								"west": {"uv": [2, 51], "uv_size": [-1, -42], "uv_rotation": 270},
								"up": {"uv": [43, 2], "uv_size": [-42, -1], "uv_rotation": 270},
								"down": {"uv": [43, 6], "uv_size": [-42, -1], "uv_rotation": 270}
							}
						}
					]
				},
				{
					"name": "peq_box",
					"pivot": [0, -3, 7.65]
				},
				{
					"name": "a/n_peq15",
					"parent": "peq_box",
					"pivot": [0, -3, 7.65],
					"cubes": [
						{
							"origin": [-0.79281, 0.57349, -4.5429],
							"size": [0.25, 0.25, 0.1875],
							"pivot": [-0.0054, -0.18613, -7.45571],
							"rotation": [0, 0, 22.5],
							"uv": {
								"north": {"uv": [9, 74], "uv_size": [1, 1], "uv_rotation": 90},
								"east": {"uv": [18, 74], "uv_size": [-1, 1], "uv_rotation": 270},
								"south": {"uv": [13, 74], "uv_size": [1, 1], "uv_rotation": 270},
								"west": {"uv": [10, 83], "uv_size": [-1, -1], "uv_rotation": 270},
								"up": {"uv": [10, 79], "uv_size": [-1, -1], "uv_rotation": 270},
								"down": {"uv": [14, 79], "uv_size": [-1, -1], "uv_rotation": 270}
							}
						}
					]
				},
				{
					"name": "no dyed",
					"parent": "a/n_peq15",
					"pivot": [0, -3, 7.65],
					"cubes": [
						{
							"origin": [-0.31927, 1.26159, -3.4125],
							"size": [1.3125, 0.25, 1],
							"uv": {
								"north": {"uv": [39, 78], "uv_size": [1, 3], "uv_rotation": 90},
								"east": {"uv": [30, 110], "uv_size": [-1, 2], "uv_rotation": 270},
								"south": {"uv": [17, 104], "uv_size": [1, 3], "uv_rotation": 270},
								"west": {"uv": [26, 112], "uv_size": [-1, -2], "uv_rotation": 270},
								"up": {"uv": [15, 105], "uv_size": [-2, -3], "uv_rotation": 270}
							}
						},
						{
							"origin": [-0.68177, -0.19154, -2.9875],
							"size": [1.35, 0.75, 2.75],
							"uv": {
								"north": {"uv": [35, 74], "uv_size": [2, 3], "uv_rotation": 90},
								"east": {"uv": [15, 82], "uv_size": [-2, 5], "uv_rotation": 270},
								"south": {"uv": [29, 100], "uv_size": [2, 3], "uv_rotation": 270},
								"west": {"uv": [11, 87], "uv_size": [-2, -5], "uv_rotation": 270},
								"down": {"uv": [20, 79], "uv_size": [-5, -3], "uv_rotation": 270}
							}
						}
					]
				},
				{
					"name": "pins",
					"parent": "no dyed",
					"pivot": [-2.25, -7, 3.9],
					"cubes": [
						{
							"origin": [4.28199, 1.18346, -4.98992],
							"size": [0.3125, 0.375, 0.3125],
							"pivot": [-0.0054, -0.18613, -7.45571],
							"rotation": [0, -45, 0],
							"uv": {
								"north": {"uv": [9, 116], "uv_size": [1, 1], "uv_rotation": 90},
								"east": {"uv": [22, 116], "uv_size": [-1, 1], "uv_rotation": 270},
								"south": {"uv": [13, 116], "uv_size": [1, 1], "uv_rotation": 270},
								"west": {"uv": [52, 83], "uv_size": [-1, -1], "uv_rotation": 270},
								"up": {"uv": [52, 75], "uv_size": [-1, -1], "uv_rotation": 270},
								"down": {"uv": [52, 79], "uv_size": [-1, -1], "uv_rotation": 270}
							}
						},
						{
							"origin": [1.34517, 3.80535, -4.69402],
							"size": [0.375, 0.3125, 0.3125],
							"pivot": [-0.0054, -0.18613, -7.45571],
							"rotation": [-45, 0, 0],
							"uv": {
								"north": {"uv": [57, 110], "uv_size": [1, 1], "uv_rotation": 90},
								"east": {"uv": [58, 122], "uv_size": [-1, 1], "uv_rotation": 270},
								"south": {"uv": [57, 114], "uv_size": [1, 1], "uv_rotation": 270},
								"west": {"uv": [58, 119], "uv_size": [-1, -1], "uv_rotation": 270},
								"up": {"uv": [50, 123], "uv_size": [-1, -1], "uv_rotation": 270},
								"down": {"uv": [54, 123], "uv_size": [-1, -1], "uv_rotation": 270}
							}
						},
						{
							"origin": [3.01866, 1.43346, -3.48732],
							"size": [0.3125, 0.125, 0.3125],
							"pivot": [-0.0054, -0.18613, -7.45571],
							"rotation": [0, -45, 0],
							"uv": {
								"north": {"uv": [51, 86], "uv_size": [1, 1], "uv_rotation": 90},
								"east": {"uv": [42, 116], "uv_size": [-1, 1], "uv_rotation": 270},
								"south": {"uv": [51, 94], "uv_size": [1, 1], "uv_rotation": 270},
								"west": {"uv": [38, 117], "uv_size": [-1, -1], "uv_rotation": 270},
								"up": {"uv": [52, 91], "uv_size": [-1, -1], "uv_rotation": 270},
								"down": {"uv": [34, 117], "uv_size": [-1, -1], "uv_rotation": 270}
							}
						},
						{
							"origin": [2.21591, 1.43346, -4.75411],
							"size": [0.4375, 0.1875, 0.4375],
							"pivot": [-0.0054, -0.18613, -7.45571],
							"rotation": [0, -45, 0],
							"uv": {
								"north": {"uv": [55, 70], "uv_size": [1, 1], "uv_rotation": 90},
								"east": {"uv": [56, 82], "uv_size": [-1, 1], "uv_rotation": 270},
								"south": {"uv": [55, 74], "uv_size": [1, 1], "uv_rotation": 270},
								"west": {"uv": [56, 79], "uv_size": [-1, -1], "uv_rotation": 270},
								"up": {"uv": [10, 121], "uv_size": [-1, -1], "uv_rotation": 270},
								"down": {"uv": [14, 121], "uv_size": [-1, -1], "uv_rotation": 270}
							}
						}
					]
				},
				{
					"name": "octagon",
					"parent": "no dyed",
					"pivot": [0, -3, 7.65],
					"cubes": [
						{
							"origin": [4.38424, 1.18346, -2.76864],
							"size": [0.20711, 0.375, 0.5],
							"pivot": [-0.0054, -0.18613, -7.45571],
							"rotation": [0, -45, 0],
							"uv": {
								"north": {"uv": [21, 120], "uv_size": [1, 1], "uv_rotation": 90},
								"south": {"uv": [55, 90], "uv_size": [1, 1], "uv_rotation": 270},
								"up": {"uv": [56, 87], "uv_size": [-1, -1], "uv_rotation": 270},
								"down": {"uv": [56, 95], "uv_size": [-1, -1], "uv_rotation": 270}
							}
						},
						{
							"origin": [-0.42282, 1.18346, -1.0375],
							"size": [0.2071, 0.375, 0.5],
							"uv": {
								"north": {"uv": [33, 120], "uv_size": [1, 1], "uv_rotation": 90},
								"south": {"uv": [41, 120], "uv_size": [1, 1], "uv_rotation": 270},
								"up": {"uv": [38, 121], "uv_size": [-1, -1], "uv_rotation": 270}
							}
						},
						{
							"origin": [4.23779, 1.18346, -2.62219],
							"size": [0.5, 0.375, 0.20711],
							"pivot": [-0.0054, -0.18613, -7.45571],
							"rotation": [0, -45, 0],
							"uv": {
								"east": {"uv": [26, 122], "uv_size": [-1, 1], "uv_rotation": 270},
								"west": {"uv": [18, 123], "uv_size": [-1, -1], "uv_rotation": 270},
								"up": {"uv": [2, 123], "uv_size": [-1, -1], "uv_rotation": 270},
								"down": {"uv": [58, 67], "uv_size": [-1, -1], "uv_rotation": 270}
							}
						},
						{
							"origin": [-0.56927, 1.18346, -0.89105],
							"size": [0.5, 0.375, 0.2071],
							"uv": {
								"east": {"uv": [58, 102], "uv_size": [-1, 1], "uv_rotation": 270},
								"west": {"uv": [58, 99], "uv_size": [-1, -1], "uv_rotation": 270},
								"up": {"uv": [30, 123], "uv_size": [-1, -1], "uv_rotation": 270}
							}
						}
					]
				},
				{
					"name": "hole",
					"parent": "no dyed",
					"pivot": [-1.88739, -0.37542, -0.8554],
					"cubes": [
						{
							"origin": [-1.19373, 0.18477, -4.5429],
							"size": [0.25, 0.25, 0.1875],
							"pivot": [-0.0054, -0.18613, -7.45571],
							"rotation": [0, 0, 22.5],
							"uv": {
								"north": {"uv": [45, 126], "uv_size": [1, 1], "uv_rotation": 90},
								"east": {"uv": [62, 118], "uv_size": [-1, 1], "uv_rotation": 270},
								"south": {"uv": [49, 126], "uv_size": [1, 1], "uv_rotation": 270},
								"west": {"uv": [54, 127], "uv_size": [-1, -1], "uv_rotation": 270},
								"up": {"uv": [62, 111], "uv_size": [-1, -1], "uv_rotation": 270},
								"down": {"uv": [62, 115], "uv_size": [-1, -1], "uv_rotation": 270}
							}
						},
						{
							"origin": [1.19911, -0.5701, -4.8554],
							"size": [0.25, 0.25, 0.1875],
							"pivot": [-0.0054, -0.18613, -7.45571],
							"rotation": [0, 0, -45],
							"uv": {
								"north": {"uv": [57, 126], "uv_size": [1, 1], "uv_rotation": 90},
								"east": {"uv": [64, 70], "uv_size": [-1, 1], "uv_rotation": 270},
								"west": {"uv": [6, 129], "uv_size": [-1, -1], "uv_rotation": 270},
								"up": {"uv": [62, 123], "uv_size": [-1, -1], "uv_rotation": 270},
								"down": {"uv": [62, 127], "uv_size": [-1, -1], "uv_rotation": 270}
							}
						}
					]
				},
				{
					"name": "botton",
					"parent": "no dyed",
					"pivot": [1.5, -3, 7.65],
					"cubes": [
						{
							"origin": [4.02631, 1.12096, -4.10766],
							"size": [0.40709, 0.4375, 0.9828],
							"pivot": [-0.0054, -0.18613, -7.45571],
							"rotation": [0, -45, 0],
							"uv": {
								"north": {"uv": [1, 118], "uv_size": [1, 1], "uv_rotation": 90},
								"south": {"uv": [53, 66], "uv_size": [1, 1], "uv_rotation": 270},
								"up": {"uv": [45, 75], "uv_size": [-2, -1], "uv_rotation": 270},
								"down": {"uv": [15, 109], "uv_size": [-2, -1], "uv_rotation": 270}
							}
						},
						{
							"origin": [-0.21692, 1.12096, -1.94957],
							"size": [0.9828, 0.4375, 0.40709],
							"uv": {
								"east": {"uv": [26, 118], "uv_size": [-1, 1], "uv_rotation": 270},
								"west": {"uv": [18, 119], "uv_size": [-1, -1], "uv_rotation": 270},
								"up": {"uv": [44, 80], "uv_size": [-1, -2], "uv_rotation": 270}
							}
						},
						{
							"origin": [3.73846, 1.12096, -3.81981],
							"size": [0.9828, 0.4375, 0.40709],
							"pivot": [-0.0054, -0.18613, -7.45571],
							"rotation": [0, -45, 0],
							"uv": {
								"east": {"uv": [54, 98], "uv_size": [-1, 1], "uv_rotation": 270},
								"west": {"uv": [30, 119], "uv_size": [-1, -1], "uv_rotation": 270},
								"up": {"uv": [44, 84], "uv_size": [-1, -2], "uv_rotation": 270},
								"down": {"uv": [22, 110], "uv_size": [-1, -2], "uv_rotation": 270}
							}
						},
						{
							"origin": [0.07094, 1.12096, -2.23742],
							"size": [0.40708, 0.4375, 0.9828],
							"uv": {
								"north": {"uv": [53, 102], "uv_size": [1, 1], "uv_rotation": 90},
								"south": {"uv": [53, 106], "uv_size": [1, 1], "uv_rotation": 270},
								"up": {"uv": [45, 87], "uv_size": [-2, -1], "uv_rotation": 270}
							}
						}
					]
				},
				{
					"name": "dyed",
					"parent": "a/n_peq15",
					"pivot": [0, -3, 7.65],
					"cubes": [
						{
							"origin": [3.8669, 0.43346, -1.36794],
							"size": [0.625, 0.25, 0.5],
							"pivot": [-0.0054, -0.18613, -7.45571],
							"rotation": [0, -22.5, 0],
							"uv": {
								"north": {"uv": [9, 128], "uv_size": [1, 1], "uv_rotation": 90},
								"east": {"uv": [22, 128], "uv_size": [-1, 1], "uv_rotation": 270},
								"south": {"uv": [13, 128], "uv_size": [1, 1], "uv_rotation": 270},
								"west": {"uv": [64, 83], "uv_size": [-1, -1], "uv_rotation": 270},
								"up": {"uv": [64, 75], "uv_size": [-1, -1], "uv_rotation": 270},
								"down": {"uv": [64, 79], "uv_size": [-1, -1], "uv_rotation": 270}
							}
						}
					]
				},
				{
					"name": "shell",
					"parent": "dyed",
					"pivot": [8, -11, -0.35],
					"cubes": [
						{
							"origin": [-0.69427, 1.23034, -4.1],
							"size": [1.75, 0.26562, 2.75],
							"uv": {
								"north": {"uv": [33, 102], "uv_size": [1, 4], "uv_rotation": 90},
								"south": {"uv": [37, 102], "uv_size": [1, 4], "uv_rotation": 270},
								"up": {"uv": [17, 70], "uv_size": [-6, -4], "uv_rotation": 270}
							}
						},
						{
							"origin": [-0.00677, 1.23034, -1.35],
							"size": [1.0625, 0.26562, 1.125],
							"uv": {
								"east": {"uv": [10, 108], "uv_size": [-1, 2], "uv_rotation": 270},
								"south": {"uv": [43, 70], "uv_size": [1, 2], "uv_rotation": 270},
								"up": {"uv": [41, 76], "uv_size": [-2, -2], "uv_rotation": 270}
							}
						},
						{
							"origin": [1.8221, 1.23034, -0.77685],
							"size": [0.9375, 0.26562, 0.39063],
							"pivot": [-0.0054, -0.18613, -7.45571],
							"rotation": [0, -22.5, 0],
							"uv": {
								"north": {"uv": [29, 106], "uv_size": [1, 2], "uv_rotation": 90},
								"south": {"uv": [41, 104], "uv_size": [1, 2], "uv_rotation": 270},
								"west": {"uv": [52, 71], "uv_size": [-1, -1], "uv_rotation": 270},
								"up": {"uv": [42, 102], "uv_size": [-1, -2], "uv_rotation": 270},
								"down": {"uv": [6, 110], "uv_size": [-1, -2], "uv_rotation": 270}
							}
						},
						{
							"origin": [-1.02239, 1.23034, -2.2875],
							"size": [0.32812, 0.26562, 2.0625],
							"uv": {
								"up": {"uv": [9, 105], "uv_size": [-4, -1], "uv_rotation": 270}
							}
						},
						{
							"origin": [-4.37899, 1.23034, -4.52036],
							"size": [0.46116, 0.26562, 0.42106],
							"pivot": [-0.0054, -0.18613, -7.45571],
							"rotation": [0, 45, 0],
							"uv": {
								"north": {"uv": [49, 118], "uv_size": [1, 1], "uv_rotation": 90},
								"west": {"uv": [6, 121], "uv_size": [-1, -1], "uv_rotation": 270},
								"up": {"uv": [54, 115], "uv_size": [-1, -1], "uv_rotation": 270},
								"down": {"uv": [54, 119], "uv_size": [-1, -1], "uv_rotation": 270}
							}
						},
						{
							"origin": [0.62886, -0.0323, -4.1],
							"size": [0.79687, 0.26563, 3.875],
							"uv": {
								"north": {"uv": [39, 84], "uv_size": [1, 2], "uv_rotation": 90},
								"south": {"uv": [21, 104], "uv_size": [1, 2], "uv_rotation": 270},
								"down": {"uv": [23, 74], "uv_size": [-8, -2], "uv_rotation": 270}
							}
						},
						{
							"origin": [-0.08757, 0.37113, -4.1],
							"size": [0.42187, 0.20313, 3.875],
							"pivot": [-0.0054, -0.18613, -7.45571],
							"rotation": [0, 0, 45],
							"uv": {
								"north": {"uv": [17, 114], "uv_size": [1, 1], "uv_rotation": 90},
								"south": {"uv": [25, 114], "uv_size": [1, 1], "uv_rotation": 270},
								"down": {"uv": [39, 67], "uv_size": [-8, -1], "uv_rotation": 270}
							}
						},
						{
							"origin": [-1.242, 1.23287, -2.56817],
							"size": [0.80208, 0.26309, 0.59416],
							"pivot": [-0.0054, -0.18613, -7.45571],
							"rotation": [0, 22.5, 0],
							"uv": {
								"south": {"uv": [45, 102], "uv_size": [1, 2], "uv_rotation": 270},
								"up": {"uv": [46, 100], "uv_size": [-1, -2], "uv_rotation": 270},
								"down": {"uv": [46, 108], "uv_size": [-1, -2], "uv_rotation": 270}
							}
						},
						{
							"origin": [-0.76375, -0.5238, -4.1],
							"size": [0.20312, 0.42187, 3.875],
							"pivot": [-0.0054, -0.18613, -7.45571],
							"rotation": [0, 0, 45],
							"uv": {
								"north": {"uv": [29, 114], "uv_size": [1, 1], "uv_rotation": 90},
								"south": {"uv": [49, 98], "uv_size": [1, 1], "uv_rotation": 270},
								"west": {"uv": [22, 102], "uv_size": [-1, -8], "uv_rotation": 270}
							}
						},
						{
							"origin": [2.57313, 1.23287, -3.72685],
							"size": [0.80208, 0.26309, 0.59416],
							"pivot": [-0.0054, -0.18613, -7.45571],
							"rotation": [0, -22.5, 0],
							"uv": {
								"north": {"uv": [45, 110], "uv_size": [1, 2], "uv_rotation": 90},
								"up": {"uv": [6, 114], "uv_size": [-1, -2], "uv_rotation": 270},
								"down": {"uv": [48, 72], "uv_size": [-1, -2], "uv_rotation": 270}
							}
						},
						{
							"origin": [-1.05864, -0.0323, -4.1],
							"size": [0.42187, 0.26563, 3.875],
							"uv": {
								"north": {"uv": [1, 114], "uv_size": [1, 1], "uv_rotation": 90},
								"east": {"uv": [18, 94], "uv_size": [-1, 8], "uv_rotation": 270},
								"south": {"uv": [49, 66], "uv_size": [1, 1], "uv_rotation": 270},
								"down": {"uv": [37, 89], "uv_size": [-8, -1], "uv_rotation": 270}
							}
						},
						{
							"origin": [0.33125, 1.399, -4.1],
							"size": [0.6875, 0.375, 3.875],
							"pivot": [-0.0054, -0.18613, -7.45571],
							"rotation": [0, 0, 22.5],
							"uv": {
								"north": {"uv": [47, 82], "uv_size": [1, 1], "uv_rotation": 90},
								"south": {"uv": [21, 112], "uv_size": [1, 1], "uv_rotation": 270},
								"up": {"uv": [33, 93], "uv_size": [-8, -1], "uv_rotation": 270}
							}
						},
						{
							"origin": [1.05566, 1.23287, -2.71698],
							"size": [0.63524, 0.26309, 0.49198],
							"uv": {
								"west": {"uv": [46, 123], "uv_size": [-1, -1], "uv_rotation": 270},
								"up": {"uv": [58, 107], "uv_size": [-1, -1], "uv_rotation": 270}
							}
						},
						{
							"origin": [-0.43562, 1.25654, -4.1],
							"size": [0.4375, 0.375, 3.875],
							"pivot": [-0.0054, -0.18613, -7.45571],
							"rotation": [0, 0, -22.5],
							"uv": {
								"north": {"uv": [47, 94], "uv_size": [1, 1], "uv_rotation": 90},
								"south": {"uv": [33, 112], "uv_size": [1, 1], "uv_rotation": 270},
								"west": {"uv": [6, 102], "uv_size": [-1, -8], "uv_rotation": 270},
								"up": {"uv": [37, 81], "uv_size": [-8, -1], "uv_rotation": 270}
							}
						},
						{
							"origin": [-1.5949, 0.2012, -4.1],
							"size": [0.375, 0.59375, 3.875],
							"pivot": [-0.0054, -0.18613, -7.45571],
							"rotation": [0, 0, 22.5],
							"uv": {
								"north": {"uv": [49, 102], "uv_size": [1, 1], "uv_rotation": 90},
								"east": {"uv": [26, 100], "uv_size": [-1, 8], "uv_rotation": 270},
								"south": {"uv": [49, 106], "uv_size": [1, 1], "uv_rotation": 270},
								"down": {"uv": [33, 97], "uv_size": [-8, -1], "uv_rotation": 270}
							}
						},
						{
							"origin": [-1.5949, 0.79495, -2.2875],
							"size": [0.1875, 0.18379, 2.0625],
							"pivot": [-0.0054, -0.18613, -7.45571],
							"rotation": [0, 0, 22.5],
							"uv": {
								"north": {"uv": [49, 114], "uv_size": [1, 1], "uv_rotation": 90},
								"east": {"uv": [2, 104], "uv_size": [-1, 4], "uv_rotation": 270},
								"south": {"uv": [5, 116], "uv_size": [1, 1], "uv_rotation": 270},
								"up": {"uv": [41, 71], "uv_size": [-4, -1], "uv_rotation": 270}
							}
						},
						{
							"origin": [-1.32473, 0.23287, -4.1],
							"size": [0.375, 0.54687, 3.875],
							"uv": {
								"north": {"uv": [45, 114], "uv_size": [1, 1], "uv_rotation": 90},
								"east": {"uv": [36, 92], "uv_size": [-1, 8], "uv_rotation": 270},
								"south": {"uv": [49, 110], "uv_size": [1, 1], "uv_rotation": 270}
							}
						},
						{
							"origin": [-1.13723, 0.23287, -4.1],
							"size": [2.82813, 1, 3.875],
							"uv": {
								"north": {"uv": [1, 82], "uv_size": [2, 6], "uv_rotation": 90},
								"south": {"uv": [5, 82], "uv_size": [2, 6], "uv_rotation": 270},
								"west": {"uv": [13, 80], "uv_size": [-2, -8], "uv_rotation": 270},
								"up": {"uv": [9, 72], "uv_size": [-8, -6], "uv_rotation": 270},
								"down": {"uv": [9, 80], "uv_size": [-8, -6], "uv_rotation": 270}
							}
						},
						{
							"origin": [0.64778, 0.93461, -4.1],
							"size": [0.25, 0.375, 3.875],
							"pivot": [-0.0054, -0.18613, -7.45571],
							"rotation": [0, 0, 45],
							"uv": {
								"north": {"uv": [47, 86], "uv_size": [1, 1], "uv_rotation": 90},
								"south": {"uv": [47, 90], "uv_size": [1, 1], "uv_rotation": 270},
								"west": {"uv": [2, 102], "uv_size": [-1, -8], "uv_rotation": 270}
							}
						},
						{
							"origin": [-1.23459, -0.82276, -4.1],
							"size": [0.375, 0.25, 3.875],
							"pivot": [-0.0054, -0.18613, -7.45571],
							"rotation": [0, 0, 45],
							"uv": {
								"north": {"uv": [37, 112], "uv_size": [1, 1], "uv_rotation": 90},
								"south": {"uv": [41, 112], "uv_size": [1, 1], "uv_rotation": 270},
								"west": {"uv": [10, 102], "uv_size": [-1, -8], "uv_rotation": 270},
								"down": {"uv": [37, 85], "uv_size": [-8, -1], "uv_rotation": 270}
							}
						},
						{
							"origin": [-0.45486, 0.42807, -4.51165],
							"size": [0.65709, 0.9203, 0.625],
							"pivot": [-0.0054, -0.18613, -7.45571],
							"rotation": [0, 0, -22.5],
							"uv": {
								"north": {"uv": [9, 112], "uv_size": [2, 1], "uv_rotation": 90},
								"south": {"uv": [47, 74], "uv_size": [2, 1], "uv_rotation": 270},
								"up": {"uv": [6, 125], "uv_size": [-1, -1], "uv_rotation": 270},
								"down": {"uv": [60, 71], "uv_size": [-1, -1], "uv_rotation": 270}
							}
						},
						{
							"origin": [-0.94363, 0.81295, -4.51165],
							"size": [0.40708, 0.2328, 0.625],
							"pivot": [-0.0054, -0.18613, -7.45571],
							"rotation": [0, 0, 22.5],
							"uv": {
								"north": {"uv": [9, 124], "uv_size": [1, 1], "uv_rotation": 90},
								"south": {"uv": [13, 124], "uv_size": [1, 1], "uv_rotation": 270},
								"up": {"uv": [60, 75], "uv_size": [-1, -1], "uv_rotation": 270}
							}
						},
						{
							"origin": [-0.74271, 0.71592, -4.51165],
							"size": [1.2328, 0.34459, 0.625],
							"pivot": [-0.0054, -0.18613, -7.45571],
							"rotation": [0, 0, -22.5],
							"uv": {
								"north": {"uv": [13, 112], "uv_size": [1, 2], "uv_rotation": 90},
								"east": {"uv": [60, 82], "uv_size": [-1, 1], "uv_rotation": 270},
								"south": {"uv": [47, 78], "uv_size": [1, 2], "uv_rotation": 270},
								"west": {"uv": [60, 79], "uv_size": [-1, -1], "uv_rotation": 270}
							}
						},
						{
							"origin": [-0.52568, 0.395, -4.51165],
							"size": [0.2328, 0.40709, 0.625],
							"pivot": [-0.0054, -0.18613, -7.45571],
							"rotation": [0, 0, 22.5],
							"uv": {
								"north": {"uv": [21, 124], "uv_size": [1, 1], "uv_rotation": 90},
								"south": {"uv": [59, 86], "uv_size": [1, 1], "uv_rotation": 270},
								"west": {"uv": [60, 91], "uv_size": [-1, -1], "uv_rotation": 270}
							}
						},
						{
							"origin": [-1.40827, 0.17403, -4.51165],
							"size": [0.2328, 0.40709, 0.625],
							"pivot": [-0.0054, -0.18613, -7.45571],
							"rotation": [0, 0, 22.5],
							"uv": {
								"north": {"uv": [59, 94], "uv_size": [1, 1], "uv_rotation": 90},
								"east": {"uv": [38, 124], "uv_size": [-1, 1], "uv_rotation": 270},
								"south": {"uv": [33, 124], "uv_size": [1, 1], "uv_rotation": 270}
							}
						},
						{
							"origin": [-1.16461, -0.06963, -4.51165],
							"size": [0.40709, 0.2328, 0.625],
							"pivot": [-0.0054, -0.18613, -7.45571],
							"rotation": [0, 0, 22.5],
							"uv": {
								"north": {"uv": [41, 124], "uv_size": [1, 1], "uv_rotation": 90},
								"south": {"uv": [1, 126], "uv_size": [1, 1], "uv_rotation": 270},
								"down": {"uv": [62, 67], "uv_size": [-1, -1], "uv_rotation": 270}
							}
						}
					]
				},
				{
					"name": "flashlight",
					"parent": "dyed",
					"pivot": [1.5, -3, 7.65],
					"cubes": [
						{
							"origin": [1.1121, -0.94556, -4.82415],
							"size": [0.40709, 0.9828, 4.8125],
							"pivot": [-0.0054, -0.18613, -7.45571],
							"rotation": [0, 0, -45],
							"uv": {
								"north": {"uv": [41, 108], "uv_size": [2, 1], "uv_rotation": 90},
								"south": {"uv": [1, 110], "uv_size": [2, 1], "uv_rotation": 270},
								"up": {"uv": [11, 91], "uv_size": [-10, -1], "uv_rotation": 270},
								"down": {"uv": [35, 71], "uv_size": [-10, -1], "uv_rotation": 270}
							}
						},
						{
							"origin": [0.62683, 0.35492, -4.82415],
							"size": [0.9828, 0.40708, 4.8125],
							"uv": {
								"north": {"uv": [39, 88], "uv_size": [1, 2], "uv_rotation": 90},
								"east": {"uv": [22, 82], "uv_size": [-1, 10], "uv_rotation": 270},
								"south": {"uv": [39, 92], "uv_size": [1, 2], "uv_rotation": 270},
								"west": {"uv": [18, 92], "uv_size": [-1, -10], "uv_rotation": 270}
							}
						},
						{
							"origin": [0.82424, -0.6577, -4.82415],
							"size": [0.9828, 0.40709, 4.8125],
							"pivot": [-0.0054, -0.18613, -7.45571],
							"rotation": [0, 0, -45],
							"uv": {
								"north": {"uv": [45, 66], "uv_size": [1, 2], "uv_rotation": 90},
								"east": {"uv": [26, 80], "uv_size": [-1, 10], "uv_rotation": 270},
								"south": {"uv": [17, 110], "uv_size": [1, 2], "uv_rotation": 270},
								"west": {"uv": [14, 100], "uv_size": [-1, -10], "uv_rotation": 270}
							}
						},
						{
							"origin": [0.91469, 0.06706, -4.82415],
							"size": [0.40708, 0.9828, 4.8125],
							"uv": {
								"north": {"uv": [39, 96], "uv_size": [2, 1], "uv_rotation": 90},
								"south": {"uv": [41, 66], "uv_size": [2, 1], "uv_rotation": 270},
								"up": {"uv": [29, 67], "uv_size": [-10, -1], "uv_rotation": 270},
								"down": {"uv": [33, 77], "uv_size": [-10, -1], "uv_rotation": 270}
							}
						}
					]
				},
				{
					"name": "rubber",
					"parent": "dyed",
					"pivot": [-1.875, -0.8125, 1.42585],
					"cubes": [
						{
							"origin": [-0.4987, -0.32352, -4.15541],
							"size": [0.28209, 0.41407, 0.7328],
							"pivot": [-0.0054, -0.18613, -7.45571],
							"rotation": [22.5, 0, 0],
							"uv": {
								"north": {"uv": [45, 118], "uv_size": [1, 1], "uv_rotation": 90},
								"east": {"uv": [38, 108], "uv_size": [-1, 2], "uv_rotation": 270},
								"south": {"uv": [53, 110], "uv_size": [1, 1], "uv_rotation": 270},
								"west": {"uv": [34, 110], "uv_size": [-1, -2], "uv_rotation": 270},
								"up": {"uv": [45, 91], "uv_size": [-2, -1], "uv_rotation": 270},
								"down": {"uv": [45, 95], "uv_size": [-2, -1], "uv_rotation": 270}
							}
						}
					]
				}
			]
		}
	]
}