{
	"format_version": "1.12.0",
	"minecraft:geometry": [
		{
			"description": {
				"identifier": "geometry.laser_ogl",
				"texture_width": 64,
				"texture_height": 64,
				"visible_bounds_width": 129,
				"visible_bounds_height": 25,
				"visible_bounds_offset": [0, 0.5, 0]
			},
			"bones": [
				{
					"name": "scope_view",
					"pivot": [-3, 3, 7.35],
					"rotation": [0, 0, -45]
				},
				{
					"name": "scope_body",
					"pivot": [0, 20.4, 13.35]
				},
				{
					"name": "EOTech_OGL",
					"parent": "scope_body",
					"pivot": [0, 0, 0.7]
				},
				{
					"name": "core",
					"parent": "EOTech_OGL",
					"pivot": [0, 0, 0.7],
					"cubes": [
						{
							"origin": [-1.05, 0.8, -4.475],
							"size": [2.1, 0.475, 3.9],
							"uv": {
								"east": {"uv": [11, 4], "uv_size": [4, 0.5]},
								"south": {"uv": [17, 18], "uv_size": [2, 0.5]},
								"west": {"uv": [11, 5], "uv_size": [4, 0.5]},
								"up": {"uv": [3, 0], "uv_size": [2, 4]}
							}
						},
						{
							"origin": [-1.05, 1.275, -4.475],
							"size": [2.1, 0.1, 2.075],
							"uv": {
								"south": {"uv": [2, 19], "uv_size": [2, 0.5]},
								"up": {"uv": [5, 5], "uv_size": [2, 2]}
							}
						},
						{
							"origin": [-1.05, 1.275, -2.4],
							"size": [0.8, 0.1, 0.25],
							"uv": {
								"west": {"uv": [4, 32], "uv_size": [0.5, 0.5]},
								"up": {"uv": [13, 25], "uv_size": [1, 0.5]}
							}
						},
						{
							"origin": [0.25, 1.275, -2.4],
							"size": [0.8, 0.1, 0.25],
							"uv": {
								"east": {"uv": [32, 4], "uv_size": [0.5, 0.5]},
								"up": {"uv": [25, 13], "uv_size": [1, 0.5]}
							}
						},
						{
							"origin": [-1.05, 1.275, -2.15],
							"size": [2.1, 0.1, 1.575],
							"uv": {
								"north": {"uv": [4, 19], "uv_size": [2, 0.5]},
								"east": {"uv": [22, 0], "uv_size": [1.5, 0.5]},
								"south": {"uv": [7, 19], "uv_size": [2, 0.5]},
								"west": {"uv": [1, 22], "uv_size": [1.5, 0.5]},
								"up": {"uv": [5, 7], "uv_size": [2, 1.5]}
							}
						},
						{
							"origin": [-1.225, 0.2, -4.475],
							"size": [2.45, 0.7, 3.9],
							"uv": {
								"east": {"uv": [11, 6], "uv_size": [4, 0.5]},
								"south": {"uv": [17, 2], "uv_size": [2.5, 0.5]},
								"west": {"uv": [11, 9], "uv_size": [4, 0.5]},
								"down": {"uv": [0, 4], "uv_size": [2.5, -4]}
							}
						},
						{
							"origin": [-1.125, -0.075, -2.025],
							"size": [2.35, 0.175, 0.175],
							"pivot": [0, 0.0125, -1.9375],
							"rotation": [-45, 0, 0],
							"uv": {
								"north": {"uv": [17, 3], "uv_size": [2.5, 0.5]},
								"east": {"uv": [5, 32], "uv_size": [0.5, 0.5]},
								"south": {"uv": [17, 4], "uv_size": [2.5, 0.5]},
								"west": {"uv": [32, 5], "uv_size": [0.5, 0.5]},
								"up": {"uv": [17, 5], "uv_size": [2.5, 0.5]},
								"down": {"uv": [17, 6.5], "uv_size": [2.5, -0.5]}
							}
						},
						{
							"origin": [-1.125, -0.225, -1.2],
							"size": [0.75, 0.425, 0.625],
							"uv": {
								"east": {"uv": [6, 32], "uv_size": [0.5, 0.5]},
								"south": {"uv": [14, 25], "uv_size": [1, 0.5]},
								"west": {"uv": [32, 6], "uv_size": [0.5, 0.5]},
								"down": {"uv": [15, 25.5], "uv_size": [1, -0.5]}
							}
						},
						{
							"origin": [-1.025, -0.225, -2.75],
							"size": [0.65, 0.425, 1.55],
							"uv": {
								"east": {"uv": [22, 1], "uv_size": [1.5, 0.5]},
								"west": {"uv": [22, 2], "uv_size": [1.5, 0.5]},
								"down": {"uv": [3, 23.5], "uv_size": [0.5, -1.5]}
							}
						},
						{
							"origin": [-1.125, -0.225, -4.025],
							"size": [0.75, 0.425, 1.275],
							"uv": {
								"east": {"uv": [22, 3], "uv_size": [1.5, 0.5]},
								"west": {"uv": [4, 22], "uv_size": [1.5, 0.5]},
								"down": {"uv": [1, 16.5], "uv_size": [1, -1.5]}
							}
						},
						{
							"origin": [-1.225, -0.225, -4.725],
							"size": [0.85, 0.425, 0.7],
							"uv": {
								"north": {"uv": [16, 25], "uv_size": [1, 0.5]},
								"east": {"uv": [7, 32], "uv_size": [0.5, 0.5]},
								"south": {"uv": [17, 25], "uv_size": [1, 0.5]},
								"west": {"uv": [32, 7], "uv_size": [0.5, 0.5]},
								"down": {"uv": [18, 25.5], "uv_size": [1, -0.5]}
							}
						},
						{
							"origin": [-1.22992, -0.10155, -0.875],
							"size": [0.10492, 0.30155, 0.3],
							"uv": {
								"north": {"uv": [8, 32], "uv_size": [0.5, 0.5]},
								"south": {"uv": [32, 8], "uv_size": [0.5, 0.5]},
								"down": {"uv": [9, 32.5], "uv_size": [0.5, -0.5]}
							}
						},
						{
							"origin": [0.375, -0.225, -1.225],
							"size": [0.95, 0.425, 0.65],
							"uv": {
								"east": {"uv": [32, 9], "uv_size": [0.5, 0.5]},
								"south": {"uv": [19, 25], "uv_size": [1, 0.5]},
								"west": {"uv": [10, 32], "uv_size": [0.5, 0.5]},
								"down": {"uv": [20, 25.5], "uv_size": [1, -0.5]}
							}
						},
						{
							"origin": [0.375, -0.225, -2.65],
							"size": [0.75, 0.425, 1.425],
							"uv": {
								"east": {"uv": [22, 4], "uv_size": [1.5, 0.5]},
								"west": {"uv": [6, 22], "uv_size": [1.5, 0.5]},
								"down": {"uv": [15, 2.5], "uv_size": [1, -1.5]}
							}
						},
						{
							"origin": [0.375, -0.225, -2.85],
							"size": [0.75, 0.425, 0.2],
							"uv": {
								"east": {"uv": [32, 10], "uv_size": [0.5, 0.5]},
								"down": {"uv": [21, 25.5], "uv_size": [1, -0.5]}
							}
						},
						{
							"origin": [0.375, -0.225, -4.725],
							"size": [0.85, 0.425, 1.875],
							"uv": {
								"north": {"uv": [22, 25], "uv_size": [1, 0.5]},
								"east": {"uv": [14, 19], "uv_size": [2, 0.5]},
								"west": {"uv": [19, 15], "uv_size": [2, 0.5]},
								"down": {"uv": [0, 13], "uv_size": [1, -2]}
							}
						},
						{
							"origin": [-0.375, 0.05, -4.725],
							"size": [0.75, 0.15, 4.15],
							"uv": {
								"north": {"uv": [23, 25], "uv_size": [1, 0.5]},
								"south": {"uv": [25, 23], "uv_size": [1, 0.5]},
								"down": {"uv": [6, 4], "uv_size": [1, -4]}
							}
						},
						{
							"origin": [-1.325, 0.2, -2.7],
							"size": [2.65, 0.775, 0.8],
							"uv": {
								"north": {"uv": [8, 9], "uv_size": [2.5, 1]},
								"east": {"uv": [0, 19], "uv_size": [1, 1]},
								"south": {"uv": [9, 8], "uv_size": [2.5, 1]},
								"west": {"uv": [9, 19], "uv_size": [1, 1]},
								"up": {"uv": [0, 10], "uv_size": [2.5, 1]},
								"down": {"uv": [10, 2], "uv_size": [2.5, -1]}
							}
						}
					]
				},
				{
					"name": "frame",
					"parent": "EOTech_OGL",
					"pivot": [0, 0, 0.7],
					"cubes": [
						{
							"origin": [-1.325, 0.2, -4.725],
							"size": [2.65, 0.8, 0.375],
							"uv": {
								"north": {"uv": [10, 2], "uv_size": [2.5, 1]},
								"east": {"uv": [24, 25], "uv_size": [0.5, 1]},
								"south": {"uv": [10, 3], "uv_size": [2.5, 1]},
								"west": {"uv": [25, 24], "uv_size": [0.5, 1]}
							}
						},
						{
							"origin": [-1.075, 0.3, -4.775],
							"size": [0.05, 0.7, 0.05],
							"uv": {
								"north": {"uv": [11, 32], "uv_size": [0.5, 0.5]},
								"east": {"uv": [32, 11], "uv_size": [0.5, 0.5]},
								"west": {"uv": [12, 32], "uv_size": [0.5, 0.5]}
							}
						},
						{
							"origin": [-0.65, 0.3, -4.775],
							"size": [0.05, 0.7, 0.05],
							"uv": {
								"north": {"uv": [32, 12], "uv_size": [0.5, 0.5]},
								"east": {"uv": [13, 32], "uv_size": [0.5, 0.5]},
								"west": {"uv": [32, 13], "uv_size": [0.5, 0.5]}
							}
						},
						{
							"origin": [-0.95, 1.075, -4.775],
							"size": [0.225, 0.05, 0.05],
							"uv": {
								"north": {"uv": [14, 32], "uv_size": [0.5, 0.5]},
								"up": {"uv": [32, 14], "uv_size": [0.5, 0.5]},
								"down": {"uv": [15, 32.5], "uv_size": [0.5, -0.5]}
							}
						},
						{
							"origin": [-0.76553, 0.25214, -4.775],
							"size": [0.175, 0.05, 0.05],
							"pivot": [-0.65303, 0.26464, -4.7375],
							"rotation": [0, 0, -45],
							"uv": {
								"north": {"uv": [32, 15], "uv_size": [0.5, 0.5]},
								"up": {"uv": [16, 32], "uv_size": [0.5, 0.5]},
								"down": {"uv": [32, 16.5], "uv_size": [0.5, -0.5]}
							}
						},
						{
							"origin": [-1.0966, 0.21679, -4.775],
							"size": [0.175, 0.05, 0.05],
							"pivot": [-0.9841, 0.22929, -4.7375],
							"rotation": [0, 0, 45],
							"uv": {
								"north": {"uv": [17, 32], "uv_size": [0.5, 0.5]},
								"up": {"uv": [32, 17], "uv_size": [0.5, 0.5]},
								"down": {"uv": [18, 32.5], "uv_size": [0.5, -0.5]}
							}
						},
						{
							"origin": [-0.94874, 0.17626, -4.775],
							"size": [0.225, 0.05, 0.05],
							"uv": {
								"north": {"uv": [32, 18], "uv_size": [0.5, 0.5]},
								"up": {"uv": [19, 32], "uv_size": [0.5, 0.5]},
								"down": {"uv": [32, 19.5], "uv_size": [0.5, -0.5]}
							}
						},
						{
							"origin": [-0.76679, 0.99911, -4.775],
							"size": [0.175, 0.05, 0.05],
							"pivot": [-0.65429, 1.03661, -4.7375],
							"rotation": [0, 0, 45],
							"uv": {
								"north": {"uv": [20, 32], "uv_size": [0.5, 0.5]},
								"up": {"uv": [32, 20], "uv_size": [0.5, 0.5]},
								"down": {"uv": [21, 32.5], "uv_size": [0.5, -0.5]}
							}
						},
						{
							"origin": [-1.09786, 1.03447, -4.775],
							"size": [0.175, 0.05, 0.05],
							"pivot": [-0.98536, 1.07197, -4.7375],
							"rotation": [0, 0, -45],
							"uv": {
								"north": {"uv": [32, 21], "uv_size": [0.5, 0.5]},
								"up": {"uv": [22, 32], "uv_size": [0.5, 0.5]},
								"down": {"uv": [32, 22.5], "uv_size": [0.5, -0.5]}
							}
						},
						{
							"origin": [-1, 1, -4.725],
							"size": [2, 0.2, 0.25],
							"uv": {
								"north": {"uv": [16, 19], "uv_size": [2, 0.5]}
							}
						},
						{
							"origin": [0.3, 1.2, -4.725],
							"size": [0.175, 0.2, 0.25],
							"uv": {
								"north": {"uv": [23, 32], "uv_size": [0.5, 0.5]},
								"east": {"uv": [32, 23], "uv_size": [0.5, 0.5]},
								"south": {"uv": [24, 32], "uv_size": [0.5, 0.5]},
								"west": {"uv": [32, 24], "uv_size": [0.5, 0.5]},
								"up": {"uv": [25, 32], "uv_size": [0.5, 0.5]}
							}
						},
						{
							"origin": [0.475, 1.2, -4.725],
							"size": [0.525, 0.175, 0.25],
							"uv": {
								"north": {"uv": [32, 25], "uv_size": [0.5, 0.5]},
								"up": {"uv": [26, 32], "uv_size": [0.5, 0.5]}
							}
						},
						{
							"origin": [-0.475, 1.2, -4.725],
							"size": [0.175, 0.2, 0.25],
							"uv": {
								"north": {"uv": [32, 26], "uv_size": [0.5, 0.5]},
								"east": {"uv": [27, 32], "uv_size": [0.5, 0.5]},
								"south": {"uv": [32, 27], "uv_size": [0.5, 0.5]},
								"west": {"uv": [28, 32], "uv_size": [0.5, 0.5]},
								"up": {"uv": [32, 28], "uv_size": [0.5, 0.5]}
							}
						},
						{
							"origin": [-0.3, 1.2, -4.725],
							"size": [0.6, 0.31, 0.1],
							"pivot": [0.3, 1.2, -4.725],
							"rotation": [-54.5, 0, 0],
							"uv": {
								"north": {"uv": [29, 32], "uv_size": [0.5, 0.5]}
							}
						},
						{
							"origin": [-1, 1.2, -4.725],
							"size": [0.525, 0.175, 0.25],
							"uv": {
								"north": {"uv": [32, 29], "uv_size": [0.5, 0.5]},
								"up": {"uv": [30, 32], "uv_size": [0.5, 0.5]}
							}
						},
						{
							"origin": [-1.1, 1, -4.725],
							"size": [0.1, 0.38971, 0.375],
							"uv": {
								"north": {"uv": [32, 30], "uv_size": [0.5, 0.5]},
								"south": {"uv": [31, 32], "uv_size": [0.5, 0.5]},
								"west": {"uv": [32, 31], "uv_size": [0.5, 0.5]},
								"up": {"uv": [32, 32], "uv_size": [0.5, 0.5]}
							}
						},
						{
							"origin": [0.9, 0.93971, -4.725],
							"size": [0.2, 0.45, 0.375],
							"pivot": [1.1, 1.38971, -4.675],
							"rotation": [0, 0, -30],
							"uv": {
								"north": {"uv": [0, 33], "uv_size": [0.5, 0.5]},
								"south": {"uv": [33, 0], "uv_size": [0.5, 0.5]},
								"west": {"uv": [1, 33], "uv_size": [0.5, 0.5]}
							}
						},
						{
							"origin": [0.8375, 0.82966, -4.35],
							"size": [0.2, 0.55, 1.65],
							"pivot": [1.0375, 1.35466, -4.3],
							"rotation": [0, 0, -30],
							"uv": {
								"west": {"uv": [22, 6], "uv_size": [1.5, 0.5]}
							}
						},
						{
							"origin": [-1.0625, 0.84216, -4.375],
							"size": [0.2, 0.55, 1.675],
							"pivot": [-1.0625, 1.36716, -4.325],
							"rotation": [0, 0, 30],
							"uv": {
								"east": {"uv": [22, 7], "uv_size": [1.5, 0.5]}
							}
						},
						{
							"origin": [1, 1, -4.725],
							"size": [0.1, 0.38971, 0.375],
							"uv": {
								"north": {"uv": [33, 1], "uv_size": [0.5, 0.5]},
								"east": {"uv": [2, 33], "uv_size": [0.5, 0.5]},
								"south": {"uv": [33, 2], "uv_size": [0.5, 0.5]},
								"up": {"uv": [3, 33], "uv_size": [0.5, 0.5]}
							}
						},
						{
							"origin": [-1.1, 0.93971, -4.725],
							"size": [0.2, 0.45, 0.375],
							"pivot": [-1.1, 1.38971, -4.675],
							"rotation": [0, 0, 30],
							"uv": {
								"north": {"uv": [33, 3], "uv_size": [0.5, 0.5]},
								"east": {"uv": [4, 33], "uv_size": [0.5, 0.5]},
								"south": {"uv": [33, 4], "uv_size": [0.5, 0.5]}
							}
						},
						{
							"origin": [0.575, 1.375, -4.65],
							"size": [0.3, 0.175, 0.6],
							"uv": {
								"north": {"uv": [5, 33], "uv_size": [0.5, 0.5]},
								"east": {"uv": [33, 5], "uv_size": [0.5, 0.5]},
								"south": {"uv": [6, 33], "uv_size": [0.5, 0.5]},
								"west": {"uv": [33, 6], "uv_size": [0.5, 0.5]},
								"up": {"uv": [7, 33], "uv_size": [0.5, 0.5]}
							}
						},
						{
							"origin": [0.65, 1.55, -4.225],
							"size": [0.15, 0.025, 0.15],
							"pivot": [0.725, 1.5875, -4.15],
							"rotation": [0, 45, 0],
							"uv": {
								"north": {"uv": [33, 7], "uv_size": [0.5, 0.5]},
								"east": {"uv": [8, 33], "uv_size": [0.5, 0.5]},
								"south": {"uv": [33, 8], "uv_size": [0.5, 0.5]},
								"west": {"uv": [9, 33], "uv_size": [0.5, 0.5]}
							}
						},
						{
							"origin": [0.625, 1.575, -4.25],
							"size": [0.2, 0.075, 0.2],
							"pivot": [0.725, 1.5875, -4.15],
							"rotation": [0, 45, 0],
							"uv": {
								"north": {"uv": [33, 9], "uv_size": [0.5, 0.5]},
								"east": {"uv": [10, 33], "uv_size": [0.5, 0.5]},
								"south": {"uv": [33, 10], "uv_size": [0.5, 0.5]},
								"west": {"uv": [11, 33], "uv_size": [0.5, 0.5]},
								"up": {"uv": [33, 11], "uv_size": [0.5, 0.5]},
								"down": {"uv": [12, 33.5], "uv_size": [0.5, -0.5]}
							}
						},
						{
							"origin": [-0.875, 1.375, -4.65],
							"size": [0.3, 0.175, 0.6],
							"uv": {
								"north": {"uv": [33, 12], "uv_size": [0.5, 0.5]},
								"east": {"uv": [13, 33], "uv_size": [0.5, 0.5]},
								"south": {"uv": [33, 13], "uv_size": [0.5, 0.5]},
								"west": {"uv": [14, 33], "uv_size": [0.5, 0.5]},
								"up": {"uv": [33, 14], "uv_size": [0.5, 0.5]}
							}
						},
						{
							"origin": [-0.8, 1.55, -4.225],
							"size": [0.15, 0.025, 0.15],
							"pivot": [-0.725, 1.5875, -4.15],
							"rotation": [0, -45, 0],
							"uv": {
								"north": {"uv": [15, 33], "uv_size": [0.5, 0.5]},
								"east": {"uv": [33, 15], "uv_size": [0.5, 0.5]},
								"south": {"uv": [16, 33], "uv_size": [0.5, 0.5]},
								"west": {"uv": [33, 16], "uv_size": [0.5, 0.5]}
							}
						},
						{
							"origin": [-0.825, 1.575, -4.25],
							"size": [0.2, 0.075, 0.2],
							"pivot": [-0.725, 1.5875, -4.15],
							"rotation": [0, -45, 0],
							"uv": {
								"north": {"uv": [17, 33], "uv_size": [0.5, 0.5]},
								"east": {"uv": [33, 17], "uv_size": [0.5, 0.5]},
								"south": {"uv": [18, 33], "uv_size": [0.5, 0.5]},
								"west": {"uv": [33, 18], "uv_size": [0.5, 0.5]},
								"up": {"uv": [19, 33], "uv_size": [0.5, 0.5]},
								"down": {"uv": [33, 19.5], "uv_size": [0.5, -0.5]}
							}
						},
						{
							"origin": [-1.1, 1.225, -1.9],
							"size": [0.075, 0.1, 1.175],
							"uv": {
								"east": {"uv": [25, 25], "uv_size": [1, 0.5]},
								"up": {"uv": [0, 26], "uv_size": [0.5, 1]}
							}
						},
						{
							"origin": [-1.075, -0.15, -2.225],
							"size": [0.05, 0.35, 0.575],
							"uv": {
								"north": {"uv": [20, 33], "uv_size": [0.5, 0.5]},
								"east": {"uv": [33, 20], "uv_size": [0.5, 0.5]},
								"south": {"uv": [21, 33], "uv_size": [0.5, 0.5]},
								"down": {"uv": [33, 21.5], "uv_size": [0.5, -0.5]}
							}
						},
						{
							"origin": [-1.325, 0.975, -2.7],
							"size": [0.3, 0.425, 0.1],
							"pivot": [-1.325, 0.975, -2.6],
							"rotation": [0, 0, 30],
							"uv": {
								"north": {"uv": [22, 33], "uv_size": [0.5, 0.5]},
								"east": {"uv": [33, 22], "uv_size": [0.5, 0.5]},
								"south": {"uv": [23, 33], "uv_size": [0.5, 0.5]}
							}
						},
						{
							"origin": [-1.275, 0.975, -1.9],
							"size": [0.3, 0.375, 1.025],
							"pivot": [-1.275, 0.975, -1.9],
							"rotation": [0, 0, 30],
							"uv": {
								"east": {"uv": [26, 0], "uv_size": [1, 0.5]}
							}
						},
						{
							"origin": [-1.325, 0.975, -2],
							"size": [0.3, 0.425, 0.1],
							"pivot": [-1.325, 0.975, -1.9],
							"rotation": [0, 0, 30],
							"uv": {
								"north": {"uv": [33, 23], "uv_size": [0.5, 0.5]},
								"east": {"uv": [24, 33], "uv_size": [0.5, 0.5]},
								"south": {"uv": [33, 24], "uv_size": [0.5, 0.5]}
							}
						},
						{
							"origin": [-1.125, 1.275, -2.7],
							"size": [0.075, 0.1, 0.8],
							"uv": {
								"north": {"uv": [25, 33], "uv_size": [0.5, 0.5]},
								"east": {"uv": [1, 26], "uv_size": [1, 0.5]},
								"south": {"uv": [33, 25], "uv_size": [0.5, 0.5]},
								"up": {"uv": [26, 1], "uv_size": [0.5, 1]},
								"down": {"uv": [3, 27], "uv_size": [0.5, -1]}
							}
						},
						{
							"origin": [-1.325, 0.2, -0.875],
							"size": [0.1, 0.775, 0.3],
							"uv": {
								"north": {"uv": [4, 26], "uv_size": [0.5, 1]},
								"east": {"uv": [26, 4], "uv_size": [0.5, 1]},
								"south": {"uv": [5, 26], "uv_size": [0.5, 1]}
							}
						},
						{
							"origin": [-1.125, -0.225, -2.75],
							"size": [0.1, 0.425, 0.525],
							"uv": {
								"east": {"uv": [26, 33], "uv_size": [0.5, 0.5]},
								"south": {"uv": [33, 26], "uv_size": [0.5, 0.5]},
								"down": {"uv": [27, 33.5], "uv_size": [0.5, -0.5]}
							}
						},
						{
							"origin": [-1.125, -0.225, -1.65],
							"size": [0.1, 0.425, 0.45],
							"uv": {
								"north": {"uv": [33, 27], "uv_size": [0.5, 0.5]},
								"east": {"uv": [28, 33], "uv_size": [0.5, 0.5]},
								"down": {"uv": [33, 28.5], "uv_size": [0.5, -0.5]}
							}
						},
						{
							"origin": [-1.325, -0.1, -4.725],
							"size": [0.1, 0.3, 0.375],
							"uv": {
								"north": {"uv": [29, 33], "uv_size": [0.5, 0.5]},
								"east": {"uv": [33, 29], "uv_size": [0.5, 0.5]},
								"south": {"uv": [30, 33], "uv_size": [0.5, 0.5]},
								"down": {"uv": [33, 30.5], "uv_size": [0.5, -0.5]}
							}
						},
						{
							"origin": [-1.325, 0.2, -4.35],
							"size": [0.1, 0.1, 1.65],
							"uv": {
								"east": {"uv": [8, 22], "uv_size": [1.5, 0.5]},
								"up": {"uv": [22, 8], "uv_size": [0.5, 1.5]},
								"down": {"uv": [10, 23.5], "uv_size": [0.5, -1.5]}
							}
						},
						{
							"origin": [-1.325, 0.8, -4.35],
							"size": [0.1, 0.1, 1.65],
							"uv": {
								"east": {"uv": [22, 10], "uv_size": [1.5, 0.5]},
								"down": {"uv": [11, 23.5], "uv_size": [0.5, -1.5]}
							}
						},
						{
							"origin": [-1.325, 0.55, -1.9],
							"size": [0.1, 0.1, 1.025],
							"uv": {
								"east": {"uv": [26, 6], "uv_size": [1, 0.5]},
								"up": {"uv": [7, 26], "uv_size": [0.5, 1]},
								"down": {"uv": [26, 8], "uv_size": [0.5, -1]}
							}
						},
						{
							"origin": [-1.325, 0.875, -1.9],
							"size": [0.1, 0.1, 1.025],
							"uv": {
								"east": {"uv": [8, 26], "uv_size": [1, 0.5]},
								"up": {"uv": [26, 8], "uv_size": [0.5, 1]},
								"down": {"uv": [26, 10], "uv_size": [0.5, -1]}
							}
						},
						{
							"origin": [-1.325, 0.975, -0.875],
							"size": [0.225, 0.525, 0.3],
							"pivot": [-1.325, 0.975, -0.575],
							"rotation": [0, 0, 30],
							"uv": {
								"north": {"uv": [31, 33], "uv_size": [0.5, 0.5]},
								"east": {"uv": [33, 31], "uv_size": [0.5, 0.5]},
								"south": {"uv": [32, 33], "uv_size": [0.5, 0.5]}
							}
						},
						{
							"origin": [-1.0625, 1.36136, -0.875],
							"size": [0.2, 0.0683, 0.3],
							"uv": {
								"north": {"uv": [33, 32], "uv_size": [0.5, 0.5]},
								"south": {"uv": [33, 33], "uv_size": [0.5, 0.5]},
								"west": {"uv": [0, 34], "uv_size": [0.5, 0.5]},
								"up": {"uv": [34, 0], "uv_size": [0.5, 0.5]}
							}
						},
						{
							"origin": [0.975, 0.925, -1.15],
							"size": [0.3, 0.375, 0.425],
							"pivot": [1.275, 0.925, -1.75],
							"rotation": [0, 0, -30],
							"uv": {
								"west": {"uv": [1, 34], "uv_size": [0.5, 0.5]}
							}
						},
						{
							"origin": [1.05, 0.825, -1.9],
							"size": [0.275, 0.1, 1.225],
							"uv": {
								"west": {"uv": [10, 26], "uv_size": [1, 0.5]},
								"up": {"uv": [11, 26], "uv_size": [0.5, 1]},
								"down": {"uv": [26, 12], "uv_size": [0.5, -1]}
							}
						},
						{
							"origin": [1.025, 1, -1.8],
							"size": [0.15, 0.175, 0.175],
							"pivot": [-0.125, 1.0875, -1.7125],
							"rotation": [22.5, 0, 0],
							"uv": {
								"north": {"uv": [34, 1], "uv_size": [0.5, 0.5]},
								"south": {"uv": [2, 34], "uv_size": [0.5, 0.5]},
								"west": {"uv": [34, 2], "uv_size": [0.5, 0.5]},
								"up": {"uv": [3, 34], "uv_size": [0.5, 0.5]},
								"down": {"uv": [34, 3.5], "uv_size": [0.5, -0.5]}
							}
						},
						{
							"origin": [1.025, 1, -1.5],
							"size": [0.15, 0.175, 0.175],
							"pivot": [-0.125, 1.0875, -1.4125],
							"rotation": [22.5, 0, 0],
							"uv": {
								"north": {"uv": [4, 34], "uv_size": [0.5, 0.5]},
								"south": {"uv": [34, 4], "uv_size": [0.5, 0.5]},
								"west": {"uv": [5, 34], "uv_size": [0.5, 0.5]},
								"up": {"uv": [34, 5], "uv_size": [0.5, 0.5]},
								"down": {"uv": [6, 34.5], "uv_size": [0.5, -0.5]}
							}
						},
						{
							"origin": [1.075, 0.925, -1.25],
							"size": [0.25, 0.45, 0.1],
							"pivot": [1.325, 0.925, -0.575],
							"rotation": [0, 0, -30],
							"uv": {
								"north": {"uv": [34, 6], "uv_size": [0.5, 0.5]},
								"south": {"uv": [7, 34], "uv_size": [0.5, 0.5]},
								"west": {"uv": [34, 7], "uv_size": [0.5, 0.5]}
							}
						},
						{
							"origin": [1.025, 1.225, -1.9],
							"size": [0.075, 0.1, 1.175],
							"uv": {
								"west": {"uv": [12, 26], "uv_size": [1, 0.5]},
								"up": {"uv": [26, 12], "uv_size": [0.5, 1]},
								"down": {"uv": [13, 27], "uv_size": [0.5, -1]}
							}
						},
						{
							"origin": [1.025, 0.975, -2],
							"size": [0.3, 0.425, 0.1],
							"pivot": [1.325, 0.975, -1.9],
							"rotation": [0, 0, -30],
							"uv": {
								"north": {"uv": [8, 34], "uv_size": [0.5, 0.5]},
								"south": {"uv": [34, 8], "uv_size": [0.5, 0.5]},
								"west": {"uv": [9, 34], "uv_size": [0.5, 0.5]}
							}
						},
						{
							"origin": [1.025, 0.975, -2.7],
							"size": [0.3, 0.425, 0.1],
							"pivot": [1.325, 0.975, -2.7],
							"rotation": [0, 0, -30],
							"uv": {
								"north": {"uv": [34, 9], "uv_size": [0.5, 0.5]},
								"south": {"uv": [10, 34], "uv_size": [0.5, 0.5]},
								"west": {"uv": [34, 10], "uv_size": [0.5, 0.5]}
							}
						},
						{
							"origin": [1.05, 1.275, -2.7],
							"size": [0.075, 0.1, 0.8],
							"uv": {
								"north": {"uv": [11, 34], "uv_size": [0.5, 0.5]},
								"south": {"uv": [34, 11], "uv_size": [0.5, 0.5]},
								"west": {"uv": [26, 13], "uv_size": [1, 0.5]},
								"up": {"uv": [14, 26], "uv_size": [0.5, 1]},
								"down": {"uv": [26, 15], "uv_size": [0.5, -1]}
							}
						},
						{
							"origin": [1.225, 0.8, -4.35],
							"size": [0.1, 0.1, 1.65],
							"uv": {
								"west": {"uv": [22, 11], "uv_size": [1.5, 0.5]},
								"up": {"uv": [12, 22], "uv_size": [0.5, 1.5]},
								"down": {"uv": [22, 13.5], "uv_size": [0.5, -1.5]}
							}
						},
						{
							"origin": [1.225, -0.1, -4.725],
							"size": [0.1, 0.3, 0.375],
							"uv": {
								"north": {"uv": [12, 34], "uv_size": [0.5, 0.5]},
								"south": {"uv": [34, 12], "uv_size": [0.5, 0.5]},
								"west": {"uv": [13, 34], "uv_size": [0.5, 0.5]},
								"down": {"uv": [34, 13.5], "uv_size": [0.5, -0.5]}
							}
						},
						{
							"origin": [-1.32476, -0.11774, -4.35],
							"size": [0.09484, 0.31619, 0.325],
							"pivot": [-1.32992, 0.19845, -4.025],
							"rotation": [0, 0, -17.5],
							"uv": {
								"east": {"uv": [14, 34], "uv_size": [0.5, 0.5]},
								"south": {"uv": [34, 14], "uv_size": [0.5, 0.5]},
								"down": {"uv": [15, 34.5], "uv_size": [0.5, -0.5]}
							}
						},
						{
							"origin": [-1.22476, -0.15155, -4.025],
							"size": [0.09484, 0.35, 1.275],
							"pivot": [-1.22992, 0.19845, -3.65],
							"rotation": [0, 0, -17.5],
							"uv": {
								"east": {"uv": [13, 22], "uv_size": [1.5, 0.5]},
								"south": {"uv": [34, 15], "uv_size": [0.5, 0.5]}
							}
						},
						{
							"origin": [-1.32476, -0.11774, -0.875],
							"size": [0.09484, 0.31619, 0.3],
							"pivot": [-1.32992, 0.19845, -1.525],
							"rotation": [0, 0, -17.5],
							"uv": {
								"north": {"uv": [16, 34], "uv_size": [0.5, 0.5]},
								"east": {"uv": [34, 16], "uv_size": [0.5, 0.5]},
								"south": {"uv": [17, 34], "uv_size": [0.5, 0.5]}
							}
						},
						{
							"origin": [-1.22476, -0.15155, -1.2],
							"size": [0.09484, 0.35, 0.325],
							"pivot": [-1.22992, 0.19845, -1.825],
							"rotation": [0, 0, -17.5],
							"uv": {
								"north": {"uv": [34, 17], "uv_size": [0.5, 0.5]},
								"east": {"uv": [18, 34], "uv_size": [0.5, 0.5]}
							}
						},
						{
							"origin": [1.1817, -0.0884, -4.35],
							"size": [0.1, 0.2, 1.5],
							"pivot": [1.2317, 0.0116, -3.7625],
							"rotation": [0, 0, 30],
							"uv": {
								"west": {"uv": [22, 14], "uv_size": [1.5, 0.5]}
							}
						},
						{
							"origin": [1.225, 0.07321, -4.35],
							"size": [0.1, 0.12679, 1.5],
							"uv": {
								"west": {"uv": [15, 22], "uv_size": [1.5, 0.5]},
								"up": {"uv": [22, 15], "uv_size": [0.5, 1.5]}
							}
						},
						{
							"origin": [1.125, -0.225, -2.85],
							"size": [0.2, 0.425, 0.2],
							"uv": {
								"north": {"uv": [34, 18], "uv_size": [0.5, 0.5]},
								"west": {"uv": [19, 34], "uv_size": [0.5, 0.5]},
								"up": {"uv": [34, 19], "uv_size": [0.5, 0.5]},
								"down": {"uv": [20, 34.5], "uv_size": [0.5, -0.5]}
							}
						},
						{
							"origin": [1.15179, -0.225, -2.65],
							"size": [0.17321, 0.425, 0.4],
							"pivot": [1.325, -0.225, -2.65],
							"rotation": [0, -30, 0],
							"uv": {
								"west": {"uv": [34, 20], "uv_size": [0.5, 0.5]},
								"down": {"uv": [21, 34.5], "uv_size": [0.5, -0.5]}
							}
						},
						{
							"origin": [1.225, 0.2, -1.9],
							"size": [0.1, 0.15, 1.325],
							"uv": {
								"west": {"uv": [17, 22], "uv_size": [1.5, 0.5]},
								"up": {"uv": [22, 17], "uv_size": [0.5, 1.5]},
								"down": {"uv": [22, 20.5], "uv_size": [0.5, -1.5]}
							}
						},
						{
							"origin": [1.075, 0.2, -0.575],
							"size": [0.25, 0.15, 0.425],
							"uv": {
								"east": {"uv": [34, 21], "uv_size": [0.5, 0.5]},
								"south": {"uv": [22, 34], "uv_size": [0.5, 0.5]},
								"west": {"uv": [34, 22], "uv_size": [0.5, 0.5]},
								"up": {"uv": [23, 34], "uv_size": [0.5, 0.5]},
								"down": {"uv": [34, 23.5], "uv_size": [0.5, -0.5]}
							}
						},
						{
							"origin": [1.15179, -0.225, -1.625],
							"size": [0.17321, 0.425, 0.4],
							"pivot": [1.325, -0.225, -1.225],
							"rotation": [0, 30, 0],
							"uv": {
								"west": {"uv": [24, 34], "uv_size": [0.5, 0.5]},
								"down": {"uv": [34, 24.5], "uv_size": [0.5, -0.5]}
							}
						},
						{
							"origin": [1.225, 0.35, -0.675],
							"size": [0.1, 0.575, 0.1],
							"uv": {
								"north": {"uv": [25, 34], "uv_size": [0.5, 0.5]},
								"south": {"uv": [34, 25], "uv_size": [0.5, 0.5]},
								"west": {"uv": [26, 34], "uv_size": [0.5, 0.5]}
							}
						},
						{
							"origin": [1.1, 0.925, -0.725],
							"size": [0.225, 0.525, 0.15],
							"pivot": [1.325, 0.925, -0.575],
							"rotation": [0, 0, -30],
							"uv": {
								"north": {"uv": [34, 26], "uv_size": [0.5, 0.5]},
								"south": {"uv": [27, 34], "uv_size": [0.5, 0.5]},
								"west": {"uv": [34, 27], "uv_size": [0.5, 0.5]}
							}
						},
						{
							"origin": [0.8375, 1.35466, -0.725],
							"size": [0.225, 0.025, 0.15],
							"uv": {
								"north": {"uv": [28, 34], "uv_size": [0.5, 0.5]},
								"east": {"uv": [34, 28], "uv_size": [0.5, 0.5]},
								"south": {"uv": [29, 34], "uv_size": [0.5, 0.5]},
								"up": {"uv": [34, 29], "uv_size": [0.5, 0.5]}
							}
						},
						{
							"origin": [0.775, 0.275, -0.175],
							"size": [0.25, 0.25, 0.05],
							"uv": {
								"east": {"uv": [30, 34], "uv_size": [0.5, 0.5]},
								"south": {"uv": [34, 30], "uv_size": [0.5, 0.5]},
								"west": {"uv": [31, 34], "uv_size": [0.5, 0.5]},
								"up": {"uv": [34, 31], "uv_size": [0.5, 0.5]},
								"down": {"uv": [32, 34.5], "uv_size": [0.5, -0.5]}
							}
						},
						{
							"origin": [0.375, 0.225, -0.575],
							"size": [0.7, 0.3, 0.4],
							"uv": {
								"south": {"uv": [34, 32], "uv_size": [0.5, 0.5]},
								"down": {"uv": [33, 34.5], "uv_size": [0.5, -0.5]}
							}
						},
						{
							"origin": [0.19396, 0.23787, -0.575],
							"size": [0.2121, 0.4242, 0.4],
							"pivot": [0.30001, 0.44997, -0.375],
							"rotation": [0, 0, -45],
							"uv": {
								"east": {"uv": [34, 33], "uv_size": [0.5, 0.5]},
								"south": {"uv": [34, 34], "uv_size": [0.5, 0.5]}
							}
						},
						{
							"origin": [0.075, 0.525, -0.575],
							"size": [1, 0.7, 0.4],
							"uv": {
								"east": {"uv": [0, 35], "uv_size": [0.5, 0.5]},
								"south": {"uv": [15, 26], "uv_size": [1, 0.5]}
							}
						},
						{
							"origin": [1.075, 0.35, -0.575],
							"size": [0.15, 0.875, 0.425],
							"uv": {
								"north": {"uv": [26, 15], "uv_size": [0.5, 1]},
								"east": {"uv": [16, 26], "uv_size": [0.5, 1]},
								"south": {"uv": [26, 16], "uv_size": [0.5, 1]},
								"west": {"uv": [17, 26], "uv_size": [0.5, 1]}
							}
						},
						{
							"origin": [1.07503, 1.225, -0.575],
							"size": [0.2121, 0.15, 0.425],
							"pivot": [1.075, 1.375, -0.15],
							"rotation": [0, 0, 45],
							"uv": {
								"north": {"uv": [35, 0], "uv_size": [0.5, 0.5]},
								"south": {"uv": [1, 35], "uv_size": [0.5, 0.5]},
								"up": {"uv": [35, 1], "uv_size": [0.5, 0.5]},
								"down": {"uv": [2, 35.5], "uv_size": [0.5, -0.5]}
							}
						},
						{
							"origin": [0.075, 1.225, -0.575],
							"size": [1, 0.15, 0.425],
							"uv": {
								"east": {"uv": [35, 2], "uv_size": [0.5, 0.5]},
								"south": {"uv": [26, 17], "uv_size": [1, 0.5]},
								"up": {"uv": [18, 26], "uv_size": [1, 0.5]},
								"down": {"uv": [26, 18.5], "uv_size": [1, -0.5]}
							}
						}
					]
				},
				{
					"name": "IRI_glass",
					"parent": "EOTech_OGL",
					"pivot": [0.8404, 0.75, -6.875],
					"cubes": [
						{
							"origin": [0.7058, 0.45, -4.75],
							"size": [0.2692, 0.6, 0.025],
							"uv": {
								"north": {"uv": [3, 35], "uv_size": [0.5, 0.5]}
							}
						},
						{
							"origin": [0.7058, 0.45, -4.75],
							"size": [0.2692, 0.6, 0.025],
							"pivot": [0.8404, 0.75, -4.825],
							"rotation": [0, 0, 45],
							"uv": {
								"north": {"uv": [35, 3], "uv_size": [0.5, 0.5]}
							}
						},
						{
							"origin": [0.7058, 1.05, -4.775],
							"size": [0.2692, 0.025, 0.05],
							"pivot": [0.8404, 0.75, -4.825],
							"rotation": [0, 0, 90],
							"uv": {
								"north": {"uv": [4, 35], "uv_size": [0.5, 0.5]},
								"up": {"uv": [35, 4], "uv_size": [0.5, 0.5]},
								"down": {"uv": [5, 35.5], "uv_size": [0.5, -0.5]}
							}
						},
						{
							"origin": [0.7058, 1.05, -4.775],
							"size": [0.2692, 0.025, 0.05],
							"pivot": [0.8404, 0.75, -4.825],
							"rotation": [0, 0, 135],
							"uv": {
								"north": {"uv": [35, 5], "uv_size": [0.5, 0.5]},
								"up": {"uv": [6, 35], "uv_size": [0.5, 0.5]},
								"down": {"uv": [35, 6.5], "uv_size": [0.5, -0.5]}
							}
						},
						{
							"origin": [0.7058, 1.05, -4.775],
							"size": [0.2692, 0.025, 0.05],
							"uv": {
								"north": {"uv": [7, 35], "uv_size": [0.5, 0.5]},
								"up": {"uv": [35, 7], "uv_size": [0.5, 0.5]},
								"down": {"uv": [8, 35.5], "uv_size": [0.5, -0.5]}
							}
						},
						{
							"origin": [0.7058, 1.05, -4.775],
							"size": [0.2692, 0.025, 0.05],
							"pivot": [0.8404, 0.75, -4.825],
							"rotation": [0, 0, 45],
							"uv": {
								"north": {"uv": [35, 8], "uv_size": [0.5, 0.5]},
								"up": {"uv": [9, 35], "uv_size": [0.5, 0.5]},
								"down": {"uv": [35, 9.5], "uv_size": [0.5, -0.5]}
							}
						},
						{
							"origin": [0.7058, 1.05, -4.775],
							"size": [0.2692, 0.025, 0.05],
							"pivot": [0.8404, 0.75, -4.825],
							"rotation": [0, 0, -90],
							"uv": {
								"north": {"uv": [10, 35], "uv_size": [0.5, 0.5]},
								"up": {"uv": [35, 10], "uv_size": [0.5, 0.5]},
								"down": {"uv": [11, 35.5], "uv_size": [0.5, -0.5]}
							}
						},
						{
							"origin": [0.7058, 1.05, -4.775],
							"size": [0.2692, 0.025, 0.05],
							"pivot": [0.8404, 0.75, -4.825],
							"rotation": [0, 0, -45],
							"uv": {
								"north": {"uv": [35, 11], "uv_size": [0.5, 0.5]},
								"up": {"uv": [12, 35], "uv_size": [0.5, 0.5]},
								"down": {"uv": [35, 12.5], "uv_size": [0.5, -0.5]}
							}
						},
						{
							"origin": [0.7058, 1.05, -4.775],
							"size": [0.2692, 0.025, 0.05],
							"pivot": [0.8404, 0.75, -4.825],
							"rotation": [0, 0, -135],
							"uv": {
								"north": {"uv": [13, 35], "uv_size": [0.5, 0.5]},
								"up": {"uv": [35, 13], "uv_size": [0.5, 0.5]},
								"down": {"uv": [14, 35.5], "uv_size": [0.5, -0.5]}
							}
						},
						{
							"origin": [0.7058, 1.05, -4.775],
							"size": [0.2692, 0.025, 0.05],
							"pivot": [0.8404, 0.75, -4.825],
							"rotation": [0, 0, -180],
							"uv": {
								"north": {"uv": [35, 14], "uv_size": [0.5, 0.5]},
								"up": {"uv": [15, 35], "uv_size": [0.5, 0.5]},
								"down": {"uv": [35, 15.5], "uv_size": [0.5, -0.5]}
							}
						},
						{
							"origin": [0.7058, 0.45, -4.75],
							"size": [0.2692, 0.6, 0.025],
							"pivot": [0.8404, 0.75, -4.825],
							"rotation": [0, 0, 90],
							"uv": {
								"north": {"uv": [16, 35], "uv_size": [0.5, 0.5]}
							}
						},
						{
							"origin": [0.7058, 0.45, -4.75],
							"size": [0.2692, 0.6, 0.025],
							"pivot": [0.8404, 0.75, -4.825],
							"rotation": [0, 0, 135],
							"uv": {
								"north": {"uv": [35, 16], "uv_size": [0.5, 0.5]}
							}
						}
					]
				},
				{
					"name": "IRL_glass",
					"parent": "EOTech_OGL",
					"pivot": [-0.8125, 0.9, -6.875],
					"cubes": [
						{
							"origin": [-0.8991, 0.75, -4.75],
							"size": [0.1243, 0.3, 0.025],
							"uv": {
								"north": {"uv": [17, 35], "uv_size": [0.5, 0.5]},
								"up": {"uv": [35, 17], "uv_size": [0.5, 0.5]},
								"down": {"uv": [18, 35.5], "uv_size": [0.5, -0.5]}
							}
						},
						{
							"origin": [-0.8991, 0.75, -4.75],
							"size": [0.1243, 0.3, 0.025],
							"pivot": [-0.83695, 0.9, -4.825],
							"rotation": [0, 0, 45],
							"uv": {
								"north": {"uv": [35, 18], "uv_size": [0.5, 0.5]},
								"up": {"uv": [19, 35], "uv_size": [0.5, 0.5]},
								"down": {"uv": [35, 19.5], "uv_size": [0.5, -0.5]}
							}
						},
						{
							"origin": [-0.8991, 0.75, -4.75],
							"size": [0.1243, 0.3, 0.025],
							"pivot": [-0.83695, 0.9, -4.825],
							"rotation": [0, 0, 90],
							"uv": {
								"north": {"uv": [20, 35], "uv_size": [0.5, 0.5]},
								"up": {"uv": [35, 20], "uv_size": [0.5, 0.5]},
								"down": {"uv": [21, 35.5], "uv_size": [0.5, -0.5]}
							}
						},
						{
							"origin": [-0.8991, 0.75, -4.75],
							"size": [0.1243, 0.3, 0.025],
							"pivot": [-0.83695, 0.9, -4.825],
							"rotation": [0, 0, 135],
							"uv": {
								"north": {"uv": [35, 21], "uv_size": [0.5, 0.5]},
								"up": {"uv": [22, 35], "uv_size": [0.5, 0.5]},
								"down": {"uv": [35, 22.5], "uv_size": [0.5, -0.5]}
							}
						}
					]
				},
				{
					"name": "VAL_glass",
					"parent": "EOTech_OGL",
					"pivot": [-0.8125, 0.9, -6.875],
					"cubes": [
						{
							"origin": [-0.8991, 0.25, -4.75],
							"size": [0.1243, 0.3, 0.025],
							"uv": {
								"north": {"uv": [23, 35], "uv_size": [0.5, 0.5]},
								"up": {"uv": [35, 23], "uv_size": [0.5, 0.5]},
								"down": {"uv": [24, 35.5], "uv_size": [0.5, -0.5]}
							}
						},
						{
							"origin": [-0.8991, 0.25, -4.75],
							"size": [0.1243, 0.3, 0.025],
							"pivot": [-0.83695, 0.4, -4.825],
							"rotation": [0, 0, 45],
							"uv": {
								"north": {"uv": [35, 24], "uv_size": [0.5, 0.5]},
								"up": {"uv": [25, 35], "uv_size": [0.5, 0.5]},
								"down": {"uv": [35, 25.5], "uv_size": [0.5, -0.5]}
							}
						},
						{
							"origin": [-0.8991, 0.25, -4.75],
							"size": [0.1243, 0.3, 0.025],
							"pivot": [-0.83695, 0.4, -4.825],
							"rotation": [0, 0, 90],
							"uv": {
								"north": {"uv": [26, 35], "uv_size": [0.5, 0.5]},
								"up": {"uv": [35, 26], "uv_size": [0.5, 0.5]},
								"down": {"uv": [27, 35.5], "uv_size": [0.5, -0.5]}
							}
						},
						{
							"origin": [-0.8991, 0.25, -4.75],
							"size": [0.1243, 0.3, 0.025],
							"pivot": [-0.83695, 0.4, -4.825],
							"rotation": [0, 0, 135],
							"uv": {
								"north": {"uv": [35, 27], "uv_size": [0.5, 0.5]},
								"up": {"uv": [28, 35], "uv_size": [0.5, 0.5]},
								"down": {"uv": [35, 28.5], "uv_size": [0.5, -0.5]}
							}
						}
					]
				},
				{
					"name": "ability",
					"parent": "EOTech_OGL",
					"pivot": [0, 0, 1.7]
				},
				{
					"name": "batterycap",
					"parent": "ability",
					"pivot": [0, 0.7625, -1.725],
					"cubes": [
						{
							"origin": [-0.8137, 0.15, -0.575],
							"size": [0.5074, 1.225, 0.75],
							"uv": {
								"south": {"uv": [19, 26], "uv_size": [0.5, 1]},
								"up": {"uv": [26, 19], "uv_size": [0.5, 1]},
								"down": {"uv": [20, 27], "uv_size": [0.5, -1]}
							}
						},
						{
							"origin": [-0.8137, 0.15, -0.575],
							"size": [0.5074, 1.225, 0.75],
							"pivot": [-0.56, 0.7625, -0.2],
							"rotation": [0, 0, -45],
							"uv": {
								"south": {"uv": [26, 20], "uv_size": [0.5, 1]},
								"up": {"uv": [21, 26], "uv_size": [0.5, 1]},
								"down": {"uv": [26, 22], "uv_size": [0.5, -1]}
							}
						},
						{
							"origin": [-0.8137, 0.15, -0.575],
							"size": [0.5074, 1.225, 0.75],
							"pivot": [-0.56, 0.7625, -0.2],
							"rotation": [0, 0, -90],
							"uv": {
								"south": {"uv": [22, 26], "uv_size": [0.5, 1]},
								"up": {"uv": [26, 22], "uv_size": [0.5, 1]},
								"down": {"uv": [23, 27], "uv_size": [0.5, -1]}
							}
						},
						{
							"origin": [-0.8137, 0.15, -0.575],
							"size": [0.5074, 1.225, 0.75],
							"pivot": [-0.56, 0.7625, -0.2],
							"rotation": [0, 0, -135],
							"uv": {
								"south": {"uv": [26, 23], "uv_size": [0.5, 1]},
								"up": {"uv": [24, 26], "uv_size": [0.5, 1]},
								"down": {"uv": [26, 25], "uv_size": [0.5, -1]}
							}
						},
						{
							"origin": [-0.648, 0.55, 0.175],
							"size": [0.176, 0.425, 0.2],
							"uv": {
								"south": {"uv": [29, 35], "uv_size": [0.5, 0.5]},
								"up": {"uv": [35, 29], "uv_size": [0.5, 0.5]},
								"down": {"uv": [30, 35.5], "uv_size": [0.5, -0.5]}
							}
						},
						{
							"origin": [-0.648, 0.55, 0.175],
							"size": [0.176, 0.425, 0.2],
							"pivot": [-0.56, 0.7625, 0.275],
							"rotation": [0, 0, -45],
							"uv": {
								"south": {"uv": [35, 30], "uv_size": [0.5, 0.5]},
								"up": {"uv": [31, 35], "uv_size": [0.5, 0.5]},
								"down": {"uv": [35, 31.5], "uv_size": [0.5, -0.5]}
							}
						},
						{
							"origin": [-0.648, 0.55, 0.175],
							"size": [0.176, 0.425, 0.2],
							"pivot": [-0.56, 0.7625, 0.275],
							"rotation": [0, 0, -90],
							"uv": {
								"south": {"uv": [32, 35], "uv_size": [0.5, 0.5]},
								"up": {"uv": [35, 32], "uv_size": [0.5, 0.5]},
								"down": {"uv": [33, 35.5], "uv_size": [0.5, -0.5]}
							}
						},
						{
							"origin": [-0.648, 0.55, 0.175],
							"size": [0.176, 0.425, 0.2],
							"pivot": [-0.56, 0.7625, 0.275],
							"rotation": [0, 0, -135],
							"uv": {
								"south": {"uv": [35, 33], "uv_size": [0.5, 0.5]},
								"up": {"uv": [34, 35], "uv_size": [0.5, 0.5]},
								"down": {"uv": [35, 34.5], "uv_size": [0.5, -0.5]}
							}
						},
						{
							"origin": [-0.81, 0.525, 0.2],
							"size": [0.475, 0.475, 0.05],
							"uv": {
								"north": {"uv": [35, 35], "uv_size": [0.5, 0.5]},
								"east": {"uv": [0, 36], "uv_size": [0.5, 0.5]},
								"south": {"uv": [36, 0], "uv_size": [0.5, 0.5]},
								"west": {"uv": [1, 36], "uv_size": [0.5, 0.5]},
								"up": {"uv": [36, 1], "uv_size": [0.5, 0.5]},
								"down": {"uv": [2, 36.5], "uv_size": [0.5, -0.5]}
							}
						},
						{
							"origin": [-1.285, 0.625, 0.2],
							"size": [0.475, 0.275, 0.05],
							"uv": {
								"north": {"uv": [36, 2], "uv_size": [0.5, 0.5]},
								"south": {"uv": [3, 36], "uv_size": [0.5, 0.5]},
								"up": {"uv": [36, 3], "uv_size": [0.5, 0.5]},
								"down": {"uv": [4, 36.5], "uv_size": [0.5, -0.5]}
							}
						},
						{
							"origin": [-1.51596, 0.625, 0.03938],
							"size": [0.3182, 0.275, 0.05],
							"pivot": [-1.43526, 0.7625, 0.06438],
							"rotation": [0, -45, 0],
							"uv": {
								"north": {"uv": [36, 4], "uv_size": [0.5, 0.5]},
								"south": {"uv": [5, 36], "uv_size": [0.5, 0.5]},
								"up": {"uv": [36, 5], "uv_size": [0.5, 0.5]},
								"down": {"uv": [6, 36.5], "uv_size": [0.5, -0.5]}
							}
						},
						{
							"origin": [-1.51, 0.625, -0.325],
							"size": [0.05, 0.275, 0.35],
							"uv": {
								"east": {"uv": [36, 6], "uv_size": [0.5, 0.5]},
								"west": {"uv": [7, 36], "uv_size": [0.5, 0.5]},
								"up": {"uv": [36, 7], "uv_size": [0.5, 0.5]},
								"down": {"uv": [8, 36.5], "uv_size": [0.5, -0.5]}
							}
						},
						{
							"origin": [-1.51596, 0.625, -0.38938],
							"size": [0.3182, 0.275, 0.05],
							"pivot": [-1.43526, 0.7625, -0.36438],
							"rotation": [0, 45, 0],
							"uv": {
								"north": {"uv": [36, 8], "uv_size": [0.5, 0.5]},
								"south": {"uv": [9, 36], "uv_size": [0.5, 0.5]},
								"up": {"uv": [36, 9], "uv_size": [0.5, 0.5]},
								"down": {"uv": [10, 36.5], "uv_size": [0.5, -0.5]}
							}
						},
						{
							"origin": [-1.285, 0.625, -0.55],
							"size": [0.475, 0.275, 0.05],
							"uv": {
								"north": {"uv": [36, 10], "uv_size": [0.5, 0.5]},
								"south": {"uv": [11, 36], "uv_size": [0.5, 0.5]},
								"up": {"uv": [36, 11], "uv_size": [0.5, 0.5]},
								"down": {"uv": [12, 36.5], "uv_size": [0.5, -0.5]}
							}
						}
					]
				},
				{
					"name": "FIREbutton",
					"parent": "ability",
					"pivot": [0, 1.475, -3.45],
					"cubes": [
						{
							"origin": [-0.2071, 1.375, -1.95],
							"size": [0.4142, 0.15, 1],
							"pivot": [0, 1.45, -1.45],
							"rotation": [0, 45, 0],
							"uv": {
								"north": {"uv": [36, 12], "uv_size": [0.5, 0.5]},
								"south": {"uv": [13, 36], "uv_size": [0.5, 0.5]},
								"up": {"uv": [25, 26], "uv_size": [0.5, 1]}
							}
						},
						{
							"origin": [-0.2071, 1.375, -1.95],
							"size": [0.4142, 0.15, 1],
							"uv": {
								"north": {"uv": [36, 13], "uv_size": [0.5, 0.5]},
								"south": {"uv": [14, 36], "uv_size": [0.5, 0.5]},
								"up": {"uv": [26, 25], "uv_size": [0.5, 1]}
							}
						},
						{
							"origin": [-0.2071, 1.375, -1.95],
							"size": [0.4142, 0.15, 1],
							"pivot": [0, 1.45, -1.45],
							"rotation": [0, 135, 0],
							"uv": {
								"north": {"uv": [36, 14], "uv_size": [0.5, 0.5]},
								"south": {"uv": [15, 36], "uv_size": [0.5, 0.5]},
								"up": {"uv": [26, 26], "uv_size": [0.5, 1]}
							}
						},
						{
							"origin": [-0.2071, 1.375, -1.95],
							"size": [0.4142, 0.15, 1],
							"pivot": [0, 1.45, -1.45],
							"rotation": [0, 90, 0],
							"uv": {
								"north": {"uv": [36, 15], "uv_size": [0.5, 0.5]},
								"south": {"uv": [16, 36], "uv_size": [0.5, 0.5]},
								"up": {"uv": [0, 27], "uv_size": [0.5, 1]}
							}
						}
					]
				},
				{
					"name": "IRI_focus",
					"parent": "ability",
					"pivot": [0, 1.475, -5.3875],
					"cubes": [
						{
							"origin": [-0.075, 1.375, -3.075],
							"size": [0.15, 0.225, 0.475],
							"uv": {
								"north": {"uv": [36, 16], "uv_size": [0.5, 0.5]},
								"east": {"uv": [17, 36], "uv_size": [0.5, 0.5]},
								"south": {"uv": [36, 17], "uv_size": [0.5, 0.5]},
								"west": {"uv": [18, 36], "uv_size": [0.5, 0.5]},
								"up": {"uv": [36, 18], "uv_size": [0.5, 0.5]}
							}
						},
						{
							"origin": [-0.1605, 1.375, -3.775],
							"size": [0.321, 0.15, 0.775],
							"uv": {
								"north": {"uv": [19, 36], "uv_size": [0.5, 0.5]},
								"south": {"uv": [36, 19], "uv_size": [0.5, 0.5]},
								"up": {"uv": [27, 0], "uv_size": [0.5, 1]}
							}
						},
						{
							"origin": [-0.1605, 1.375, -3.775],
							"size": [0.321, 0.15, 0.775],
							"pivot": [0, 1.45, -3.3875],
							"rotation": [0, 135, 0],
							"uv": {
								"north": {"uv": [20, 36], "uv_size": [0.5, 0.5]},
								"south": {"uv": [36, 20], "uv_size": [0.5, 0.5]},
								"up": {"uv": [1, 27], "uv_size": [0.5, 1]}
							}
						},
						{
							"origin": [-0.1605, 1.375, -3.775],
							"size": [0.321, 0.15, 0.775],
							"pivot": [0, 1.45, -3.3875],
							"rotation": [0, 90, 0],
							"uv": {
								"north": {"uv": [21, 36], "uv_size": [0.5, 0.5]},
								"south": {"uv": [36, 21], "uv_size": [0.5, 0.5]},
								"up": {"uv": [27, 1], "uv_size": [0.5, 1]}
							}
						},
						{
							"origin": [-0.1605, 1.375, -3.775],
							"size": [0.321, 0.15, 0.775],
							"pivot": [0, 1.45, -3.3875],
							"rotation": [0, 45, 0],
							"uv": {
								"north": {"uv": [22, 36], "uv_size": [0.5, 0.5]},
								"south": {"uv": [36, 22], "uv_size": [0.5, 0.5]},
								"up": {"uv": [2, 27], "uv_size": [0.5, 1]}
							}
						}
					]
				},
				{
					"name": "IR_elevation",
					"parent": "ability",
					"pivot": [0, 1.475, -5.3875],
					"cubes": [
						{
							"origin": [0.5162, 1.375, -2.6],
							"size": [0.2588, 0.1, 0.625],
							"pivot": [0.6456, 1.425, -2.2875],
							"rotation": [0, -45, 0],
							"uv": {
								"north": {"uv": [23, 36], "uv_size": [0.5, 0.5]},
								"south": {"uv": [36, 23], "uv_size": [0.5, 0.5]},
								"up": {"uv": [24, 36], "uv_size": [0.5, 0.5]}
							}
						},
						{
							"origin": [0.5162, 1.375, -2.6],
							"size": [0.2588, 0.1, 0.625],
							"uv": {
								"north": {"uv": [36, 24], "uv_size": [0.5, 0.5]},
								"south": {"uv": [25, 36], "uv_size": [0.5, 0.5]},
								"up": {"uv": [36, 25], "uv_size": [0.5, 0.5]}
							}
						},
						{
							"origin": [0.5162, 1.375, -2.6],
							"size": [0.2588, 0.1, 0.625],
							"pivot": [0.6456, 1.425, -2.2875],
							"rotation": [0, -135, 0],
							"uv": {
								"north": {"uv": [26, 36], "uv_size": [0.5, 0.5]},
								"south": {"uv": [36, 26], "uv_size": [0.5, 0.5]},
								"up": {"uv": [27, 36], "uv_size": [0.5, 0.5]}
							}
						},
						{
							"origin": [0.5162, 1.375, -2.6],
							"size": [0.2588, 0.1, 0.625],
							"pivot": [0.6456, 1.425, -2.2875],
							"rotation": [0, -90, 0],
							"uv": {
								"north": {"uv": [36, 27], "uv_size": [0.5, 0.5]},
								"south": {"uv": [28, 36], "uv_size": [0.5, 0.5]},
								"up": {"uv": [36, 28], "uv_size": [0.5, 0.5]}
							}
						}
					]
				},
				{
					"name": "IR_windage",
					"parent": "ability",
					"pivot": [1.375, 0.5875, -4.2875],
					"cubes": [
						{
							"origin": [1.325, 0.4581, -2.6],
							"size": [0.1, 0.2588, 0.625],
							"pivot": [1.375, 0.5875, -2.2875],
							"rotation": [-135, 0, 0],
							"uv": {
								"north": {"uv": [29, 36], "uv_size": [0.5, 0.5]},
								"south": {"uv": [36, 29], "uv_size": [0.5, 0.5]},
								"west": {"uv": [30, 36], "uv_size": [0.5, 0.5]}
							}
						},
						{
							"origin": [1.325, 0.4581, -2.6],
							"size": [0.1, 0.2588, 0.625],
							"pivot": [1.375, 0.5875, -2.2875],
							"rotation": [-90, 0, 0],
							"uv": {
								"north": {"uv": [36, 30], "uv_size": [0.5, 0.5]},
								"south": {"uv": [31, 36], "uv_size": [0.5, 0.5]},
								"west": {"uv": [36, 31], "uv_size": [0.5, 0.5]}
							}
						},
						{
							"origin": [1.325, 0.4581, -2.6],
							"size": [0.1, 0.2588, 0.625],
							"pivot": [1.375, 0.5875, -2.2875],
							"rotation": [-45, 0, 0],
							"uv": {
								"north": {"uv": [32, 36], "uv_size": [0.5, 0.5]},
								"south": {"uv": [36, 32], "uv_size": [0.5, 0.5]},
								"west": {"uv": [33, 36], "uv_size": [0.5, 0.5]}
							}
						},
						{
							"origin": [1.325, 0.4581, -2.6],
							"size": [0.1, 0.2588, 0.625],
							"uv": {
								"north": {"uv": [36, 33], "uv_size": [0.5, 0.5]},
								"south": {"uv": [34, 36], "uv_size": [0.5, 0.5]},
								"west": {"uv": [36, 34], "uv_size": [0.5, 0.5]}
							}
						}
					]
				},
				{
					"name": "VA_elevation",
					"parent": "ability",
					"pivot": [0, 1.475, -5.3875],
					"cubes": [
						{
							"origin": [-0.775, 1.375, -2.6],
							"size": [0.2588, 0.1, 0.625],
							"pivot": [-0.6456, 1.425, -2.2875],
							"rotation": [0, 45, 0],
							"uv": {
								"north": {"uv": [35, 36], "uv_size": [0.5, 0.5]},
								"south": {"uv": [36, 35], "uv_size": [0.5, 0.5]},
								"up": {"uv": [36, 36], "uv_size": [0.5, 0.5]}
							}
						},
						{
							"origin": [-0.775, 1.375, -2.6],
							"size": [0.2588, 0.1, 0.625],
							"uv": {
								"north": {"uv": [0, 37], "uv_size": [0.5, 0.5]},
								"south": {"uv": [37, 0], "uv_size": [0.5, 0.5]},
								"up": {"uv": [1, 37], "uv_size": [0.5, 0.5]}
							}
						},
						{
							"origin": [-0.775, 1.375, -2.6],
							"size": [0.2588, 0.1, 0.625],
							"pivot": [-0.6456, 1.425, -2.2875],
							"rotation": [0, 135, 0],
							"uv": {
								"north": {"uv": [37, 1], "uv_size": [0.5, 0.5]},
								"south": {"uv": [2, 37], "uv_size": [0.5, 0.5]},
								"up": {"uv": [37, 2], "uv_size": [0.5, 0.5]}
							}
						},
						{
							"origin": [-0.775, 1.375, -2.6],
							"size": [0.2588, 0.1, 0.625],
							"pivot": [-0.6456, 1.425, -2.2875],
							"rotation": [0, 90, 0],
							"uv": {
								"north": {"uv": [3, 37], "uv_size": [0.5, 0.5]},
								"south": {"uv": [37, 3], "uv_size": [0.5, 0.5]},
								"up": {"uv": [4, 37], "uv_size": [0.5, 0.5]}
							}
						}
					]
				},
				{
					"name": "VA_windage",
					"parent": "ability",
					"pivot": [-1.375, 0.5875, -4.2875],
					"cubes": [
						{
							"origin": [-1.425, 0.4581, -2.6],
							"size": [0.1, 0.2588, 0.625],
							"pivot": [-1.375, 0.5875, -2.2875],
							"rotation": [-135, 0, 0],
							"uv": {
								"north": {"uv": [37, 4], "uv_size": [0.5, 0.5]},
								"east": {"uv": [5, 37], "uv_size": [0.5, 0.5]},
								"south": {"uv": [37, 5], "uv_size": [0.5, 0.5]}
							}
						},
						{
							"origin": [-1.425, 0.4581, -2.6],
							"size": [0.1, 0.2588, 0.625],
							"pivot": [-1.375, 0.5875, -2.2875],
							"rotation": [-90, 0, 0],
							"uv": {
								"north": {"uv": [6, 37], "uv_size": [0.5, 0.5]},
								"east": {"uv": [37, 6], "uv_size": [0.5, 0.5]},
								"south": {"uv": [7, 37], "uv_size": [0.5, 0.5]}
							}
						},
						{
							"origin": [-1.425, 0.4581, -2.6],
							"size": [0.1, 0.2588, 0.625],
							"pivot": [-1.375, 0.5875, -2.2875],
							"rotation": [-45, 0, 0],
							"uv": {
								"north": {"uv": [37, 7], "uv_size": [0.5, 0.5]},
								"east": {"uv": [8, 37], "uv_size": [0.5, 0.5]},
								"south": {"uv": [37, 8], "uv_size": [0.5, 0.5]}
							}
						},
						{
							"origin": [-1.425, 0.4581, -2.6],
							"size": [0.1, 0.2588, 0.625],
							"uv": {
								"north": {"uv": [9, 37], "uv_size": [0.5, 0.5]},
								"east": {"uv": [37, 9], "uv_size": [0.5, 0.5]},
								"south": {"uv": [10, 37], "uv_size": [0.5, 0.5]}
							}
						}
					]
				},
				{
					"name": "modeswitch",
					"parent": "ability",
					"pivot": [0.525, 0.875, -2.075],
					"cubes": [
						{
							"origin": [0.55, 0.8, -0.175],
							"size": [0.3, 0.1, 0.225],
							"pivot": [0.5, 0.85, -0.075],
							"rotation": [0, 0, -45],
							"uv": {
								"east": {"uv": [37, 10], "uv_size": [0.5, 0.5]},
								"south": {"uv": [11, 37], "uv_size": [0.5, 0.5]},
								"west": {"uv": [37, 11], "uv_size": [0.5, 0.5]},
								"up": {"uv": [12, 37], "uv_size": [0.5, 0.5]},
								"down": {"uv": [37, 12.5], "uv_size": [0.5, -0.5]}
							}
						},
						{
							"origin": [0.35, 0.7, -0.175],
							"size": [0.3, 0.3, 0.2],
							"uv": {
								"east": {"uv": [13, 37], "uv_size": [0.5, 0.5]},
								"south": {"uv": [37, 13], "uv_size": [0.5, 0.5]},
								"west": {"uv": [14, 37], "uv_size": [0.5, 0.5]},
								"up": {"uv": [37, 14], "uv_size": [0.5, 0.5]},
								"down": {"uv": [15, 37.5], "uv_size": [0.5, -0.5]}
							}
						}
					]
				},
				{
					"name": "plugin",
					"parent": "ability",
					"pivot": [0.525, 0.875, -2.075],
					"cubes": [
						{
							"origin": [0.8, 0.3, -0.175],
							"size": [0.2, 0.2, 0.3],
							"pivot": [0.9, 0.4, -0.075],
							"rotation": [0, 0, -45],
							"uv": {
								"east": {"uv": [37, 15], "uv_size": [0.5, 0.5]},
								"south": {"uv": [16, 37], "uv_size": [0.5, 0.5]},
								"west": {"uv": [37, 16], "uv_size": [0.5, 0.5]},
								"up": {"uv": [17, 37], "uv_size": [0.5, 0.5]},
								"down": {"uv": [37, 17.5], "uv_size": [0.5, -0.5]}
							}
						}
					]
				},
				{
					"name": "laser_beam",
					"parent": "EOTech_OGL",
					"pivot": [-0.8375, 0.9, -4]
				}
			]
		}
	]
}