{
	"format_version": "1.12.0",
	"minecraft:geometry": [
		{
			"description": {
				"identifier": "geometry.laser_vwt_c5l",
				"texture_width": 16,
				"texture_height": 16,
				"visible_bounds_width": 129,
				"visible_bounds_height": 25,
				"visible_bounds_offset": [0, 0.5, 0]
			},
			"bones": [
				{
					"name": "C5L",
					"pivot": [0, 0, -0.2],
					"cubes": [
						{
							"origin": [-0.665, 0, -0.8625],
							"size": [1.33, 0.25, 2.2875],
							"uv": {
								"east": {"uv": [2, 2], "uv_size": [-2, -1]},
								"south": {"uv": [4, 3], "uv_size": [-1, -1]},
								"west": {"uv": [2, 1], "uv_size": [-2, -1]},
								"up": {"uv": [3, 0], "uv_size": [-1, 2]},
								"down": {"uv": [1, 4], "uv_size": [-1, -2]}
							}
						},
						{
							"origin": [-0.625, 0.25, -0.2875],
							"size": [1.25, 0.8, 1.3375],
							"uv": {
								"east": {"uv": [1, 5], "uv_size": [-1, -1]},
								"west": {"uv": [4, 4], "uv_size": [-1, -1]}
							}
						},
						{
							"origin": [-0.0995, 0.125, -1.1125],
							"size": [0.199, 0.1, 0.25],
							"uv": {
								"north": {"uv": [5, 1], "uv_size": [-1, -1]},
								"up": {"uv": [5, 1], "uv_size": [-1, 1]},
								"down": {"uv": [2, 5], "uv_size": [-1, -1]}
							}
						},
						{
							"origin": [-0.665, 0, 1.425],
							"size": [0.165, 0.22123, 0.53677],
							"inflate": -0.0001,
							"pivot": [-0.665, 0, 1.425],
							"rotation": [27.75854, 0, 0],
							"uv": {
								"east": {"uv": [5, 3], "uv_size": [-1, -1]},
								"west": {"uv": [3, 5], "uv_size": [-1, -1]},
								"down": {"uv": [4, 5], "uv_size": [-1, -1]}
							}
						},
						{
							"origin": [-0.665, 0.25, -0.225],
							"size": [0.1, 0.3625, 0.375],
							"uv": {
								"east": {"uv": [5, 5], "uv_size": [-1, -1]},
								"south": {"uv": [5, 4], "uv_size": [-1, -1]}
							}
						},
						{
							"origin": [-0.665, 0.25, -0.35],
							"size": [0.1, 0.2375, 0.125],
							"uv": {
								"north": {"uv": [1, 6], "uv_size": [-1, -1]},
								"east": {"uv": [6, 1], "uv_size": [-1, -1]}
							}
						},
						{
							"origin": [-0.665, 0.6125, -0.225],
							"size": [0.1, 1.1375, 0.20149],
							"inflate": -0.0001,
							"pivot": [-0.665, 0.6125, -0.225],
							"rotation": [-57.5, 0, 0],
							"uv": {
								"north": {"uv": [2, 6], "uv_size": [-1, -1]},
								"east": {"uv": [3, 6], "uv_size": [-1, -1]},
								"south": {"uv": [6, 2], "uv_size": [-1, -1]}
							}
						},
						{
							"origin": [-0.665, 0.25, 1.05],
							"size": [1.33, 1.05, 0.3],
							"uv": {
								"north": {"uv": [6, 3], "uv_size": [-1, -1]},
								"east": {"uv": [5, 6], "uv_size": [-1, -1]},
								"south": {"uv": [6, 4], "uv_size": [-1, -1]},
								"west": {"uv": [4, 6], "uv_size": [-1, -1]}
							}
						},
						{
							"origin": [-0.665, -0.4, -0.5125],
							"size": [0.25, 0.4, 1],
							"uv": {
								"east": {"uv": [6, 6], "uv_size": [-1, -1]},
								"west": {"uv": [6, 5], "uv_size": [-1, -1]},
								"down": {"uv": [1, 7], "uv_size": [-1, -1]}
							}
						},
						{
							"origin": [-0.665, 0.25, 1.35],
							"size": [0.165, 0.5, 0.55],
							"uv": {
								"east": {"uv": [7, 2], "uv_size": [-1, -1]},
								"south": {"uv": [2, 7], "uv_size": [-1, -1]},
								"west": {"uv": [7, 1], "uv_size": [-1, -1]}
							}
						},
						{
							"origin": [-0.665, -0.47712, 1.69454],
							"size": [0.165, 0.77782, 0.38891],
							"inflate": -0.0001,
							"pivot": [0, -0.085, 0.51046],
							"rotation": [45, 0, 0],
							"uv": {
								"east": {"uv": [4, 7], "uv_size": [-1, -1]},
								"south": {"uv": [7, 3], "uv_size": [-1, -1]},
								"west": {"uv": [3, 7], "uv_size": [-1, -1]}
							}
						},
						{
							"origin": [-0.665, 0, -0.8625],
							"size": [1.33, 0.7, 0.2],
							"uv": {
								"north": {"uv": [7, 4], "uv_size": [-1, -1]},
								"east": {"uv": [6, 7], "uv_size": [-1, -1]},
								"south": {"uv": [7, 5], "uv_size": [-1, -1]},
								"west": {"uv": [5, 7], "uv_size": [-1, -1]}
							}
						},
						{
							"origin": [-0.665, -0.28358, -0.93854],
							"size": [0.25, 0.28284, 0.49497],
							"inflate": -0.0001,
							"pivot": [0, -0.25858, -0.61857],
							"rotation": [-45, 0, 0],
							"uv": {
								"east": {"uv": [7, 7], "uv_size": [-1, -1]},
								"west": {"uv": [7, 6], "uv_size": [-1, -1]},
								"down": {"uv": [1, 8], "uv_size": [-1, -1]}
							}
						},
						{
							"origin": [-0.665, -0.28358, 0.41857],
							"size": [0.25, 0.28284, 0.56569],
							"inflate": -0.0001,
							"pivot": [0, -0.25858, 0.59357],
							"rotation": [45, 0, 0],
							"uv": {
								"east": {"uv": [2, 8], "uv_size": [-1, -1]},
								"west": {"uv": [8, 1], "uv_size": [-1, -1]},
								"down": {"uv": [8, 2], "uv_size": [-1, -1]}
							}
						},
						{
							"origin": [-0.6875, -0.075, -0.1375],
							"size": [1.375, 0.275, 0.275],
							"pivot": [0, 0.0625, 0],
							"rotation": [45, 0, 0],
							"uv": {
								"north": {"uv": [3, 8], "uv_size": [-1, -1]},
								"east": {"uv": [8, 4], "uv_size": [-1, -1]},
								"south": {"uv": [4, 8], "uv_size": [-1, -1]},
								"west": {"uv": [8, 3], "uv_size": [-1, -1]},
								"up": {"uv": [8, 4], "uv_size": [-1, 1]},
								"down": {"uv": [5, 8], "uv_size": [-1, -1]}
							}
						},
						{
							"origin": [-0.6875, 0.325, -0.3],
							"size": [0.1, 0.2, 0.2],
							"pivot": [0, 0.425, -0.2],
							"rotation": [45, 0, 0],
							"uv": {
								"north": {"uv": [6, 8], "uv_size": [-1, -1]},
								"east": {"uv": [7, 8], "uv_size": [-1, -1]},
								"south": {"uv": [8, 6], "uv_size": [-1, -1]},
								"up": {"uv": [8, 7], "uv_size": [-1, 1]},
								"down": {"uv": [8, 7], "uv_size": [-1, -1]}
							}
						},
						{
							"origin": [-0.665, 0.43036, -0.30044],
							"size": [0.1, 0.17678, 0.08839],
							"inflate": -0.0002,
							"pivot": [0, 0.51875, -0.25625],
							"rotation": [-45, 0, 0],
							"uv": {
								"north": {"uv": [1, 9], "uv_size": [-1, -1]},
								"east": {"uv": [9, 1], "uv_size": [-1, -1]}
							}
						},
						{
							"origin": [-0.0995, 0.125, -1.1125],
							"size": [0.199, 0.1, 0.25],
							"inflate": -0.0001,
							"pivot": [0, 0.625, -0.9875],
							"rotation": [0, 0, -22.5],
							"uv": {
								"north": {"uv": [2, 9], "uv_size": [-1, -1]},
								"up": {"uv": [3, 8], "uv_size": [-1, 1]},
								"down": {"uv": [9, 2], "uv_size": [-1, -1]}
							}
						},
						{
							"origin": [-0.0995, 0.125, -1.1125],
							"size": [0.199, 0.1, 0.25],
							"inflate": -0.0001,
							"pivot": [0, 0.625, -0.9875],
							"rotation": [0, 0, -67.5],
							"uv": {
								"north": {"uv": [9, 3], "uv_size": [-1, -1]},
								"up": {"uv": [9, 3], "uv_size": [-1, 1]},
								"down": {"uv": [4, 9], "uv_size": [-1, -1]}
							}
						},
						{
							"origin": [-0.0995, 0.125, -1.1125],
							"size": [0.199, 0.1, 0.25],
							"pivot": [0, 0.625, -0.9875],
							"rotation": [0, 0, -45],
							"uv": {
								"north": {"uv": [5, 9], "uv_size": [-1, -1]},
								"up": {"uv": [6, 8], "uv_size": [-1, 1]},
								"down": {"uv": [9, 5], "uv_size": [-1, -1]}
							}
						},
						{
							"origin": [-0.0995, 0.125, -1.1125],
							"size": [0.199, 0.1, 0.25],
							"inflate": -0.0001,
							"pivot": [0, 0.625, -0.9875],
							"rotation": [0, 0, -112.5],
							"uv": {
								"north": {"uv": [9, 6], "uv_size": [-1, -1]},
								"up": {"uv": [9, 6], "uv_size": [-1, 1]},
								"down": {"uv": [7, 9], "uv_size": [-1, -1]}
							}
						},
						{
							"origin": [-0.0995, 0.125, -1.1125],
							"size": [0.199, 0.1, 0.25],
							"pivot": [0, 0.625, -0.9875],
							"rotation": [0, 0, -90],
							"uv": {
								"north": {"uv": [8, 9], "uv_size": [-1, -1]},
								"up": {"uv": [9, 8], "uv_size": [-1, 1]},
								"down": {"uv": [9, 8], "uv_size": [-1, -1]}
							}
						},
						{
							"origin": [-0.0995, 0.125, -1.1125],
							"size": [0.199, 0.1, 0.25],
							"inflate": -0.0001,
							"pivot": [0, 0.625, -0.9875],
							"rotation": [0, 0, -157.5],
							"uv": {
								"north": {"uv": [1, 10], "uv_size": [-1, -1]},
								"up": {"uv": [2, 9], "uv_size": [-1, 1]},
								"down": {"uv": [10, 1], "uv_size": [-1, -1]}
							}
						},
						{
							"origin": [-0.0995, 0.125, -1.1125],
							"size": [0.199, 0.1, 0.25],
							"pivot": [0, 0.625, -0.9875],
							"rotation": [0, 0, -135],
							"uv": {
								"north": {"uv": [10, 2], "uv_size": [-1, -1]},
								"up": {"uv": [10, 2], "uv_size": [-1, 1]},
								"down": {"uv": [3, 10], "uv_size": [-1, -1]}
							}
						},
						{
							"origin": [-0.0995, 0.125, -1.1125],
							"size": [0.199, 0.1, 0.25],
							"inflate": -0.0001,
							"pivot": [0, 0.625, -0.9875],
							"rotation": [0, 0, 22.5],
							"uv": {
								"north": {"uv": [4, 10], "uv_size": [-1, -1]},
								"up": {"uv": [5, 9], "uv_size": [-1, 1]},
								"down": {"uv": [10, 4], "uv_size": [-1, -1]}
							}
						},
						{
							"origin": [-0.0995, 0.125, -1.1125],
							"size": [0.199, 0.1, 0.25],
							"pivot": [0, 0.625, -0.9875],
							"rotation": [0, 0, 45],
							"uv": {
								"north": {"uv": [10, 5], "uv_size": [-1, -1]},
								"up": {"uv": [10, 5], "uv_size": [-1, 1]},
								"down": {"uv": [6, 10], "uv_size": [-1, -1]}
							}
						},
						{
							"origin": [-0.0995, 0.125, -1.1125],
							"size": [0.199, 0.1, 0.25],
							"inflate": -0.0001,
							"pivot": [0, 0.625, -0.9875],
							"rotation": [0, 0, 67.5],
							"uv": {
								"north": {"uv": [7, 10], "uv_size": [-1, -1]},
								"up": {"uv": [8, 9], "uv_size": [-1, 1]},
								"down": {"uv": [10, 7], "uv_size": [-1, -1]}
							}
						},
						{
							"origin": [-0.0995, 0.125, -1.1125],
							"size": [0.199, 0.1, 0.25],
							"pivot": [0, 0.625, -0.9875],
							"rotation": [0, 0, 90],
							"uv": {
								"north": {"uv": [10, 8], "uv_size": [-1, -1]},
								"up": {"uv": [10, 8], "uv_size": [-1, 1]},
								"down": {"uv": [9, 10], "uv_size": [-1, -1]}
							}
						},
						{
							"origin": [-0.0995, 0.125, -1.1125],
							"size": [0.199, 0.1, 0.25],
							"inflate": -0.0001,
							"pivot": [0, 0.625, -0.9875],
							"rotation": [0, 0, 112.5],
							"uv": {
								"north": {"uv": [10, 10], "uv_size": [-1, -1]},
								"up": {"uv": [11, 0], "uv_size": [-1, 1]},
								"down": {"uv": [1, 11], "uv_size": [-1, -1]}
							}
						},
						{
							"origin": [-0.0995, 0.125, -1.1125],
							"size": [0.199, 0.1, 0.25],
							"pivot": [0, 0.625, -0.9875],
							"rotation": [0, 0, 135],
							"uv": {
								"north": {"uv": [2, 11], "uv_size": [-1, -1]},
								"up": {"uv": [3, 10], "uv_size": [-1, 1]},
								"down": {"uv": [11, 2], "uv_size": [-1, -1]}
							}
						},
						{
							"origin": [-0.0995, 0.125, -1.1125],
							"size": [0.199, 0.1, 0.25],
							"inflate": -0.0001,
							"pivot": [0, 0.625, -0.9875],
							"rotation": [0, 0, 157.5],
							"uv": {
								"north": {"uv": [11, 3], "uv_size": [-1, -1]},
								"up": {"uv": [11, 3], "uv_size": [-1, 1]},
								"down": {"uv": [4, 11], "uv_size": [-1, -1]}
							}
						},
						{
							"origin": [-0.0995, 0.125, -1.1125],
							"size": [0.199, 0.1, 0.25],
							"pivot": [0, 0.625, -0.9875],
							"rotation": [0, 0, -180],
							"uv": {
								"north": {"uv": [5, 11], "uv_size": [-1, -1]},
								"up": {"uv": [6, 10], "uv_size": [-1, 1]},
								"down": {"uv": [11, 5], "uv_size": [-1, -1]}
							}
						},
						{
							"origin": [-0.2875, 0.225, -1],
							"size": [0.575, 0.8, 0.025],
							"uv": {
								"north": {"uv": [11, 6], "uv_size": [-1, -1]}
							}
						},
						{
							"origin": [-0.4, 0.3375, -1],
							"size": [0.8, 0.575, 0.025],
							"uv": {
								"north": {"uv": [7, 11], "uv_size": [-1, -1]}
							}
						},
						{
							"origin": [-0.25, 0.7, -0.8625],
							"size": [0.5, 0.6, 0.9625],
							"uv": {
								"north": {"uv": [11, 7], "uv_size": [-1, -1]},
								"up": {"uv": [8, 10], "uv_size": [-1, 1]}
							}
						},
						{
							"origin": [-0.665, 0.7, -0.8625],
							"size": [1.33, 1.1342, 0.21215],
							"inflate": -0.0001,
							"pivot": [-0.665, 0.7, -0.8625],
							"rotation": [-58.06155, 0, 0],
							"uv": {
								"east": {"uv": [11, 9], "uv_size": [-1, -1]},
								"south": {"uv": [9, 11], "uv_size": [-1, -1]},
								"west": {"uv": [11, 8], "uv_size": [-1, -1]}
							}
						},
						{
							"origin": [-0.665, 1.05, 0.1],
							"size": [1.33, 0.25, 1.25],
							"uv": {
								"east": {"uv": [11, 10], "uv_size": [-1, -1]},
								"west": {"uv": [10, 11], "uv_size": [-1, -1]},
								"up": {"uv": [1, 11], "uv_size": [-1, 1]},
								"down": {"uv": [11, 11], "uv_size": [-1, -1]}
							}
						},
						{
							"origin": [0.50882, 0.8991, 0.0275],
							"size": [0.0125, 0.025, 0.0342],
							"pivot": [0.35864, 1.18441, -0.3092],
							"rotation": [25.79017, 19.52501, -34.67032],
							"uv": {
								"west": {"uv": [12, 1], "uv_size": [-1, -1]}
							}
						},
						{
							"origin": [0.50882, 0.8991, -1.0088],
							"size": [0.0125, 0.05, 1.0375],
							"pivot": [0.35864, 1.18441, -0.3092],
							"rotation": [25.79017, 19.52501, -34.67032],
							"uv": {
								"west": {"uv": [2, 12], "uv_size": [-1, -1]}
							}
						},
						{
							"origin": [0.50882, 0.9491, -0.9278],
							"size": [0.0125, 0.1, 0.8255],
							"pivot": [0.35864, 1.18441, -0.3092],
							"rotation": [25.79017, 19.52501, -34.67032],
							"uv": {
								"west": {"uv": [12, 2], "uv_size": [-1, -1]}
							}
						},
						{
							"origin": [0.2375, 1.275, -0.8625],
							"size": [0.0125, 0.025, 1.04816],
							"pivot": [0.25, 1.3, -0.8625],
							"rotation": [-13.01629, 19.52502, -34.67032],
							"uv": {
								"west": {"uv": [3, 12], "uv_size": [-1, -1]}
							}
						},
						{
							"origin": [0.2375, 1.2125, -0.7875],
							"size": [0.0125, 0.0625, 0.8625],
							"pivot": [0.25, 1.3, -0.8625],
							"rotation": [-13.01629, 19.52502, -34.67032],
							"uv": {
								"west": {"uv": [12, 3], "uv_size": [-1, -1]}
							}
						},
						{
							"origin": [0.2375, 1.025, -0.772],
							"size": [0.0125, 0.1875, 0.6125],
							"pivot": [0.25, 1.3, -0.8625],
							"rotation": [-13.01629, 19.52502, -34.67032],
							"uv": {
								"west": {"uv": [4, 12], "uv_size": [-1, -1]}
							}
						},
						{
							"origin": [0.6525, 0.7, -0.8625],
							"size": [0.0125, 0.0625, 0.025],
							"pivot": [0.665, 0.7, -0.8625],
							"rotation": [0, 19.52501, -34.67032],
							"uv": {
								"west": {"uv": [12, 4], "uv_size": [-1, -1]}
							}
						},
						{
							"origin": [0.6525, 0.7625, -0.8625],
							"size": [0.0125, 0.64204, 0.075],
							"pivot": [0.665, 0.7, -0.8625],
							"rotation": [0, 19.52501, -34.67032],
							"uv": {
								"west": {"uv": [5, 12], "uv_size": [-1, -1]}
							}
						},
						{
							"origin": [0.6525, 0.9, -0.7875],
							"size": [0.0125, 0.2375, 0.325],
							"pivot": [0.665, 0.7, -0.8625],
							"rotation": [0, 19.52501, -34.67032],
							"uv": {
								"west": {"uv": [12, 5], "uv_size": [-1, -1]}
							}
						},
						{
							"origin": [0.32369, 0.7, -0.8625],
							"size": [0.34131, 0.72954, 0.1],
							"inflate": -0.0001,
							"pivot": [0.665, 0.7, -0.8625],
							"rotation": [0, 0, -34.67032],
							"uv": {
								"north": {"uv": [6, 12], "uv_size": [-1, -1]}
							}
						},
						{
							"origin": [-0.13109, 1.2, -0.8625],
							"size": [0.38109, 0.1, 1.04816],
							"pivot": [0.25, 1.3, -0.8625],
							"rotation": [0, 23.3242, 0],
							"uv": {
								"up": {"uv": [12, 5], "uv_size": [-1, 1]}
							}
						},
						{
							"origin": [-0.52132, 0.8991, 0.0275],
							"size": [0.0125, 0.025, 0.0342],
							"pivot": [-0.35864, 1.18441, -0.3092],
							"rotation": [25.79017, -19.52501, 34.67032],
							"uv": {
								"east": {"uv": [7, 12], "uv_size": [-1, -1]}
							}
						},
						{
							"origin": [-0.52132, 0.8991, -1.0088],
							"size": [0.0125, 0.05, 1.0375],
							"pivot": [-0.35864, 1.18441, -0.3092],
							"rotation": [25.79017, -19.52501, 34.67032],
							"uv": {
								"east": {"uv": [12, 7], "uv_size": [-1, -1]}
							}
						},
						{
							"origin": [-0.52132, 0.9491, -0.9278],
							"size": [0.0125, 0.1, 0.8255],
							"pivot": [-0.35864, 1.18441, -0.3092],
							"rotation": [25.79017, -19.52501, 34.67032],
							"uv": {
								"east": {"uv": [8, 12], "uv_size": [-1, -1]}
							}
						},
						{
							"origin": [-0.25, 1.275, -0.8625],
							"size": [0.0125, 0.025, 1.04816],
							"pivot": [-0.25, 1.3, -0.8625],
							"rotation": [-13.01629, -19.52502, 34.67032],
							"uv": {
								"east": {"uv": [12, 8], "uv_size": [-1, -1]}
							}
						},
						{
							"origin": [-0.25, 1.2125, -0.7875],
							"size": [0.0125, 0.0625, 0.8625],
							"pivot": [-0.25, 1.3, -0.8625],
							"rotation": [-13.01629, -19.52502, 34.67032],
							"uv": {
								"east": {"uv": [9, 12], "uv_size": [-1, -1]}
							}
						},
						{
							"origin": [-0.25, 1.025, -0.772],
							"size": [0.0125, 0.1875, 0.6125],
							"pivot": [-0.25, 1.3, -0.8625],
							"rotation": [-13.01629, -19.52502, 34.67032],
							"uv": {
								"east": {"uv": [12, 9], "uv_size": [-1, -1]}
							}
						},
						{
							"origin": [-0.665, 0.7, -0.8625],
							"size": [0.0125, 0.0625, 0.025],
							"pivot": [-0.665, 0.7, -0.8625],
							"rotation": [0, -19.52501, 34.67032],
							"uv": {
								"east": {"uv": [10, 12], "uv_size": [-1, -1]}
							}
						},
						{
							"origin": [-0.665, 0.7625, -0.8625],
							"size": [0.0125, 0.64204, 0.075],
							"pivot": [-0.665, 0.7, -0.8625],
							"rotation": [0, -19.52501, 34.67032],
							"uv": {
								"east": {"uv": [12, 10], "uv_size": [-1, -1]}
							}
						},
						{
							"origin": [-0.665, 0.9, -0.7875],
							"size": [0.0125, 0.2375, 0.325],
							"pivot": [-0.665, 0.7, -0.8625],
							"rotation": [0, -19.52501, 34.67032],
							"uv": {
								"east": {"uv": [11, 12], "uv_size": [-1, -1]}
							}
						},
						{
							"origin": [-0.665, 0.7, -0.8625],
							"size": [0.34131, 0.72954, 0.1],
							"inflate": -0.0001,
							"pivot": [-0.665, 0.7, -0.8625],
							"rotation": [0, 0, 34.67032],
							"uv": {
								"north": {"uv": [12, 11], "uv_size": [-1, -1]}
							}
						},
						{
							"origin": [-0.25, 1.2, -0.8625],
							"size": [0.38109, 0.1, 1.04816],
							"pivot": [-0.25, 1.3, -0.8625],
							"rotation": [0, -23.3242, 0],
							"uv": {
								"up": {"uv": [12, 11], "uv_size": [-1, 1]}
							}
						},
						{
							"origin": [0.415, 0.0375, -0.225],
							"size": [0.25, 1.7125, 0.20149],
							"inflate": -0.0001,
							"pivot": [0.665, 0.6125, -0.225],
							"rotation": [-57.5, 0, 0],
							"uv": {
								"north": {"uv": [2, 4], "uv_size": [-1, -2]},
								"south": {"uv": [4, 2], "uv_size": [-1, -2]},
								"west": {"uv": [3, 4], "uv_size": [-1, -2]}
							}
						},
						{
							"origin": [-0.625, 0.25, -0.6625],
							"size": [1.25, 0.575, 0.375],
							"uv": {
								"east": {"uv": [13, 1], "uv_size": [-1, -1]},
								"west": {"uv": [1, 13], "uv_size": [-1, -1]}
							}
						},
						{
							"origin": [0.565, 0.25, -0.05],
							"size": [0.1, 0.3625, 0.2],
							"uv": {
								"north": {"uv": [2, 13], "uv_size": [-1, -1]},
								"south": {"uv": [3, 13], "uv_size": [-1, -1]},
								"west": {"uv": [13, 2], "uv_size": [-1, -1]}
							}
						},
						{
							"origin": [0.565, 0.25, -0.425],
							"size": [0.1, 0.075, 0.1125],
							"uv": {
								"south": {"uv": [4, 13], "uv_size": [-1, -1]},
								"west": {"uv": [13, 3], "uv_size": [-1, -1]}
							}
						},
						{
							"origin": [-0.665, -0.05, -0.8625],
							"size": [0.25, 0.05, 0.05],
							"uv": {
								"north": {"uv": [13, 4], "uv_size": [-1, -1]},
								"east": {"uv": [13, 5], "uv_size": [-1, -1]},
								"west": {"uv": [5, 13], "uv_size": [-1, -1]}
							}
						},
						{
							"origin": [0.5, 0, 1.425],
							"size": [0.165, 0.22123, 0.53677],
							"inflate": -0.0001,
							"pivot": [0.665, 0, 1.425],
							"rotation": [27.75854, 0, 0],
							"uv": {
								"east": {"uv": [13, 6], "uv_size": [-1, -1]},
								"west": {"uv": [6, 13], "uv_size": [-1, -1]},
								"down": {"uv": [7, 13], "uv_size": [-1, -1]}
							}
						},
						{
							"origin": [0.5, 0.25, 1.35],
							"size": [0.165, 0.5, 0.55],
							"uv": {
								"east": {"uv": [13, 8], "uv_size": [-1, -1]},
								"south": {"uv": [8, 13], "uv_size": [-1, -1]},
								"west": {"uv": [13, 7], "uv_size": [-1, -1]}
							}
						},
						{
							"origin": [0.5, -0.47712, 1.69454],
							"size": [0.165, 0.77782, 0.38891],
							"inflate": -0.0001,
							"pivot": [0, -0.085, 0.51046],
							"rotation": [45, 0, 0],
							"uv": {
								"east": {"uv": [10, 13], "uv_size": [-1, -1]},
								"south": {"uv": [13, 9], "uv_size": [-1, -1]},
								"west": {"uv": [9, 13], "uv_size": [-1, -1]}
							}
						},
						{
							"origin": [0.415, -0.4, -0.5125],
							"size": [0.25, 0.4, 1],
							"uv": {
								"east": {"uv": [11, 13], "uv_size": [-1, -1]},
								"west": {"uv": [13, 10], "uv_size": [-1, -1]},
								"down": {"uv": [13, 11], "uv_size": [-1, -1]}
							}
						},
						{
							"origin": [0.415, -0.28358, -0.93854],
							"size": [0.25, 0.28284, 0.49497],
							"inflate": -0.0001,
							"pivot": [0, -0.25858, -0.61857],
							"rotation": [-45, 0, 0],
							"uv": {
								"east": {"uv": [13, 12], "uv_size": [-1, -1]},
								"west": {"uv": [12, 13], "uv_size": [-1, -1]},
								"down": {"uv": [13, 13], "uv_size": [-1, -1]}
							}
						},
						{
							"origin": [0.415, -0.28358, 0.41857],
							"size": [0.25, 0.28284, 0.56569],
							"inflate": -0.0001,
							"pivot": [0, -0.25858, 0.59357],
							"rotation": [45, 0, 0],
							"uv": {
								"east": {"uv": [14, 1], "uv_size": [-1, -1]},
								"west": {"uv": [1, 14], "uv_size": [-1, -1]},
								"down": {"uv": [2, 14], "uv_size": [-1, -1]}
							}
						},
						{
							"origin": [0.415, -0.05, -0.8625],
							"size": [0.25, 0.05, 0.05],
							"uv": {
								"north": {"uv": [14, 2], "uv_size": [-1, -1]},
								"east": {"uv": [14, 3], "uv_size": [-1, -1]},
								"west": {"uv": [3, 14], "uv_size": [-1, -1]}
							}
						},
						{
							"origin": [-0.7275, 0.2125, 1.375],
							"size": [0.0625, 0.5, 0.25],
							"uv": {
								"north": {"uv": [4, 14], "uv_size": [-1, -1]},
								"east": {"uv": [14, 4], "uv_size": [-1, -1]},
								"up": {"uv": [14, 4], "uv_size": [-1, 1]},
								"down": {"uv": [5, 14], "uv_size": [-1, -1]}
							}
						},
						{
							"origin": [-0.7275, 0.325, 1.625],
							"size": [0.0625, 0.175, 0.175],
							"uv": {
								"east": {"uv": [14, 6], "uv_size": [-1, -1]},
								"south": {"uv": [6, 14], "uv_size": [-1, -1]}
							}
						},
						{
							"origin": [-0.7275, 0.325, 1.59196],
							"size": [0.0625, 0.09463, 0.20804],
							"inflate": -0.0001,
							"pivot": [-0.7275, 0.325, 1.8],
							"rotation": [32.73523, 0, 0],
							"uv": {
								"east": {"uv": [7, 14], "uv_size": [-1, -1]},
								"down": {"uv": [14, 7], "uv_size": [-1, -1]}
							}
						},
						{
							"origin": [-0.7275, 0.36491, 1.52472],
							"size": [0.0625, 0.13509, 0.27528],
							"inflate": -0.0001,
							"pivot": [-0.7275, 0.5, 1.8],
							"rotation": [-50.52755, 0, 0],
							"uv": {
								"east": {"uv": [8, 14], "uv_size": [-1, -1]},
								"up": {"uv": [14, 7], "uv_size": [-1, 1]}
							}
						},
						{
							"origin": [0.665, 0.2125, 1.375],
							"size": [0.0625, 0.5, 0.25],
							"uv": {
								"north": {"uv": [9, 14], "uv_size": [-1, -1]},
								"west": {"uv": [14, 9], "uv_size": [-1, -1]},
								"up": {"uv": [14, 9], "uv_size": [-1, 1]},
								"down": {"uv": [10, 14], "uv_size": [-1, -1]}
							}
						},
						{
							"origin": [0.665, 0.325, 1.625],
							"size": [0.0625, 0.175, 0.175],
							"uv": {
								"south": {"uv": [14, 11], "uv_size": [-1, -1]},
								"west": {"uv": [11, 14], "uv_size": [-1, -1]}
							}
						},
						{
							"origin": [0.665, 0.325, 1.59196],
							"size": [0.0625, 0.09463, 0.20804],
							"inflate": -0.0001,
							"pivot": [0.7275, 0.325, 1.8],
							"rotation": [32.73523, 0, 0],
							"uv": {
								"west": {"uv": [12, 14], "uv_size": [-1, -1]},
								"down": {"uv": [14, 12], "uv_size": [-1, -1]}
							}
						},
						{
							"origin": [0.665, 0.36491, 1.52472],
							"size": [0.0625, 0.13509, 0.27528],
							"inflate": -0.0001,
							"pivot": [0.7275, 0.5, 1.8],
							"rotation": [-50.52755, 0, 0],
							"uv": {
								"west": {"uv": [13, 14], "uv_size": [-1, -1]},
								"up": {"uv": [14, 12], "uv_size": [-1, 1]}
							}
						}
					]
				},
				{
					"name": "laser_beam",
					"pivot": [0, 0.4, 0]
				}
			]
		}
	]
}