{
	"format_version": "1.12.0",
	"minecraft:geometry": [
		{
			"description": {
				"identifier": "geometry.laser_vwt_c5",
				"texture_width": 16,
				"texture_height": 16,
				"visible_bounds_width": 129,
				"visible_bounds_height": 25,
				"visible_bounds_offset": [0, 0.5, 0]
			},
			"bones": [
				{
					"name": "C5",
					"pivot": [0, 0, -1],
					"cubes": [
						{
							"origin": [-0.64, 0, -0.65],
							"size": [1.28, 0.25, 1.125],
							"uv": {
								"north": {"uv": [3, 2], "uv_size": [-1, -1]},
								"east": {"uv": [4, 2], "uv_size": [-1, -1]},
								"west": {"uv": [2, 4], "uv_size": [-1, -1]},
								"down": {"uv": [3, 4], "uv_size": [-1, -1]}
							}
						},
						{
							"origin": [-0.25, 0.13725, -0.65005],
							"size": [0.32984, 0.7309, 0.10005],
							"inflate": -0.0001,
							"pivot": [-0.25, 0.86815, -0.65005],
							"rotation": [0.00379, -0.00003, 32.24828],
							"uv": {
								"north": {"uv": [4, 3], "uv_size": [-1, -1]}
							}
						},
						{
							"origin": [-0.35, 0.4625, -0.70005],
							"size": [0.13625, 0.29817, 0.15008],
							"inflate": -0.0001,
							"pivot": [-0.35, 0.4625, -0.71255],
							"rotation": [0, -0.00006, 33.02387],
							"uv": {
								"north": {"uv": [15, 4], "uv_size": [-1, -1]},
								"east": {"uv": [5, 15], "uv_size": [-1, -1]}
							}
						},
						{
							"origin": [0.21375, 0.4625, -0.70005],
							"size": [0.13625, 0.29817, 0.15008],
							"inflate": -0.0001,
							"pivot": [0.35, 0.4625, -0.71255],
							"rotation": [0, 0.00006, -33.02387],
							"uv": {
								"north": {"uv": [15, 7], "uv_size": [-1, -1]},
								"west": {"uv": [8, 15], "uv_size": [-1, -1]}
							}
						},
						{
							"origin": [-0.25, 0.25, -0.65005],
							"size": [0.5, 0.61815, 0.10005],
							"uv": {
								"north": {"uv": [4, 4], "uv_size": [-1, -1]}
							}
						},
						{
							"origin": [-0.1875, 0.4625, -0.70005],
							"size": [0.375, 0.25, 0.05],
							"uv": {
								"north": {"uv": [15, 3], "uv_size": [-1, -1]},
								"up": {"uv": [4, 14], "uv_size": [-1, 1]}
							}
						},
						{
							"origin": [-0.35, 0.2125, -0.70005],
							"size": [0.7, 0.25, 0.05],
							"uv": {
								"north": {"uv": [15, 5], "uv_size": [-1, -1]},
								"east": {"uv": [15, 6], "uv_size": [-1, -1]},
								"west": {"uv": [6, 15], "uv_size": [-1, -1]},
								"down": {"uv": [7, 15], "uv_size": [-1, -1]}
							}
						},
						{
							"origin": [-0.0777, 0.275, -0.72505],
							"size": [0.1554, 0.1, 0.025],
							"inflate": -0.0001,
							"pivot": [0, 0.4625, -0.71255],
							"rotation": [0, 0, -45],
							"uv": {
								"north": {"uv": [15, 8], "uv_size": [-1, -1]},
								"up": {"uv": [15, 8], "uv_size": [-1, 1]},
								"down": {"uv": [9, 15], "uv_size": [-1, -1]}
							}
						},
						{
							"origin": [-0.0777, 0.275, -0.72505],
							"size": [0.1554, 0.1, 0.025],
							"inflate": -0.0001,
							"pivot": [0, 0.4625, -0.71255],
							"rotation": [0, 0, 45],
							"uv": {
								"north": {"uv": [15, 11], "uv_size": [-1, -1]},
								"up": {"uv": [15, 11], "uv_size": [-1, 1]},
								"down": {"uv": [12, 15], "uv_size": [-1, -1]}
							}
						},
						{
							"origin": [-0.0777, 0.275, -0.72505],
							"size": [0.1554, 0.1, 0.025],
							"uv": {
								"north": {"uv": [10, 15], "uv_size": [-1, -1]},
								"up": {"uv": [11, 14], "uv_size": [-1, 1]},
								"down": {"uv": [15, 10], "uv_size": [-1, -1]}
							}
						},
						{
							"origin": [-0.0875, 0.375, -0.71255],
							"size": [0.175, 0.175, 0.0125],
							"uv": {
								"north": {"uv": [12, 16], "uv_size": [-1, -1]}
							}
						},
						{
							"origin": [-0.0777, 0.275, -0.72505],
							"size": [0.1554, 0.1, 0.025],
							"inflate": -0.0001,
							"pivot": [0, 0.4625, -0.71255],
							"rotation": [0, 0, -135],
							"uv": {
								"north": {"uv": [16, 10], "uv_size": [-1, -1]},
								"up": {"uv": [16, 10], "uv_size": [-1, 1]},
								"down": {"uv": [11, 16], "uv_size": [-1, -1]}
							}
						},
						{
							"origin": [-0.0777, 0.275, -0.72505],
							"size": [0.1554, 0.1, 0.025],
							"pivot": [0, 0.4625, -0.70716],
							"rotation": [0, 0, 90],
							"uv": {
								"north": {"uv": [9, 16], "uv_size": [-1, -1]},
								"up": {"uv": [10, 15], "uv_size": [-1, 1]},
								"down": {"uv": [16, 9], "uv_size": [-1, -1]}
							}
						},
						{
							"origin": [-0.0777, 0.275, -0.72505],
							"size": [0.1554, 0.1, 0.025],
							"inflate": -0.0001,
							"pivot": [0, 0.4625, -0.71255],
							"rotation": [0, 0, 135],
							"uv": {
								"north": {"uv": [16, 7], "uv_size": [-1, -1]},
								"up": {"uv": [16, 7], "uv_size": [-1, 1]},
								"down": {"uv": [8, 16], "uv_size": [-1, -1]}
							}
						},
						{
							"origin": [-0.03125, 0.22774, -0.79341],
							"size": [0.0625, 0.06731, 0.02321],
							"pivot": [0, 0.4625, -0.70716],
							"rotation": [21.80141, 0, 0],
							"uv": {
								"north": {"uv": [13, 15], "uv_size": [-1, -1]},
								"east": {"uv": [14, 15], "uv_size": [-1, -1]},
								"west": {"uv": [15, 13], "uv_size": [-1, -1]}
							}
						},
						{
							"origin": [-0.03125, 0.62995, -0.79341],
							"size": [0.0625, 0.06731, 0.02321],
							"pivot": [0, 0.4625, -0.70716],
							"rotation": [-21.80141, 0, 0],
							"uv": {
								"north": {"uv": [15, 14], "uv_size": [-1, -1]},
								"east": {"uv": [1, 16], "uv_size": [-1, -1]},
								"west": {"uv": [15, 15], "uv_size": [-1, -1]}
							}
						},
						{
							"origin": [-0.03125, 0.22774, -0.79341],
							"size": [0.0625, 0.06731, 0.02321],
							"pivot": [0, 0.4625, -0.70716],
							"rotation": [21.80141, 0, -90],
							"uv": {
								"north": {"uv": [16, 4], "uv_size": [-1, -1]},
								"east": {"uv": [16, 5], "uv_size": [-1, -1]},
								"west": {"uv": [5, 16], "uv_size": [-1, -1]}
							}
						},
						{
							"origin": [-0.0777, 0.275, -0.72505],
							"size": [0.1554, 0.1, 0.025],
							"pivot": [0, 0.4625, -0.70716],
							"rotation": [0, 0, -90],
							"uv": {
								"north": {"uv": [3, 16], "uv_size": [-1, -1]},
								"up": {"uv": [4, 15], "uv_size": [-1, 1]},
								"down": {"uv": [16, 3], "uv_size": [-1, -1]}
							}
						},
						{
							"origin": [-0.03125, 0.62995, -0.79341],
							"size": [0.0625, 0.06731, 0.02321],
							"pivot": [0, 0.4625, -0.70716],
							"rotation": [-21.80141, 0, -90],
							"uv": {
								"north": {"uv": [16, 1], "uv_size": [-1, -1]},
								"east": {"uv": [16, 2], "uv_size": [-1, -1]},
								"west": {"uv": [2, 16], "uv_size": [-1, -1]}
							}
						},
						{
							"origin": [-0.64, 0, 0.475],
							"size": [1.28, 0.1, 0.5],
							"uv": {
								"east": {"uv": [5, 1], "uv_size": [-1, -1]},
								"west": {"uv": [1, 5], "uv_size": [-1, -1]},
								"up": {"uv": [5, 1], "uv_size": [-1, 1]},
								"down": {"uv": [2, 5], "uv_size": [-1, -1]}
							}
						},
						{
							"origin": [-0.0777, 0.275, -0.72505],
							"size": [0.1554, 0.1, 0.025],
							"pivot": [0, 0.4625, -0.70716],
							"rotation": [0, 0, -180],
							"uv": {
								"north": {"uv": [6, 16], "uv_size": [-1, -1]},
								"up": {"uv": [7, 15], "uv_size": [-1, 1]},
								"down": {"uv": [16, 6], "uv_size": [-1, -1]}
							}
						},
						{
							"origin": [-0.64, 0.1, 0.725],
							"size": [1.28, 0.753, 0.25],
							"inflate": 0.0001,
							"uv": {
								"north": {"uv": [3, 5], "uv_size": [-1, -1]},
								"east": {"uv": [4, 5], "uv_size": [-1, -1]},
								"west": {"uv": [5, 3], "uv_size": [-1, -1]}
							}
						},
						{
							"origin": [-0.64, 0.325, 1.225],
							"size": [0.25, 0.725, 0.25],
							"uv": {
								"east": {"uv": [5, 4], "uv_size": [-1, -1]},
								"up": {"uv": [5, 4], "uv_size": [-1, 1]}
							}
						},
						{
							"origin": [-0.64, -0.23394, 1.2143],
							"size": [0.25, 0.45894, 0.1607],
							"inflate": -0.0001,
							"pivot": [-0.89, 0.225, 1.375],
							"rotation": [-60.64224, 0, 0],
							"uv": {
								"east": {"uv": [2, 6], "uv_size": [-1, -1]},
								"south": {"uv": [6, 1], "uv_size": [-1, -1]},
								"west": {"uv": [1, 6], "uv_size": [-1, -1]}
							}
						},
						{
							"origin": [-0.64, 0.875, 1.58163],
							"size": [0.25, 0.30516, 0.14337],
							"inflate": -0.0001,
							"pivot": [-0.89, 0.875, 1.725],
							"rotation": [55.00798, 0, 0],
							"uv": {
								"east": {"uv": [6, 3], "uv_size": [-1, -1]},
								"south": {"uv": [3, 6], "uv_size": [-1, -1]},
								"west": {"uv": [6, 2], "uv_size": [-1, -1]}
							}
						},
						{
							"origin": [-0.64, 0.08003, 1.54822],
							"size": [0.25, 0.49497, 0.17678],
							"inflate": 0.0001,
							"pivot": [-0.89, 0.575, 1.725],
							"rotation": [-45, 0, 0],
							"uv": {
								"east": {"uv": [5, 6], "uv_size": [-1, -1]},
								"south": {"uv": [6, 4], "uv_size": [-1, -1]},
								"west": {"uv": [4, 6], "uv_size": [-1, -1]}
							}
						},
						{
							"origin": [-0.64, 0.575, 1.475],
							"size": [0.25, 0.3, 0.25],
							"uv": {
								"east": {"uv": [1, 7], "uv_size": [-1, -1]},
								"south": {"uv": [6, 6], "uv_size": [-1, -1]},
								"west": {"uv": [6, 5], "uv_size": [-1, -1]}
							}
						},
						{
							"origin": [0.39, -0.23394, 1.2143],
							"size": [0.25, 0.45894, 0.1607],
							"inflate": -0.0001,
							"pivot": [0.89, 0.225, 1.375],
							"rotation": [-60.64224, 0, 0],
							"uv": {
								"east": {"uv": [7, 2], "uv_size": [-1, -1]},
								"south": {"uv": [2, 7], "uv_size": [-1, -1]},
								"west": {"uv": [7, 1], "uv_size": [-1, -1]}
							}
						},
						{
							"origin": [0.39, 0.08003, 1.54822],
							"size": [0.25, 0.49497, 0.17678],
							"inflate": 0.0001,
							"pivot": [0.89, 0.575, 1.725],
							"rotation": [-45, 0, 0],
							"uv": {
								"east": {"uv": [4, 7], "uv_size": [-1, -1]},
								"south": {"uv": [7, 3], "uv_size": [-1, -1]},
								"west": {"uv": [3, 7], "uv_size": [-1, -1]}
							}
						},
						{
							"origin": [0.39, 0.575, 1.475],
							"size": [0.25, 0.3, 0.25],
							"uv": {
								"east": {"uv": [7, 5], "uv_size": [-1, -1]},
								"south": {"uv": [5, 7], "uv_size": [-1, -1]},
								"west": {"uv": [7, 4], "uv_size": [-1, -1]}
							}
						},
						{
							"origin": [0.39, 0.875, 1.58163],
							"size": [0.25, 0.30516, 0.14337],
							"inflate": -0.0001,
							"pivot": [0.89, 0.875, 1.725],
							"rotation": [55.00798, 0, 0],
							"uv": {
								"east": {"uv": [7, 7], "uv_size": [-1, -1]},
								"south": {"uv": [7, 6], "uv_size": [-1, -1]},
								"west": {"uv": [6, 7], "uv_size": [-1, -1]}
							}
						},
						{
							"origin": [0.39, 0.325, 1.225],
							"size": [0.25, 0.725, 0.25],
							"uv": {
								"east": {"uv": [8, 1], "uv_size": [-1, -1]},
								"west": {"uv": [1, 8], "uv_size": [-1, -1]},
								"up": {"uv": [2, 7], "uv_size": [-1, 1]}
							}
						},
						{
							"origin": [-0.64, 0.95, -0.86579],
							"size": [1.28, 0.1, 1.59079],
							"inflate": 0.0001,
							"pivot": [-0.64, 1.05, 0.725],
							"rotation": [30.19162, 0, 0],
							"uv": {
								"east": {"uv": [2, 2], "uv_size": [-2, -1]},
								"west": {"uv": [2, 1], "uv_size": [-2, -1]},
								"down": {"uv": [1, 4], "uv_size": [-1, -2]}
							}
						},
						{
							"origin": [-0.25, 0.95, -0.6991],
							"size": [0.5, 0.1, 0.3616],
							"pivot": [-0.25, 1.05, -0.3375],
							"rotation": [30.19162, 0, 0],
							"uv": {
								"up": {"uv": [8, 1], "uv_size": [-1, 1]}
							}
						},
						{
							"origin": [0.2375, -0.0425, -0.365],
							"size": [0.0125, 0.08, 0.0275],
							"pivot": [0.25, 1.05, -0.3375],
							"rotation": [79.40667, 17.24519, -32.24602],
							"uv": {
								"west": {"uv": [3, 8], "uv_size": [-1, -1]}
							}
						},
						{
							"origin": [-0.25, -0.0425, -0.365],
							"size": [0.0125, 0.08, 0.0275],
							"pivot": [-0.25, 1.05, -0.3375],
							"rotation": [79.40667, -17.24519, 32.24602],
							"uv": {
								"east": {"uv": [3, 15], "uv_size": [-1, -1]}
							}
						},
						{
							"origin": [-0.25, 0.0375, -0.4],
							"size": [0.0125, 1.0125, 0.0625],
							"pivot": [-0.25, 1.05, -0.3375],
							"rotation": [79.40667, -17.24519, 32.24602],
							"uv": {
								"north": {"uv": [8, 3], "uv_size": [-1, -1]},
								"east": {"uv": [4, 8], "uv_size": [-1, -1]}
							}
						},
						{
							"origin": [-0.2375, 0.1125, -0.4875],
							"size": [0.0125, 0.1125, 0.0875],
							"pivot": [-0.25, 1.05, -0.3375],
							"rotation": [79.40667, -17.24519, 32.24602],
							"uv": {
								"east": {"uv": [13, 6], "uv_size": [-1, -1]}
							}
						},
						{
							"origin": [-0.2375, 0.225, -0.575],
							"size": [0.0125, 0.125, 0.175],
							"pivot": [-0.25, 1.05, -0.3375],
							"rotation": [79.40667, -17.24519, 32.24602],
							"uv": {
								"east": {"uv": [13, 7], "uv_size": [-1, -1]}
							}
						},
						{
							"origin": [-0.2375, 0.35, -0.66207],
							"size": [0.0125, 0.6625, 0.26207],
							"pivot": [-0.25, 1.05, -0.3375],
							"rotation": [79.40667, -17.24519, 32.24602],
							"uv": {
								"east": {"uv": [8, 13], "uv_size": [-1, -1]}
							}
						},
						{
							"origin": [-0.25, 0.9875, -0.6991],
							"size": [0.0125, 0.0625, 0.3616],
							"pivot": [-0.25, 1.05, -0.3375],
							"rotation": [25.17121, -17.24652, 32.24711],
							"uv": {
								"east": {"uv": [8, 4], "uv_size": [-1, -1]},
								"down": {"uv": [5, 8], "uv_size": [-1, -1]}
							}
						},
						{
							"origin": [-0.2375, 0.65, -0.6991],
							"size": [0.0125, 0.3375, 0.3616],
							"pivot": [-0.25, 1.05, -0.3375],
							"rotation": [25.17121, -17.24652, 32.24711],
							"uv": {
								"east": {"uv": [6, 13], "uv_size": [-1, -1]}
							}
						},
						{
							"origin": [-0.25, 0.38848, -1.00992],
							"size": [0.0125, 0.025, 1.59079],
							"pivot": [-0.25, 1.05, -0.3375],
							"rotation": [25.17121, -17.24652, 32.24711],
							"uv": {
								"east": {"uv": [4, 1], "uv_size": [-2, -1]}
							}
						},
						{
							"origin": [-0.25, 0.41348, -0.97242],
							"size": [0.0125, 0.0375, 1.475],
							"pivot": [-0.25, 1.05, -0.3375],
							"rotation": [25.17121, -17.24652, 32.24711],
							"uv": {
								"east": {"uv": [8, 5], "uv_size": [-1, -1]},
								"up": {"uv": [6, 7], "uv_size": [-1, 1]}
							}
						},
						{
							"origin": [-0.2375, 0.45098, -0.80992],
							"size": [0.0125, 0.2, 0.90329],
							"pivot": [-0.25, 1.05, -0.3375],
							"rotation": [25.17121, -17.24652, 32.24711],
							"uv": {
								"east": {"uv": [7, 13], "uv_size": [-1, -1]}
							}
						},
						{
							"origin": [-0.11612, 0.95, -0.3374],
							"size": [0.36612, 0.1, 1.13182],
							"pivot": [0.25, 1.05, -0.3374],
							"rotation": [0, 20.15611, 0],
							"uv": {
								"up": {"uv": [15, 1], "uv_size": [-1, 1]}
							}
						},
						{
							"origin": [0.2375, 0.61815, 0.24995],
							"size": [0.0125, 0.2375, 0.0625],
							"pivot": [0.25, 0.86815, -0.65005],
							"rotation": [0.00397, 17.24652, -32.24711],
							"uv": {
								"north": {"uv": [1, 15], "uv_size": [-1, -1]},
								"south": {"uv": [2, 15], "uv_size": [-1, -1]},
								"west": {"uv": [15, 1], "uv_size": [-1, -1]}
							}
						},
						{
							"origin": [0.2375, 0.51815, 0.02495],
							"size": [0.0125, 0.375, 0.0625],
							"pivot": [0.25, 0.86815, -0.65005],
							"rotation": [0.00397, 17.24652, -32.24711],
							"uv": {
								"north": {"uv": [13, 14], "uv_size": [-1, -1]},
								"south": {"uv": [14, 14], "uv_size": [-1, -1]},
								"west": {"uv": [14, 13], "uv_size": [-1, -1]}
							}
						},
						{
							"origin": [0.2375, 0.0375, -0.4],
							"size": [0.0125, 1.0125, 0.0625],
							"pivot": [0.25, 1.05, -0.3375],
							"rotation": [79.40667, 17.24519, -32.24602],
							"uv": {
								"north": {"uv": [12, 14], "uv_size": [-1, -1]},
								"west": {"uv": [14, 12], "uv_size": [-1, -1]}
							}
						},
						{
							"origin": [0.2375, 0.9875, -0.6991],
							"size": [0.0125, 0.0625, 0.3616],
							"pivot": [0.25, 1.05, -0.3375],
							"rotation": [25.17121, 17.24652, -32.24711],
							"uv": {
								"west": {"uv": [11, 14], "uv_size": [-1, -1]},
								"down": {"uv": [14, 11], "uv_size": [-1, -1]}
							}
						},
						{
							"origin": [0.2375, 0.40565, -0.20005],
							"size": [0.0125, 0.5375, 0.0625],
							"pivot": [0.25, 0.86815, -0.65005],
							"rotation": [0.00397, 17.24652, -32.24711],
							"uv": {
								"north": {"uv": [14, 9], "uv_size": [-1, -1]},
								"south": {"uv": [14, 10], "uv_size": [-1, -1]},
								"west": {"uv": [10, 14], "uv_size": [-1, -1]}
							}
						},
						{
							"origin": [0.2375, 0.30565, -0.42505],
							"size": [0.0125, 0.6375, 0.0625],
							"pivot": [0.25, 0.86815, -0.65005],
							"rotation": [0.00397, 17.24652, -32.24711],
							"uv": {
								"north": {"uv": [8, 14], "uv_size": [-1, -1]},
								"south": {"uv": [9, 14], "uv_size": [-1, -1]},
								"west": {"uv": [14, 8], "uv_size": [-1, -1]}
							}
						},
						{
							"origin": [0.2375, 0.41348, -0.97242],
							"size": [0.0125, 0.0375, 1.475],
							"pivot": [0.25, 1.05, -0.3375],
							"rotation": [25.17121, 17.24652, -32.24711],
							"uv": {
								"west": {"uv": [7, 14], "uv_size": [-1, -1]},
								"up": {"uv": [14, 6], "uv_size": [-1, 1]}
							}
						},
						{
							"origin": [0.2375, 0.38848, -1.00992],
							"size": [0.0125, 0.025, 1.59079],
							"pivot": [0.25, 1.05, -0.3375],
							"rotation": [25.17121, 17.24652, -32.24711],
							"uv": {
								"west": {"uv": [3, 3], "uv_size": [-2, -1]}
							}
						},
						{
							"origin": [-0.07984, 0.13725, -0.65005],
							"size": [0.32984, 0.7309, 0.10005],
							"inflate": -0.0001,
							"pivot": [0.25, 0.86815, -0.65005],
							"rotation": [0.00379, 0.00003, -32.24828],
							"uv": {
								"north": {"uv": [14, 6], "uv_size": [-1, -1]}
							}
						},
						{
							"origin": [0.2375, 0.16225, -0.65005],
							"size": [0.0125, 0.0309, 0.025],
							"pivot": [0.25, 0.86815, -0.65005],
							"rotation": [0.00397, 17.24652, -32.24711],
							"uv": {
								"west": {"uv": [6, 14], "uv_size": [-1, -1]}
							}
						},
						{
							"origin": [0.2375, 0.19315, -0.65005],
							"size": [0.0125, 0.675, 0.0625],
							"pivot": [0.25, 0.86815, -0.65005],
							"rotation": [0.00397, 17.24652, -32.24711],
							"uv": {
								"south": {"uv": [14, 5], "uv_size": [-1, -1]},
								"west": {"uv": [5, 14], "uv_size": [-1, -1]}
							}
						},
						{
							"origin": [0.225, 0.225, -0.575],
							"size": [0.0125, 0.125, 0.175],
							"pivot": [0.25, 1.05, -0.3375],
							"rotation": [79.40667, 17.24519, -32.24602],
							"uv": {
								"west": {"uv": [14, 4], "uv_size": [-1, -1]}
							}
						},
						{
							"origin": [0.225, 0.1125, -0.4875],
							"size": [0.0125, 0.1125, 0.0875],
							"pivot": [0.25, 1.05, -0.3375],
							"rotation": [79.40667, 17.24519, -32.24602],
							"uv": {
								"west": {"uv": [4, 14], "uv_size": [-1, -1]}
							}
						},
						{
							"origin": [0.225, 0.35, -0.66207],
							"size": [0.0125, 0.6625, 0.26207],
							"pivot": [0.25, 1.05, -0.3375],
							"rotation": [79.40667, 17.24519, -32.24602],
							"uv": {
								"west": {"uv": [14, 3], "uv_size": [-1, -1]}
							}
						},
						{
							"origin": [0.225, 0.65, -0.6991],
							"size": [0.0125, 0.3375, 0.3616],
							"pivot": [0.25, 1.05, -0.3375],
							"rotation": [25.17121, 17.24652, -32.24711],
							"uv": {
								"west": {"uv": [3, 14], "uv_size": [-1, -1]}
							}
						},
						{
							"origin": [0.225, 0.2356, -0.58755],
							"size": [0.0125, 0.5, 0.10761],
							"pivot": [0.25, 0.86815, -0.65005],
							"rotation": [0.00397, 17.24652, -32.24711],
							"uv": {
								"west": {"uv": [14, 2], "uv_size": [-1, -1]}
							}
						},
						{
							"origin": [0.225, 0.45098, -0.80992],
							"size": [0.0125, 0.2, 0.90329],
							"pivot": [0.25, 1.05, -0.3375],
							"rotation": [25.17121, 17.24652, -32.24711],
							"uv": {
								"west": {"uv": [2, 14], "uv_size": [-1, -1]}
							}
						},
						{
							"origin": [-0.2375, 0.2356, -0.58755],
							"size": [0.0125, 0.5, 0.10761],
							"pivot": [-0.25, 0.86815, -0.65005],
							"rotation": [0.00397, -17.24652, 32.24711],
							"uv": {
								"east": {"uv": [8, 6], "uv_size": [-1, -1]}
							}
						},
						{
							"origin": [-0.25, 0.19315, -0.65005],
							"size": [0.0125, 0.675, 0.0625],
							"pivot": [-0.25, 0.86815, -0.65005],
							"rotation": [0.00397, -17.24652, 32.24711],
							"uv": {
								"east": {"uv": [13, 5], "uv_size": [-1, -1]},
								"south": {"uv": [5, 13], "uv_size": [-1, -1]}
							}
						},
						{
							"origin": [-0.25, 0.30565, -0.42505],
							"size": [0.0125, 0.6375, 0.0625],
							"pivot": [-0.25, 0.86815, -0.65005],
							"rotation": [0.00397, -17.24652, 32.24711],
							"uv": {
								"north": {"uv": [13, 8], "uv_size": [-1, -1]},
								"east": {"uv": [13, 9], "uv_size": [-1, -1]},
								"south": {"uv": [9, 13], "uv_size": [-1, -1]}
							}
						},
						{
							"origin": [-0.25, 0.40565, -0.20005],
							"size": [0.0125, 0.5375, 0.0625],
							"pivot": [-0.25, 0.86815, -0.65005],
							"rotation": [0.00397, -17.24652, 32.24711],
							"uv": {
								"north": {"uv": [10, 13], "uv_size": [-1, -1]},
								"east": {"uv": [11, 13], "uv_size": [-1, -1]},
								"south": {"uv": [13, 10], "uv_size": [-1, -1]}
							}
						},
						{
							"origin": [-0.25, 0.51815, 0.02495],
							"size": [0.0125, 0.375, 0.0625],
							"pivot": [-0.25, 0.86815, -0.65005],
							"rotation": [0.00397, -17.24652, 32.24711],
							"uv": {
								"north": {"uv": [13, 11], "uv_size": [-1, -1]},
								"east": {"uv": [13, 12], "uv_size": [-1, -1]},
								"south": {"uv": [12, 13], "uv_size": [-1, -1]}
							}
						},
						{
							"origin": [-0.25, 0.61815, 0.24995],
							"size": [0.0125, 0.2375, 0.0625],
							"pivot": [-0.25, 0.86815, -0.65005],
							"rotation": [0.00397, -17.24652, 32.24711],
							"uv": {
								"north": {"uv": [13, 13], "uv_size": [-1, -1]},
								"east": {"uv": [14, 1], "uv_size": [-1, -1]},
								"south": {"uv": [1, 14], "uv_size": [-1, -1]}
							}
						},
						{
							"origin": [-0.25, 0.16225, -0.65005],
							"size": [0.0125, 0.0309, 0.025],
							"pivot": [-0.25, 0.86815, -0.65005],
							"rotation": [0.00397, -17.24652, 32.24711],
							"uv": {
								"east": {"uv": [7, 8], "uv_size": [-1, -1]}
							}
						},
						{
							"origin": [-0.64, 0.8625, -0.7],
							"size": [1.28, 0.0875, 0.45],
							"inflate": 0.0001,
							"pivot": [-0.64, 1.05, 0.725],
							"rotation": [30.19162, 0, 0],
							"uv": {
								"east": {"uv": [1, 9], "uv_size": [-1, -1]},
								"south": {"uv": [8, 8], "uv_size": [-1, -1]},
								"west": {"uv": [8, 7], "uv_size": [-1, -1]}
							}
						},
						{
							"origin": [-0.64, 0.1406, 0.7251],
							"size": [1.28, 0.9094, 0.5],
							"uv": {
								"east": {"uv": [9, 2], "uv_size": [-1, -1]},
								"south": {"uv": [2, 9], "uv_size": [-1, -1]},
								"west": {"uv": [9, 1], "uv_size": [-1, -1]},
								"up": {"uv": [3, 8], "uv_size": [-1, 1]}
							}
						},
						{
							"origin": [-0.25, 0.95, -0.3374],
							"size": [0.5, 0.1, 1.0625],
							"uv": {
								"up": {"uv": [9, 2], "uv_size": [-1, 1]}
							}
						},
						{
							"origin": [-0.25, 0.95, -0.3374],
							"size": [0.36612, 0.1, 1.13182],
							"pivot": [-0.25, 1.05, -0.3374],
							"rotation": [0, -20.15611, 0],
							"uv": {
								"up": {"uv": [4, 8], "uv_size": [-1, 1]}
							}
						},
						{
							"origin": [-0.39, -0.23393, 1.2143],
							"size": [0.78, 0.28682, 0.16072],
							"pivot": [-0.64, 0.225, 1.375],
							"rotation": [-60.64224, 0, 0],
							"uv": {
								"south": {"uv": [9, 4], "uv_size": [-1, -1]}
							}
						},
						{
							"origin": [-0.64, 0.25, -0.325],
							"size": [1.28, 0.15, 0.65],
							"uv": {
								"east": {"uv": [9, 5], "uv_size": [-1, -1]},
								"west": {"uv": [5, 9], "uv_size": [-1, -1]},
								"up": {"uv": [6, 8], "uv_size": [-1, 1]}
							}
						},
						{
							"origin": [-0.6, 0.1, 0.475],
							"size": [1.2, 0.75, 0.25],
							"uv": {
								"east": {"uv": [13, 2], "uv_size": [-1, -1]},
								"west": {"uv": [2, 13], "uv_size": [-1, -1]}
							}
						},
						{
							"origin": [-0.6, 0.4, 0.075],
							"size": [1.24, 0.25, 0.25],
							"uv": {
								"east": {"uv": [13, 3], "uv_size": [-1, -1]},
								"west": {"uv": [3, 13], "uv_size": [-1, -1]}
							}
						},
						{
							"origin": [-0.6, 0.4, -0.075],
							"size": [1.24, 0.1625, 0.15],
							"uv": {
								"east": {"uv": [13, 4], "uv_size": [-1, -1]},
								"west": {"uv": [4, 13], "uv_size": [-1, -1]}
							}
						},
						{
							"origin": [-0.64, 0.1, 0.325],
							"size": [1.28, 0.7, 0.15],
							"uv": {
								"north": {"uv": [9, 6], "uv_size": [-1, -1]},
								"east": {"uv": [8, 9], "uv_size": [-1, -1]},
								"south": {"uv": [9, 7], "uv_size": [-1, -1]},
								"west": {"uv": [7, 9], "uv_size": [-1, -1]}
							}
						},
						{
							"origin": [-0.64, 0.65, 0.2365],
							"size": [1.28, 0.0515, 0.0885],
							"inflate": -0.0001,
							"uv": {
								"east": {"uv": [9, 9], "uv_size": [-1, -1]},
								"west": {"uv": [9, 8], "uv_size": [-1, -1]},
								"down": {"uv": [1, 10], "uv_size": [-1, -1]}
							}
						},
						{
							"origin": [-0.64, 0.85, 0.575],
							"size": [1.28, 0.0875, 0.15],
							"inflate": -0.0001,
							"uv": {
								"east": {"uv": [2, 10], "uv_size": [-1, -1]},
								"west": {"uv": [10, 1], "uv_size": [-1, -1]},
								"down": {"uv": [10, 2], "uv_size": [-1, -1]}
							}
						},
						{
							"origin": [-0.64, -0.125, -0.65],
							"size": [0.25, 0.125, 1.4],
							"uv": {
								"north": {"uv": [3, 10], "uv_size": [-1, -1]},
								"east": {"uv": [10, 4], "uv_size": [-1, -1]},
								"south": {"uv": [4, 10], "uv_size": [-1, -1]},
								"west": {"uv": [10, 3], "uv_size": [-1, -1]}
							}
						},
						{
							"origin": [0.39, -0.32992, 0.42348],
							"size": [0.25, 0.1591, 0.3182],
							"inflate": -0.0001,
							"pivot": [0, -0.21742, 0.49848],
							"rotation": [45, 0, 0],
							"uv": {
								"east": {"uv": [1, 13], "uv_size": [-1, -1]},
								"west": {"uv": [12, 12], "uv_size": [-1, -1]},
								"down": {"uv": [13, 1], "uv_size": [-1, -1]}
							}
						},
						{
							"origin": [0.39, -0.32992, -0.64168],
							"size": [0.25, 0.1591, 0.3182],
							"inflate": -0.0001,
							"pivot": [0, -0.21742, -0.39848],
							"rotation": [-45, 0, 0],
							"uv": {
								"east": {"uv": [11, 12], "uv_size": [-1, -1]},
								"west": {"uv": [12, 10], "uv_size": [-1, -1]},
								"down": {"uv": [12, 11], "uv_size": [-1, -1]}
							}
						},
						{
							"origin": [0.39, -0.35, -0.425],
							"size": [0.25, 0.225, 0.95],
							"uv": {
								"east": {"uv": [12, 9], "uv_size": [-1, -1]},
								"west": {"uv": [9, 12], "uv_size": [-1, -1]},
								"down": {"uv": [10, 12], "uv_size": [-1, -1]}
							}
						},
						{
							"origin": [0.39, -0.125, -0.65],
							"size": [0.25, 0.125, 1.4],
							"uv": {
								"north": {"uv": [7, 12], "uv_size": [-1, -1]},
								"east": {"uv": [12, 8], "uv_size": [-1, -1]},
								"south": {"uv": [8, 12], "uv_size": [-1, -1]},
								"west": {"uv": [12, 7], "uv_size": [-1, -1]}
							}
						},
						{
							"origin": [-0.64, -0.35, -0.425],
							"size": [0.25, 0.225, 0.95],
							"uv": {
								"east": {"uv": [10, 5], "uv_size": [-1, -1]},
								"west": {"uv": [5, 10], "uv_size": [-1, -1]},
								"down": {"uv": [6, 10], "uv_size": [-1, -1]}
							}
						},
						{
							"origin": [-0.64, -0.32992, -0.64168],
							"size": [0.25, 0.1591, 0.3182],
							"inflate": -0.0001,
							"pivot": [0, -0.21742, -0.39848],
							"rotation": [-45, 0, 0],
							"uv": {
								"east": {"uv": [7, 10], "uv_size": [-1, -1]},
								"west": {"uv": [10, 6], "uv_size": [-1, -1]},
								"down": {"uv": [10, 7], "uv_size": [-1, -1]}
							}
						},
						{
							"origin": [-0.64, -0.32992, 0.42348],
							"size": [0.25, 0.1591, 0.3182],
							"inflate": -0.0001,
							"pivot": [0, -0.21742, 0.49848],
							"rotation": [45, 0, 0],
							"uv": {
								"east": {"uv": [10, 8], "uv_size": [-1, -1]},
								"west": {"uv": [8, 10], "uv_size": [-1, -1]},
								"down": {"uv": [9, 10], "uv_size": [-1, -1]}
							}
						},
						{
							"origin": [-0.6625, 0.075, -0.0375],
							"size": [0.0375, 0.125, 0.125],
							"pivot": [0.025, 0.1375, 0.025],
							"rotation": [45, 0, 0],
							"uv": {
								"north": {"uv": [10, 9], "uv_size": [-1, -1]},
								"east": {"uv": [1, 11], "uv_size": [-1, -1]},
								"south": {"uv": [10, 10], "uv_size": [-1, -1]},
								"up": {"uv": [2, 10], "uv_size": [-1, 1]},
								"down": {"uv": [11, 1], "uv_size": [-1, -1]}
							}
						},
						{
							"origin": [0.6375, 0.0375, -0.075],
							"size": [0.025, 0.3, 0.3],
							"pivot": [0.025, 0.1875, 0.075],
							"rotation": [45, 0, 0],
							"uv": {
								"north": {"uv": [11, 7], "uv_size": [-1, -1]},
								"south": {"uv": [11, 8], "uv_size": [-1, -1]},
								"west": {"uv": [8, 11], "uv_size": [-1, -1]},
								"up": {"uv": [11, 8], "uv_size": [-1, 1]},
								"down": {"uv": [9, 11], "uv_size": [-1, -1]}
							}
						},
						{
							"origin": [0.6375, 0.475, 0.0125],
							"size": [0.025, 0.125, 0.125],
							"pivot": [0.025, 0.5375, 0.075],
							"rotation": [45, 0, 0],
							"uv": {
								"north": {"uv": [10, 11], "uv_size": [-1, -1]},
								"south": {"uv": [11, 11], "uv_size": [-1, -1]},
								"west": {"uv": [11, 10], "uv_size": [-1, -1]},
								"up": {"uv": [12, 0], "uv_size": [-1, 1]},
								"down": {"uv": [1, 12], "uv_size": [-1, -1]}
							}
						},
						{
							"origin": [-0.7, 0.74287, 1.41696],
							"size": [0.0625, 0.09463, 0.20804],
							"inflate": -0.0001,
							"pivot": [-2.54, 0.8375, 1.625],
							"rotation": [-32.73523, 0, 0],
							"uv": {
								"east": {"uv": [11, 2], "uv_size": [-1, -1]},
								"up": {"uv": [3, 10], "uv_size": [-1, 1]}
							}
						},
						{
							"origin": [0.6375, 0.45, 1.2],
							"size": [0.0625, 0.5, 0.25],
							"uv": {
								"north": {"uv": [5, 12], "uv_size": [-1, -1]},
								"west": {"uv": [12, 5], "uv_size": [-1, -1]},
								"up": {"uv": [12, 5], "uv_size": [-1, 1]},
								"down": {"uv": [6, 12], "uv_size": [-1, -1]}
							}
						},
						{
							"origin": [0.6375, 0.6625, 1.34972],
							"size": [0.0625, 0.13509, 0.27528],
							"inflate": -0.0001,
							"pivot": [2.54, 0.6625, 1.625],
							"rotation": [50.52755, 0, 0],
							"uv": {
								"west": {"uv": [4, 12], "uv_size": [-1, -1]},
								"down": {"uv": [12, 4], "uv_size": [-1, -1]}
							}
						},
						{
							"origin": [0.6375, 0.6625, 1.45],
							"size": [0.0625, 0.175, 0.175],
							"uv": {
								"south": {"uv": [12, 3], "uv_size": [-1, -1]},
								"west": {"uv": [3, 12], "uv_size": [-1, -1]}
							}
						},
						{
							"origin": [0.6375, 0.74287, 1.41696],
							"size": [0.0625, 0.09463, 0.20804],
							"inflate": -0.0001,
							"pivot": [2.54, 0.8375, 1.625],
							"rotation": [-32.73523, 0, 0],
							"uv": {
								"west": {"uv": [2, 12], "uv_size": [-1, -1]},
								"up": {"uv": [12, 1], "uv_size": [-1, 1]}
							}
						},
						{
							"origin": [-0.7, 0.6625, 1.45],
							"size": [0.0625, 0.175, 0.175],
							"uv": {
								"east": {"uv": [4, 11], "uv_size": [-1, -1]},
								"south": {"uv": [11, 3], "uv_size": [-1, -1]}
							}
						},
						{
							"origin": [-0.7, 0.6625, 1.34972],
							"size": [0.0625, 0.13509, 0.27528],
							"inflate": -0.0001,
							"pivot": [-2.54, 0.6625, 1.625],
							"rotation": [50.52755, 0, 0],
							"uv": {
								"east": {"uv": [11, 4], "uv_size": [-1, -1]},
								"down": {"uv": [5, 11], "uv_size": [-1, -1]}
							}
						},
						{
							"origin": [-0.7, 0.45, 1.2],
							"size": [0.0625, 0.5, 0.25],
							"uv": {
								"north": {"uv": [11, 5], "uv_size": [-1, -1]},
								"east": {"uv": [6, 11], "uv_size": [-1, -1]},
								"up": {"uv": [7, 10], "uv_size": [-1, 1]},
								"down": {"uv": [11, 6], "uv_size": [-1, -1]}
							}
						}
					]
				},
				{
					"name": "laser_beam",
					"pivot": [0, 0.4625, 0]
				}
			]
		}
	]
}