{
	"format_version": "1.12.0",
	"minecraft:geometry": [
		{
			"description": {
				"identifier": "geometry.laser_3eir_dirv",
				"texture_width": 32,
				"texture_height": 32,
				"visible_bounds_width": 129,
				"visible_bounds_height": 25,
				"visible_bounds_offset": [0, 0.5, 0]
			},
			"bones": [
				{
					"name": "3EIR_DIRV",
					"pivot": [-0.0625, 0, 0.5],
					"cubes": [
						{
							"origin": [-0.8, -0.275, -2.4125],
							"size": [0.1, 0.1, 0.0375],
							"pivot": [-0.75, -0.225, -1.8125],
							"rotation": [0, 0, 45],
							"uv": {
								"north": {"uv": [10, 10], "uv_size": [0.5, 0.5]},
								"east": {"uv": [0, 11], "uv_size": [0.5, 0.5]},
								"west": {"uv": [11, 0], "uv_size": [0.5, 0.5]},
								"up": {"uv": [1, 11], "uv_size": [0.5, 0.5]},
								"down": {"uv": [11, 1.5], "uv_size": [0.5, -0.5]}
							}
						},
						{
							"origin": [-0.8, -0.0125, -2.4125],
							"size": [0.1, 0.1, 0.0375],
							"pivot": [-0.75, 0.0375, -2.39375],
							"rotation": [0, 0, 45],
							"uv": {
								"north": {"uv": [2, 11], "uv_size": [0.5, 0.5]},
								"east": {"uv": [11, 2], "uv_size": [0.5, 0.5]},
								"west": {"uv": [3, 11], "uv_size": [0.5, 0.5]},
								"up": {"uv": [11, 3], "uv_size": [0.5, 0.5]},
								"down": {"uv": [4, 11.5], "uv_size": [0.5, -0.5]}
							}
						},
						{
							"origin": [-1.8375, -0.0125, -2.4125],
							"size": [0.1, 0.1, 0.0375],
							"pivot": [-1.7875, 0.0375, -2.39375],
							"rotation": [0, 0, 45],
							"uv": {
								"north": {"uv": [11, 4], "uv_size": [0.5, 0.5]},
								"east": {"uv": [5, 11], "uv_size": [0.5, 0.5]},
								"west": {"uv": [11, 5], "uv_size": [0.5, 0.5]},
								"up": {"uv": [6, 11], "uv_size": [0.5, 0.5]},
								"down": {"uv": [11, 6.5], "uv_size": [0.5, -0.5]}
							}
						},
						{
							"origin": [-1.8375, -0.275, -2.4125],
							"size": [0.1, 0.1, 0.0375],
							"pivot": [-1.7875, -0.225, -1.8125],
							"rotation": [0, 0, 45],
							"uv": {
								"north": {"uv": [7, 11], "uv_size": [0.5, 0.5]},
								"east": {"uv": [11, 7], "uv_size": [0.5, 0.5]},
								"west": {"uv": [8, 11], "uv_size": [0.5, 0.5]},
								"up": {"uv": [11, 8], "uv_size": [0.5, 0.5]},
								"down": {"uv": [9, 11.5], "uv_size": [0.5, -0.5]}
							}
						},
						{
							"origin": [-1.4125, -0.4375, -2.4125],
							"size": [0.275, 0.075, 0.0375],
							"uv": {
								"north": {"uv": [11, 9], "uv_size": [0.5, 0.5]},
								"up": {"uv": [10, 11], "uv_size": [0.5, 0.5]},
								"down": {"uv": [11, 10.5], "uv_size": [0.5, -0.5]}
							}
						},
						{
							"origin": [-1.40625, 0.2, -2.4125],
							"size": [0.2625, 0.08125, 0.0375],
							"uv": {
								"north": {"uv": [11, 11], "uv_size": [0.5, 0.5]},
								"up": {"uv": [0, 12], "uv_size": [0.5, 0.5]},
								"down": {"uv": [12, 0.5], "uv_size": [0.5, -0.5]}
							}
						},
						{
							"origin": [-1.4875, -0.3625, -2.4125],
							"size": [0.075, 0.5625, 0.0375],
							"uv": {
								"north": {"uv": [1, 12], "uv_size": [0.5, 0.5]},
								"east": {"uv": [12, 1], "uv_size": [0.5, 0.5]},
								"west": {"uv": [2, 12], "uv_size": [0.5, 0.5]}
							}
						},
						{
							"origin": [-1.49508, -0.46919, -2.4125],
							"size": [0.10607, 0.10607, 0.0375],
							"inflate": -0.0001,
							"pivot": [-1.3625, -0.425, -2.39375],
							"rotation": [0, 0, 45],
							"uv": {
								"north": {"uv": [12, 2], "uv_size": [0.5, 0.5]},
								"up": {"uv": [3, 12], "uv_size": [0.5, 0.5]},
								"down": {"uv": [12, 3.5], "uv_size": [0.5, -0.5]}
							}
						},
						{
							"origin": [-1.1375, -0.3625, -2.4125],
							"size": [0.075, 0.5625, 0.0375],
							"uv": {
								"north": {"uv": [4, 12], "uv_size": [0.5, 0.5]},
								"east": {"uv": [12, 4], "uv_size": [0.5, 0.5]},
								"west": {"uv": [5, 12], "uv_size": [0.5, 0.5]}
							}
						},
						{
							"origin": [-1.19053, -0.41553, -2.4125],
							"size": [0.10607, 0.10607, 0.0375],
							"inflate": -0.0001,
							"pivot": [-1.1375, -0.3625, -2.39375],
							"rotation": [0, 0, -45],
							"uv": {
								"north": {"uv": [12, 5], "uv_size": [0.5, 0.5]},
								"up": {"uv": [6, 12], "uv_size": [0.5, 0.5]},
								"down": {"uv": [12, 6.5], "uv_size": [0.5, -0.5]}
							}
						},
						{
							"origin": [-1.46553, -0.14053, -2.4125],
							"size": [0.10607, 0.05303, 0.0375],
							"inflate": -0.0001,
							"pivot": [-1.4125, -0.0875, -2.39375],
							"rotation": [0, 0, -45],
							"uv": {
								"north": {"uv": [7, 12], "uv_size": [0.5, 0.5]},
								"down": {"uv": [12, 7.5], "uv_size": [0.5, -0.5]}
							}
						},
						{
							"origin": [-1.22008, -0.19419, -2.4125],
							"size": [0.10607, 0.05303, 0.0375],
							"inflate": -0.0001,
							"pivot": [-1.0875, -0.15, -2.39375],
							"rotation": [0, 0, 45],
							"uv": {
								"north": {"uv": [8, 12], "uv_size": [0.5, 0.5]},
								"down": {"uv": [12, 8.5], "uv_size": [0.5, -0.5]}
							}
						},
						{
							"origin": [-1.4125, -0.0875, -2.4125],
							"size": [0.275, 0.0875, 0.0375],
							"uv": {
								"north": {"uv": [9, 12], "uv_size": [0.5, 0.5]},
								"up": {"uv": [12, 9], "uv_size": [0.5, 0.5]},
								"down": {"uv": [10, 12.5], "uv_size": [0.5, -0.5]}
							}
						},
						{
							"origin": [-1.44937, 0.15214, -2.4125],
							"size": [0.1149, 0.1149, 0.0375],
							"inflate": -0.0001,
							"pivot": [-1.3875, 0.1875, -2.39375],
							"rotation": [0, 0, -45],
							"uv": {
								"north": {"uv": [12, 10], "uv_size": [0.5, 0.5]},
								"up": {"uv": [11, 12], "uv_size": [0.5, 0.5]},
								"down": {"uv": [12, 11.5], "uv_size": [0.5, -0.5]}
							}
						},
						{
							"origin": [-1.175, 0, -2.4125],
							"size": [0.0375, 0.15, 0.0375],
							"uv": {
								"north": {"uv": [12, 12], "uv_size": [0.5, 0.5]},
								"east": {"uv": [0, 13], "uv_size": [0.5, 0.5]}
							}
						},
						{
							"origin": [-1.23018, -0.02286, -2.4125],
							"size": [0.07071, 0.03536, 0.0375],
							"inflate": -0.0001,
							"pivot": [-1.2125, 0.0125, -2.39375],
							"rotation": [0, 0, -45],
							"uv": {
								"north": {"uv": [13, 0], "uv_size": [0.5, 0.5]},
								"up": {"uv": [1, 13], "uv_size": [0.5, 0.5]}
							}
						},
						{
							"origin": [-1.20518, 0.17714, -2.4125],
							"size": [0.1149, 0.1149, 0.0375],
							"inflate": -0.0001,
							"pivot": [-1.1875, 0.2125, -2.39375],
							"rotation": [0, 0, 45],
							"uv": {
								"north": {"uv": [13, 1], "uv_size": [0.5, 0.5]},
								"up": {"uv": [2, 13], "uv_size": [0.5, 0.5]},
								"down": {"uv": [13, 2.5], "uv_size": [0.5, -0.5]}
							}
						},
						{
							"origin": [-1.38018, 0.00214, -2.4125],
							"size": [0.07071, 0.03536, 0.0375],
							"inflate": -0.0001,
							"pivot": [-1.3625, 0.0375, -2.39375],
							"rotation": [0, 0, 45],
							"uv": {
								"north": {"uv": [3, 13], "uv_size": [0.5, 0.5]},
								"up": {"uv": [13, 3], "uv_size": [0.5, 0.5]}
							}
						},
						{
							"origin": [-1.4125, 0, -2.4125],
							"size": [0.0375, 0.15, 0.0375],
							"uv": {
								"north": {"uv": [4, 13], "uv_size": [0.5, 0.5]},
								"west": {"uv": [13, 4], "uv_size": [0.5, 0.5]}
							}
						},
						{
							"origin": [-1.48921, 0.5978, -1.175],
							"size": [0.25, 0.025, 0.25],
							"pivot": [-1.36421, 0.67905, -1.05],
							"rotation": [0, -45, 0],
							"uv": {
								"north": {"uv": [5, 13], "uv_size": [0.5, 0.5]},
								"east": {"uv": [13, 5], "uv_size": [0.5, 0.5]},
								"south": {"uv": [6, 13], "uv_size": [0.5, 0.5]},
								"west": {"uv": [13, 6], "uv_size": [0.5, 0.5]},
								"up": {"uv": [7, 13], "uv_size": [0.5, 0.5]}
							}
						},
						{
							"origin": [-1.56421, 0.575, -1.2625],
							"size": [0.425, 0.0228, 0.4375],
							"uv": {
								"north": {"uv": [13, 7], "uv_size": [0.5, 0.5]},
								"east": {"uv": [8, 13], "uv_size": [0.5, 0.5]},
								"south": {"uv": [13, 8], "uv_size": [0.5, 0.5]},
								"west": {"uv": [9, 13], "uv_size": [0.5, 0.5]},
								"up": {"uv": [13, 9], "uv_size": [0.5, 0.5]}
							}
						},
						{
							"origin": [-0.5, 0.33793, 0.61438],
							"size": [1, 0.1, 0.95819],
							"pivot": [0, 0.38793, 1.09348],
							"rotation": [-7.49586, 0, 0],
							"uv": {
								"up": {"uv": [4, 8], "uv_size": [1, 1]}
							}
						},
						{
							"origin": [-0.15, 0.42782, 0.82682],
							"size": [0.3, 0.1, 0.7],
							"pivot": [0, 0.47782, 1.17682],
							"rotation": [-7.49586, 0, 0],
							"uv": {
								"north": {"uv": [10, 13], "uv_size": [0.5, 0.5]},
								"south": {"uv": [13, 10], "uv_size": [0.5, 0.5]},
								"up": {"uv": [11, 13], "uv_size": [0.5, 0.5]}
							}
						},
						{
							"origin": [-0.14142, 0.42782, 0.82327],
							"size": [0.28284, 0.1, 0.70711],
							"pivot": [0, 0.47782, 1.17682],
							"rotation": [-10.54108, -44.51244, 7.43252],
							"uv": {
								"north": {"uv": [13, 11], "uv_size": [0.5, 0.5]},
								"south": {"uv": [12, 13], "uv_size": [0.5, 0.5]},
								"up": {"uv": [13, 12], "uv_size": [0.5, 0.5]}
							}
						},
						{
							"origin": [-0.35, 0.42782, 1.02682],
							"size": [0.7, 0.1, 0.3],
							"pivot": [0, 0.47782, 1.17682],
							"rotation": [-7.49586, 0, 0],
							"uv": {
								"east": {"uv": [13, 13], "uv_size": [0.5, 0.5]},
								"west": {"uv": [0, 14], "uv_size": [0.5, 0.5]},
								"up": {"uv": [14, 0], "uv_size": [0.5, 0.5]}
							}
						},
						{
							"origin": [-0.14142, 0.42782, 0.82327],
							"size": [0.28284, 0.1, 0.70711],
							"pivot": [0, 0.47782, 1.17682],
							"rotation": [-10.54108, 44.51244, -7.43252],
							"uv": {
								"north": {"uv": [1, 14], "uv_size": [0.5, 0.5]},
								"south": {"uv": [14, 1], "uv_size": [0.5, 0.5]},
								"up": {"uv": [2, 14], "uv_size": [0.5, 0.5]}
							}
						},
						{
							"origin": [-1.6875, 0, -1.375],
							"size": [2.1875, 0.525, 2],
							"uv": {
								"north": {"uv": [5, 8], "uv_size": [2, 0.5]},
								"south": {"uv": [8, 5], "uv_size": [2, 0.5]},
								"up": {"uv": [0, 0], "uv_size": [2, 2]},
								"down": {"uv": [0, 4], "uv_size": [2, -2]}
							}
						},
						{
							"origin": [-1.2875, 0, -1.7375],
							"size": [2.5, 0.525, 0.3625],
							"inflate": -0.0001,
							"uv": {
								"north": {"uv": [7, 1], "uv_size": [2.5, 0.5]},
								"east": {"uv": [14, 2], "uv_size": [0.5, 0.5]},
								"up": {"uv": [6, 7], "uv_size": [2.5, 0.5]},
								"down": {"uv": [0, 8.5], "uv_size": [2.5, -0.5]}
							}
						},
						{
							"origin": [-1.3625, 0.125, -2.375],
							"size": [0.5, 0.375, 1],
							"uv": {
								"north": {"uv": [3, 14], "uv_size": [0.5, 0.5]},
								"up": {"uv": [9, 3], "uv_size": [0.5, 1]}
							}
						},
						{
							"origin": [-1.6875, 0, 0.625],
							"size": [1.1875, 0.525, 1],
							"uv": {
								"south": {"uv": [9, 4], "uv_size": [1, 0.5]},
								"west": {"uv": [5, 9], "uv_size": [1, 0.5]},
								"up": {"uv": [8, 6], "uv_size": [1, 1]}
							}
						},
						{
							"origin": [-0.4, 0.525, 0.4625],
							"size": [0.2, 0.1, 0.125],
							"uv": {
								"north": {"uv": [14, 3], "uv_size": [0.5, 0.5]},
								"east": {"uv": [4, 14], "uv_size": [0.5, 0.5]},
								"south": {"uv": [14, 4], "uv_size": [0.5, 0.5]},
								"west": {"uv": [5, 14], "uv_size": [0.5, 0.5]},
								"up": {"uv": [14, 5], "uv_size": [0.5, 0.5]}
							}
						},
						{
							"origin": [-1.9375, -0.5, -2.375],
							"size": [0.9, 0.625, 1],
							"uv": {
								"north": {"uv": [6, 9], "uv_size": [1, 0.5]},
								"east": {"uv": [9, 6], "uv_size": [1, 0.5]}
							}
						},
						{
							"origin": [-1.0375, -0.275, -2.375],
							"size": [0.475, 0.475, 4],
							"uv": {
								"north": {"uv": [6, 14], "uv_size": [0.5, 0.5]},
								"south": {"uv": [14, 6], "uv_size": [0.5, 0.5]},
								"west": {"uv": [3, 1], "uv_size": [4, 0.5]}
							}
						},
						{
							"origin": [-1.0278, 0.15094, -2.375],
							"size": [0.42426, 0.2125, 1],
							"inflate": -0.0001,
							"pivot": [-0.78031, 0.23219, -1.9375],
							"rotation": [0, 0, 45],
							"uv": {
								"north": {"uv": [7, 14], "uv_size": [0.5, 0.5]},
								"up": {"uv": [7, 9], "uv_size": [0.5, 1]}
							}
						},
						{
							"origin": [-1.6375, -0.75, -2.375],
							"size": [0.375, 0.35415, 4],
							"uv": {
								"north": {"uv": [14, 7], "uv_size": [0.5, 0.5]},
								"south": {"uv": [8, 14], "uv_size": [0.5, 0.5]},
								"down": {"uv": [3, 6], "uv_size": [0.5, -4]}
							}
						},
						{
							"origin": [-2.04898, 0.1859, -2.375],
							"size": [0.68648, 0.3141, 1],
							"inflate": -0.0001,
							"pivot": [-1.3625, 0.5, -2.375],
							"rotation": [0, 0, -33.11134],
							"uv": {
								"north": {"uv": [14, 8], "uv_size": [0.5, 0.5]},
								"up": {"uv": [9, 7], "uv_size": [0.5, 1]}
							}
						},
						{
							"origin": [-2.02801, -0.75, -2.375],
							"size": [0.39051, 0.19206, 1],
							"inflate": -0.0001,
							"pivot": [-1.6375, -0.75, -2.375],
							"rotation": [0, 0, 39.80557],
							"uv": {
								"north": {"uv": [9, 14], "uv_size": [0.5, 0.5]},
								"down": {"uv": [8, 10], "uv_size": [0.5, -1]}
							}
						},
						{
							"origin": [-1.2625, -0.75, -2.375],
							"size": [0.84595, 0.29305, 4],
							"inflate": -0.0001,
							"pivot": [-1.2625, -0.75, -2.375],
							"rotation": [0, 0, -34.15969],
							"uv": {
								"north": {"uv": [9, 8], "uv_size": [1, 0.5]},
								"south": {"uv": [9, 9], "uv_size": [1, 0.5]},
								"down": {"uv": [2, 4], "uv_size": [1, -4]}
							}
						},
						{
							"origin": [-2.1907, -0.75, -1.375],
							"size": [0.5532, 0.27207, 3],
							"inflate": -0.0001,
							"pivot": [-1.6375, -0.75, -2.375],
							"rotation": [0, 0, 39.80557],
							"uv": {
								"north": {"uv": [14, 9], "uv_size": [0.5, 0.5]},
								"south": {"uv": [10, 14], "uv_size": [0.5, 0.5]},
								"down": {"uv": [3, 9], "uv_size": [0.5, -3]}
							}
						},
						{
							"origin": [-2.0625, -0.39585, -1.375],
							"size": [1.025, 0.67629, 3],
							"uv": {
								"north": {"uv": [0, 10], "uv_size": [1, 0.5]},
								"east": {"uv": [6, 0], "uv_size": [3, 0.5]},
								"south": {"uv": [1, 10], "uv_size": [1, 0.5]}
							}
						},
						{
							"origin": [-2.28578, -0.03155, -0.8],
							"size": [0.4477, 0.2, 2.425],
							"inflate": -0.0001,
							"pivot": [-2.3625, 0.6, -2.375],
							"rotation": [0, 0, -33.11134],
							"uv": {
								"south": {"uv": [14, 10], "uv_size": [0.5, 0.5]},
								"up": {"uv": [8, 2], "uv_size": [0.5, 2.5]}
							}
						},
						{
							"origin": [-1.61421, 0.525, -1.375],
							"size": [0.5, 0.0478, 0.575],
							"uv": {
								"north": {"uv": [11, 14], "uv_size": [0.5, 0.5]},
								"south": {"uv": [14, 11], "uv_size": [0.5, 0.5]},
								"west": {"uv": [12, 14], "uv_size": [0.5, 0.5]},
								"up": {"uv": [14, 12], "uv_size": [0.5, 0.5]}
							}
						},
						{
							"origin": [-2.28578, -0.03155, -1.375],
							"size": [0.5352, 0.2, 0.575],
							"inflate": -0.0001,
							"pivot": [-2.3625, 0.6, -2.375],
							"rotation": [0, 0, -33.11134],
							"uv": {
								"north": {"uv": [13, 14], "uv_size": [0.5, 0.5]},
								"south": {"uv": [14, 13], "uv_size": [0.5, 0.5]},
								"up": {"uv": [14, 14], "uv_size": [0.5, 0.5]}
							}
						},
						{
							"origin": [-0.775, -0.4125, -1.7375],
							"size": [0.4, 0.1625, 3.3625],
							"uv": {
								"north": {"uv": [0, 15], "uv_size": [0.5, 0.5]},
								"south": {"uv": [15, 0], "uv_size": [0.5, 0.5]},
								"west": {"uv": [4, 2], "uv_size": [3.5, 0.5]},
								"down": {"uv": [0, 7.5], "uv_size": [0.5, -3.5]}
							}
						},
						{
							"origin": [0.5, -0.25, 0.75],
							"size": [0.5875, 0.775, 0.875],
							"inflate": 0.0001,
							"uv": {
								"east": {"uv": [7, 8], "uv_size": [1, 1]},
								"south": {"uv": [10, 1], "uv_size": [0.5, 1]},
								"up": {"uv": [2, 10], "uv_size": [0.5, 1]},
								"down": {"uv": [3, 11], "uv_size": [0.5, -1]}
							}
						},
						{
							"origin": [0.26072, -0.09911, -1.7375],
							"size": [0.17678, 0.08839, 3.3625],
							"inflate": -0.0001,
							"pivot": [0.4375, -0.1875, -0.05625],
							"rotation": [0, 0, 45],
							"uv": {
								"north": {"uv": [1, 15], "uv_size": [0.5, 0.5]},
								"south": {"uv": [15, 1], "uv_size": [0.5, 0.5]},
								"down": {"uv": [1, 7.5], "uv_size": [0.5, -3.5]}
							}
						},
						{
							"origin": [0.46509, -0.27178, -1.7375],
							"size": [0.08839, 0.08839, 3.3625],
							"inflate": -0.0001,
							"pivot": [0.45625, -0.21875, -0.05625],
							"rotation": [0, 0, -45],
							"uv": {
								"north": {"uv": [2, 15], "uv_size": [0.5, 0.5]},
								"east": {"uv": [4, 3], "uv_size": [3.5, 0.5]},
								"south": {"uv": [15, 2], "uv_size": [0.5, 0.5]},
								"up": {"uv": [2, 4], "uv_size": [0.5, 3.5]}
							}
						},
						{
							"origin": [-0.4375, -0.09911, -1.7375],
							"size": [0.17678, 0.13258, 3.3625],
							"inflate": -0.0001,
							"pivot": [-0.4375, -0.1875, -0.05625],
							"rotation": [0, 0, -45],
							"uv": {
								"north": {"uv": [3, 15], "uv_size": [0.5, 0.5]},
								"south": {"uv": [15, 3], "uv_size": [0.5, 0.5]},
								"down": {"uv": [4, 7.5], "uv_size": [0.5, -3.5]}
							}
						},
						{
							"origin": [-0.64187, -0.31598, -1.7375],
							"size": [0.26516, 0.13258, 3.3625],
							"inflate": -0.0001,
							"pivot": [-0.45625, -0.21875, -0.05625],
							"rotation": [0, 0, 45],
							"uv": {
								"north": {"uv": [4, 15], "uv_size": [0.5, 0.5]},
								"south": {"uv": [15, 4], "uv_size": [0.5, 0.5]},
								"up": {"uv": [5, 4], "uv_size": [0.5, 3.5]}
							}
						},
						{
							"origin": [-0.5, 0, 0.625],
							"size": [1, 0.375, 1],
							"uv": {
								"south": {"uv": [10, 3], "uv_size": [1, 0.5]},
								"up": {"uv": [8, 8], "uv_size": [1, 1]},
								"down": {"uv": [0, 10], "uv_size": [1, -1]}
							}
						},
						{
							"origin": [0.5, -0.25, -1.7375],
							"size": [0.7125, 0.775, 3.2375],
							"uv": {
								"north": {"uv": [4, 10], "uv_size": [0.5, 1]},
								"west": {"uv": [3, 0], "uv_size": [3, 1]},
								"up": {"uv": [6, 4], "uv_size": [0.5, 3]},
								"down": {"uv": [7, 7], "uv_size": [0.5, -3]}
							}
						},
						{
							"origin": [1.06161, -0.25, 1.47411],
							"size": [0.08839, 0.775, 0.17678],
							"inflate": -0.0001,
							"pivot": [1.15, 0.2625, 1.5625],
							"rotation": [0, -45, 0],
							"uv": {
								"west": {"uv": [10, 4], "uv_size": [0.5, 1]},
								"up": {"uv": [5, 15], "uv_size": [0.5, 0.5]},
								"down": {"uv": [15, 5.5], "uv_size": [0.5, -0.5]}
							}
						},
						{
							"origin": [0.36161, 0.425, 0.60429],
							"size": [0.17678, 0.1, 0.08839],
							"inflate": -0.0001,
							"pivot": [0.45, 0.1375, 0.675],
							"rotation": [0, -45, 0],
							"uv": {
								"south": {"uv": [6, 15], "uv_size": [0.5, 0.5]},
								"up": {"uv": [15, 6], "uv_size": [0.5, 0.5]}
							}
						},
						{
							"origin": [-0.53839, 0.425, 0.60429],
							"size": [0.17678, 0.1, 0.08839],
							"inflate": -0.0001,
							"pivot": [-0.45, 0.1375, 0.675],
							"rotation": [0, 45, 0],
							"uv": {
								"south": {"uv": [7, 15], "uv_size": [0.5, 0.5]},
								"up": {"uv": [15, 7], "uv_size": [0.5, 0.5]}
							}
						},
						{
							"origin": [0.6875, -0.25, -1.8],
							"size": [0.65, 0.75, 0.95],
							"uv": {
								"up": {"uv": [5, 10], "uv_size": [0.5, 1]},
								"down": {"uv": [10, 6], "uv_size": [0.5, -1]}
							}
						},
						{
							"origin": [1.2125, -0.15, -0.6],
							"size": [0.125, 0.55, 0.1],
							"uv": {
								"south": {"uv": [8, 15], "uv_size": [0.5, 0.5]}
							}
						},
						{
							"origin": [1.2125, 0.3, -0.86401],
							"size": [0.125, 0.1, 0.36401],
							"pivot": [1.3375, 0.4, -0.5],
							"rotation": [-15.9454, 0.00001, 0],
							"uv": {
								"up": {"uv": [15, 8], "uv_size": [0.5, 0.5]}
							}
						},
						{
							"origin": [0.65, -0.275, -2.5],
							"size": [0.725, 0.225, 0.7],
							"uv": {
								"north": {"uv": [9, 15], "uv_size": [0.5, 0.5]},
								"south": {"uv": [15, 9], "uv_size": [0.5, 0.5]},
								"up": {"uv": [10, 15], "uv_size": [0.5, 0.5]},
								"down": {"uv": [15, 10.5], "uv_size": [0.5, -0.5]}
							}
						},
						{
							"origin": [0.65, 0.35, -2.5],
							"size": [0.725, 0.225, 0.7],
							"uv": {
								"north": {"uv": [11, 15], "uv_size": [0.5, 0.5]},
								"south": {"uv": [15, 11], "uv_size": [0.5, 0.5]},
								"up": {"uv": [12, 15], "uv_size": [0.5, 0.5]},
								"down": {"uv": [15, 12.5], "uv_size": [0.5, -0.5]}
							}
						},
						{
							"origin": [0.81394, 0.60703, -2.5],
							"size": [0.24749, 0.12374, 0.7],
							"inflate": -0.0001,
							"pivot": [1.04375, 0.15625, -2.04375],
							"rotation": [0, 0, -45],
							"uv": {
								"north": {"uv": [13, 15], "uv_size": [0.5, 0.5]},
								"south": {"uv": [15, 13], "uv_size": [0.5, 0.5]},
								"up": {"uv": [14, 15], "uv_size": [0.5, 0.5]}
							}
						},
						{
							"origin": [0.81394, -0.43077, -2.5],
							"size": [0.24749, 0.12374, 0.7],
							"inflate": -0.0001,
							"pivot": [1.04375, 0.14375, -2.04375],
							"rotation": [0, 0, 45],
							"uv": {
								"north": {"uv": [15, 14], "uv_size": [0.5, 0.5]},
								"south": {"uv": [15, 15], "uv_size": [0.5, 0.5]},
								"down": {"uv": [0, 16.5], "uv_size": [0.5, -0.5]}
							}
						},
						{
							"origin": [1.08983, -0.24908, -2.5],
							"size": [0.1591, 0.07955, 0.7],
							"inflate": -0.0001,
							"pivot": [1.23125, 0.28125, -2.04375],
							"rotation": [0, 0, 45],
							"uv": {
								"north": {"uv": [16, 0], "uv_size": [0.5, 0.5]},
								"up": {"uv": [1, 16], "uv_size": [0.5, 0.5]}
							}
						},
						{
							"origin": [1.08983, 0.46953, -2.5],
							"size": [0.1591, 0.07955, 0.7],
							"inflate": -0.0001,
							"pivot": [1.23125, 0.01875, -2.04375],
							"rotation": [0, 0, -45],
							"uv": {
								"north": {"uv": [16, 1], "uv_size": [0.5, 0.5]},
								"down": {"uv": [2, 16.5], "uv_size": [0.5, -0.5]}
							}
						},
						{
							"origin": [0.77607, -0.24908, -2.5],
							"size": [0.1591, 0.07955, 0.7],
							"inflate": -0.0001,
							"pivot": [0.79375, 0.28125, -2.04375],
							"rotation": [0, 0, -45],
							"uv": {
								"north": {"uv": [16, 2], "uv_size": [0.5, 0.5]},
								"up": {"uv": [3, 16], "uv_size": [0.5, 0.5]}
							}
						},
						{
							"origin": [0.77607, 0.46953, -2.5],
							"size": [0.1591, 0.07955, 0.7],
							"inflate": -0.0001,
							"pivot": [0.79375, 0.01875, -2.04375],
							"rotation": [0, 0, 45],
							"uv": {
								"north": {"uv": [16, 3], "uv_size": [0.5, 0.5]},
								"down": {"uv": [4, 16.5], "uv_size": [0.5, -0.5]}
							}
						},
						{
							"origin": [0.96357, 0.60703, -2.5],
							"size": [0.24749, 0.12374, 0.7],
							"inflate": -0.0001,
							"pivot": [0.98125, 0.15625, -2.04375],
							"rotation": [0, 0, 45],
							"uv": {
								"north": {"uv": [16, 4], "uv_size": [0.5, 0.5]},
								"south": {"uv": [5, 16], "uv_size": [0.5, 0.5]},
								"up": {"uv": [16, 5], "uv_size": [0.5, 0.5]}
							}
						},
						{
							"origin": [0.99009, 0.54516, -1.8],
							"size": [0.21213, 0.10607, 0.95],
							"pivot": [0.98125, 0.15625, -2.04375],
							"rotation": [0, 0, 45],
							"uv": {
								"up": {"uv": [6, 10], "uv_size": [0.5, 1]}
							}
						},
						{
							"origin": [1.0608, 0.54516, -0.6],
							"size": [0.07071, 0.03536, 0.1],
							"inflate": -0.0001,
							"pivot": [0.98125, 0.15625, -2.04375],
							"rotation": [0, 0, 45],
							"uv": {
								"south": {"uv": [6, 16], "uv_size": [0.5, 0.5]}
							}
						},
						{
							"origin": [1.2125, -0.15, -0.86401],
							"size": [0.125, 0.1, 0.36401],
							"pivot": [1.3375, -0.15, -0.5],
							"rotation": [15.9454, 0.00001, 0],
							"uv": {
								"down": {"uv": [16, 6.5], "uv_size": [0.5, -0.5]}
							}
						},
						{
							"origin": [1.0608, -0.33051, -0.6],
							"size": [0.07071, 0.03536, 0.1],
							"inflate": -0.0001,
							"pivot": [0.98125, 0.09375, -2.04375],
							"rotation": [0, 0, -45],
							"uv": {
								"south": {"uv": [7, 16], "uv_size": [0.5, 0.5]}
							}
						},
						{
							"origin": [1.35, 0.25, -0.86401],
							"size": [0.0375, 0.1, 0.36401],
							"inflate": 0.0001,
							"pivot": [1.3875, 0.35, -0.5],
							"rotation": [-11.63756, -10.97672, 47.24574],
							"uv": {
								"up": {"uv": [16, 7], "uv_size": [0.5, 0.5]}
							}
						},
						{
							"origin": [1.31679, 0.25, -0.6875],
							"size": [0.07071, 0.1, 0.1875],
							"pivot": [1.3875, 0.35, -0.5],
							"rotation": [-11.42175, 0, 45],
							"uv": {
								"up": {"uv": [8, 16], "uv_size": [0.5, 0.5]}
							}
						},
						{
							"origin": [1.27929, 0.25, -0.85707],
							"size": [0.14571, 0.1, 0.16957],
							"pivot": [1.3875, 0.35, -0.5],
							"rotation": [-11.42175, 0, 45],
							"uv": {
								"up": {"uv": [16, 8], "uv_size": [0.5, 0.5]}
							}
						},
						{
							"origin": [1.35, -0.1, -0.86401],
							"size": [0.0375, 0.1, 0.36401],
							"inflate": 0.0001,
							"pivot": [1.3875, -0.1, -0.5],
							"rotation": [11.63756, -10.97672, -47.24574],
							"uv": {
								"down": {"uv": [9, 16.5], "uv_size": [0.5, -0.5]}
							}
						},
						{
							"origin": [1.3375, -0.15, -0.86401],
							"size": [0.0375, 0.1, 0.36401],
							"inflate": 0.0001,
							"pivot": [1.3375, -0.15, -0.5],
							"rotation": [11.63756, 10.97672, -42.75426],
							"uv": {
								"down": {"uv": [16, 9.5], "uv_size": [0.5, -0.5]}
							}
						},
						{
							"origin": [1.31679, -0.1, -0.6875],
							"size": [0.07071, 0.1, 0.1875],
							"pivot": [1.3875, -0.1, -0.5],
							"rotation": [11.42175, 0, -45],
							"uv": {
								"down": {"uv": [10, 16.5], "uv_size": [0.5, -0.5]}
							}
						},
						{
							"origin": [1.27929, -0.1, -0.85707],
							"size": [0.14571, 0.1, 0.16957],
							"pivot": [1.3875, -0.1, -0.5],
							"rotation": [11.42175, 0, -45],
							"uv": {
								"down": {"uv": [16, 10.5], "uv_size": [0.5, -0.5]}
							}
						},
						{
							"origin": [1.3375, 0.3, -0.86401],
							"size": [0.0375, 0.1, 0.36401],
							"inflate": 0.0001,
							"pivot": [1.3375, 0.4, -0.5],
							"rotation": [-11.63756, 10.97672, 42.75426],
							"uv": {
								"up": {"uv": [11, 16], "uv_size": [0.5, 0.5]}
							}
						},
						{
							"origin": [0.99009, -0.40122, -1.8],
							"size": [0.21213, 0.10607, 0.95],
							"pivot": [0.98125, 0.09375, -2.04375],
							"rotation": [0, 0, -45],
							"uv": {
								"down": {"uv": [10, 7], "uv_size": [0.5, -1]}
							}
						},
						{
							"origin": [0.96357, -0.43077, -2.5],
							"size": [0.24749, 0.12374, 0.7],
							"inflate": -0.0001,
							"pivot": [0.98125, 0.14375, -2.04375],
							"rotation": [0, 0, -45],
							"uv": {
								"north": {"uv": [16, 11], "uv_size": [0.5, 0.5]},
								"south": {"uv": [12, 16], "uv_size": [0.5, 0.5]},
								"down": {"uv": [16, 12.5], "uv_size": [0.5, -0.5]}
							}
						},
						{
							"origin": [1.2125, -0.1, -2.5],
							"size": [0.3375, 0.5, 0.7],
							"uv": {
								"north": {"uv": [13, 16], "uv_size": [0.5, 0.5]},
								"east": {"uv": [16, 13], "uv_size": [0.5, 0.5]},
								"south": {"uv": [14, 16], "uv_size": [0.5, 0.5]},
								"west": {"uv": [16, 14], "uv_size": [0.5, 0.5]}
							}
						},
						{
							"origin": [0.475, -0.1, -2.5],
							"size": [0.3375, 0.5, 0.7],
							"uv": {
								"north": {"uv": [15, 16], "uv_size": [0.5, 0.5]},
								"east": {"uv": [16, 15], "uv_size": [0.5, 0.5]},
								"south": {"uv": [16, 16], "uv_size": [0.5, 0.5]},
								"west": {"uv": [0, 17], "uv_size": [0.5, 0.5]}
							}
						},
						{
							"origin": [1.3375, -0.1, -0.6],
							"size": [0.05, 0.45, 0.1],
							"uv": {
								"south": {"uv": [17, 0], "uv_size": [0.5, 0.5]}
							}
						},
						{
							"origin": [1.2875, -0.1, -0.86401],
							"size": [0.1, 0.45, 0.36401],
							"pivot": [1.3875, 0.35, -0.5],
							"rotation": [0, -15.9454, 0],
							"uv": {
								"west": {"uv": [1, 17], "uv_size": [0.5, 0.5]}
							}
						},
						{
							"origin": [0.5375, -0.1, -1.8],
							"size": [0.95, 0.45, 0.95],
							"uv": {
								"east": {"uv": [7, 10], "uv_size": [1, 0.5]},
								"west": {"uv": [10, 7], "uv_size": [1, 0.5]}
							}
						},
						{
							"origin": [1.4875, 0, -1.3875],
							"size": [0.0625, 0.25, 0.375],
							"uv": {
								"west": {"uv": [17, 1], "uv_size": [0.5, 0.5]},
								"up": {"uv": [2, 17], "uv_size": [0.5, 0.5]},
								"down": {"uv": [17, 2.5], "uv_size": [0.5, -0.5]}
							}
						},
						{
							"origin": [1.49914, 0, -1.0125],
							"size": [0.05086, 0.25, 0.10753],
							"inflate": -0.0001,
							"pivot": [1.55, 0.5, -1.0125],
							"rotation": [0, -35.53767, 0],
							"uv": {
								"west": {"uv": [3, 17], "uv_size": [0.5, 0.5]},
								"up": {"uv": [17, 3], "uv_size": [0.5, 0.5]},
								"down": {"uv": [4, 17.5], "uv_size": [0.5, -0.5]}
							}
						},
						{
							"origin": [1.49914, 0, -1.49503],
							"size": [0.05086, 0.25, 0.10753],
							"inflate": -0.0001,
							"pivot": [1.55, 0.5, -1.3875],
							"rotation": [0, 35.53767, 0],
							"uv": {
								"west": {"uv": [17, 4], "uv_size": [0.5, 0.5]},
								"up": {"uv": [5, 17], "uv_size": [0.5, 0.5]},
								"down": {"uv": [17, 5.5], "uv_size": [0.5, -0.5]}
							}
						},
						{
							"origin": [-1.375, 0, -2.3875],
							"size": [0.2, 0.2, 0.0125],
							"uv": {
								"north": {"uv": [6, 17], "uv_size": [0.5, 0.5]}
							}
						},
						{
							"origin": [-1.4125, -0.3625, -2.3875],
							"size": [0.275, 0.275, 0.0125],
							"uv": {
								"north": {"uv": [17, 6], "uv_size": [0.5, 0.5]}
							}
						},
						{
							"origin": [0.8125, -0.05, -2.475],
							"size": [0.4, 0.4, 0.0125],
							"uv": {
								"north": {"uv": [7, 17], "uv_size": [0.5, 0.5]}
							}
						},
						{
							"origin": [-0.925, 0.175, 1.625],
							"size": [0.25, 0.25, 0.125],
							"pivot": [-0.8, 0.3, 1.6875],
							"rotation": [0, 0, 45],
							"uv": {
								"east": {"uv": [17, 7], "uv_size": [0.5, 0.5]},
								"south": {"uv": [8, 17], "uv_size": [0.5, 0.5]},
								"west": {"uv": [17, 8], "uv_size": [0.5, 0.5]},
								"up": {"uv": [9, 17], "uv_size": [0.5, 0.5]},
								"down": {"uv": [17, 9.5], "uv_size": [0.5, -0.5]}
							}
						},
						{
							"origin": [-1.9875, -0.25, 1.625],
							"size": [0.9, 0.375, 0.35],
							"uv": {
								"east": {"uv": [10, 17], "uv_size": [0.5, 0.5]},
								"south": {"uv": [8, 10], "uv_size": [1, 0.5]},
								"west": {"uv": [17, 10], "uv_size": [0.5, 0.5]}
							}
						},
						{
							"origin": [-1.725, -0.5125, 1.625],
							"size": [0.375, 0.9, 0.35],
							"uv": {
								"south": {"uv": [10, 8], "uv_size": [0.5, 1]},
								"up": {"uv": [11, 17], "uv_size": [0.5, 0.5]},
								"down": {"uv": [17, 11.5], "uv_size": [0.5, -0.5]}
							}
						},
						{
							"origin": [-1.72312, -0.51328, 1.625],
							"size": [0.37123, 0.90156, 0.35],
							"pivot": [-1.5375, -0.0625, 1.8],
							"rotation": [0, 0, 45],
							"uv": {
								"south": {"uv": [9, 10], "uv_size": [0.5, 1]},
								"up": {"uv": [12, 17], "uv_size": [0.5, 0.5]},
								"down": {"uv": [17, 12.5], "uv_size": [0.5, -0.5]}
							}
						},
						{
							"origin": [-1.72312, -0.51328, 1.625],
							"size": [0.37123, 0.90156, 0.35],
							"pivot": [-1.5375, -0.0625, 1.8],
							"rotation": [0, 0, -45],
							"uv": {
								"south": {"uv": [10, 9], "uv_size": [0.5, 1]},
								"up": {"uv": [13, 17], "uv_size": [0.5, 0.5]},
								"down": {"uv": [17, 13.5], "uv_size": [0.5, -0.5]}
							}
						},
						{
							"origin": [-1.6375, -0.1625, 1.975],
							"size": [0.2, 0.2, 0.0625],
							"pivot": [-1.5375, -0.0625, 2.025],
							"rotation": [0, 0, 45],
							"uv": {
								"east": {"uv": [14, 17], "uv_size": [0.5, 0.5]},
								"south": {"uv": [17, 14], "uv_size": [0.5, 0.5]},
								"west": {"uv": [15, 17], "uv_size": [0.5, 0.5]},
								"up": {"uv": [17, 15], "uv_size": [0.5, 0.5]},
								"down": {"uv": [16, 17.5], "uv_size": [0.5, -0.5]}
							}
						},
						{
							"origin": [0.5375, 0.05, 1.625],
							"size": [0.5, 0.2, 0.3],
							"uv": {
								"east": {"uv": [17, 16], "uv_size": [0.5, 0.5]},
								"south": {"uv": [17, 17], "uv_size": [0.5, 0.5]},
								"west": {"uv": [0, 18], "uv_size": [0.5, 0.5]}
							}
						},
						{
							"origin": [0.6875, -0.1, 1.625],
							"size": [0.2, 0.5, 0.3],
							"uv": {
								"south": {"uv": [18, 0], "uv_size": [0.5, 0.5]},
								"up": {"uv": [1, 18], "uv_size": [0.5, 0.5]},
								"down": {"uv": [18, 1.5], "uv_size": [0.5, -0.5]}
							}
						},
						{
							"origin": [0.68143, -0.09749, 1.625],
							"size": [0.21213, 0.49497, 0.3],
							"pivot": [0.7875, 0.15, 1.775],
							"rotation": [0, 0, 45],
							"uv": {
								"south": {"uv": [2, 18], "uv_size": [0.5, 0.5]},
								"up": {"uv": [18, 2], "uv_size": [0.5, 0.5]},
								"down": {"uv": [3, 18.5], "uv_size": [0.5, -0.5]}
							}
						},
						{
							"origin": [0.68143, -0.09749, 1.625],
							"size": [0.21213, 0.49497, 0.3],
							"pivot": [0.7875, 0.15, 1.775],
							"rotation": [0, 0, -45],
							"uv": {
								"south": {"uv": [18, 3], "uv_size": [0.5, 0.5]},
								"up": {"uv": [4, 18], "uv_size": [0.5, 0.5]},
								"down": {"uv": [18, 4.5], "uv_size": [0.5, -0.5]}
							}
						},
						{
							"origin": [0.56831, 0.28081, 1.7875],
							"size": [0.08839, 0.08839, 0.125],
							"uv": {
								"north": {"uv": [5, 18], "uv_size": [0.5, 0.5]},
								"east": {"uv": [18, 5], "uv_size": [0.5, 0.5]},
								"south": {"uv": [6, 18], "uv_size": [0.5, 0.5]},
								"up": {"uv": [18, 6], "uv_size": [0.5, 0.5]}
							}
						},
						{
							"origin": [1.55, 0.075, -1.25],
							"size": [0.0375, 0.1, 0.1],
							"pivot": [1.51875, 0.125, -1.2],
							"rotation": [-45, 0, 0],
							"uv": {
								"north": {"uv": [7, 18], "uv_size": [0.5, 0.5]},
								"south": {"uv": [18, 7], "uv_size": [0.5, 0.5]},
								"west": {"uv": [8, 18], "uv_size": [0.5, 0.5]},
								"up": {"uv": [18, 8], "uv_size": [0.5, 0.5]},
								"down": {"uv": [9, 18.5], "uv_size": [0.5, -0.5]}
							}
						},
						{
							"origin": [-0.5, -0.2, -0.075],
							"size": [1.75, 0.15, 0.15],
							"pivot": [0.85625, -0.125, 0],
							"rotation": [45, 0, 0],
							"uv": {
								"north": {"uv": [9, 0], "uv_size": [2, 0.5]},
								"south": {"uv": [1, 9], "uv_size": [2, 0.5]},
								"west": {"uv": [18, 9], "uv_size": [0.5, 0.5]},
								"up": {"uv": [9, 2], "uv_size": [2, 0.5]},
								"down": {"uv": [3, 9.5], "uv_size": [2, -0.5]}
							}
						},
						{
							"origin": [0.82278, 0.54516, -1.8],
							"size": [0.21213, 0.10607, 0.0625],
							"pivot": [1.04375, 0.15625, -2.04375],
							"rotation": [0, 0, -45],
							"uv": {
								"up": {"uv": [10, 18], "uv_size": [0.5, 0.5]}
							}
						},
						{
							"origin": [0.82278, -0.40122, -1.8],
							"size": [0.21213, 0.10607, 0.0625],
							"pivot": [1.04375, 0.09375, -2.04375],
							"rotation": [0, 0, 45],
							"uv": {
								"down": {"uv": [18, 10.5], "uv_size": [0.5, -0.5]}
							}
						}
					]
				},
				{
					"name": "laser_beam",
					"pivot": [-1.275, 0.1, -1.5]
				}
			]
		}
	]
}