{
	"format_version": "1.12.0",
	"minecraft:geometry": [
		{
			"description": {
				"identifier": "geometry.sight_stn_mps_lerna",
				"texture_width": 32,
				"texture_height": 32,
				"visible_bounds_width": 22,
				"visible_bounds_height": 10,
				"visible_bounds_offset": [0, 0, 0]
			},
			"bones": [
				{
					"name": "bb_main",
					"pivot": [0, 0, 0],
					"cubes": [
						{
							"origin": [-0.075, 2.7, -0.7],
							"size": [0.15, 0.2125, 0.7],
							"pivot": [-0.5375, 2.7, 0],
							"rotation": [30, 0, 0],
							"uv": {
								"north": {"uv": [2.15, 0], "uv_size": [0.15, 0.2125]},
								"east": {"uv": [0.85, 0], "uv_size": [0.7, 0.2125]},
								"south": {"uv": [2.15, 0], "uv_size": [0.15, 0.2125]},
								"west": {"uv": [0.85, 0], "uv_size": [0.7, 0.2125]},
								"up": {"uv": [0.15, 1.55], "uv_size": [-0.15, -0.7]},
								"down": {"uv": [0.15, 1.55], "uv_size": [-0.15, -0.7]}
							}
						},
						{
							"origin": [-0.075, 2.7, -2.3],
							"size": [0.15, 0.2125, 0.7],
							"pivot": [-0.5375, 2.7, -2.3],
							"rotation": [-30, 0, 0],
							"uv": {
								"north": {"uv": [2, 0], "uv_size": [0.15, 0.2125]},
								"east": {"uv": [0.15, 0], "uv_size": [0.7, 0.2125]},
								"south": {"uv": [2, 0], "uv_size": [0.15, 0.2125]},
								"west": {"uv": [0.15, 0], "uv_size": [0.7, 0.2125]},
								"up": {"uv": [0.15, 0.85], "uv_size": [-0.15, -0.7]},
								"down": {"uv": [0.15, 0.85], "uv_size": [-0.15, -0.7]}
							}
						}
					]
				},
				{
					"name": "scope_view",
					"pivot": [0.125, 1, 5]
				},
				{
					"name": "division",
					"pivot": [0, 0, 0]
				},
				{
					"name": "crosshair_illuminated",
					"parent": "division",
					"pivot": [0, 0, 0]
				},
				{
					"name": "ocular",
					"pivot": [0, 1.12893, -3.11201]
				},
				{
					"name": "ocular_ring",
					"pivot": [0, 0, 0]
				},
				{
					"name": "scope_body",
					"pivot": [0, 0, 0],
					"cubes": [
						{
							"origin": [-0.5375, 2.7, -2.3],
							"size": [1.075, 0.1, 2.3],
							"uv": {
								"north": {"uv": [0, 0], "uv_size": [1.075, 0.1]},
								"east": {"uv": [0, 0], "uv_size": [2.3, 0.1]},
								"south": {"uv": [0, 0], "uv_size": [1.075, 0.1]},
								"west": {"uv": [0, 0], "uv_size": [2.3, 0.1]},
								"up": {"uv": [1.075, 2.3], "uv_size": [-1.075, -2.3]},
								"down": {"uv": [1.075, 2.3], "uv_size": [-1.075, -2.3]}
							}
						},
						{
							"origin": [-0.25, 2.8, -2.3],
							"size": [0.5, 0.125, 1.25],
							"uv": {
								"north": {"uv": [0, 0], "uv_size": [0.5, 0.125]},
								"east": {"uv": [0, 0], "uv_size": [1.25, 0.125]},
								"south": {"uv": [0, 0], "uv_size": [0.5, 0.125]},
								"west": {"uv": [0, 0], "uv_size": [1.25, 0.125]},
								"up": {"uv": [0.5, 1.25], "uv_size": [-0.5, -1.25]},
								"down": {"uv": [0.5, 1.25], "uv_size": [-0.5, -1.25]}
							}
						},
						{
							"origin": [-0.25, 2.8, -0.85],
							"size": [0.5, 0.125, 0.85],
							"uv": {
								"north": {"uv": [0, 0], "uv_size": [0.5, 0.125]},
								"east": {"uv": [0, 0], "uv_size": [0.85, 0.125]},
								"south": {"uv": [0, 0], "uv_size": [0.5, 0.125]},
								"west": {"uv": [0, 0], "uv_size": [0.85, 0.125]},
								"up": {"uv": [0.5, 0.85], "uv_size": [-0.5, -0.85]},
								"down": {"uv": [0.5, 0.85], "uv_size": [-0.5, -0.85]}
							}
						},
						{
							"origin": [0.2875, 0.8, -0.75],
							"size": [0.25, 1.775, 0.15],
							"uv": {
								"north": {"uv": [0, 0], "uv_size": [0.25, 1.775]},
								"east": {"uv": [0, 0], "uv_size": [0.15, 1.775]},
								"south": {"uv": [0, 0], "uv_size": [0.25, 1.775]},
								"west": {"uv": [0, 0], "uv_size": [0.15, 1.775]},
								"up": {"uv": [0.25, 0.15], "uv_size": [-0.25, -0.15]},
								"down": {"uv": [0.25, 0.15], "uv_size": [-0.25, -0.15]}
							}
						},
						{
							"origin": [-0.5375, 0.8, -0.75],
							"size": [0.25, 1.775, 0.15],
							"uv": {
								"north": {"uv": [0, 0], "uv_size": [0.25, 1.775]},
								"east": {"uv": [0, 0], "uv_size": [0.15, 1.775]},
								"south": {"uv": [0, 0], "uv_size": [0.25, 1.775]},
								"west": {"uv": [0, 0], "uv_size": [0.15, 1.775]},
								"up": {"uv": [0.25, 0.15], "uv_size": [-0.25, -0.15]},
								"down": {"uv": [0.25, 0.15], "uv_size": [-0.25, -0.15]}
							}
						},
						{
							"origin": [-0.5375, 2.35113, 1.29047],
							"size": [1.075, 0.17678, 0.14142],
							"pivot": [0, 0, 0],
							"rotation": [45, 0, 0],
							"uv": {
								"north": {"uv": [0, 0], "uv_size": [1.075, 0.17678]},
								"east": {"uv": [0, 0], "uv_size": [0.14142, 0.17678]},
								"south": {"uv": [0, 0], "uv_size": [1.075, 0.17678]},
								"west": {"uv": [0, 0], "uv_size": [0.14142, 0.17678]},
								"up": {"uv": [1.075, 0.14142], "uv_size": [-1.075, -0.14142]},
								"down": {"uv": [1.075, 0.14142], "uv_size": [-1.075, -0.14142]}
							}
						},
						{
							"origin": [-0.5375, 1.90919, 0.84853],
							"size": [0.25, 0.21213, 0.21213],
							"pivot": [0, 0, 0],
							"rotation": [45, 0, 0],
							"uv": {
								"north": {"uv": [0, 0], "uv_size": [0.25, 0.21213]},
								"east": {"uv": [0, 0], "uv_size": [0.21213, 0.21213]},
								"south": {"uv": [0, 0], "uv_size": [0.25, 0.21213]},
								"west": {"uv": [0, 0], "uv_size": [0.21213, 0.21213]},
								"up": {"uv": [0.25, 0.21213], "uv_size": [-0.25, -0.21213]},
								"down": {"uv": [0.25, 0.21213], "uv_size": [-0.25, -0.21213]}
							}
						},
						{
							"origin": [-0.5375, 2.47487, 0.28284],
							"size": [0.25, 0.21213, 0.21213],
							"pivot": [0, 0, 0],
							"rotation": [45, 0, 0],
							"uv": {
								"north": {"uv": [0, 0], "uv_size": [0.25, 0.21213]},
								"east": {"uv": [0, 0], "uv_size": [0.21213, 0.21213]},
								"south": {"uv": [0, 0], "uv_size": [0.25, 0.21213]},
								"west": {"uv": [0, 0], "uv_size": [0.21213, 0.21213]},
								"up": {"uv": [0.25, 0.21213], "uv_size": [-0.25, -0.21213]},
								"down": {"uv": [0.25, 0.21213], "uv_size": [-0.25, -0.21213]}
							}
						},
						{
							"origin": [-0.5375, 2.22739, 1.29047],
							"size": [1.075, 0.12374, 0.22981],
							"pivot": [0, 0, 0],
							"rotation": [45, 0, 0],
							"uv": {
								"north": {"uv": [0, 0], "uv_size": [1.075, 0.12374]},
								"east": {"uv": [0, 0], "uv_size": [0.22981, 0.12374]},
								"south": {"uv": [0, 0], "uv_size": [1.075, 0.12374]},
								"west": {"uv": [0, 0], "uv_size": [0.22981, 0.12374]},
								"up": {"uv": [1.075, 0.22981], "uv_size": [-1.075, -0.22981]},
								"down": {"uv": [1.075, 0.22981], "uv_size": [-1.075, -0.22981]}
							}
						},
						{
							"origin": [-0.5375, 2.075, -1.7],
							"size": [0.25, 0.5, 0.15],
							"uv": {
								"north": {"uv": [2, 0], "uv_size": [0.25, 0.5]},
								"east": {"uv": [0.15, 0], "uv_size": [0.15, 0.5]},
								"south": {"uv": [2, 0], "uv_size": [0.25, 0.5]},
								"west": {"uv": [0.15, 0], "uv_size": [0.15, 0.5]},
								"up": {"uv": [0.25, 0.3], "uv_size": [-0.25, -0.15]},
								"down": {"uv": [0.25, 0.3], "uv_size": [-0.25, -0.15]}
							}
						},
						{
							"origin": [-0.2875, 2.1125, -1.7],
							"size": [0.575, 0.4625, 0.15],
							"uv": {
								"north": {"uv": [2, 0], "uv_size": [0.575, 0.4625]},
								"east": {"uv": [0.15, 0], "uv_size": [0.15, 0.4625]},
								"south": {"uv": [2, 0], "uv_size": [0.575, 0.4625]},
								"west": {"uv": [0.15, 0], "uv_size": [0.15, 0.4625]},
								"up": {"uv": [0.575, 0.3], "uv_size": [-0.575, -0.15]},
								"down": {"uv": [0.575, 0.3], "uv_size": [-0.575, -0.15]}
							}
						},
						{
							"origin": [-0.5375, 2.65, -2.175],
							"size": [1.075, 0.05, 0.55],
							"uv": {
								"north": {"uv": [2, 0], "uv_size": [1.075, 0.05]},
								"east": {"uv": [0.55, 0], "uv_size": [0.55, 0.05]},
								"south": {"uv": [2, 0], "uv_size": [1.075, 0.05]},
								"west": {"uv": [0.55, 0], "uv_size": [0.55, 0.05]},
								"up": {"uv": [1.075, 1.1], "uv_size": [-1.075, -0.55]},
								"down": {"uv": [1.075, 1.1], "uv_size": [-1.075, -0.55]}
							}
						},
						{
							"origin": [-0.5375, 0.72478, -3.05824],
							"size": [1.075, 0.17678, 0.14142],
							"pivot": [0, 0, 0],
							"rotation": [-45, 0, 0],
							"uv": {
								"north": {"uv": [2, 0], "uv_size": [1.075, 0.17678]},
								"east": {"uv": [0.12678, 0], "uv_size": [0.14142, 0.17678]},
								"south": {"uv": [2, 0], "uv_size": [1.075, 0.17678]},
								"west": {"uv": [0.12678, 0], "uv_size": [0.14142, 0.17678]},
								"up": {"uv": [1.075, 0.2682], "uv_size": [-1.075, -0.14142]},
								"down": {"uv": [1.075, 0.2682], "uv_size": [-1.075, -0.14142]}
							}
						},
						{
							"origin": [-0.5375, 0.60104, -3.14663],
							"size": [1.075, 0.12374, 0.22981],
							"pivot": [0, 0, 0],
							"rotation": [-45, 0, 0],
							"uv": {
								"north": {"uv": [2, 0], "uv_size": [1.075, 0.12374]},
								"east": {"uv": [0.35, 0], "uv_size": [0.22981, 0.12374]},
								"south": {"uv": [2, 0], "uv_size": [1.075, 0.12374]},
								"west": {"uv": [0.35, 0], "uv_size": [0.22981, 0.12374]},
								"up": {"uv": [1.075, 0.57981], "uv_size": [-1.075, -0.22981]},
								"down": {"uv": [1.075, 0.57981], "uv_size": [-1.075, -0.22981]}
							}
						},
						{
							"origin": [-0.5375, 2.65, -0.675],
							"size": [1.075, 0.05, 0.55],
							"uv": {
								"north": {"uv": [0, 0], "uv_size": [1.075, 0.05]},
								"east": {"uv": [0, 0], "uv_size": [0.55, 0.05]},
								"south": {"uv": [0, 0], "uv_size": [1.075, 0.05]},
								"west": {"uv": [0, 0], "uv_size": [0.55, 0.05]},
								"up": {"uv": [1.075, 0.55], "uv_size": [-1.075, -0.55]},
								"down": {"uv": [1.075, 0.55], "uv_size": [-1.075, -0.55]}
							}
						},
						{
							"origin": [-0.5375, 2.0375, -1.4625],
							"size": [0.25, 0.125, 0.625],
							"uv": {
								"north": {"uv": [2, 0], "uv_size": [0.25, 0.125]},
								"east": {"uv": [0.15, 0], "uv_size": [0.625, 0.125]},
								"south": {"uv": [2, 0], "uv_size": [0.25, 0.125]},
								"west": {"uv": [0.15, 0], "uv_size": [0.625, 0.125]},
								"up": {"uv": [0.25, 0.775], "uv_size": [-0.25, -0.625]},
								"down": {"uv": [0.25, 0.775], "uv_size": [-0.25, -0.625]}
							}
						},
						{
							"origin": [-0.075, 2.1625, -1.55],
							"size": [0.15, 0.5375, 0.8],
							"uv": {
								"north": {"uv": [2, 0], "uv_size": [0.15, 0.5375]},
								"east": {"uv": [0.15, 0], "uv_size": [0.8, 0.5375]},
								"south": {"uv": [2, 0], "uv_size": [0.15, 0.5375]},
								"west": {"uv": [0.15, 0], "uv_size": [0.8, 0.5375]},
								"up": {"uv": [0.15, 0.95], "uv_size": [-0.15, -0.8]},
								"down": {"uv": [0.15, 0.95], "uv_size": [-0.15, -0.8]}
							}
						}
					]
				}
			]
		}
	]
}