{
	"format_version": "1.12.0",
	"minecraft:geometry": [
		{
			"description": {
				"identifier": "geometry.sight_eotech_eflx_scorpion",
				"texture_width": 32,
				"texture_height": 32,
				"visible_bounds_width": 22,
				"visible_bounds_height": 10,
				"visible_bounds_offset": [0, 0, 0]
			},
			"bones": [
				{
					"name": "scope_view",
					"pivot": [0, 1.1275, 8.35]
				},
				{
					"name": "division",
					"pivot": [0, 0.3, 1.1]
				},
				{
					"name": "crosshair_illuminated",
					"parent": "division",
					"pivot": [0, 0.3, 1.1],
					"cubes": [
						{
							"origin": [-0.05, 1.07751, -9.9],
							"size": [0.1, 0.1, 0.025],
							"pivot": [0, 1.12751, -9.8875],
							"rotation": [0, 0, 45],
							"uv": {
								"south": {"uv": [20, 12], "uv_size": [0.5, 0.5]}
							}
						}
					]
				},
				{
					"name": "ocular",
					"pivot": [0, 1.42893, 0.08799],
					"cubes": [
						{
							"origin": [-0.55, 0.675, -1.025],
							"size": [1.1, 0.8375, 0.0625],
							"pivot": [-0.55, 0.675, -1.025],
							"rotation": [-11.25, 0, 0],
							"uv": {
								"north": {"uv": [7, 2], "uv_size": [1, 1]},
								"south": {"uv": [7, 3], "uv_size": [1, 1]}
							}
						}
					]
				},
				{
					"name": "scope_body",
					"pivot": [0, 0.3, 2.1]
				},
				{
					"name": "EOTech_EFLX",
					"parent": "scope_body",
					"pivot": [0, -3.225, 5.4],
					"cubes": [
						{
							"origin": [-0.525, 0.3, 1],
							"size": [1.05, 0.375, 0.1],
							"uv": {
								"south": {"uv": [3, 11], "uv_size": [1, 0.5]},
								"down": {"uv": [4, 11.5], "uv_size": [1, -0.5]}
							}
						},
						{
							"origin": [0.30052, 0.3, 0.58735],
							"size": [0.07071, 0.375, 0.14142],
							"pivot": [0, 0.3, 1.1],
							"rotation": [0, -45, 0],
							"uv": {
								"west": {"uv": [14, 11], "uv_size": [0.5, 0.5]},
								"down": {"uv": [12, 14.5], "uv_size": [0.5, -0.5]}
							}
						},
						{
							"origin": [-0.37123, 0.3, 0.58735],
							"size": [0.07071, 0.375, 0.14142],
							"pivot": [0, 0.3, 1.1],
							"rotation": [0, 45, 0],
							"uv": {
								"east": {"uv": [14, 12], "uv_size": [0.5, 0.5]},
								"down": {"uv": [13, 14.5], "uv_size": [0.5, -0.5]}
							}
						},
						{
							"origin": [-0.525, 0.55267, 0.69341],
							"size": [1.05, 0.0125, 0.14142],
							"pivot": [0, 0.3, 1.1],
							"rotation": [-45, 0, 0],
							"uv": {
								"up": {"uv": [11, 4], "uv_size": [1, 0.5]}
							}
						},
						{
							"origin": [0.22114, 0.55266, 0.46491],
							"size": [0.05443, 0.0125, 0.11547],
							"inflate": -0.0001,
							"pivot": [0, 0.3, 1.1],
							"rotation": [-50.76849, -24.09484, 26.56505],
							"uv": {
								"up": {"uv": [14, 13], "uv_size": [0.5, 0.5]}
							}
						},
						{
							"origin": [0.525, 0.55267, 0.69341],
							"size": [0.06667, 0.0125, 0.04714],
							"pivot": [0, 0.3, 1.1],
							"rotation": [-45, 0, 0],
							"uv": {
								"up": {"uv": [14, 14], "uv_size": [0.5, 0.5]}
							}
						},
						{
							"origin": [0.25742, 0.55266, 0.42642],
							"size": [0.01814, 0.0125, 0.03849],
							"inflate": -0.0001,
							"pivot": [0, 0.3, 1.1],
							"rotation": [-50.76849, -24.09484, 26.56505],
							"uv": {
								"up": {"uv": [0, 15], "uv_size": [0.5, 0.5]}
							}
						},
						{
							"origin": [0.59167, 0.55267, 0.69341],
							"size": [0.02222, 0.0125, 0.01571],
							"pivot": [0, 0.3, 1.1],
							"rotation": [-45, 0, 0],
							"uv": {
								"up": {"uv": [15, 0], "uv_size": [0.5, 0.5]}
							}
						},
						{
							"origin": [0.35873, 0.74167, 0.58735],
							"size": [0.0125, 0.02222, 0.01571],
							"pivot": [0, 0.3, 1.1],
							"rotation": [0, -45, 0],
							"uv": {
								"west": {"uv": [1, 15], "uv_size": [0.5, 0.5]}
							}
						},
						{
							"origin": [0.35873, 0.37372, 0.42642],
							"size": [0.0125, 0.01814, 0.03849],
							"inflate": -0.0001,
							"pivot": [0, 0.3, 1.1],
							"rotation": [-35.26439, -45, 0],
							"uv": {
								"west": {"uv": [15, 1], "uv_size": [0.5, 0.5]}
							}
						},
						{
							"origin": [0.35873, 0.33743, 0.46491],
							"size": [0.0125, 0.05443, 0.11547],
							"inflate": -0.0001,
							"pivot": [0, 0.3, 1.1],
							"rotation": [-35.26439, -45, 0],
							"uv": {
								"west": {"uv": [2, 15], "uv_size": [0.5, 0.5]}
							}
						},
						{
							"origin": [0.35873, 0.675, 0.58735],
							"size": [0.0125, 0.06667, 0.04714],
							"pivot": [0, 0.3, 1.1],
							"rotation": [0, -45, 0],
							"uv": {
								"west": {"uv": [15, 2], "uv_size": [0.5, 0.5]}
							}
						},
						{
							"origin": [0.35873, 0.38279, 0.40717],
							"size": [0.0125, 0.00907, 0.01925],
							"inflate": -0.0001,
							"pivot": [0, 0.3, 1.1],
							"rotation": [-35.26439, -45, 0],
							"uv": {
								"west": {"uv": [3, 15], "uv_size": [0.5, 0.5]}
							}
						},
						{
							"origin": [0.2665, 0.55266, 0.40718],
							"size": [0.00907, 0.0125, 0.01925],
							"inflate": -0.0001,
							"pivot": [0, 0.3, 1.1],
							"rotation": [-50.76849, -24.09484, 26.56505],
							"uv": {
								"up": {"uv": [16, 18], "uv_size": [0.5, 0.5]}
							}
						},
						{
							"origin": [-0.27557, 0.55266, 0.46491],
							"size": [0.05443, 0.0125, 0.11547],
							"inflate": -0.0001,
							"pivot": [0, 0.3, 1.1],
							"rotation": [-50.76849, 24.09484, -26.56505],
							"uv": {
								"up": {"uv": [15, 3], "uv_size": [0.5, 0.5]}
							}
						},
						{
							"origin": [-0.59167, 0.55267, 0.69341],
							"size": [0.06667, 0.0125, 0.04714],
							"pivot": [0, 0.3, 1.1],
							"rotation": [-45, 0, 0],
							"uv": {
								"up": {"uv": [4, 15], "uv_size": [0.5, 0.5]}
							}
						},
						{
							"origin": [-0.27557, 0.55266, 0.42642],
							"size": [0.01814, 0.0125, 0.03849],
							"inflate": -0.0001,
							"pivot": [0, 0.3, 1.1],
							"rotation": [-50.76849, 24.09484, -26.56505],
							"uv": {
								"up": {"uv": [15, 4], "uv_size": [0.5, 0.5]}
							}
						},
						{
							"origin": [-0.61389, 0.55267, 0.69341],
							"size": [0.02222, 0.0125, 0.01571],
							"pivot": [0, 0.3, 1.1],
							"rotation": [-45, 0, 0],
							"uv": {
								"up": {"uv": [5, 15], "uv_size": [0.5, 0.5]}
							}
						},
						{
							"origin": [-0.37123, 0.74167, 0.58735],
							"size": [0.0125, 0.02222, 0.01571],
							"pivot": [0, 0.3, 1.1],
							"rotation": [0, 45, 0],
							"uv": {
								"east": {"uv": [15, 5], "uv_size": [0.5, 0.5]}
							}
						},
						{
							"origin": [-0.37123, 0.37372, 0.42642],
							"size": [0.0125, 0.01814, 0.03849],
							"inflate": -0.0001,
							"pivot": [0, 0.3, 1.1],
							"rotation": [-35.26439, 45, 0],
							"uv": {
								"east": {"uv": [6, 15], "uv_size": [0.5, 0.5]}
							}
						},
						{
							"origin": [-0.37123, 0.33743, 0.46491],
							"size": [0.0125, 0.05443, 0.11547],
							"inflate": -0.0001,
							"pivot": [0, 0.3, 1.1],
							"rotation": [-35.26439, 45, 0],
							"uv": {
								"east": {"uv": [15, 6], "uv_size": [0.5, 0.5]}
							}
						},
						{
							"origin": [-0.37123, 0.675, 0.58735],
							"size": [0.0125, 0.06667, 0.04714],
							"pivot": [0, 0.3, 1.1],
							"rotation": [0, 45, 0],
							"uv": {
								"east": {"uv": [7, 15], "uv_size": [0.5, 0.5]}
							}
						},
						{
							"origin": [-0.37123, 0.38279, 0.40717],
							"size": [0.0125, 0.00907, 0.01925],
							"inflate": -0.0001,
							"pivot": [0, 0.3, 1.1],
							"rotation": [-35.26439, 45, 0],
							"uv": {
								"east": {"uv": [15, 7], "uv_size": [0.5, 0.5]}
							}
						},
						{
							"origin": [-0.27557, 0.55266, 0.40718],
							"size": [0.00907, 0.0125, 0.01925],
							"inflate": -0.0001,
							"pivot": [0, 0.3, 1.1],
							"rotation": [-50.76849, 24.09484, -26.56505],
							"uv": {
								"up": {"uv": [8, 15], "uv_size": [0.5, 0.5]}
							}
						},
						{
							"origin": [-0.7, 0.02108, -1.14952],
							"size": [1.45, 0.03638, 0.15462],
							"inflate": -0.0002,
							"pivot": [0, 0.3, 1.1],
							"rotation": [-14.03624, 0, 0],
							"uv": {
								"east": {"uv": [15, 8], "uv_size": [0.5, 0.5]},
								"west": {"uv": [9, 15], "uv_size": [0.5, 0.5]},
								"down": {"uv": [4, 7.5], "uv_size": [1.5, -0.5]}
							}
						},
						{
							"origin": [-0.7, 0.575, -1.15],
							"size": [1.45, 0.1, 0.625],
							"inflate": -0.0001,
							"uv": {
								"north": {"uv": [7, 4], "uv_size": [1.5, 0.5]},
								"east": {"uv": [15, 9], "uv_size": [0.5, 0.5]},
								"south": {"uv": [7, 5], "uv_size": [1.5, 0.5]},
								"west": {"uv": [10, 15], "uv_size": [0.5, 0.5]},
								"up": {"uv": [6, 7], "uv_size": [1.5, 0.5]}
							}
						},
						{
							"origin": [-1.14552, 0.6375, -0.33543],
							"size": [0.41719, 0.05, 0.99702],
							"inflate": -0.0002,
							"pivot": [0, 0.3, 1.1],
							"rotation": [0, -45, 0],
							"uv": {
								"north": {"uv": [15, 10], "uv_size": [0.5, 0.5]},
								"south": {"uv": [11, 15], "uv_size": [0.5, 0.5]},
								"up": {"uv": [5, 11], "uv_size": [0.5, 1]}
							}
						},
						{
							"origin": [-1.53, 0.6375, 0.6],
							"size": [0.41, 0.05, 1],
							"pivot": [0, 0.3, 1.1],
							"rotation": [0, -90, 0],
							"uv": {
								"north": {"uv": [15, 11], "uv_size": [0.5, 0.5]},
								"south": {"uv": [12, 15], "uv_size": [0.5, 0.5]},
								"up": {"uv": [11, 5], "uv_size": [0.5, 1]}
							}
						},
						{
							"origin": [-1.14552, 0.6375, 1.53841],
							"size": [0.41719, 0.05, 0.99702],
							"inflate": -0.0002,
							"pivot": [0, 0.3, 1.1],
							"rotation": [0, -135, 0],
							"uv": {
								"north": {"uv": [15, 12], "uv_size": [0.5, 0.5]},
								"south": {"uv": [13, 15], "uv_size": [0.5, 0.5]},
								"up": {"uv": [6, 11], "uv_size": [0.5, 1]}
							}
						},
						{
							"origin": [-0.205, 0.6375, -0.725],
							"size": [0.41, 0.05, 1],
							"inflate": -0.0001,
							"uv": {
								"north": {"uv": [15, 13], "uv_size": [0.5, 0.5]},
								"south": {"uv": [14, 15], "uv_size": [0.5, 0.5]},
								"up": {"uv": [11, 6], "uv_size": [0.5, 1]}
							}
						},
						{
							"origin": [-0.22778, 0.3, -1.10184],
							"size": [0.46098, 0.2625, 0.09762],
							"pivot": [0, 0.3, 1.1],
							"rotation": [0, 12.52881, 0],
							"uv": {
								"north": {"uv": [15, 14], "uv_size": [0.5, 0.5]},
								"down": {"uv": [15, 15.5], "uv_size": [0.5, -0.5]}
							}
						},
						{
							"origin": [-0.18631, 0.3, -1.10631],
							"size": [0.5099, 0.2625, 0.09806],
							"pivot": [0, 0.3, 1.1],
							"rotation": [0, -11.30994, 0],
							"uv": {
								"north": {"uv": [0, 16], "uv_size": [0.5, 0.5]},
								"down": {"uv": [16, 0.5], "uv_size": [0.5, -0.5]}
							}
						},
						{
							"origin": [-0.25, 0.3, -1.1],
							"size": [0.5, 0.2625, 0.1],
							"uv": {
								"north": {"uv": [1, 16], "uv_size": [0.5, 0.5]},
								"down": {"uv": [16, 1.5], "uv_size": [0.5, -0.5]}
							}
						},
						{
							"origin": [-0.625, 0.3, 0.5],
							"size": [1.25, 0.475, 0.5],
							"uv": {
								"north": {"uv": [7, 6], "uv_size": [1.5, 0.5]},
								"east": {"uv": [2, 16], "uv_size": [0.5, 0.5]},
								"west": {"uv": [16, 2], "uv_size": [0.5, 0.5]},
								"up": {"uv": [8, 2], "uv_size": [1.5, 0.5]},
								"down": {"uv": [8, 3.5], "uv_size": [1.5, -0.5]}
							}
						},
						{
							"origin": [0.22978, 0.65, 0.48129],
							"size": [0.1768, 0.125, 0.08839],
							"inflate": -0.0001,
							"pivot": [0, 0.3, 1.1],
							"rotation": [0, 45, 0],
							"uv": {
								"north": {"uv": [3, 16], "uv_size": [0.5, 0.5]},
								"up": {"uv": [16, 3], "uv_size": [0.5, 0.5]}
							}
						},
						{
							"origin": [-0.40658, 0.65, 0.48129],
							"size": [0.1768, 0.125, 0.08839],
							"inflate": -0.0001,
							"pivot": [0, 0.3, 1.1],
							"rotation": [0, -45, 0],
							"uv": {
								"north": {"uv": [4, 16], "uv_size": [0.5, 0.5]},
								"up": {"uv": [16, 4], "uv_size": [0.5, 0.5]}
							}
						},
						{
							"origin": [-0.15, 0.65, 0.375],
							"size": [0.3, 0.125, 0.125],
							"uv": {
								"north": {"uv": [5, 16], "uv_size": [0.5, 0.5]},
								"up": {"uv": [16, 5], "uv_size": [0.5, 0.5]}
							}
						},
						{
							"origin": [-0.7, 0.3, -1],
							"size": [1.45, 0.35, 1.125],
							"uv": {
								"east": {"uv": [7, 11], "uv_size": [1, 0.5]},
								"west": {"uv": [8, 11], "uv_size": [1, 0.5]},
								"up": {"uv": [4, 0], "uv_size": [1.5, 1]},
								"down": {"uv": [4, 2], "uv_size": [1.5, -1]}
							}
						},
						{
							"origin": [-0.37918, 0.65, 0.24352],
							"size": [0.175, 0.0625, 0.175],
							"pivot": [0, 0.3, 1.1],
							"rotation": [0, -45, 0],
							"uv": {
								"north": {"uv": [6, 16], "uv_size": [0.5, 0.5]},
								"east": {"uv": [16, 6], "uv_size": [0.5, 0.5]},
								"south": {"uv": [7, 16], "uv_size": [0.5, 0.5]},
								"west": {"uv": [16, 7], "uv_size": [0.5, 0.5]},
								"up": {"uv": [8, 16], "uv_size": [0.5, 0.5]}
							}
						},
						{
							"origin": [0.20418, 0.65, 0.24352],
							"size": [0.175, 0.0625, 0.175],
							"pivot": [0, 0.3, 1.1],
							"rotation": [0, 45, 0],
							"uv": {
								"north": {"uv": [16, 8], "uv_size": [0.5, 0.5]},
								"east": {"uv": [9, 16], "uv_size": [0.5, 0.5]},
								"south": {"uv": [16, 9], "uv_size": [0.5, 0.5]},
								"west": {"uv": [10, 16], "uv_size": [0.5, 0.5]},
								"up": {"uv": [16, 10], "uv_size": [0.5, 0.5]}
							}
						},
						{
							"origin": [0.0716, 0.7625, 0.9034],
							"size": [0.125, 0.025, 0.125],
							"pivot": [0, 0.3, 1.1],
							"rotation": [0, 45, 0],
							"uv": {
								"north": {"uv": [16, 8], "uv_size": [0.5, 0.5]},
								"east": {"uv": [9, 16], "uv_size": [0.5, 0.5]},
								"south": {"uv": [16, 9], "uv_size": [0.5, 0.5]},
								"west": {"uv": [10, 16], "uv_size": [0.5, 0.5]},
								"up": {"uv": [16, 10], "uv_size": [0.5, 0.5]}
							}
						},
						{
							"origin": [-0.625, 0.3, 0.125],
							"size": [1.25, 0.35, 0.375],
							"uv": {
								"up": {"uv": [4, 8], "uv_size": [1.5, 0.5]},
								"down": {"uv": [6, 8.5], "uv_size": [1.5, -0.5]}
							}
						},
						{
							"origin": [-0.49519, 0.3, 0.00665],
							"size": [0.1, 0.475, 0.40743],
							"pivot": [0, 0.3, 1.1],
							"rotation": [0, 11.30993, 0],
							"uv": {
								"east": {"uv": [11, 16], "uv_size": [0.5, 0.5]},
								"west": {"uv": [16, 11], "uv_size": [0.5, 0.5]},
								"up": {"uv": [12, 16], "uv_size": [0.5, 0.5]},
								"down": {"uv": [16, 12.5], "uv_size": [0.5, -0.5]}
							}
						},
						{
							"origin": [-0.49519, 0.775, 0.00665],
							"size": [0.1, 0.0625, 0.04493],
							"pivot": [0, 0.3, 1.1],
							"rotation": [0, 11.30993, 0],
							"uv": {
								"east": {"uv": [13, 16], "uv_size": [0.5, 0.5]},
								"west": {"uv": [16, 13], "uv_size": [0.5, 0.5]},
								"up": {"uv": [14, 16], "uv_size": [0.5, 0.5]}
							}
						},
						{
							"origin": [-0.49519, 0.43775, -0.06153],
							"size": [0.1, 0.05961, 0.2125],
							"inflate": -0.0001,
							"pivot": [0, 0.3, 1.1],
							"rotation": [-17.5, 11.30993, 0],
							"uv": {
								"east": {"uv": [16, 14], "uv_size": [0.5, 0.5]},
								"west": {"uv": [15, 16], "uv_size": [0.5, 0.5]},
								"up": {"uv": [16, 15], "uv_size": [0.5, 0.5]}
							}
						},
						{
							"origin": [-0.7, 0.4194, -0.18481],
							"size": [0.1, 0.05886, 0.18583],
							"inflate": -0.0001,
							"pivot": [0, 0.3, 1.1],
							"rotation": [-19.65383, 0, 0],
							"uv": {
								"east": {"uv": [16, 16], "uv_size": [0.5, 0.5]},
								"west": {"uv": [0, 17], "uv_size": [0.5, 0.5]},
								"up": {"uv": [17, 0], "uv_size": [0.5, 0.5]}
							}
						},
						{
							"origin": [0.6, 0.4194, -0.18481],
							"size": [0.15, 0.05886, 0.18583],
							"inflate": -0.0001,
							"pivot": [0, 0.3, 1.1],
							"rotation": [-19.65383, 0, 0],
							"uv": {
								"east": {"uv": [1, 17], "uv_size": [0.5, 0.5]},
								"west": {"uv": [17, 1], "uv_size": [0.5, 0.5]},
								"up": {"uv": [2, 17], "uv_size": [0.5, 0.5]}
							}
						},
						{
							"origin": [0.25319, 0.3, -0.06213],
							"size": [0.15, 0.475, 0.44528],
							"pivot": [0, 0.3, 1.1],
							"rotation": [0, -18.43495, 0],
							"uv": {
								"east": {"uv": [17, 2], "uv_size": [0.5, 0.5]},
								"west": {"uv": [3, 17], "uv_size": [0.5, 0.5]},
								"up": {"uv": [17, 3], "uv_size": [0.5, 0.5]},
								"down": {"uv": [4, 17.5], "uv_size": [0.5, -0.5]}
							}
						},
						{
							"origin": [0.25319, 0.41782, -0.12474],
							"size": [0.15, 0.05961, 0.2125],
							"inflate": -0.0001,
							"pivot": [0, 0.3, 1.1],
							"rotation": [-17.5, -18.43495, 0],
							"uv": {
								"east": {"uv": [17, 4], "uv_size": [0.5, 0.5]},
								"west": {"uv": [5, 17], "uv_size": [0.5, 0.5]},
								"up": {"uv": [17, 5], "uv_size": [0.5, 0.5]}
							}
						},
						{
							"origin": [0.25319, 0.775, -0.06213],
							"size": [0.15, 0.0625, 0.04743],
							"pivot": [0, 0.3, 1.1],
							"rotation": [0, -18.43495, 0],
							"uv": {
								"east": {"uv": [6, 17], "uv_size": [0.5, 0.5]},
								"west": {"uv": [17, 6], "uv_size": [0.5, 0.5]},
								"up": {"uv": [7, 17], "uv_size": [0.5, 0.5]}
							}
						},
						{
							"origin": [0.5922, 0.17626, -1.125],
							"size": [0.12374, 0.06187, 0.6],
							"pivot": [0, 0.3, 1.1],
							"rotation": [0, 0, -45],
							"uv": {
								"north": {"uv": [17, 7], "uv_size": [0.5, 0.5]},
								"south": {"uv": [8, 17], "uv_size": [0.5, 0.5]},
								"up": {"uv": [17, 8], "uv_size": [0.5, 0.5]}
							}
						},
						{
							"origin": [-0.71594, 0.17626, -1.125],
							"size": [0.12374, 0.06187, 0.6],
							"pivot": [0, 0.3, 1.1],
							"rotation": [0, 0, 45],
							"uv": {
								"north": {"uv": [9, 17], "uv_size": [0.5, 0.5]},
								"south": {"uv": [17, 9], "uv_size": [0.5, 0.5]},
								"up": {"uv": [10, 17], "uv_size": [0.5, 0.5]}
							}
						},
						{
							"origin": [-0.6875, 0.71265, 0.89393],
							"size": [1.375, 0.2, 0.2],
							"pivot": [0, 0.3, 1.1],
							"rotation": [45, 0, 0],
							"uv": {
								"north": {"uv": [8, 7], "uv_size": [1.5, 0.5]},
								"east": {"uv": [17, 10], "uv_size": [0.5, 0.5]},
								"south": {"uv": [8, 8], "uv_size": [1.5, 0.5]},
								"west": {"uv": [11, 17], "uv_size": [0.5, 0.5]},
								"up": {"uv": [9, 0], "uv_size": [1.5, 0.5]},
								"down": {"uv": [9, 1.5], "uv_size": [1.5, -0.5]}
							}
						},
						{
							"origin": [0.6, 0.65, -1],
							"size": [0.15, 0.1875, 1.125],
							"uv": {
								"east": {"uv": [9, 11], "uv_size": [1, 0.5]},
								"west": {"uv": [11, 9], "uv_size": [1, 0.5]}
							}
						},
						{
							"origin": [-0.7, 0.65, -1],
							"size": [0.1, 0.1875, 1.125],
							"uv": {
								"east": {"uv": [10, 11], "uv_size": [1, 0.5]},
								"west": {"uv": [11, 11], "uv_size": [1, 0.5]}
							}
						},
						{
							"origin": [-0.7, 0.8375, -0.925],
							"size": [0.1, 0.0625, 0.875],
							"uv": {
								"east": {"uv": [0, 12], "uv_size": [1, 0.5]},
								"west": {"uv": [12, 0], "uv_size": [1, 0.5]},
								"up": {"uv": [1, 12], "uv_size": [0.5, 1]}
							}
						},
						{
							"origin": [-0.7, 1.75712, -0.5184],
							"size": [0.025, 0.075, 0.1647],
							"inflate": -0.0002,
							"pivot": [0, 0.3, 1.1],
							"rotation": [30, 0, 0],
							"uv": {
								"east": {"uv": [17, 11], "uv_size": [0.5, 0.5]},
								"up": {"uv": [12, 17], "uv_size": [0.5, 0.5]}
							}
						},
						{
							"origin": [-0.7, -0.50024, -1.03606],
							"size": [0.025, 0.1647, 0.1375],
							"inflate": -0.0001,
							"pivot": [0, 0.3, 1.1],
							"rotation": [-30, 0, 0],
							"uv": {
								"north": {"uv": [17, 12], "uv_size": [0.5, 0.5]},
								"east": {"uv": [13, 17], "uv_size": [0.5, 0.5]}
							}
						},
						{
							"origin": [0.6, 0.8375, -0.925],
							"size": [0.15, 0.0625, 0.875],
							"uv": {
								"east": {"uv": [12, 1], "uv_size": [1, 0.5]},
								"west": {"uv": [2, 12], "uv_size": [1, 0.5]},
								"up": {"uv": [12, 2], "uv_size": [0.5, 1]}
							}
						},
						{
							"origin": [0.675, -0.50024, -1.03606],
							"size": [0.075, 0.1647, 0.1375],
							"inflate": -0.0001,
							"pivot": [0, 0.3, 1.1],
							"rotation": [-30, 0, 0],
							"uv": {
								"north": {"uv": [17, 13], "uv_size": [0.5, 0.5]},
								"west": {"uv": [14, 17], "uv_size": [0.5, 0.5]}
							}
						},
						{
							"origin": [0.675, 1.75712, -0.5184],
							"size": [0.075, 0.075, 0.1647],
							"inflate": -0.0002,
							"pivot": [0, 0.3, 1.1],
							"rotation": [30, 0, 0],
							"uv": {
								"west": {"uv": [17, 14], "uv_size": [0.5, 0.5]},
								"up": {"uv": [15, 17], "uv_size": [0.5, 0.5]}
							}
						},
						{
							"origin": [-0.21699, 1.55083, -1.025],
							"size": [0.1281, 0.125, 0.5],
							"inflate": -0.0001,
							"pivot": [0, 0.3, 1.1],
							"rotation": [0, 0, 30],
							"uv": {
								"north": {"uv": [17, 15], "uv_size": [0.5, 0.5]},
								"south": {"uv": [16, 17], "uv_size": [0.5, 0.5]},
								"up": {"uv": [17, 16], "uv_size": [0.5, 0.5]},
								"down": {"uv": [17, 17.5], "uv_size": [0.5, -0.5]}
							}
						},
						{
							"origin": [0.08889, 1.55083, -1.025],
							"size": [0.1281, 0.125, 0.5],
							"inflate": -0.0001,
							"pivot": [0, 0.3, 1.1],
							"rotation": [0, 0, -30],
							"uv": {
								"north": {"uv": [0, 18], "uv_size": [0.5, 0.5]},
								"south": {"uv": [18, 0], "uv_size": [0.5, 0.5]},
								"up": {"uv": [1, 18], "uv_size": [0.5, 0.5]},
								"down": {"uv": [18, 1.5], "uv_size": [0.5, -0.5]}
							}
						},
						{
							"origin": [-0.5, 1.475, -1.025],
							"size": [1, 0.125, 0.5],
							"uv": {
								"north": {"uv": [3, 12], "uv_size": [1, 0.5]},
								"south": {"uv": [12, 3], "uv_size": [1, 0.5]},
								"up": {"uv": [4, 12], "uv_size": [1, 0.5]},
								"down": {"uv": [12, 4.5], "uv_size": [1, -0.5]}
							}
						},
						{
							"origin": [1.02207, 0.93678, -1.025],
							"size": [0.125, 0.12809, 0.5],
							"inflate": -0.0001,
							"pivot": [0, 0.3, 1.1],
							"rotation": [0, 0, -30],
							"uv": {
								"north": {"uv": [2, 18], "uv_size": [0.5, 0.5]},
								"east": {"uv": [18, 2], "uv_size": [0.5, 0.5]},
								"south": {"uv": [3, 18], "uv_size": [0.5, 0.5]},
								"west": {"uv": [18, 3], "uv_size": [0.5, 0.5]}
							}
						},
						{
							"origin": [-1.14707, 0.93678, -1.025],
							"size": [0.125, 0.12809, 0.5],
							"inflate": -0.0001,
							"pivot": [0, 0.3, 1.1],
							"rotation": [0, 0, 30],
							"uv": {
								"north": {"uv": [4, 18], "uv_size": [0.5, 0.5]},
								"east": {"uv": [18, 4], "uv_size": [0.5, 0.5]},
								"south": {"uv": [5, 18], "uv_size": [0.5, 0.5]},
								"west": {"uv": [18, 5], "uv_size": [0.5, 0.5]}
							}
						},
						{
							"origin": [0.55, 0.3, -1.18104],
							"size": [0.125, 0.76035, 0.1233],
							"inflate": -0.0001,
							"pivot": [0, 0.3, 1.1],
							"rotation": [-9.46232, 0, 0],
							"uv": {
								"north": {"uv": [5, 12], "uv_size": [0.5, 1]},
								"east": {"uv": [12, 5], "uv_size": [0.5, 1]},
								"west": {"uv": [6, 12], "uv_size": [0.5, 1]}
							}
						},
						{
							"origin": [-0.675, 0.3, -1.18104],
							"size": [0.125, 0.76035, 0.1233],
							"inflate": -0.0001,
							"pivot": [0, 0.3, 1.1],
							"rotation": [-9.46232, 0, 0],
							"uv": {
								"north": {"uv": [12, 6], "uv_size": [0.5, 1]},
								"east": {"uv": [7, 12], "uv_size": [0.5, 1]},
								"west": {"uv": [12, 7], "uv_size": [0.5, 1]}
							}
						},
						{
							"origin": [-0.675, 1.3375, -0.6125],
							"size": [0.025, 0.0625, 0.0375],
							"uv": {
								"east": {"uv": [6, 18], "uv_size": [0.5, 0.5]}
							}
						},
						{
							"origin": [0.6, -0.42478, -0.75615],
							"size": [0.05, 0.28284, 0.56569],
							"inflate": -0.0001,
							"pivot": [0, 0.3, 1.1],
							"rotation": [-45, 0, 0],
							"uv": {
								"east": {"uv": [18, 6], "uv_size": [0.5, 0.5]},
								"west": {"uv": [7, 18], "uv_size": [0.5, 0.5]},
								"up": {"uv": [18, 7], "uv_size": [0.5, 0.5]}
							}
						},
						{
							"origin": [0.55, 0.675, -1.025],
							"size": [0.1, 0.75, 0.5],
							"uv": {
								"east": {"uv": [8, 12], "uv_size": [0.5, 1]},
								"south": {"uv": [12, 8], "uv_size": [0.5, 1]},
								"west": {"uv": [9, 12], "uv_size": [0.5, 1]}
							}
						},
						{
							"origin": [-0.65, -0.42478, -0.75615],
							"size": [0.05, 0.28284, 0.56569],
							"inflate": -0.0001,
							"pivot": [0, 0.3, 1.1],
							"rotation": [-45, 0, 0],
							"uv": {
								"east": {"uv": [8, 18], "uv_size": [0.5, 0.5]},
								"west": {"uv": [18, 8], "uv_size": [0.5, 0.5]},
								"up": {"uv": [9, 18], "uv_size": [0.5, 0.5]}
							}
						},
						{
							"origin": [-0.65, 0.675, -1.025],
							"size": [0.1, 0.75, 0.5],
							"uv": {
								"east": {"uv": [12, 9], "uv_size": [0.5, 1]},
								"south": {"uv": [10, 12], "uv_size": [0.5, 1]},
								"west": {"uv": [12, 10], "uv_size": [0.5, 1]}
							}
						},
						{
							"origin": [-0.675, 0.25771, -0.90109],
							"size": [0.025, 0.17366, 0.04319],
							"inflate": -0.0001,
							"pivot": [0, 0.3, 1.1],
							"rotation": [-30.25644, 0, 0],
							"uv": {
								"east": {"uv": [18, 9], "uv_size": [0.5, 0.5]},
								"south": {"uv": [10, 18], "uv_size": [0.5, 0.5]}
							}
						},
						{
							"origin": [-0.675, 1.65017, -0.0342],
							"size": [0.025, 0.23585, 0.106],
							"inflate": -0.0001,
							"pivot": [0, 0.3, 1.1],
							"rotation": [32.00538, 0, 0],
							"uv": {
								"east": {"uv": [18, 10], "uv_size": [0.5, 0.5]},
								"south": {"uv": [11, 18], "uv_size": [0.5, 0.5]}
							}
						},
						{
							"origin": [0.65, 0.675, -1.025],
							"size": [0.025, 0.75, 0.4125],
							"uv": {
								"south": {"uv": [11, 12], "uv_size": [0.5, 1]},
								"west": {"uv": [12, 11], "uv_size": [0.5, 1]}
							}
						},
						{
							"origin": [0.65, 0.25771, -0.90109],
							"size": [0.025, 0.17366, 0.04319],
							"inflate": -0.0001,
							"pivot": [0, 0.3, 1.1],
							"rotation": [-30.25644, 0, 0],
							"uv": {
								"south": {"uv": [18, 11], "uv_size": [0.5, 0.5]},
								"west": {"uv": [12, 18], "uv_size": [0.5, 0.5]}
							}
						},
						{
							"origin": [0.65, 1.65017, -0.0342],
							"size": [0.025, 0.23585, 0.106],
							"inflate": -0.0001,
							"pivot": [0, 0.3, 1.1],
							"rotation": [32.00538, 0, 0],
							"uv": {
								"south": {"uv": [18, 12], "uv_size": [0.5, 0.5]},
								"west": {"uv": [13, 18], "uv_size": [0.5, 0.5]}
							}
						},
						{
							"origin": [0.65, 1.3375, -0.6125],
							"size": [0.025, 0.0625, 0.0375],
							"uv": {
								"west": {"uv": [18, 13], "uv_size": [0.5, 0.5]}
							}
						},
						{
							"origin": [-0.675, 1.4, -0.6125],
							"size": [0.025, 0.025, 0.0875],
							"uv": {
								"east": {"uv": [14, 18], "uv_size": [0.5, 0.5]},
								"south": {"uv": [18, 14], "uv_size": [0.5, 0.5]}
							}
						},
						{
							"origin": [0.65, 1.4, -0.6125],
							"size": [0.025, 0.025, 0.0875],
							"uv": {
								"south": {"uv": [15, 18], "uv_size": [0.5, 0.5]},
								"west": {"uv": [18, 15], "uv_size": [0.5, 0.5]}
							}
						},
						{
							"origin": [-0.675, 0.675, -1.025],
							"size": [0.025, 0.75, 0.4125],
							"uv": {
								"east": {"uv": [12, 12], "uv_size": [0.5, 1]},
								"south": {"uv": [0, 13], "uv_size": [0.5, 1]}
							}
						},
						{
							"origin": [0.75, 0.4, -0.9],
							"size": [0.025, 0.375, 0.875],
							"uv": {
								"north": {"uv": [6, 13], "uv_size": [0.5, 0.5]},
								"south": {"uv": [13, 6], "uv_size": [0.5, 0.5]},
								"west": {"uv": [11, 0], "uv_size": [1, 0.5]},
								"up": {"uv": [11, 1], "uv_size": [0.5, 1]},
								"down": {"uv": [2, 12], "uv_size": [0.5, -1]}
							}
						},
						{
							"origin": [0.775, 0.425, -0.3375],
							"size": [0.025, 0.2125, 0.125],
							"uv": {
								"north": {"uv": [7, 13], "uv_size": [0.5, 0.5]},
								"south": {"uv": [13, 7], "uv_size": [0.5, 0.5]},
								"west": {"uv": [8, 13], "uv_size": [0.5, 0.5]},
								"down": {"uv": [13, 8.5], "uv_size": [0.5, -0.5]}
							}
						},
						{
							"origin": [0.775, 0.5125, -0.4],
							"size": [0.025, 0.025, 0.25],
							"uv": {
								"west": {"uv": [9, 13], "uv_size": [0.5, 0.5]},
								"down": {"uv": [13, 9.5], "uv_size": [0.5, -0.5]}
							}
						},
						{
							"origin": [0.775, 0.69486, -0.28415],
							"size": [0.025, 0.05, 0.0183],
							"uv": {
								"west": {"uv": [10, 13], "uv_size": [0.5, 0.5]},
								"up": {"uv": [13, 10], "uv_size": [0.5, 0.5]}
							}
						},
						{
							"origin": [0.775, 1.44279, 2.03404],
							"size": [0.025, 0.05, 0.0183],
							"pivot": [0, 0.3, 1.1],
							"rotation": [120, 0, 0],
							"uv": {
								"west": {"uv": [11, 13], "uv_size": [0.5, 0.5]},
								"up": {"uv": [13, 11], "uv_size": [0.5, 0.5]}
							}
						},
						{
							"origin": [0.775, -0.93878, 1.52266],
							"size": [0.025, 0.05, 0.0183],
							"pivot": [0, 0.3, 1.1],
							"rotation": [-120, 0, 0],
							"uv": {
								"west": {"uv": [12, 13], "uv_size": [0.5, 0.5]},
								"up": {"uv": [13, 12], "uv_size": [0.5, 0.5]}
							}
						},
						{
							"origin": [0.775, -0.68543, 0.03182],
							"size": [0.025, 0.025, 0.25],
							"pivot": [0, 0.3, 1.1],
							"rotation": [-60, 0, 0],
							"uv": {
								"west": {"uv": [13, 13], "uv_size": [0.5, 0.5]},
								"up": {"uv": [0, 14], "uv_size": [0.5, 0.5]}
							}
						},
						{
							"origin": [0.775, -0.72293, 0.06932],
							"size": [0.025, 0.0375, 0.17835],
							"pivot": [0, 0.3, 1.1],
							"rotation": [-60, 0, 0],
							"uv": {
								"west": {"uv": [14, 0], "uv_size": [0.5, 0.5]}
							}
						},
						{
							"origin": [0.775, 1.69614, 0.54318],
							"size": [0.025, 0.025, 0.25],
							"pivot": [0, 0.3, 1.1],
							"rotation": [60, 0, 0],
							"uv": {
								"west": {"uv": [1, 14], "uv_size": [0.5, 0.5]},
								"up": {"uv": [14, 1], "uv_size": [0.5, 0.5]}
							}
						},
						{
							"origin": [0.775, 1.65864, 0.57733],
							"size": [0.025, 0.0375, 0.17835],
							"pivot": [0, 0.3, 1.1],
							"rotation": [60, 0, 0],
							"uv": {
								"west": {"uv": [2, 14], "uv_size": [0.5, 0.5]}
							}
						},
						{
							"origin": [0.775, -1.1334, -0.10813],
							"size": [0.025, 0.0375, 0.17835],
							"pivot": [0, 0.3, 1.1],
							"rotation": [-60, 0, 0],
							"uv": {
								"west": {"uv": [14, 2], "uv_size": [0.5, 0.5]}
							}
						},
						{
							"origin": [0.775, -1.1584, -0.14228],
							"size": [0.025, 0.025, 0.25],
							"pivot": [0, 0.3, 1.1],
							"rotation": [-60, 0, 0],
							"uv": {
								"west": {"uv": [3, 14], "uv_size": [0.5, 0.5]},
								"down": {"uv": [14, 3.5], "uv_size": [0.5, -0.5]}
							}
						},
						{
							"origin": [0.775, 1.89769, 0.37978],
							"size": [0.025, 0.0375, 0.17835],
							"pivot": [0, 0.3, 1.1],
							"rotation": [60, 0, 0],
							"uv": {
								"west": {"uv": [4, 14], "uv_size": [0.5, 0.5]}
							}
						},
						{
							"origin": [0.775, 1.87269, 0.34228],
							"size": [0.025, 0.025, 0.25],
							"pivot": [0, 0.3, 1.1],
							"rotation": [60, 0, 0],
							"uv": {
								"west": {"uv": [14, 4], "uv_size": [0.5, 0.5]},
								"down": {"uv": [5, 14.5], "uv_size": [0.5, -0.5]}
							}
						},
						{
							"origin": [0.775, 1.52604, 2.20813],
							"size": [0.025, 0.05, 0.0183],
							"pivot": [0, 0.3, 1.1],
							"rotation": [120, 0, 0],
							"uv": {
								"west": {"uv": [14, 5], "uv_size": [0.5, 0.5]},
								"down": {"uv": [6, 14.5], "uv_size": [0.5, -0.5]}
							}
						},
						{
							"origin": [0.775, -1.50505, 1.72357],
							"size": [0.025, 0.05, 0.0183],
							"pivot": [0, 0.3, 1.1],
							"rotation": [-120, 0, 0],
							"uv": {
								"west": {"uv": [14, 6], "uv_size": [0.5, 0.5]},
								"down": {"uv": [7, 14.5], "uv_size": [0.5, -0.5]}
							}
						},
						{
							"origin": [0.775, 0.43014, -0.65915],
							"size": [0.025, 0.05, 0.0183],
							"uv": {
								"west": {"uv": [14, 7], "uv_size": [0.5, 0.5]},
								"down": {"uv": [8, 14.5], "uv_size": [0.5, -0.5]}
							}
						},
						{
							"origin": [0.775, 0.6375, -0.775],
							"size": [0.025, 0.025, 0.25],
							"uv": {
								"west": {"uv": [14, 8], "uv_size": [0.5, 0.5]},
								"up": {"uv": [9, 14], "uv_size": [0.5, 0.5]}
							}
						},
						{
							"origin": [0.775, 0.5375, -0.7125],
							"size": [0.025, 0.2125, 0.125],
							"uv": {
								"north": {"uv": [14, 9], "uv_size": [0.5, 0.5]},
								"south": {"uv": [10, 14], "uv_size": [0.5, 0.5]},
								"west": {"uv": [14, 10], "uv_size": [0.5, 0.5]},
								"up": {"uv": [11, 14], "uv_size": [0.5, 0.5]}
							}
						}
					]
				},
				{
					"name": "StrikeIndus_GSURF",
					"parent": "scope_body",
					"pivot": [0, 12.1, 10],
					"cubes": [
						{
							"origin": [-0.7, 0.1, -1.325],
							"size": [1.4, 0.2, 2.5],
							"uv": {
								"north": {"uv": [3, 9], "uv_size": [1.5, 0.5]},
								"east": {"uv": [4, 2], "uv_size": [2.5, 0.5]},
								"south": {"uv": [9, 4], "uv_size": [1.5, 0.5]},
								"west": {"uv": [4, 3], "uv_size": [2.5, 0.5]},
								"up": {"uv": [0, 0], "uv_size": [1.5, 2.5]},
								"down": {"uv": [2, 2.5], "uv_size": [1.5, -2.5]}
							}
						},
						{
							"origin": [-0.6, -0.2, 0.825],
							"size": [1.2, 0.3, 0.35],
							"uv": {
								"north": {"uv": [13, 0], "uv_size": [1, 0.5]},
								"east": {"uv": [18, 16], "uv_size": [0.5, 0.5]},
								"south": {"uv": [1, 13], "uv_size": [1, 0.5]},
								"west": {"uv": [17, 18], "uv_size": [0.5, 0.5]},
								"down": {"uv": [13, 1.5], "uv_size": [1, -0.5]}
							}
						},
						{
							"origin": [-0.4, 0, 0],
							"size": [0.8, 0.1, 0.375],
							"uv": {
								"north": {"uv": [2, 13], "uv_size": [1, 0.5]},
								"east": {"uv": [18, 17], "uv_size": [0.5, 0.5]},
								"south": {"uv": [13, 2], "uv_size": [1, 0.5]},
								"west": {"uv": [18, 18], "uv_size": [0.5, 0.5]},
								"down": {"uv": [3, 13.5], "uv_size": [1, -0.5]}
							}
						},
						{
							"origin": [-0.3, -0.575, 0.825],
							"size": [0.6, 0.375, 0.25],
							"uv": {
								"north": {"uv": [0, 19], "uv_size": [0.5, 0.5]},
								"east": {"uv": [19, 0], "uv_size": [0.5, 0.5]},
								"south": {"uv": [1, 19], "uv_size": [0.5, 0.5]},
								"west": {"uv": [19, 1], "uv_size": [0.5, 0.5]},
								"down": {"uv": [2, 19.5], "uv_size": [0.5, -0.5]}
							}
						},
						{
							"origin": [0.2, -0.475, 1.075],
							"size": [0.1, 0.275, 0.1],
							"uv": {
								"east": {"uv": [19, 2], "uv_size": [0.5, 0.5]},
								"south": {"uv": [3, 19], "uv_size": [0.5, 0.5]},
								"west": {"uv": [19, 3], "uv_size": [0.5, 0.5]}
							}
						},
						{
							"origin": [0.2, -0.48473, 1.075],
							"size": [0.1, 0.14142, 0.11794],
							"pivot": [0, -0.3875, 1.025],
							"rotation": [-45, 0, 0],
							"uv": {
								"east": {"uv": [4, 19], "uv_size": [0.5, 0.5]},
								"south": {"uv": [19, 4], "uv_size": [0.5, 0.5]},
								"west": {"uv": [5, 19], "uv_size": [0.5, 0.5]}
							}
						},
						{
							"origin": [-0.3, -0.475, 1.075],
							"size": [0.1, 0.275, 0.1],
							"uv": {
								"east": {"uv": [19, 5], "uv_size": [0.5, 0.5]},
								"south": {"uv": [6, 19], "uv_size": [0.5, 0.5]},
								"west": {"uv": [19, 6], "uv_size": [0.5, 0.5]}
							}
						},
						{
							"origin": [-0.3, -0.48473, 1.075],
							"size": [0.1, 0.14142, 0.11794],
							"pivot": [0, -0.3875, 1.025],
							"rotation": [-45, 0, 0],
							"uv": {
								"east": {"uv": [7, 19], "uv_size": [0.5, 0.5]},
								"south": {"uv": [19, 7], "uv_size": [0.5, 0.5]},
								"west": {"uv": [8, 19], "uv_size": [0.5, 0.5]}
							}
						},
						{
							"origin": [-0.1, -0.475, 1.075],
							"size": [0.2, 0.2, 0.1],
							"pivot": [0, -0.375, 0.95],
							"rotation": [0, 0, 45],
							"uv": {
								"east": {"uv": [19, 8], "uv_size": [0.5, 0.5]},
								"south": {"uv": [9, 19], "uv_size": [0.5, 0.5]},
								"west": {"uv": [19, 9], "uv_size": [0.5, 0.5]},
								"up": {"uv": [10, 19], "uv_size": [0.5, 0.5]},
								"down": {"uv": [19, 10.5], "uv_size": [0.5, -0.5]}
							}
						},
						{
							"origin": [-0.7, -0.13321, 0.97929],
							"size": [1.5, 0.14142, 0.14142],
							"pivot": [0, -0.0625, 1.05],
							"rotation": [-45, 0, 0],
							"uv": {
								"north": {"uv": [5, 9], "uv_size": [1.5, 0.5]},
								"east": {"uv": [11, 19], "uv_size": [0.5, 0.5]},
								"south": {"uv": [9, 5], "uv_size": [1.5, 0.5]},
								"up": {"uv": [9, 6], "uv_size": [1.5, 0.5]},
								"down": {"uv": [7, 9.5], "uv_size": [1.5, -0.5]}
							}
						},
						{
							"origin": [0.8, -0.2125, 0.9879],
							"size": [0.75, 0.3, 0.1242],
							"uv": {
								"east": {"uv": [19, 11], "uv_size": [0.5, 0.5]},
								"west": {"uv": [12, 19], "uv_size": [0.5, 0.5]},
								"up": {"uv": [13, 3], "uv_size": [1, 0.5]},
								"down": {"uv": [4, 13.5], "uv_size": [1, -0.5]}
							}
						},
						{
							"origin": [0.8, -0.2125, 0.9879],
							"size": [0.75, 0.1, 0.1242],
							"pivot": [1.175, -0.0625, 1.05],
							"rotation": [-90, 0, 0],
							"uv": {
								"east": {"uv": [19, 12], "uv_size": [0.5, 0.5]},
								"west": {"uv": [13, 19], "uv_size": [0.5, 0.5]},
								"down": {"uv": [13, 4.5], "uv_size": [1, -0.5]}
							}
						},
						{
							"origin": [0.8, -0.21248, 0.98785],
							"size": [0.75, 0.07071, 0.12425],
							"pivot": [1.175, -0.0625, 1.05],
							"rotation": [-135, 0, 0],
							"uv": {
								"east": {"uv": [19, 13], "uv_size": [0.5, 0.5]},
								"west": {"uv": [14, 19], "uv_size": [0.5, 0.5]},
								"down": {"uv": [5, 13.5], "uv_size": [1, -0.5]}
							}
						},
						{
							"origin": [0.8, -0.21248, 0.98785],
							"size": [0.75, 0.07071, 0.12431],
							"pivot": [1.175, -0.0625, 1.05],
							"rotation": [-45, 0, 0],
							"uv": {
								"east": {"uv": [19, 14], "uv_size": [0.5, 0.5]},
								"west": {"uv": [15, 19], "uv_size": [0.5, 0.5]},
								"down": {"uv": [13, 5.5], "uv_size": [1, -0.5]}
							}
						},
						{
							"origin": [0.8, -0.21248, 0.98785],
							"size": [0.1, 0.07071, 0.12425],
							"pivot": [1.175, -0.0625, 1.05],
							"rotation": [45, 0, 0],
							"uv": {
								"east": {"uv": [19, 15], "uv_size": [0.5, 0.5]},
								"west": {"uv": [16, 19], "uv_size": [0.5, 0.5]},
								"down": {"uv": [19, 16.5], "uv_size": [0.5, -0.5]}
							}
						},
						{
							"origin": [0.8, -0.2125, 0.9879],
							"size": [0.1, 0.1, 0.1242],
							"pivot": [1.175, -0.0625, 1.05],
							"rotation": [90, 0, 0],
							"uv": {
								"east": {"uv": [17, 19], "uv_size": [0.5, 0.5]},
								"west": {"uv": [19, 17], "uv_size": [0.5, 0.5]},
								"down": {"uv": [18, 19.5], "uv_size": [0.5, -0.5]}
							}
						},
						{
							"origin": [0.8, -0.21248, 0.98785],
							"size": [0.1, 0.07071, 0.12431],
							"pivot": [1.175, -0.0625, 1.05],
							"rotation": [135, 0, 0],
							"uv": {
								"east": {"uv": [19, 18], "uv_size": [0.5, 0.5]},
								"west": {"uv": [19, 19], "uv_size": [0.5, 0.5]},
								"down": {"uv": [0, 20.5], "uv_size": [0.5, -0.5]}
							}
						},
						{
							"origin": [1.45, -0.21248, 0.98785],
							"size": [0.1, 0.07071, 0.12425],
							"pivot": [1.825, -0.0625, 1.05],
							"rotation": [45, 0, 0],
							"uv": {
								"east": {"uv": [20, 0], "uv_size": [0.5, 0.5]},
								"west": {"uv": [1, 20], "uv_size": [0.5, 0.5]},
								"down": {"uv": [20, 1.5], "uv_size": [0.5, -0.5]}
							}
						},
						{
							"origin": [1.45, -0.2125, 0.9879],
							"size": [0.1, 0.1, 0.1242],
							"pivot": [1.825, -0.0625, 1.05],
							"rotation": [90, 0, 0],
							"uv": {
								"east": {"uv": [2, 20], "uv_size": [0.5, 0.5]},
								"west": {"uv": [20, 2], "uv_size": [0.5, 0.5]},
								"down": {"uv": [3, 20.5], "uv_size": [0.5, -0.5]}
							}
						},
						{
							"origin": [0.9, -0.17711, 0.95251],
							"size": [0.55, 0.025, 0.19495],
							"pivot": [1.825, -0.0625, 1.05],
							"rotation": [90, 0, 0],
							"uv": {
								"down": {"uv": [20, 3.5], "uv_size": [0.5, -0.5]}
							}
						},
						{
							"origin": [1.45, -0.21248, 0.98785],
							"size": [0.1, 0.07071, 0.12431],
							"pivot": [1.825, -0.0625, 1.05],
							"rotation": [135, 0, 0],
							"uv": {
								"east": {"uv": [4, 20], "uv_size": [0.5, 0.5]},
								"west": {"uv": [20, 4], "uv_size": [0.5, 0.5]},
								"down": {"uv": [5, 20.5], "uv_size": [0.5, -0.5]}
							}
						},
						{
							"origin": [0.9, -0.21248, 0.98785],
							"size": [0.55, 0.07071, 0.07425],
							"pivot": [1.725, -0.0625, 1.05],
							"rotation": [45, 0, 0],
							"uv": {
								"down": {"uv": [20, 5.5], "uv_size": [0.5, -0.5]}
							}
						},
						{
							"origin": [0.9, -0.21248, 1.03785],
							"size": [0.55, 0.07071, 0.07431],
							"pivot": [1.725, -0.0625, 1.05],
							"rotation": [135, 0, 0],
							"uv": {
								"down": {"uv": [6, 20.5], "uv_size": [0.5, -0.5]}
							}
						}
					]
				}
			]
		}
	]
}