{
	"format_version": "1.12.0",
	"minecraft:geometry": [
		{
			"description": {
				"identifier": "geometry.sight_eotech_eflx",
				"texture_width": 32,
				"texture_height": 32,
				"visible_bounds_width": 22,
				"visible_bounds_height": 10,
				"visible_bounds_offset": [0, 0, 0]
			},
			"bones": [
				{
					"name": "scope_view",
					"pivot": [0, 0.8275, 7.25]
				},
				{
					"name": "division",
					"pivot": [0, 0, 0]
				},
				{
					"name": "crosshair_illuminated",
					"parent": "division",
					"pivot": [0, 0, 0],
					"cubes": [
						{
							"origin": [-0.05, 0.77751, -11],
							"size": [0.1, 0.1, 0.025],
							"pivot": [0, 0.82751, -10.9875],
							"rotation": [0, 0, 45],
							"uv": {
								"south": {"uv": [20, 12], "uv_size": [0.5, 0.5]}
							}
						}
					]
				},
				{
					"name": "ocular",
					"pivot": [0, 1.12893, -1.01201],
					"cubes": [
						{
							"origin": [-0.55, 0.375, -2.125],
							"size": [1.1, 0.8375, 0.0625],
							"pivot": [-0.55, 0.375, -2.125],
							"rotation": [-11.25, 0, 0],
							"uv": {
								"north": {"uv": [7, 2], "uv_size": [1, 1]},
								"south": {"uv": [7, 3], "uv_size": [1, 1]}
							}
						}
					]
				},
				{
					"name": "scope_body",
					"pivot": [0, 0, 1]
				},
				{
					"name": "EOTech_EFLX",
					"parent": "scope_body",
					"pivot": [0, -3.525, 4.3],
					"cubes": [
						{
							"origin": [-0.525, 0, -0.1],
							"size": [1.05, 0.375, 0.1],
							"uv": {
								"south": {"uv": [3, 11], "uv_size": [1, 0.5]},
								"down": {"uv": [4, 11.5], "uv_size": [1, -0.5]}
							}
						},
						{
							"origin": [0.30052, 0, -0.51265],
							"size": [0.07071, 0.375, 0.14142],
							"pivot": [0, 0, 0],
							"rotation": [0, -45, 0],
							"uv": {
								"west": {"uv": [14, 11], "uv_size": [0.5, 0.5]},
								"down": {"uv": [12, 14.5], "uv_size": [0.5, -0.5]}
							}
						},
						{
							"origin": [-0.37123, 0, -0.51265],
							"size": [0.07071, 0.375, 0.14142],
							"pivot": [0, 0, 0],
							"rotation": [0, 45, 0],
							"uv": {
								"east": {"uv": [14, 12], "uv_size": [0.5, 0.5]},
								"down": {"uv": [13, 14.5], "uv_size": [0.5, -0.5]}
							}
						},
						{
							"origin": [-0.525, 0.25267, -0.40659],
							"size": [1.05, 0.0125, 0.14142],
							"pivot": [0, 0, 0],
							"rotation": [-45, 0, 0],
							"uv": {
								"up": {"uv": [11, 4], "uv_size": [1, 0.5]}
							}
						},
						{
							"origin": [0.22114, 0.25266, -0.63509],
							"size": [0.05443, 0.0125, 0.11547],
							"inflate": -0.0001,
							"pivot": [0, 0, 0],
							"rotation": [-50.76849, -24.09484, 26.56505],
							"uv": {
								"up": {"uv": [14, 13], "uv_size": [0.5, 0.5]}
							}
						},
						{
							"origin": [0.525, 0.25267, -0.40659],
							"size": [0.06667, 0.0125, 0.04714],
							"pivot": [0, 0, 0],
							"rotation": [-45, 0, 0],
							"uv": {
								"up": {"uv": [14, 14], "uv_size": [0.5, 0.5]}
							}
						},
						{
							"origin": [0.25742, 0.25266, -0.67358],
							"size": [0.01814, 0.0125, 0.03849],
							"inflate": -0.0001,
							"pivot": [0, 0, 0],
							"rotation": [-50.76849, -24.09484, 26.56505],
							"uv": {
								"up": {"uv": [0, 15], "uv_size": [0.5, 0.5]}
							}
						},
						{
							"origin": [0.59167, 0.25267, -0.40659],
							"size": [0.02222, 0.0125, 0.01571],
							"pivot": [0, 0, 0],
							"rotation": [-45, 0, 0],
							"uv": {
								"up": {"uv": [15, 0], "uv_size": [0.5, 0.5]}
							}
						},
						{
							"origin": [0.35873, 0.44167, -0.51265],
							"size": [0.0125, 0.02222, 0.01571],
							"pivot": [0, 0, 0],
							"rotation": [0, -45, 0],
							"uv": {
								"west": {"uv": [1, 15], "uv_size": [0.5, 0.5]}
							}
						},
						{
							"origin": [0.35873, 0.07372, -0.67358],
							"size": [0.0125, 0.01814, 0.03849],
							"inflate": -0.0001,
							"pivot": [0, 0, 0],
							"rotation": [-35.26439, -45, 0],
							"uv": {
								"west": {"uv": [15, 1], "uv_size": [0.5, 0.5]}
							}
						},
						{
							"origin": [0.35873, 0.03743, -0.63509],
							"size": [0.0125, 0.05443, 0.11547],
							"inflate": -0.0001,
							"pivot": [0, 0, 0],
							"rotation": [-35.26439, -45, 0],
							"uv": {
								"west": {"uv": [2, 15], "uv_size": [0.5, 0.5]}
							}
						},
						{
							"origin": [0.35873, 0.375, -0.51265],
							"size": [0.0125, 0.06667, 0.04714],
							"pivot": [0, 0, 0],
							"rotation": [0, -45, 0],
							"uv": {
								"west": {"uv": [15, 2], "uv_size": [0.5, 0.5]}
							}
						},
						{
							"origin": [0.35873, 0.08279, -0.69283],
							"size": [0.0125, 0.00907, 0.01925],
							"inflate": -0.0001,
							"pivot": [0, 0, 0],
							"rotation": [-35.26439, -45, 0],
							"uv": {
								"west": {"uv": [3, 15], "uv_size": [0.5, 0.5]}
							}
						},
						{
							"origin": [0.2665, 0.25266, -0.69282],
							"size": [0.00907, 0.0125, 0.01925],
							"inflate": -0.0001,
							"pivot": [0, 0, 0],
							"rotation": [-50.76849, -24.09484, 26.56505],
							"uv": {
								"up": {"uv": [16, 18], "uv_size": [0.5, 0.5]}
							}
						},
						{
							"origin": [-0.27557, 0.25266, -0.63509],
							"size": [0.05443, 0.0125, 0.11547],
							"inflate": -0.0001,
							"pivot": [0, 0, 0],
							"rotation": [-50.76849, 24.09484, -26.56505],
							"uv": {
								"up": {"uv": [15, 3], "uv_size": [0.5, 0.5]}
							}
						},
						{
							"origin": [-0.59167, 0.25267, -0.40659],
							"size": [0.06667, 0.0125, 0.04714],
							"pivot": [0, 0, 0],
							"rotation": [-45, 0, 0],
							"uv": {
								"up": {"uv": [4, 15], "uv_size": [0.5, 0.5]}
							}
						},
						{
							"origin": [-0.27557, 0.25266, -0.67358],
							"size": [0.01814, 0.0125, 0.03849],
							"inflate": -0.0001,
							"pivot": [0, 0, 0],
							"rotation": [-50.76849, 24.09484, -26.56505],
							"uv": {
								"up": {"uv": [15, 4], "uv_size": [0.5, 0.5]}
							}
						},
						{
							"origin": [-0.61389, 0.25267, -0.40659],
							"size": [0.02222, 0.0125, 0.01571],
							"pivot": [0, 0, 0],
							"rotation": [-45, 0, 0],
							"uv": {
								"up": {"uv": [5, 15], "uv_size": [0.5, 0.5]}
							}
						},
						{
							"origin": [-0.37123, 0.44167, -0.51265],
							"size": [0.0125, 0.02222, 0.01571],
							"pivot": [0, 0, 0],
							"rotation": [0, 45, 0],
							"uv": {
								"east": {"uv": [15, 5], "uv_size": [0.5, 0.5]}
							}
						},
						{
							"origin": [-0.37123, 0.07372, -0.67358],
							"size": [0.0125, 0.01814, 0.03849],
							"inflate": -0.0001,
							"pivot": [0, 0, 0],
							"rotation": [-35.26439, 45, 0],
							"uv": {
								"east": {"uv": [6, 15], "uv_size": [0.5, 0.5]}
							}
						},
						{
							"origin": [-0.37123, 0.03743, -0.63509],
							"size": [0.0125, 0.05443, 0.11547],
							"inflate": -0.0001,
							"pivot": [0, 0, 0],
							"rotation": [-35.26439, 45, 0],
							"uv": {
								"east": {"uv": [15, 6], "uv_size": [0.5, 0.5]}
							}
						},
						{
							"origin": [-0.37123, 0.375, -0.51265],
							"size": [0.0125, 0.06667, 0.04714],
							"pivot": [0, 0, 0],
							"rotation": [0, 45, 0],
							"uv": {
								"east": {"uv": [7, 15], "uv_size": [0.5, 0.5]}
							}
						},
						{
							"origin": [-0.37123, 0.08279, -0.69283],
							"size": [0.0125, 0.00907, 0.01925],
							"inflate": -0.0001,
							"pivot": [0, 0, 0],
							"rotation": [-35.26439, 45, 0],
							"uv": {
								"east": {"uv": [15, 7], "uv_size": [0.5, 0.5]}
							}
						},
						{
							"origin": [-0.27557, 0.25266, -0.69282],
							"size": [0.00907, 0.0125, 0.01925],
							"inflate": -0.0001,
							"pivot": [0, 0, 0],
							"rotation": [-50.76849, 24.09484, -26.56505],
							"uv": {
								"up": {"uv": [8, 15], "uv_size": [0.5, 0.5]}
							}
						},
						{
							"origin": [-0.7, -0.27892, -2.24952],
							"size": [1.45, 0.03638, 0.15462],
							"inflate": -0.0002,
							"pivot": [0, 0, 0],
							"rotation": [-14.03624, 0, 0],
							"uv": {
								"east": {"uv": [15, 8], "uv_size": [0.5, 0.5]},
								"west": {"uv": [9, 15], "uv_size": [0.5, 0.5]},
								"down": {"uv": [4, 7.5], "uv_size": [1.5, -0.5]}
							}
						},
						{
							"origin": [-0.7, 0.275, -2.25],
							"size": [1.45, 0.1, 0.625],
							"inflate": -0.0001,
							"uv": {
								"north": {"uv": [7, 4], "uv_size": [1.5, 0.5]},
								"east": {"uv": [15, 9], "uv_size": [0.5, 0.5]},
								"south": {"uv": [7, 5], "uv_size": [1.5, 0.5]},
								"west": {"uv": [10, 15], "uv_size": [0.5, 0.5]},
								"up": {"uv": [6, 7], "uv_size": [1.5, 0.5]}
							}
						},
						{
							"origin": [-1.14552, 0.3375, -1.43543],
							"size": [0.41719, 0.05, 0.99702],
							"inflate": -0.0002,
							"pivot": [0, 0, 0],
							"rotation": [0, -45, 0],
							"uv": {
								"north": {"uv": [15, 10], "uv_size": [0.5, 0.5]},
								"south": {"uv": [11, 15], "uv_size": [0.5, 0.5]},
								"up": {"uv": [5, 11], "uv_size": [0.5, 1]}
							}
						},
						{
							"origin": [-1.53, 0.3375, -0.5],
							"size": [0.41, 0.05, 1],
							"pivot": [0, 0, 0],
							"rotation": [0, -90, 0],
							"uv": {
								"north": {"uv": [15, 11], "uv_size": [0.5, 0.5]},
								"south": {"uv": [12, 15], "uv_size": [0.5, 0.5]},
								"up": {"uv": [11, 5], "uv_size": [0.5, 1]}
							}
						},
						{
							"origin": [-1.14552, 0.3375, 0.43841],
							"size": [0.41719, 0.05, 0.99702],
							"inflate": -0.0002,
							"pivot": [0, 0, 0],
							"rotation": [0, -135, 0],
							"uv": {
								"north": {"uv": [15, 12], "uv_size": [0.5, 0.5]},
								"south": {"uv": [13, 15], "uv_size": [0.5, 0.5]},
								"up": {"uv": [6, 11], "uv_size": [0.5, 1]}
							}
						},
						{
							"origin": [-0.205, 0.3375, -1.825],
							"size": [0.41, 0.05, 1],
							"inflate": -0.0001,
							"uv": {
								"north": {"uv": [15, 13], "uv_size": [0.5, 0.5]},
								"south": {"uv": [14, 15], "uv_size": [0.5, 0.5]},
								"up": {"uv": [11, 6], "uv_size": [0.5, 1]}
							}
						},
						{
							"origin": [-0.22778, 0, -2.20184],
							"size": [0.46098, 0.2625, 0.09762],
							"pivot": [0, 0, 0],
							"rotation": [0, 12.52881, 0],
							"uv": {
								"north": {"uv": [15, 14], "uv_size": [0.5, 0.5]},
								"down": {"uv": [15, 15.5], "uv_size": [0.5, -0.5]}
							}
						},
						{
							"origin": [-0.18631, 0, -2.20631],
							"size": [0.5099, 0.2625, 0.09806],
							"pivot": [0, 0, 0],
							"rotation": [0, -11.30994, 0],
							"uv": {
								"north": {"uv": [0, 16], "uv_size": [0.5, 0.5]},
								"down": {"uv": [16, 0.5], "uv_size": [0.5, -0.5]}
							}
						},
						{
							"origin": [-0.25, 0, -2.2],
							"size": [0.5, 0.2625, 0.1],
							"uv": {
								"north": {"uv": [1, 16], "uv_size": [0.5, 0.5]},
								"down": {"uv": [16, 1.5], "uv_size": [0.5, -0.5]}
							}
						},
						{
							"origin": [-0.625, 0, -0.6],
							"size": [1.25, 0.475, 0.5],
							"uv": {
								"north": {"uv": [7, 6], "uv_size": [1.5, 0.5]},
								"east": {"uv": [2, 16], "uv_size": [0.5, 0.5]},
								"west": {"uv": [16, 2], "uv_size": [0.5, 0.5]},
								"up": {"uv": [8, 2], "uv_size": [1.5, 0.5]},
								"down": {"uv": [8, 3.5], "uv_size": [1.5, -0.5]}
							}
						},
						{
							"origin": [0.22978, 0.35, -0.61871],
							"size": [0.1768, 0.125, 0.08839],
							"inflate": -0.0001,
							"pivot": [0, 0, 0],
							"rotation": [0, 45, 0],
							"uv": {
								"north": {"uv": [3, 16], "uv_size": [0.5, 0.5]},
								"up": {"uv": [16, 3], "uv_size": [0.5, 0.5]}
							}
						},
						{
							"origin": [-0.40658, 0.35, -0.61871],
							"size": [0.1768, 0.125, 0.08839],
							"inflate": -0.0001,
							"pivot": [0, 0, 0],
							"rotation": [0, -45, 0],
							"uv": {
								"north": {"uv": [4, 16], "uv_size": [0.5, 0.5]},
								"up": {"uv": [16, 4], "uv_size": [0.5, 0.5]}
							}
						},
						{
							"origin": [-0.15, 0.35, -0.725],
							"size": [0.3, 0.125, 0.125],
							"uv": {
								"north": {"uv": [5, 16], "uv_size": [0.5, 0.5]},
								"up": {"uv": [16, 5], "uv_size": [0.5, 0.5]}
							}
						},
						{
							"origin": [-0.7, 0, -2.1],
							"size": [1.45, 0.35, 1.125],
							"uv": {
								"east": {"uv": [7, 11], "uv_size": [1, 0.5]},
								"west": {"uv": [8, 11], "uv_size": [1, 0.5]},
								"up": {"uv": [4, 0], "uv_size": [1.5, 1]},
								"down": {"uv": [4, 2], "uv_size": [1.5, -1]}
							}
						},
						{
							"origin": [-0.37918, 0.35, -0.85648],
							"size": [0.175, 0.0625, 0.175],
							"pivot": [0, 0, 0],
							"rotation": [0, -45, 0],
							"uv": {
								"north": {"uv": [6, 16], "uv_size": [0.5, 0.5]},
								"east": {"uv": [16, 6], "uv_size": [0.5, 0.5]},
								"south": {"uv": [7, 16], "uv_size": [0.5, 0.5]},
								"west": {"uv": [16, 7], "uv_size": [0.5, 0.5]},
								"up": {"uv": [8, 16], "uv_size": [0.5, 0.5]}
							}
						},
						{
							"origin": [0.20418, 0.35, -0.85648],
							"size": [0.175, 0.0625, 0.175],
							"pivot": [0, 0, 0],
							"rotation": [0, 45, 0],
							"uv": {
								"north": {"uv": [16, 8], "uv_size": [0.5, 0.5]},
								"east": {"uv": [9, 16], "uv_size": [0.5, 0.5]},
								"south": {"uv": [16, 9], "uv_size": [0.5, 0.5]},
								"west": {"uv": [10, 16], "uv_size": [0.5, 0.5]},
								"up": {"uv": [16, 10], "uv_size": [0.5, 0.5]}
							}
						},
						{
							"origin": [0.0716, 0.4625, -0.1966],
							"size": [0.125, 0.025, 0.125],
							"pivot": [0, 0, 0],
							"rotation": [0, 45, 0],
							"uv": {
								"north": {"uv": [16, 8], "uv_size": [0.5, 0.5]},
								"east": {"uv": [9, 16], "uv_size": [0.5, 0.5]},
								"south": {"uv": [16, 9], "uv_size": [0.5, 0.5]},
								"west": {"uv": [10, 16], "uv_size": [0.5, 0.5]},
								"up": {"uv": [16, 10], "uv_size": [0.5, 0.5]}
							}
						},
						{
							"origin": [-0.625, 0, -0.975],
							"size": [1.25, 0.35, 0.375],
							"uv": {
								"up": {"uv": [4, 8], "uv_size": [1.5, 0.5]},
								"down": {"uv": [6, 8.5], "uv_size": [1.5, -0.5]}
							}
						},
						{
							"origin": [-0.49519, 0, -1.09335],
							"size": [0.1, 0.475, 0.40743],
							"pivot": [0, 0, 0],
							"rotation": [0, 11.30993, 0],
							"uv": {
								"east": {"uv": [11, 16], "uv_size": [0.5, 0.5]},
								"west": {"uv": [16, 11], "uv_size": [0.5, 0.5]},
								"up": {"uv": [12, 16], "uv_size": [0.5, 0.5]},
								"down": {"uv": [16, 12.5], "uv_size": [0.5, -0.5]}
							}
						},
						{
							"origin": [-0.49519, 0.475, -1.09335],
							"size": [0.1, 0.0625, 0.04493],
							"pivot": [0, 0, 0],
							"rotation": [0, 11.30993, 0],
							"uv": {
								"east": {"uv": [13, 16], "uv_size": [0.5, 0.5]},
								"west": {"uv": [16, 13], "uv_size": [0.5, 0.5]},
								"up": {"uv": [14, 16], "uv_size": [0.5, 0.5]}
							}
						},
						{
							"origin": [-0.49519, 0.13775, -1.16153],
							"size": [0.1, 0.05961, 0.2125],
							"inflate": -0.0001,
							"pivot": [0, 0, 0],
							"rotation": [-17.5, 11.30993, 0],
							"uv": {
								"east": {"uv": [16, 14], "uv_size": [0.5, 0.5]},
								"west": {"uv": [15, 16], "uv_size": [0.5, 0.5]},
								"up": {"uv": [16, 15], "uv_size": [0.5, 0.5]}
							}
						},
						{
							"origin": [-0.7, 0.1194, -1.28481],
							"size": [0.1, 0.05886, 0.18583],
							"inflate": -0.0001,
							"pivot": [0, 0, 0],
							"rotation": [-19.65383, 0, 0],
							"uv": {
								"east": {"uv": [16, 16], "uv_size": [0.5, 0.5]},
								"west": {"uv": [0, 17], "uv_size": [0.5, 0.5]},
								"up": {"uv": [17, 0], "uv_size": [0.5, 0.5]}
							}
						},
						{
							"origin": [0.6, 0.1194, -1.28481],
							"size": [0.15, 0.05886, 0.18583],
							"inflate": -0.0001,
							"pivot": [0, 0, 0],
							"rotation": [-19.65383, 0, 0],
							"uv": {
								"east": {"uv": [1, 17], "uv_size": [0.5, 0.5]},
								"west": {"uv": [17, 1], "uv_size": [0.5, 0.5]},
								"up": {"uv": [2, 17], "uv_size": [0.5, 0.5]}
							}
						},
						{
							"origin": [0.25319, 0, -1.16213],
							"size": [0.15, 0.475, 0.44528],
							"pivot": [0, 0, 0],
							"rotation": [0, -18.43495, 0],
							"uv": {
								"east": {"uv": [17, 2], "uv_size": [0.5, 0.5]},
								"west": {"uv": [3, 17], "uv_size": [0.5, 0.5]},
								"up": {"uv": [17, 3], "uv_size": [0.5, 0.5]},
								"down": {"uv": [4, 17.5], "uv_size": [0.5, -0.5]}
							}
						},
						{
							"origin": [0.25319, 0.11782, -1.22474],
							"size": [0.15, 0.05961, 0.2125],
							"inflate": -0.0001,
							"pivot": [0, 0, 0],
							"rotation": [-17.5, -18.43495, 0],
							"uv": {
								"east": {"uv": [17, 4], "uv_size": [0.5, 0.5]},
								"west": {"uv": [5, 17], "uv_size": [0.5, 0.5]},
								"up": {"uv": [17, 5], "uv_size": [0.5, 0.5]}
							}
						},
						{
							"origin": [0.25319, 0.475, -1.16213],
							"size": [0.15, 0.0625, 0.04743],
							"pivot": [0, 0, 0],
							"rotation": [0, -18.43495, 0],
							"uv": {
								"east": {"uv": [6, 17], "uv_size": [0.5, 0.5]},
								"west": {"uv": [17, 6], "uv_size": [0.5, 0.5]},
								"up": {"uv": [7, 17], "uv_size": [0.5, 0.5]}
							}
						},
						{
							"origin": [0.5922, -0.12374, -2.225],
							"size": [0.12374, 0.06187, 0.6],
							"pivot": [0, 0, 0],
							"rotation": [0, 0, -45],
							"uv": {
								"north": {"uv": [17, 7], "uv_size": [0.5, 0.5]},
								"south": {"uv": [8, 17], "uv_size": [0.5, 0.5]},
								"up": {"uv": [17, 8], "uv_size": [0.5, 0.5]}
							}
						},
						{
							"origin": [-0.71594, -0.12374, -2.225],
							"size": [0.12374, 0.06187, 0.6],
							"pivot": [0, 0, 0],
							"rotation": [0, 0, 45],
							"uv": {
								"north": {"uv": [9, 17], "uv_size": [0.5, 0.5]},
								"south": {"uv": [17, 9], "uv_size": [0.5, 0.5]},
								"up": {"uv": [10, 17], "uv_size": [0.5, 0.5]}
							}
						},
						{
							"origin": [-0.6875, 0.41265, -0.20607],
							"size": [1.375, 0.2, 0.2],
							"pivot": [0, 0, 0],
							"rotation": [45, 0, 0],
							"uv": {
								"north": {"uv": [8, 7], "uv_size": [1.5, 0.5]},
								"east": {"uv": [17, 10], "uv_size": [0.5, 0.5]},
								"south": {"uv": [8, 8], "uv_size": [1.5, 0.5]},
								"west": {"uv": [11, 17], "uv_size": [0.5, 0.5]},
								"up": {"uv": [9, 0], "uv_size": [1.5, 0.5]},
								"down": {"uv": [9, 1.5], "uv_size": [1.5, -0.5]}
							}
						},
						{
							"origin": [0.6, 0.35, -2.1],
							"size": [0.15, 0.1875, 1.125],
							"uv": {
								"east": {"uv": [9, 11], "uv_size": [1, 0.5]},
								"west": {"uv": [11, 9], "uv_size": [1, 0.5]}
							}
						},
						{
							"origin": [-0.7, 0.35, -2.1],
							"size": [0.1, 0.1875, 1.125],
							"uv": {
								"east": {"uv": [10, 11], "uv_size": [1, 0.5]},
								"west": {"uv": [11, 11], "uv_size": [1, 0.5]}
							}
						},
						{
							"origin": [-0.7, 0.5375, -2.025],
							"size": [0.1, 0.0625, 0.875],
							"uv": {
								"east": {"uv": [0, 12], "uv_size": [1, 0.5]},
								"west": {"uv": [12, 0], "uv_size": [1, 0.5]},
								"up": {"uv": [1, 12], "uv_size": [0.5, 1]}
							}
						},
						{
							"origin": [-0.7, 1.45712, -1.6184],
							"size": [0.025, 0.075, 0.1647],
							"inflate": -0.0002,
							"pivot": [0, 0, 0],
							"rotation": [30, 0, 0],
							"uv": {
								"east": {"uv": [17, 11], "uv_size": [0.5, 0.5]},
								"up": {"uv": [12, 17], "uv_size": [0.5, 0.5]}
							}
						},
						{
							"origin": [-0.7, -0.80024, -2.13606],
							"size": [0.025, 0.1647, 0.1375],
							"inflate": -0.0001,
							"pivot": [0, 0, 0],
							"rotation": [-30, 0, 0],
							"uv": {
								"north": {"uv": [17, 12], "uv_size": [0.5, 0.5]},
								"east": {"uv": [13, 17], "uv_size": [0.5, 0.5]}
							}
						},
						{
							"origin": [0.6, 0.5375, -2.025],
							"size": [0.15, 0.0625, 0.875],
							"uv": {
								"east": {"uv": [12, 1], "uv_size": [1, 0.5]},
								"west": {"uv": [2, 12], "uv_size": [1, 0.5]},
								"up": {"uv": [12, 2], "uv_size": [0.5, 1]}
							}
						},
						{
							"origin": [0.675, -0.80024, -2.13606],
							"size": [0.075, 0.1647, 0.1375],
							"inflate": -0.0001,
							"pivot": [0, 0, 0],
							"rotation": [-30, 0, 0],
							"uv": {
								"north": {"uv": [17, 13], "uv_size": [0.5, 0.5]},
								"west": {"uv": [14, 17], "uv_size": [0.5, 0.5]}
							}
						},
						{
							"origin": [0.675, 1.45712, -1.6184],
							"size": [0.075, 0.075, 0.1647],
							"inflate": -0.0002,
							"pivot": [0, 0, 0],
							"rotation": [30, 0, 0],
							"uv": {
								"west": {"uv": [17, 14], "uv_size": [0.5, 0.5]},
								"up": {"uv": [15, 17], "uv_size": [0.5, 0.5]}
							}
						},
						{
							"origin": [-0.21699, 1.25083, -2.125],
							"size": [0.1281, 0.125, 0.5],
							"inflate": -0.0001,
							"pivot": [0, 0, 0],
							"rotation": [0, 0, 30],
							"uv": {
								"north": {"uv": [17, 15], "uv_size": [0.5, 0.5]},
								"south": {"uv": [16, 17], "uv_size": [0.5, 0.5]},
								"up": {"uv": [17, 16], "uv_size": [0.5, 0.5]},
								"down": {"uv": [17, 17.5], "uv_size": [0.5, -0.5]}
							}
						},
						{
							"origin": [0.08889, 1.25083, -2.125],
							"size": [0.1281, 0.125, 0.5],
							"inflate": -0.0001,
							"pivot": [0, 0, 0],
							"rotation": [0, 0, -30],
							"uv": {
								"north": {"uv": [0, 18], "uv_size": [0.5, 0.5]},
								"south": {"uv": [18, 0], "uv_size": [0.5, 0.5]},
								"up": {"uv": [1, 18], "uv_size": [0.5, 0.5]},
								"down": {"uv": [18, 1.5], "uv_size": [0.5, -0.5]}
							}
						},
						{
							"origin": [-0.5, 1.175, -2.125],
							"size": [1, 0.125, 0.5],
							"uv": {
								"north": {"uv": [3, 12], "uv_size": [1, 0.5]},
								"south": {"uv": [12, 3], "uv_size": [1, 0.5]},
								"up": {"uv": [4, 12], "uv_size": [1, 0.5]},
								"down": {"uv": [12, 4.5], "uv_size": [1, -0.5]}
							}
						},
						{
							"origin": [1.02207, 0.63678, -2.125],
							"size": [0.125, 0.12809, 0.5],
							"inflate": -0.0001,
							"pivot": [0, 0, 0],
							"rotation": [0, 0, -30],
							"uv": {
								"north": {"uv": [2, 18], "uv_size": [0.5, 0.5]},
								"east": {"uv": [18, 2], "uv_size": [0.5, 0.5]},
								"south": {"uv": [3, 18], "uv_size": [0.5, 0.5]},
								"west": {"uv": [18, 3], "uv_size": [0.5, 0.5]}
							}
						},
						{
							"origin": [-1.14707, 0.63678, -2.125],
							"size": [0.125, 0.12809, 0.5],
							"inflate": -0.0001,
							"pivot": [0, 0, 0],
							"rotation": [0, 0, 30],
							"uv": {
								"north": {"uv": [4, 18], "uv_size": [0.5, 0.5]},
								"east": {"uv": [18, 4], "uv_size": [0.5, 0.5]},
								"south": {"uv": [5, 18], "uv_size": [0.5, 0.5]},
								"west": {"uv": [18, 5], "uv_size": [0.5, 0.5]}
							}
						},
						{
							"origin": [0.55, 0, -2.28104],
							"size": [0.125, 0.76035, 0.1233],
							"inflate": -0.0001,
							"pivot": [0, 0, 0],
							"rotation": [-9.46232, 0, 0],
							"uv": {
								"north": {"uv": [5, 12], "uv_size": [0.5, 1]},
								"east": {"uv": [12, 5], "uv_size": [0.5, 1]},
								"west": {"uv": [6, 12], "uv_size": [0.5, 1]}
							}
						},
						{
							"origin": [-0.675, 0, -2.28104],
							"size": [0.125, 0.76035, 0.1233],
							"inflate": -0.0001,
							"pivot": [0, 0, 0],
							"rotation": [-9.46232, 0, 0],
							"uv": {
								"north": {"uv": [12, 6], "uv_size": [0.5, 1]},
								"east": {"uv": [7, 12], "uv_size": [0.5, 1]},
								"west": {"uv": [12, 7], "uv_size": [0.5, 1]}
							}
						},
						{
							"origin": [-0.675, 1.0375, -1.7125],
							"size": [0.025, 0.0625, 0.0375],
							"uv": {
								"east": {"uv": [6, 18], "uv_size": [0.5, 0.5]}
							}
						},
						{
							"origin": [0.6, -0.72478, -1.85615],
							"size": [0.05, 0.28284, 0.56569],
							"inflate": -0.0001,
							"pivot": [0, 0, 0],
							"rotation": [-45, 0, 0],
							"uv": {
								"east": {"uv": [18, 6], "uv_size": [0.5, 0.5]},
								"west": {"uv": [7, 18], "uv_size": [0.5, 0.5]},
								"up": {"uv": [18, 7], "uv_size": [0.5, 0.5]}
							}
						},
						{
							"origin": [0.55, 0.375, -2.125],
							"size": [0.1, 0.75, 0.5],
							"uv": {
								"east": {"uv": [8, 12], "uv_size": [0.5, 1]},
								"south": {"uv": [12, 8], "uv_size": [0.5, 1]},
								"west": {"uv": [9, 12], "uv_size": [0.5, 1]}
							}
						},
						{
							"origin": [-0.65, -0.72478, -1.85615],
							"size": [0.05, 0.28284, 0.56569],
							"inflate": -0.0001,
							"pivot": [0, 0, 0],
							"rotation": [-45, 0, 0],
							"uv": {
								"east": {"uv": [8, 18], "uv_size": [0.5, 0.5]},
								"west": {"uv": [18, 8], "uv_size": [0.5, 0.5]},
								"up": {"uv": [9, 18], "uv_size": [0.5, 0.5]}
							}
						},
						{
							"origin": [-0.65, 0.375, -2.125],
							"size": [0.1, 0.75, 0.5],
							"uv": {
								"east": {"uv": [12, 9], "uv_size": [0.5, 1]},
								"south": {"uv": [10, 12], "uv_size": [0.5, 1]},
								"west": {"uv": [12, 10], "uv_size": [0.5, 1]}
							}
						},
						{
							"origin": [-0.675, -0.04229, -2.00109],
							"size": [0.025, 0.17366, 0.04319],
							"inflate": -0.0001,
							"pivot": [0, 0, 0],
							"rotation": [-30.25644, 0, 0],
							"uv": {
								"east": {"uv": [18, 9], "uv_size": [0.5, 0.5]},
								"south": {"uv": [10, 18], "uv_size": [0.5, 0.5]}
							}
						},
						{
							"origin": [-0.675, 1.35017, -1.1342],
							"size": [0.025, 0.23585, 0.106],
							"inflate": -0.0001,
							"pivot": [0, 0, 0],
							"rotation": [32.00538, 0, 0],
							"uv": {
								"east": {"uv": [18, 10], "uv_size": [0.5, 0.5]},
								"south": {"uv": [11, 18], "uv_size": [0.5, 0.5]}
							}
						},
						{
							"origin": [0.65, 0.375, -2.125],
							"size": [0.025, 0.75, 0.4125],
							"uv": {
								"south": {"uv": [11, 12], "uv_size": [0.5, 1]},
								"west": {"uv": [12, 11], "uv_size": [0.5, 1]}
							}
						},
						{
							"origin": [0.65, -0.04229, -2.00109],
							"size": [0.025, 0.17366, 0.04319],
							"inflate": -0.0001,
							"pivot": [0, 0, 0],
							"rotation": [-30.25644, 0, 0],
							"uv": {
								"south": {"uv": [18, 11], "uv_size": [0.5, 0.5]},
								"west": {"uv": [12, 18], "uv_size": [0.5, 0.5]}
							}
						},
						{
							"origin": [0.65, 1.35017, -1.1342],
							"size": [0.025, 0.23585, 0.106],
							"inflate": -0.0001,
							"pivot": [0, 0, 0],
							"rotation": [32.00538, 0, 0],
							"uv": {
								"south": {"uv": [18, 12], "uv_size": [0.5, 0.5]},
								"west": {"uv": [13, 18], "uv_size": [0.5, 0.5]}
							}
						},
						{
							"origin": [0.65, 1.0375, -1.7125],
							"size": [0.025, 0.0625, 0.0375],
							"uv": {
								"west": {"uv": [18, 13], "uv_size": [0.5, 0.5]}
							}
						},
						{
							"origin": [-0.675, 1.1, -1.7125],
							"size": [0.025, 0.025, 0.0875],
							"uv": {
								"east": {"uv": [14, 18], "uv_size": [0.5, 0.5]},
								"south": {"uv": [18, 14], "uv_size": [0.5, 0.5]}
							}
						},
						{
							"origin": [0.65, 1.1, -1.7125],
							"size": [0.025, 0.025, 0.0875],
							"uv": {
								"south": {"uv": [15, 18], "uv_size": [0.5, 0.5]},
								"west": {"uv": [18, 15], "uv_size": [0.5, 0.5]}
							}
						},
						{
							"origin": [-0.675, 0.375, -2.125],
							"size": [0.025, 0.75, 0.4125],
							"uv": {
								"east": {"uv": [12, 12], "uv_size": [0.5, 1]},
								"south": {"uv": [0, 13], "uv_size": [0.5, 1]}
							}
						},
						{
							"origin": [0.75, 0.1, -2],
							"size": [0.025, 0.375, 0.875],
							"uv": {
								"north": {"uv": [6, 13], "uv_size": [0.5, 0.5]},
								"south": {"uv": [13, 6], "uv_size": [0.5, 0.5]},
								"west": {"uv": [11, 0], "uv_size": [1, 0.5]},
								"up": {"uv": [11, 1], "uv_size": [0.5, 1]},
								"down": {"uv": [2, 12], "uv_size": [0.5, -1]}
							}
						},
						{
							"origin": [0.775, 0.125, -1.4375],
							"size": [0.025, 0.2125, 0.125],
							"uv": {
								"north": {"uv": [7, 13], "uv_size": [0.5, 0.5]},
								"south": {"uv": [13, 7], "uv_size": [0.5, 0.5]},
								"west": {"uv": [8, 13], "uv_size": [0.5, 0.5]},
								"down": {"uv": [13, 8.5], "uv_size": [0.5, -0.5]}
							}
						},
						{
							"origin": [0.775, 0.2125, -1.5],
							"size": [0.025, 0.025, 0.25],
							"uv": {
								"west": {"uv": [9, 13], "uv_size": [0.5, 0.5]},
								"down": {"uv": [13, 9.5], "uv_size": [0.5, -0.5]}
							}
						},
						{
							"origin": [0.775, 0.39486, -1.38415],
							"size": [0.025, 0.05, 0.0183],
							"uv": {
								"west": {"uv": [10, 13], "uv_size": [0.5, 0.5]},
								"up": {"uv": [13, 10], "uv_size": [0.5, 0.5]}
							}
						},
						{
							"origin": [0.775, 1.14279, 0.93404],
							"size": [0.025, 0.05, 0.0183],
							"pivot": [0, 0, 0],
							"rotation": [120, 0, 0],
							"uv": {
								"west": {"uv": [11, 13], "uv_size": [0.5, 0.5]},
								"up": {"uv": [13, 11], "uv_size": [0.5, 0.5]}
							}
						},
						{
							"origin": [0.775, -1.23878, 0.42266],
							"size": [0.025, 0.05, 0.0183],
							"pivot": [0, 0, 0],
							"rotation": [-120, 0, 0],
							"uv": {
								"west": {"uv": [12, 13], "uv_size": [0.5, 0.5]},
								"up": {"uv": [13, 12], "uv_size": [0.5, 0.5]}
							}
						},
						{
							"origin": [0.775, -0.98543, -1.06818],
							"size": [0.025, 0.025, 0.25],
							"pivot": [0, 0, 0],
							"rotation": [-60, 0, 0],
							"uv": {
								"west": {"uv": [13, 13], "uv_size": [0.5, 0.5]},
								"up": {"uv": [0, 14], "uv_size": [0.5, 0.5]}
							}
						},
						{
							"origin": [0.775, -1.02293, -1.03068],
							"size": [0.025, 0.0375, 0.17835],
							"pivot": [0, 0, 0],
							"rotation": [-60, 0, 0],
							"uv": {
								"west": {"uv": [14, 0], "uv_size": [0.5, 0.5]}
							}
						},
						{
							"origin": [0.775, 1.39614, -0.55682],
							"size": [0.025, 0.025, 0.25],
							"pivot": [0, 0, 0],
							"rotation": [60, 0, 0],
							"uv": {
								"west": {"uv": [1, 14], "uv_size": [0.5, 0.5]},
								"up": {"uv": [14, 1], "uv_size": [0.5, 0.5]}
							}
						},
						{
							"origin": [0.775, 1.35864, -0.52267],
							"size": [0.025, 0.0375, 0.17835],
							"pivot": [0, 0, 0],
							"rotation": [60, 0, 0],
							"uv": {
								"west": {"uv": [2, 14], "uv_size": [0.5, 0.5]}
							}
						},
						{
							"origin": [0.775, -1.4334, -1.20813],
							"size": [0.025, 0.0375, 0.17835],
							"pivot": [0, 0, 0],
							"rotation": [-60, 0, 0],
							"uv": {
								"west": {"uv": [14, 2], "uv_size": [0.5, 0.5]}
							}
						},
						{
							"origin": [0.775, -1.4584, -1.24228],
							"size": [0.025, 0.025, 0.25],
							"pivot": [0, 0, 0],
							"rotation": [-60, 0, 0],
							"uv": {
								"west": {"uv": [3, 14], "uv_size": [0.5, 0.5]},
								"down": {"uv": [14, 3.5], "uv_size": [0.5, -0.5]}
							}
						},
						{
							"origin": [0.775, 1.59769, -0.72022],
							"size": [0.025, 0.0375, 0.17835],
							"pivot": [0, 0, 0],
							"rotation": [60, 0, 0],
							"uv": {
								"west": {"uv": [4, 14], "uv_size": [0.5, 0.5]}
							}
						},
						{
							"origin": [0.775, 1.57269, -0.75772],
							"size": [0.025, 0.025, 0.25],
							"pivot": [0, 0, 0],
							"rotation": [60, 0, 0],
							"uv": {
								"west": {"uv": [14, 4], "uv_size": [0.5, 0.5]},
								"down": {"uv": [5, 14.5], "uv_size": [0.5, -0.5]}
							}
						},
						{
							"origin": [0.775, 1.22604, 1.10813],
							"size": [0.025, 0.05, 0.0183],
							"pivot": [0, 0, 0],
							"rotation": [120, 0, 0],
							"uv": {
								"west": {"uv": [14, 5], "uv_size": [0.5, 0.5]},
								"down": {"uv": [6, 14.5], "uv_size": [0.5, -0.5]}
							}
						},
						{
							"origin": [0.775, -1.80505, 0.62357],
							"size": [0.025, 0.05, 0.0183],
							"pivot": [0, 0, 0],
							"rotation": [-120, 0, 0],
							"uv": {
								"west": {"uv": [14, 6], "uv_size": [0.5, 0.5]},
								"down": {"uv": [7, 14.5], "uv_size": [0.5, -0.5]}
							}
						},
						{
							"origin": [0.775, 0.13014, -1.75915],
							"size": [0.025, 0.05, 0.0183],
							"uv": {
								"west": {"uv": [14, 7], "uv_size": [0.5, 0.5]},
								"down": {"uv": [8, 14.5], "uv_size": [0.5, -0.5]}
							}
						},
						{
							"origin": [0.775, 0.3375, -1.875],
							"size": [0.025, 0.025, 0.25],
							"uv": {
								"west": {"uv": [14, 8], "uv_size": [0.5, 0.5]},
								"up": {"uv": [9, 14], "uv_size": [0.5, 0.5]}
							}
						},
						{
							"origin": [0.775, 0.2375, -1.8125],
							"size": [0.025, 0.2125, 0.125],
							"uv": {
								"north": {"uv": [14, 9], "uv_size": [0.5, 0.5]},
								"south": {"uv": [10, 14], "uv_size": [0.5, 0.5]},
								"west": {"uv": [14, 10], "uv_size": [0.5, 0.5]},
								"up": {"uv": [11, 14], "uv_size": [0.5, 0.5]}
							}
						}
					]
				}
			]
		}
	]
}