{
	"format_version": "1.12.0",
	"minecraft:geometry": [
		{
			"description": {
				"identifier": "geometry.sight_si_sidewinder2",
				"texture_width": 32,
				"texture_height": 32,
				"visible_bounds_width": 6,
				"visible_bounds_height": 4,
				"visible_bounds_offset": [0, 1, 0]
			},
			"bones": [
				{
					"name": "scope_view",
					"pivot": [-2.0922, 2.0335, 3],
					"rotation": [0, 0, -35]
				},
				{
					"name": "scope_body",
					"pivot": [0, 0, 0]
				},
				{
					"name": "MT_Lockdown5p5",
					"parent": "scope_body",
					"pivot": [0, -15.15, 4.25],
					"cubes": [
						{
							"origin": [-0.5, 0.85, -7],
							"size": [1, 0, 6.25],
							"uv": {
								"up": {"uv": [5, 0], "uv_size": [1, 6.5]}
							}
						},
						{
							"origin": [-11.66726, -4.18985, -7.25],
							"size": [0.17678, 0, 6.75],
							"pivot": [0, -15.15, 0],
							"rotation": [0, 0, 45],
							"uv": {
								"down": {"uv": [0, 13], "uv_size": [0.5, -7]}
							}
						},
						{
							"origin": [11.49049, -4.18985, -7.25],
							"size": [0.17678, 0, 6.75],
							"pivot": [0, -15.15, 0],
							"rotation": [0, 0, -45],
							"uv": {
								"down": {"uv": [6, 7], "uv_size": [0.5, -7]}
							}
						},
						{
							"origin": [-0.375, 0.725, -7.25],
							"size": [0.75, 0.25, 0.25],
							"uv": {
								"north": {"uv": [9, 12], "uv_size": [1, 0.5]},
								"south": {"uv": [12, 9], "uv_size": [1, 0.5]},
								"up": {"uv": [10, 12], "uv_size": [1, 0.5]}
							}
						},
						{
							"origin": [10.96015, -3.65951, -7.25],
							"size": [0.17678, 0.17678, 0.25],
							"pivot": [0, -15.15, 0.5],
							"rotation": [0, 0, -45],
							"uv": {
								"north": {"uv": [24, 24], "uv_size": [0.5, 0.5]},
								"south": {"uv": [0, 25], "uv_size": [0.5, 0.5]},
								"up": {"uv": [25, 0], "uv_size": [0.5, 0.5]}
							}
						},
						{
							"origin": [-11.13693, -3.65951, -7.25],
							"size": [0.17678, 0.17678, 0.25],
							"pivot": [0, -15.15, 0.5],
							"rotation": [0, 0, 45],
							"uv": {
								"north": {"uv": [1, 25], "uv_size": [0.5, 0.5]},
								"south": {"uv": [25, 1], "uv_size": [0.5, 0.5]},
								"up": {"uv": [2, 25], "uv_size": [0.5, 0.5]}
							}
						},
						{
							"origin": [-0.375, 0.85, -6.75],
							"size": [0.75, 0.125, 0.25],
							"uv": {
								"north": {"uv": [12, 10], "uv_size": [1, 0.5]},
								"south": {"uv": [11, 12], "uv_size": [1, 0.5]},
								"up": {"uv": [12, 11], "uv_size": [1, 0.5]}
							}
						},
						{
							"origin": [10.96015, -3.65951, -6.75],
							"size": [0.17678, 0.17678, 0.25],
							"pivot": [0, -15.15, 0.5],
							"rotation": [0, 0, -45],
							"uv": {
								"north": {"uv": [25, 2], "uv_size": [0.5, 0.5]},
								"south": {"uv": [3, 25], "uv_size": [0.5, 0.5]},
								"up": {"uv": [25, 3], "uv_size": [0.5, 0.5]}
							}
						},
						{
							"origin": [-11.13693, -3.65951, -6.75],
							"size": [0.17678, 0.17678, 0.25],
							"pivot": [0, -15.15, 0.5],
							"rotation": [0, 0, 45],
							"uv": {
								"north": {"uv": [4, 25], "uv_size": [0.5, 0.5]},
								"south": {"uv": [25, 4], "uv_size": [0.5, 0.5]},
								"up": {"uv": [5, 25], "uv_size": [0.5, 0.5]}
							}
						},
						{
							"origin": [-11.13693, -3.65951, -6.25],
							"size": [0.17678, 0.17678, 1],
							"pivot": [0, -15.15, 0.75],
							"rotation": [0, 0, 45],
							"uv": {
								"north": {"uv": [25, 5], "uv_size": [0.5, 0.5]},
								"south": {"uv": [6, 25], "uv_size": [0.5, 0.5]},
								"up": {"uv": [12, 12], "uv_size": [0.5, 1]}
							}
						},
						{
							"origin": [10.96015, -3.65951, -6.25],
							"size": [0.17678, 0.17678, 1],
							"pivot": [0, -15.15, 0.75],
							"rotation": [0, 0, -45],
							"uv": {
								"north": {"uv": [25, 6], "uv_size": [0.5, 0.5]},
								"south": {"uv": [7, 25], "uv_size": [0.5, 0.5]},
								"up": {"uv": [0, 13], "uv_size": [0.5, 1]}
							}
						},
						{
							"origin": [-0.375, 0.85, -6.25],
							"size": [0.75, 0.125, 1],
							"uv": {
								"north": {"uv": [13, 0], "uv_size": [1, 0.5]},
								"south": {"uv": [1, 13], "uv_size": [1, 0.5]},
								"up": {"uv": [1, 6], "uv_size": [1, 1]}
							}
						},
						{
							"origin": [-11.13693, -3.65951, -5],
							"size": [0.17678, 0.17678, 0.25],
							"pivot": [0, -15.15, 2.25],
							"rotation": [0, 0, 45],
							"uv": {
								"north": {"uv": [25, 7], "uv_size": [0.5, 0.5]},
								"south": {"uv": [8, 25], "uv_size": [0.5, 0.5]},
								"up": {"uv": [25, 8], "uv_size": [0.5, 0.5]}
							}
						},
						{
							"origin": [10.96015, -3.65951, -5],
							"size": [0.17678, 0.17678, 0.25],
							"pivot": [0, -15.15, 2.25],
							"rotation": [0, 0, -45],
							"uv": {
								"north": {"uv": [9, 25], "uv_size": [0.5, 0.5]},
								"south": {"uv": [25, 9], "uv_size": [0.5, 0.5]},
								"up": {"uv": [10, 25], "uv_size": [0.5, 0.5]}
							}
						},
						{
							"origin": [-0.375, 0.85, -5],
							"size": [0.75, 0.125, 0.25],
							"uv": {
								"north": {"uv": [13, 1], "uv_size": [1, 0.5]},
								"south": {"uv": [2, 13], "uv_size": [1, 0.5]},
								"up": {"uv": [13, 2], "uv_size": [1, 0.5]}
							}
						},
						{
							"origin": [-11.13693, -3.65951, -4.5],
							"size": [0.17678, 0.17678, 1.25],
							"pivot": [0, -15.15, 2.75],
							"rotation": [0, 0, 45],
							"uv": {
								"north": {"uv": [25, 10], "uv_size": [0.5, 0.5]},
								"south": {"uv": [11, 25], "uv_size": [0.5, 0.5]},
								"up": {"uv": [7, 3], "uv_size": [0.5, 1.5]}
							}
						},
						{
							"origin": [10.96015, -3.65951, -4.5],
							"size": [0.17678, 0.17678, 1.25],
							"pivot": [0, -15.15, 2.75],
							"rotation": [0, 0, -45],
							"uv": {
								"north": {"uv": [25, 11], "uv_size": [0.5, 0.5]},
								"south": {"uv": [12, 25], "uv_size": [0.5, 0.5]},
								"up": {"uv": [7, 5], "uv_size": [0.5, 1.5]}
							}
						},
						{
							"origin": [-0.375, 0.85, -4.5],
							"size": [0.75, 0.125, 1.25],
							"uv": {
								"north": {"uv": [3, 13], "uv_size": [1, 0.5]},
								"south": {"uv": [13, 3], "uv_size": [1, 0.5]},
								"up": {"uv": [7, 1], "uv_size": [1, 1.5]}
							}
						},
						{
							"origin": [-11.13693, -3.65951, -1.25],
							"size": [0.17678, 0.17678, 0.25],
							"pivot": [0, -15.15, 6],
							"rotation": [0, 0, 45],
							"uv": {
								"north": {"uv": [25, 12], "uv_size": [0.5, 0.5]},
								"south": {"uv": [13, 25], "uv_size": [0.5, 0.5]},
								"up": {"uv": [25, 13], "uv_size": [0.5, 0.5]}
							}
						},
						{
							"origin": [10.96015, -3.65951, -1.25],
							"size": [0.17678, 0.17678, 0.25],
							"pivot": [0, -15.15, 6],
							"rotation": [0, 0, -45],
							"uv": {
								"north": {"uv": [14, 25], "uv_size": [0.5, 0.5]},
								"south": {"uv": [25, 14], "uv_size": [0.5, 0.5]},
								"up": {"uv": [15, 25], "uv_size": [0.5, 0.5]}
							}
						},
						{
							"origin": [-0.375, 0.85, -1.25],
							"size": [0.75, 0.125, 0.25],
							"uv": {
								"north": {"uv": [4, 13], "uv_size": [1, 0.5]},
								"south": {"uv": [13, 4], "uv_size": [1, 0.5]},
								"up": {"uv": [5, 13], "uv_size": [1, 0.5]}
							}
						},
						{
							"origin": [-11.13693, -3.65951, -2.5],
							"size": [0.17678, 0.17678, 1],
							"pivot": [0, -15.15, 4.75],
							"rotation": [0, 0, 45],
							"uv": {
								"north": {"uv": [25, 15], "uv_size": [0.5, 0.5]},
								"south": {"uv": [16, 25], "uv_size": [0.5, 0.5]},
								"up": {"uv": [13, 5], "uv_size": [0.5, 1]}
							}
						},
						{
							"origin": [10.96015, -3.65951, -2.5],
							"size": [0.17678, 0.17678, 1],
							"pivot": [0, -15.15, 4.75],
							"rotation": [0, 0, -45],
							"uv": {
								"north": {"uv": [25, 16], "uv_size": [0.5, 0.5]},
								"south": {"uv": [17, 25], "uv_size": [0.5, 0.5]},
								"up": {"uv": [6, 13], "uv_size": [0.5, 1]}
							}
						},
						{
							"origin": [-0.375, 0.85, -2.5],
							"size": [0.75, 0.125, 1],
							"uv": {
								"north": {"uv": [13, 6], "uv_size": [1, 0.5]},
								"south": {"uv": [7, 13], "uv_size": [1, 0.5]},
								"up": {"uv": [2, 6], "uv_size": [1, 1]}
							}
						},
						{
							"origin": [-0.375, 0.725, -0.75],
							"size": [0.75, 0.25, 0.25],
							"uv": {
								"north": {"uv": [13, 7], "uv_size": [1, 0.5]},
								"south": {"uv": [8, 13], "uv_size": [1, 0.5]},
								"up": {"uv": [13, 8], "uv_size": [1, 0.5]}
							}
						},
						{
							"origin": [-0.375, 0.725, -7.25],
							"size": [0.75, 0.125, 6.75],
							"uv": {
								"down": {"uv": [4, 7], "uv_size": [1, -7]}
							}
						},
						{
							"origin": [10.96015, -3.65951, -0.75],
							"size": [0.17678, 0.17678, 0.25],
							"pivot": [0, -15.15, -8.25],
							"rotation": [0, 0, -45],
							"uv": {
								"north": {"uv": [25, 17], "uv_size": [0.5, 0.5]},
								"south": {"uv": [18, 25], "uv_size": [0.5, 0.5]},
								"up": {"uv": [25, 18], "uv_size": [0.5, 0.5]}
							}
						},
						{
							"origin": [-11.13693, -3.65951, -0.75],
							"size": [0.17678, 0.17678, 0.25],
							"pivot": [0, -15.15, -8.25],
							"rotation": [0, 0, 45],
							"uv": {
								"north": {"uv": [19, 25], "uv_size": [0.5, 0.5]},
								"south": {"uv": [25, 19], "uv_size": [0.5, 0.5]},
								"up": {"uv": [20, 25], "uv_size": [0.5, 0.5]}
							}
						},
						{
							"origin": [-11.13693, -3.65951, -3],
							"size": [0.17678, 0.17678, 0.25],
							"pivot": [0, -15.15, 4.25],
							"rotation": [0, 0, 45],
							"uv": {
								"north": {"uv": [25, 20], "uv_size": [0.5, 0.5]},
								"south": {"uv": [21, 25], "uv_size": [0.5, 0.5]},
								"up": {"uv": [25, 21], "uv_size": [0.5, 0.5]}
							}
						},
						{
							"origin": [10.96015, -3.65951, -3],
							"size": [0.17678, 0.17678, 0.25],
							"pivot": [0, -15.15, 4.25],
							"rotation": [0, 0, -45],
							"uv": {
								"north": {"uv": [22, 25], "uv_size": [0.5, 0.5]},
								"south": {"uv": [25, 22], "uv_size": [0.5, 0.5]},
								"up": {"uv": [23, 25], "uv_size": [0.5, 0.5]}
							}
						},
						{
							"origin": [-0.375, 0.85, -3],
							"size": [0.75, 0.125, 0.25],
							"uv": {
								"north": {"uv": [9, 13], "uv_size": [1, 0.5]},
								"south": {"uv": [13, 9], "uv_size": [1, 0.5]},
								"up": {"uv": [10, 13], "uv_size": [1, 0.5]}
							}
						},
						{
							"origin": [-0.65, -0.2625, -1.1],
							"size": [1.325, 0.25, 0.25],
							"pivot": [0, -0.1375, -0.975],
							"rotation": [-45, 0, 0],
							"uv": {
								"north": {"uv": [7, 7], "uv_size": [1.5, 0.5]},
								"east": {"uv": [25, 23], "uv_size": [0.5, 0.5]},
								"south": {"uv": [1, 8], "uv_size": [1.5, 0.5]},
								"up": {"uv": [8, 1], "uv_size": [1.5, 0.5]},
								"down": {"uv": [8, 2.5], "uv_size": [1.5, -0.5]}
							}
						},
						{
							"origin": [0.675, -0.3375, -1.175],
							"size": [0.375, 0.4, 0.4],
							"pivot": [0, -0.1375, -0.975],
							"rotation": [-45, 0, 0],
							"uv": {
								"north": {"uv": [9, 28], "uv_size": [0.5, 0.5]},
								"east": {"uv": [28, 9], "uv_size": [0.5, 0.5]},
								"south": {"uv": [10, 28], "uv_size": [0.5, 0.5]},
								"west": {"uv": [28, 10], "uv_size": [0.5, 0.5]},
								"up": {"uv": [11, 28], "uv_size": [0.5, 0.5]},
								"down": {"uv": [28, 11.5], "uv_size": [0.5, -0.5]}
							}
						},
						{
							"origin": [-0.65, -0.2625, -4.95],
							"size": [1.325, 0.25, 0.25],
							"pivot": [0, -0.1375, -4.825],
							"rotation": [-45, 0, 0],
							"uv": {
								"north": {"uv": [8, 4], "uv_size": [1.5, 0.5]},
								"east": {"uv": [24, 25], "uv_size": [0.5, 0.5]},
								"south": {"uv": [5, 8], "uv_size": [1.5, 0.5]},
								"up": {"uv": [8, 5], "uv_size": [1.5, 0.5]},
								"down": {"uv": [8, 6.5], "uv_size": [1.5, -0.5]}
							}
						},
						{
							"origin": [0.675, -0.3375, -5.025],
							"size": [0.375, 0.4, 0.4],
							"pivot": [0, -0.1375, -4.825],
							"rotation": [-45, 0, 0],
							"uv": {
								"north": {"uv": [12, 28], "uv_size": [0.5, 0.5]},
								"east": {"uv": [28, 12], "uv_size": [0.5, 0.5]},
								"south": {"uv": [13, 28], "uv_size": [0.5, 0.5]},
								"west": {"uv": [28, 13], "uv_size": [0.5, 0.5]},
								"up": {"uv": [14, 28], "uv_size": [0.5, 0.5]},
								"down": {"uv": [28, 14.5], "uv_size": [0.5, -0.5]}
							}
						},
						{
							"origin": [-0.625, -0.35, -5.75],
							"size": [1.25, 0.5, 5.75],
							"uv": {
								"north": {"uv": [3, 8], "uv_size": [1.5, 0.5]},
								"east": {"uv": [7, 0], "uv_size": [6, 0.5]},
								"south": {"uv": [8, 3], "uv_size": [1.5, 0.5]},
								"west": {"uv": [1, 7], "uv_size": [6, 0.5]},
								"up": {"uv": [0, 0], "uv_size": [1.5, 6]},
								"down": {"uv": [2, 6], "uv_size": [1.5, -6]}
							}
						},
						{
							"origin": [-0.375, 0.2375, -5.2],
							"size": [0.125, 0.3625, 0.2],
							"inflate": -0.0001,
							"uv": {
								"north": {"uv": [27, 2], "uv_size": [0.5, 0.5]},
								"east": {"uv": [3, 27], "uv_size": [0.5, 0.5]},
								"south": {"uv": [27, 3], "uv_size": [0.5, 0.5]},
								"west": {"uv": [4, 27], "uv_size": [0.5, 0.5]}
							}
						},
						{
							"origin": [-0.375, 0.15, -5.4],
							"size": [0.125, 0.275, 0.25],
							"pivot": [0.625, 0.15, -4.475],
							"rotation": [-30, 0, 0],
							"uv": {
								"east": {"uv": [1, 27], "uv_size": [0.5, 0.5]},
								"south": {"uv": [27, 1], "uv_size": [0.5, 0.5]},
								"west": {"uv": [2, 27], "uv_size": [0.5, 0.5]}
							}
						},
						{
							"origin": [-0.375, 0.15, -5.625],
							"size": [0.125, 0.1375, 0.225],
							"pivot": [0.625, 0.15, -4.475],
							"rotation": [-30, 0, 0],
							"uv": {
								"east": {"uv": [0, 27], "uv_size": [0.5, 0.5]},
								"west": {"uv": [27, 0], "uv_size": [0.5, 0.5]}
							}
						},
						{
							"origin": [-0.375, 0, -5.8875],
							"size": [0.125, 0.15, 0.6625],
							"pivot": [0.625, 0.15, -4.475],
							"rotation": [-30, 0, 0],
							"uv": {
								"east": {"uv": [25, 26], "uv_size": [0.5, 0.5]},
								"west": {"uv": [26, 25], "uv_size": [0.5, 0.5]},
								"down": {"uv": [26, 26.5], "uv_size": [0.5, -0.5]}
							}
						},
						{
							"origin": [-0.375, -0.25, -5.15],
							"size": [0.125, 0.4, 0.675],
							"pivot": [0.625, 0.15, -4.475],
							"rotation": [-30, 0, 0],
							"uv": {
								"north": {"uv": [23, 26], "uv_size": [0.5, 0.5]},
								"east": {"uv": [26, 23], "uv_size": [0.5, 0.5]},
								"west": {"uv": [24, 26], "uv_size": [0.5, 0.5]},
								"up": {"uv": [26, 24], "uv_size": [0.5, 0.5]}
							}
						},
						{
							"origin": [-0.375, 0.2375, -4.25],
							"size": [0.125, 0.3625, 0.2],
							"inflate": -0.0001,
							"uv": {
								"north": {"uv": [21, 26], "uv_size": [0.5, 0.5]},
								"east": {"uv": [26, 21], "uv_size": [0.5, 0.5]},
								"south": {"uv": [22, 26], "uv_size": [0.5, 0.5]},
								"west": {"uv": [26, 22], "uv_size": [0.5, 0.5]}
							}
						},
						{
							"origin": [-0.375, 0.15, -4.45],
							"size": [0.125, 0.275, 0.25],
							"pivot": [0.625, 0.15, -3.525],
							"rotation": [-30, 0, 0],
							"uv": {
								"east": {"uv": [26, 19], "uv_size": [0.5, 0.5]},
								"south": {"uv": [20, 26], "uv_size": [0.5, 0.5]},
								"west": {"uv": [26, 20], "uv_size": [0.5, 0.5]}
							}
						},
						{
							"origin": [-0.375, 0.15, -4.675],
							"size": [0.125, 0.1375, 0.225],
							"pivot": [0.625, 0.15, -3.525],
							"rotation": [-30, 0, 0],
							"uv": {
								"east": {"uv": [26, 18], "uv_size": [0.5, 0.5]},
								"west": {"uv": [19, 26], "uv_size": [0.5, 0.5]}
							}
						},
						{
							"origin": [-0.375, 0, -4.9375],
							"size": [0.125, 0.15, 0.6625],
							"pivot": [0.625, 0.15, -3.525],
							"rotation": [-30, 0, 0],
							"uv": {
								"east": {"uv": [17, 26], "uv_size": [0.5, 0.5]},
								"west": {"uv": [26, 17], "uv_size": [0.5, 0.5]},
								"down": {"uv": [18, 26.5], "uv_size": [0.5, -0.5]}
							}
						},
						{
							"origin": [-0.375, -0.25, -4.2],
							"size": [0.125, 0.4, 0.675],
							"pivot": [0.625, 0.15, -3.525],
							"rotation": [-30, 0, 0],
							"uv": {
								"north": {"uv": [15, 26], "uv_size": [0.5, 0.5]},
								"east": {"uv": [26, 15], "uv_size": [0.5, 0.5]},
								"west": {"uv": [16, 26], "uv_size": [0.5, 0.5]},
								"up": {"uv": [26, 16], "uv_size": [0.5, 0.5]}
							}
						},
						{
							"origin": [-0.375, 0.2375, -3.3],
							"size": [0.125, 0.3625, 0.2],
							"inflate": -0.0001,
							"uv": {
								"north": {"uv": [13, 26], "uv_size": [0.5, 0.5]},
								"east": {"uv": [26, 13], "uv_size": [0.5, 0.5]},
								"south": {"uv": [14, 26], "uv_size": [0.5, 0.5]},
								"west": {"uv": [26, 14], "uv_size": [0.5, 0.5]}
							}
						},
						{
							"origin": [-0.375, 0.15, -3.5],
							"size": [0.125, 0.275, 0.25],
							"pivot": [0.625, 0.15, -2.575],
							"rotation": [-30, 0, 0],
							"uv": {
								"east": {"uv": [26, 11], "uv_size": [0.5, 0.5]},
								"south": {"uv": [12, 26], "uv_size": [0.5, 0.5]},
								"west": {"uv": [26, 12], "uv_size": [0.5, 0.5]}
							}
						},
						{
							"origin": [-0.375, 0.15, -3.725],
							"size": [0.125, 0.1375, 0.225],
							"pivot": [0.625, 0.15, -2.575],
							"rotation": [-30, 0, 0],
							"uv": {
								"east": {"uv": [26, 10], "uv_size": [0.5, 0.5]},
								"west": {"uv": [11, 26], "uv_size": [0.5, 0.5]}
							}
						},
						{
							"origin": [-0.375, 0, -3.9875],
							"size": [0.125, 0.15, 0.6625],
							"pivot": [0.625, 0.15, -2.575],
							"rotation": [-30, 0, 0],
							"uv": {
								"east": {"uv": [9, 26], "uv_size": [0.5, 0.5]},
								"west": {"uv": [26, 9], "uv_size": [0.5, 0.5]},
								"down": {"uv": [10, 26.5], "uv_size": [0.5, -0.5]}
							}
						},
						{
							"origin": [-0.375, -0.25, -3.25],
							"size": [0.125, 0.4, 0.675],
							"pivot": [0.625, 0.15, -2.575],
							"rotation": [-30, 0, 0],
							"uv": {
								"north": {"uv": [7, 26], "uv_size": [0.5, 0.5]},
								"east": {"uv": [26, 7], "uv_size": [0.5, 0.5]},
								"west": {"uv": [8, 26], "uv_size": [0.5, 0.5]},
								"up": {"uv": [26, 8], "uv_size": [0.5, 0.5]}
							}
						},
						{
							"origin": [-0.375, 0.2375, -2.35],
							"size": [0.125, 0.3625, 0.2],
							"inflate": -0.0001,
							"uv": {
								"north": {"uv": [5, 26], "uv_size": [0.5, 0.5]},
								"east": {"uv": [26, 5], "uv_size": [0.5, 0.5]},
								"south": {"uv": [6, 26], "uv_size": [0.5, 0.5]},
								"west": {"uv": [26, 6], "uv_size": [0.5, 0.5]}
							}
						},
						{
							"origin": [-0.375, 0.15, -2.55],
							"size": [0.125, 0.275, 0.25],
							"pivot": [0.625, 0.15, -1.625],
							"rotation": [-30, 0, 0],
							"uv": {
								"east": {"uv": [26, 3], "uv_size": [0.5, 0.5]},
								"south": {"uv": [4, 26], "uv_size": [0.5, 0.5]},
								"west": {"uv": [26, 4], "uv_size": [0.5, 0.5]}
							}
						},
						{
							"origin": [-0.375, 0.15, -2.775],
							"size": [0.125, 0.1375, 0.225],
							"pivot": [0.625, 0.15, -1.625],
							"rotation": [-30, 0, 0],
							"uv": {
								"east": {"uv": [26, 2], "uv_size": [0.5, 0.5]},
								"west": {"uv": [3, 26], "uv_size": [0.5, 0.5]}
							}
						},
						{
							"origin": [-0.375, 0, -3.0375],
							"size": [0.125, 0.15, 0.6625],
							"pivot": [0.625, 0.15, -1.625],
							"rotation": [-30, 0, 0],
							"uv": {
								"east": {"uv": [1, 26], "uv_size": [0.5, 0.5]},
								"west": {"uv": [26, 1], "uv_size": [0.5, 0.5]},
								"down": {"uv": [2, 26.5], "uv_size": [0.5, -0.5]}
							}
						},
						{
							"origin": [-0.375, -0.25, -2.3],
							"size": [0.125, 0.4, 0.675],
							"pivot": [0.625, 0.15, -1.625],
							"rotation": [-30, 0, 0],
							"uv": {
								"north": {"uv": [25, 24], "uv_size": [0.5, 0.5]},
								"east": {"uv": [25, 25], "uv_size": [0.5, 0.5]},
								"west": {"uv": [0, 26], "uv_size": [0.5, 0.5]},
								"up": {"uv": [26, 0], "uv_size": [0.5, 0.5]}
							}
						},
						{
							"origin": [0.25, 0.2375, -5.2],
							"size": [0.125, 0.3625, 0.2],
							"inflate": -0.0001,
							"uv": {
								"north": {"uv": [7, 28], "uv_size": [0.5, 0.5]},
								"east": {"uv": [28, 7], "uv_size": [0.5, 0.5]},
								"south": {"uv": [8, 28], "uv_size": [0.5, 0.5]},
								"west": {"uv": [28, 8], "uv_size": [0.5, 0.5]}
							}
						},
						{
							"origin": [0.25, 0.15, -5.4],
							"size": [0.125, 0.275, 0.25],
							"pivot": [-0.625, 0.15, -4.475],
							"rotation": [-30, 0, 0],
							"uv": {
								"east": {"uv": [28, 5], "uv_size": [0.5, 0.5]},
								"south": {"uv": [6, 28], "uv_size": [0.5, 0.5]},
								"west": {"uv": [28, 6], "uv_size": [0.5, 0.5]}
							}
						},
						{
							"origin": [0.25, 0.15, -5.625],
							"size": [0.125, 0.1375, 0.225],
							"pivot": [-0.625, 0.15, -4.475],
							"rotation": [-30, 0, 0],
							"uv": {
								"east": {"uv": [28, 4], "uv_size": [0.5, 0.5]},
								"west": {"uv": [5, 28], "uv_size": [0.5, 0.5]}
							}
						},
						{
							"origin": [0.25, 0, -5.8875],
							"size": [0.125, 0.15, 0.6625],
							"pivot": [-0.625, 0.15, -4.475],
							"rotation": [-30, 0, 0],
							"uv": {
								"east": {"uv": [3, 28], "uv_size": [0.5, 0.5]},
								"west": {"uv": [28, 3], "uv_size": [0.5, 0.5]},
								"down": {"uv": [4, 28.5], "uv_size": [0.5, -0.5]}
							}
						},
						{
							"origin": [0.25, -0.25, -5.15],
							"size": [0.125, 0.4, 0.675],
							"pivot": [-0.625, 0.15, -4.475],
							"rotation": [-30, 0, 0],
							"uv": {
								"north": {"uv": [1, 28], "uv_size": [0.5, 0.5]},
								"east": {"uv": [28, 1], "uv_size": [0.5, 0.5]},
								"west": {"uv": [2, 28], "uv_size": [0.5, 0.5]},
								"up": {"uv": [28, 2], "uv_size": [0.5, 0.5]}
							}
						},
						{
							"origin": [0.25, 0.2375, -4.25],
							"size": [0.125, 0.3625, 0.2],
							"inflate": -0.0001,
							"uv": {
								"north": {"uv": [27, 26], "uv_size": [0.5, 0.5]},
								"east": {"uv": [27, 27], "uv_size": [0.5, 0.5]},
								"south": {"uv": [0, 28], "uv_size": [0.5, 0.5]},
								"west": {"uv": [28, 0], "uv_size": [0.5, 0.5]}
							}
						},
						{
							"origin": [0.25, 0.15, -4.45],
							"size": [0.125, 0.275, 0.25],
							"pivot": [-0.625, 0.15, -3.525],
							"rotation": [-30, 0, 0],
							"uv": {
								"east": {"uv": [25, 27], "uv_size": [0.5, 0.5]},
								"south": {"uv": [27, 25], "uv_size": [0.5, 0.5]},
								"west": {"uv": [26, 27], "uv_size": [0.5, 0.5]}
							}
						},
						{
							"origin": [0.25, 0.15, -4.675],
							"size": [0.125, 0.1375, 0.225],
							"pivot": [-0.625, 0.15, -3.525],
							"rotation": [-30, 0, 0],
							"uv": {
								"east": {"uv": [24, 27], "uv_size": [0.5, 0.5]},
								"west": {"uv": [27, 24], "uv_size": [0.5, 0.5]}
							}
						},
						{
							"origin": [0.25, 0, -4.9375],
							"size": [0.125, 0.15, 0.6625],
							"pivot": [-0.625, 0.15, -3.525],
							"rotation": [-30, 0, 0],
							"uv": {
								"east": {"uv": [27, 22], "uv_size": [0.5, 0.5]},
								"west": {"uv": [23, 27], "uv_size": [0.5, 0.5]},
								"down": {"uv": [27, 23.5], "uv_size": [0.5, -0.5]}
							}
						},
						{
							"origin": [0.25, -0.25, -4.2],
							"size": [0.125, 0.4, 0.675],
							"pivot": [-0.625, 0.15, -3.525],
							"rotation": [-30, 0, 0],
							"uv": {
								"north": {"uv": [27, 20], "uv_size": [0.5, 0.5]},
								"east": {"uv": [21, 27], "uv_size": [0.5, 0.5]},
								"west": {"uv": [27, 21], "uv_size": [0.5, 0.5]},
								"up": {"uv": [22, 27], "uv_size": [0.5, 0.5]}
							}
						},
						{
							"origin": [0.25, 0.2375, -3.3],
							"size": [0.125, 0.3625, 0.2],
							"inflate": -0.0001,
							"uv": {
								"north": {"uv": [27, 18], "uv_size": [0.5, 0.5]},
								"east": {"uv": [19, 27], "uv_size": [0.5, 0.5]},
								"south": {"uv": [27, 19], "uv_size": [0.5, 0.5]},
								"west": {"uv": [20, 27], "uv_size": [0.5, 0.5]}
							}
						},
						{
							"origin": [0.25, 0.15, -3.5],
							"size": [0.125, 0.275, 0.25],
							"pivot": [-0.625, 0.15, -2.575],
							"rotation": [-30, 0, 0],
							"uv": {
								"east": {"uv": [17, 27], "uv_size": [0.5, 0.5]},
								"south": {"uv": [27, 17], "uv_size": [0.5, 0.5]},
								"west": {"uv": [18, 27], "uv_size": [0.5, 0.5]}
							}
						},
						{
							"origin": [0.25, 0.15, -3.725],
							"size": [0.125, 0.1375, 0.225],
							"pivot": [-0.625, 0.15, -2.575],
							"rotation": [-30, 0, 0],
							"uv": {
								"east": {"uv": [16, 27], "uv_size": [0.5, 0.5]},
								"west": {"uv": [27, 16], "uv_size": [0.5, 0.5]}
							}
						},
						{
							"origin": [0.25, 0, -3.9875],
							"size": [0.125, 0.15, 0.6625],
							"pivot": [-0.625, 0.15, -2.575],
							"rotation": [-30, 0, 0],
							"uv": {
								"east": {"uv": [27, 14], "uv_size": [0.5, 0.5]},
								"west": {"uv": [15, 27], "uv_size": [0.5, 0.5]},
								"down": {"uv": [27, 15.5], "uv_size": [0.5, -0.5]}
							}
						},
						{
							"origin": [0.25, -0.25, -3.25],
							"size": [0.125, 0.4, 0.675],
							"pivot": [-0.625, 0.15, -2.575],
							"rotation": [-30, 0, 0],
							"uv": {
								"north": {"uv": [27, 12], "uv_size": [0.5, 0.5]},
								"east": {"uv": [13, 27], "uv_size": [0.5, 0.5]},
								"west": {"uv": [27, 13], "uv_size": [0.5, 0.5]},
								"up": {"uv": [14, 27], "uv_size": [0.5, 0.5]}
							}
						},
						{
							"origin": [0.25, 0.2375, -2.35],
							"size": [0.125, 0.3625, 0.2],
							"inflate": -0.0001,
							"uv": {
								"north": {"uv": [27, 10], "uv_size": [0.5, 0.5]},
								"east": {"uv": [11, 27], "uv_size": [0.5, 0.5]},
								"south": {"uv": [27, 11], "uv_size": [0.5, 0.5]},
								"west": {"uv": [12, 27], "uv_size": [0.5, 0.5]}
							}
						},
						{
							"origin": [0.25, 0.15, -2.55],
							"size": [0.125, 0.275, 0.25],
							"pivot": [-0.625, 0.15, -1.625],
							"rotation": [-30, 0, 0],
							"uv": {
								"east": {"uv": [9, 27], "uv_size": [0.5, 0.5]},
								"south": {"uv": [27, 9], "uv_size": [0.5, 0.5]},
								"west": {"uv": [10, 27], "uv_size": [0.5, 0.5]}
							}
						},
						{
							"origin": [0.25, 0.15, -2.775],
							"size": [0.125, 0.1375, 0.225],
							"pivot": [-0.625, 0.15, -1.625],
							"rotation": [-30, 0, 0],
							"uv": {
								"east": {"uv": [8, 27], "uv_size": [0.5, 0.5]},
								"west": {"uv": [27, 8], "uv_size": [0.5, 0.5]}
							}
						},
						{
							"origin": [0.25, 0, -3.0375],
							"size": [0.125, 0.15, 0.6625],
							"pivot": [-0.625, 0.15, -1.625],
							"rotation": [-30, 0, 0],
							"uv": {
								"east": {"uv": [27, 6], "uv_size": [0.5, 0.5]},
								"west": {"uv": [7, 27], "uv_size": [0.5, 0.5]},
								"down": {"uv": [27, 7.5], "uv_size": [0.5, -0.5]}
							}
						},
						{
							"origin": [0.25, -0.25, -2.3],
							"size": [0.125, 0.4, 0.675],
							"pivot": [-0.625, 0.15, -1.625],
							"rotation": [-30, 0, 0],
							"uv": {
								"north": {"uv": [27, 4], "uv_size": [0.5, 0.5]},
								"east": {"uv": [5, 27], "uv_size": [0.5, 0.5]},
								"west": {"uv": [27, 5], "uv_size": [0.5, 0.5]},
								"up": {"uv": [6, 27], "uv_size": [0.5, 0.5]}
							}
						}
					]
				},
				{
					"name": "SI_SidewindderII_a",
					"parent": "scope_body",
					"pivot": [0, -15.15, 0],
					"cubes": [
						{
							"origin": [-0.5, 0.85, -1],
							"size": [1, 0.1125, 0.25],
							"uv": {
								"north": {"uv": [3, 6], "uv_size": [1, 0.5]},
								"south": {"uv": [7, 8], "uv_size": [1, 0.5]},
								"up": {"uv": [8, 8], "uv_size": [1, 0.5]},
								"down": {"uv": [1, 9.5], "uv_size": [1, -0.5]}
							}
						},
						{
							"origin": [0.5375, 0.5625, -1.4],
							"size": [0.2125, 0.025, 0.55],
							"uv": {
								"down": {"uv": [13, 10.5], "uv_size": [0.5, -0.5]}
							}
						},
						{
							"origin": [-10.96015, -3.65952, -1.4],
							"size": [0.22981, 0.17678, 0.55],
							"pivot": [0, -15.15, 0],
							"rotation": [0, 0, 45],
							"uv": {
								"north": {"uv": [11, 13], "uv_size": [0.5, 0.5]},
								"east": {"uv": [13, 11], "uv_size": [0.5, 0.5]},
								"south": {"uv": [12, 13], "uv_size": [0.5, 0.5]},
								"down": {"uv": [13, 12.5], "uv_size": [0.5, -0.5]}
							}
						},
						{
							"origin": [-0.5, 0.85, -1.5],
							"size": [1, 0.1125, 0.25],
							"uv": {
								"north": {"uv": [2, 9], "uv_size": [1, 0.5]},
								"south": {"uv": [3, 9], "uv_size": [1, 0.5]},
								"up": {"uv": [4, 9], "uv_size": [1, 0.5]},
								"down": {"uv": [5, 9.5], "uv_size": [1, -0.5]}
							}
						},
						{
							"origin": [0.75, 0.5625, -1.3],
							"size": [0.2, 0.4, 0.35],
							"uv": {
								"west": {"uv": [13, 13], "uv_size": [0.5, 0.5]},
								"up": {"uv": [0, 14], "uv_size": [0.5, 0.5]},
								"down": {"uv": [14, 0.5], "uv_size": [0.5, -0.5]}
							}
						},
						{
							"origin": [1.44956, 0.5625, -0.53033],
							"size": [0.14142, 0.4, 0.28284],
							"pivot": [0, -15.15, 0],
							"rotation": [0, 45, 0],
							"uv": {
								"north": {"uv": [1, 14], "uv_size": [0.5, 0.5]},
								"west": {"uv": [14, 1], "uv_size": [0.5, 0.5]},
								"up": {"uv": [2, 14], "uv_size": [0.5, 0.5]},
								"down": {"uv": [14, 2.5], "uv_size": [0.5, -0.5]}
							}
						},
						{
							"origin": [-0.14142, 0.5625, -1.3435],
							"size": [0.14142, 0.4, 0.28284],
							"pivot": [0, -15.15, 0],
							"rotation": [0, -45, 0],
							"uv": {
								"south": {"uv": [3, 14], "uv_size": [0.5, 0.5]},
								"west": {"uv": [14, 3], "uv_size": [0.5, 0.5]},
								"up": {"uv": [4, 14], "uv_size": [0.5, 0.5]},
								"down": {"uv": [14, 4.5], "uv_size": [0.5, -0.5]}
							}
						},
						{
							"origin": [0.375, -4.82017, -12.12082],
							"size": [0.625, 0.2, 0.2],
							"pivot": [0, -15.15, 0],
							"rotation": [-45, 0, 0],
							"uv": {
								"north": {"uv": [5, 14], "uv_size": [0.5, 0.5]},
								"east": {"uv": [14, 5], "uv_size": [0.5, 0.5]},
								"south": {"uv": [6, 14], "uv_size": [0.5, 0.5]},
								"west": {"uv": [14, 6], "uv_size": [0.5, 0.5]},
								"up": {"uv": [7, 14], "uv_size": [0.5, 0.5]},
								"down": {"uv": [14, 7.5], "uv_size": [0.5, -0.5]}
							}
						},
						{
							"origin": [0.5, 0.7, -1.5],
							"size": [0.25, 0.2625, 0.75],
							"uv": {
								"north": {"uv": [8, 14], "uv_size": [0.5, 0.5]},
								"east": {"uv": [6, 9], "uv_size": [1, 0.5]},
								"south": {"uv": [14, 8], "uv_size": [0.5, 0.5]},
								"up": {"uv": [7, 9], "uv_size": [0.5, 1]}
							}
						},
						{
							"origin": [0.5375, -3.43854, 10.50937],
							"size": [0.2125, 0.07071, 0.14142],
							"pivot": [0, -15.15, 0],
							"rotation": [45, 0, 0],
							"uv": {
								"east": {"uv": [9, 14], "uv_size": [0.5, 0.5]},
								"down": {"uv": [14, 9.5], "uv_size": [0.5, -0.5]}
							}
						},
						{
							"origin": [0.5375, -5.02953, -12.24179],
							"size": [0.2125, 0.07071, 0.14142],
							"pivot": [0, -15.15, 0],
							"rotation": [-45, 0, 0],
							"uv": {
								"east": {"uv": [10, 14], "uv_size": [0.5, 0.5]},
								"down": {"uv": [14, 10.5], "uv_size": [0.5, -0.5]}
							}
						},
						{
							"origin": [0.5375, 0.6625, -1.5],
							"size": [0.2125, 0.0375, 0.75],
							"uv": {
								"north": {"uv": [11, 14], "uv_size": [0.5, 0.5]},
								"south": {"uv": [14, 11], "uv_size": [0.5, 0.5]}
							}
						},
						{
							"origin": [-10.85408, -3.58881, -1.5],
							"size": [0.05303, 0.02652, 0.75],
							"pivot": [0, -15.15, 0],
							"rotation": [0, 0, 45],
							"uv": {
								"north": {"uv": [12, 14], "uv_size": [0.5, 0.5]},
								"south": {"uv": [14, 12], "uv_size": [0.5, 0.5]},
								"down": {"uv": [9, 8], "uv_size": [0.5, -1]}
							}
						},
						{
							"origin": [10.73034, -3.65952, -1.4],
							"size": [0.22981, 0.17678, 0.55],
							"pivot": [0, -15.15, 0],
							"rotation": [0, 0, -45],
							"uv": {
								"north": {"uv": [13, 14], "uv_size": [0.5, 0.5]},
								"south": {"uv": [14, 13], "uv_size": [0.5, 0.5]},
								"west": {"uv": [14, 14], "uv_size": [0.5, 0.5]},
								"down": {"uv": [0, 15.5], "uv_size": [0.5, -0.5]}
							}
						},
						{
							"origin": [-0.8, 0.7, -1.5],
							"size": [0.3, 0.2625, 0.75],
							"uv": {
								"north": {"uv": [15, 0], "uv_size": [0.5, 0.5]},
								"south": {"uv": [1, 15], "uv_size": [0.5, 0.5]},
								"west": {"uv": [8, 9], "uv_size": [1, 0.5]},
								"up": {"uv": [9, 8], "uv_size": [0.5, 1]}
							}
						},
						{
							"origin": [-0.75, 0.5625, -1.5],
							"size": [0.2125, 0.1375, 0.75],
							"uv": {
								"north": {"uv": [15, 1], "uv_size": [0.5, 0.5]},
								"south": {"uv": [2, 15], "uv_size": [0.5, 0.5]},
								"west": {"uv": [9, 9], "uv_size": [1, 0.5]},
								"down": {"uv": [1, 11], "uv_size": [0.5, -1]}
							}
						},
						{
							"origin": [10.80105, -3.58881, -1.5],
							"size": [0.05303, 0.02652, 0.75],
							"pivot": [0, -15.15, 0],
							"rotation": [0, 0, -45],
							"uv": {
								"north": {"uv": [15, 2], "uv_size": [0.5, 0.5]},
								"south": {"uv": [3, 15], "uv_size": [0.5, 0.5]},
								"down": {"uv": [10, 2], "uv_size": [0.5, -1]}
							}
						},
						{
							"origin": [-0.8625, 0.675, -1.5],
							"size": [0.0625, 0.225, 0.75],
							"uv": {
								"north": {"uv": [15, 3], "uv_size": [0.5, 0.5]},
								"east": {"uv": [2, 10], "uv_size": [1, 0.5]},
								"south": {"uv": [4, 15], "uv_size": [0.5, 0.5]}
							}
						},
						{
							"origin": [10.73918, -3.24409, -1.5],
							"size": [0.08839, 0.05303, 0.75],
							"pivot": [0, -15.15, 0],
							"rotation": [0, 0, -45],
							"uv": {
								"north": {"uv": [15, 4], "uv_size": [0.5, 0.5]},
								"south": {"uv": [5, 15], "uv_size": [0.5, 0.5]},
								"up": {"uv": [10, 2], "uv_size": [0.5, 1]}
							}
						},
						{
							"origin": [-11.79984, -4.56992, -1.5],
							"size": [0.1591, 0.09723, 0.75],
							"pivot": [0, -15.15, 0],
							"rotation": [0, 0, 45],
							"uv": {
								"north": {"uv": [15, 5], "uv_size": [0.5, 0.5]},
								"south": {"uv": [6, 15], "uv_size": [0.5, 0.5]},
								"down": {"uv": [3, 11], "uv_size": [0.5, -1]}
							}
						}
					]
				},
				{
					"name": "SI_SidewindderII_b",
					"parent": "scope_body",
					"pivot": [0, -15.15, 0],
					"cubes": [
						{
							"origin": [-11.79984, -4.56992, -7],
							"size": [0.1591, 0.09723, 0.75],
							"pivot": [0, -15.15, 18.25],
							"rotation": [0, 0, 45],
							"uv": {
								"north": {"uv": [15, 6], "uv_size": [0.5, 0.5]},
								"south": {"uv": [7, 15], "uv_size": [0.5, 0.5]},
								"down": {"uv": [10, 4], "uv_size": [0.5, -1]}
							}
						},
						{
							"origin": [10.73918, -3.24409, -7],
							"size": [0.08839, 0.05303, 0.75],
							"pivot": [0, -15.15, 18.25],
							"rotation": [0, 0, -45],
							"uv": {
								"north": {"uv": [15, 7], "uv_size": [0.5, 0.5]},
								"south": {"uv": [8, 15], "uv_size": [0.5, 0.5]},
								"up": {"uv": [4, 10], "uv_size": [0.5, 1]}
							}
						},
						{
							"origin": [-0.8625, 0.675, -7],
							"size": [0.0625, 0.225, 0.75],
							"uv": {
								"north": {"uv": [15, 8], "uv_size": [0.5, 0.5]},
								"east": {"uv": [10, 4], "uv_size": [1, 0.5]},
								"south": {"uv": [9, 15], "uv_size": [0.5, 0.5]}
							}
						},
						{
							"origin": [10.80105, -3.58881, -7],
							"size": [0.05303, 0.02652, 0.75],
							"pivot": [0, -15.15, 18.25],
							"rotation": [0, 0, -45],
							"uv": {
								"north": {"uv": [15, 9], "uv_size": [0.5, 0.5]},
								"south": {"uv": [10, 15], "uv_size": [0.5, 0.5]},
								"down": {"uv": [5, 11], "uv_size": [0.5, -1]}
							}
						},
						{
							"origin": [-0.75, 0.5625, -7],
							"size": [0.2125, 0.1375, 0.75],
							"uv": {
								"north": {"uv": [15, 10], "uv_size": [0.5, 0.5]},
								"south": {"uv": [11, 15], "uv_size": [0.5, 0.5]},
								"west": {"uv": [10, 5], "uv_size": [1, 0.5]},
								"down": {"uv": [6, 11], "uv_size": [0.5, -1]}
							}
						},
						{
							"origin": [-0.8, 0.7, -7],
							"size": [0.3, 0.2625, 0.75],
							"uv": {
								"north": {"uv": [15, 11], "uv_size": [0.5, 0.5]},
								"south": {"uv": [12, 15], "uv_size": [0.5, 0.5]},
								"west": {"uv": [10, 6], "uv_size": [1, 0.5]},
								"up": {"uv": [7, 10], "uv_size": [0.5, 1]}
							}
						},
						{
							"origin": [10.73034, -3.65952, -6.9],
							"size": [0.22981, 0.17678, 0.55],
							"pivot": [0, -15.15, 18.25],
							"rotation": [0, 0, -45],
							"uv": {
								"north": {"uv": [15, 12], "uv_size": [0.5, 0.5]},
								"south": {"uv": [13, 15], "uv_size": [0.5, 0.5]},
								"west": {"uv": [15, 13], "uv_size": [0.5, 0.5]},
								"down": {"uv": [14, 15.5], "uv_size": [0.5, -0.5]}
							}
						},
						{
							"origin": [-10.85408, -3.58881, -7],
							"size": [0.05303, 0.02652, 0.75],
							"pivot": [0, -15.15, 18.25],
							"rotation": [0, 0, 45],
							"uv": {
								"north": {"uv": [15, 14], "uv_size": [0.5, 0.5]},
								"south": {"uv": [15, 15], "uv_size": [0.5, 0.5]},
								"down": {"uv": [10, 8], "uv_size": [0.5, -1]}
							}
						},
						{
							"origin": [0.5375, 0.6625, -7],
							"size": [0.2125, 0.0375, 0.75],
							"uv": {
								"north": {"uv": [0, 16], "uv_size": [0.5, 0.5]},
								"south": {"uv": [16, 0], "uv_size": [0.5, 0.5]}
							}
						},
						{
							"origin": [0.5375, -21.82332, -10.78557],
							"size": [0.2125, 0.07071, 0.14142],
							"pivot": [0, -15.15, 18.25],
							"rotation": [-45, 0, 0],
							"uv": {
								"east": {"uv": [1, 16], "uv_size": [0.5, 0.5]},
								"down": {"uv": [16, 1.5], "uv_size": [0.5, -0.5]}
							}
						},
						{
							"origin": [0.5375, 13.35524, 11.96558],
							"size": [0.2125, 0.07071, 0.14142],
							"pivot": [0, -15.15, 18.25],
							"rotation": [45, 0, 0],
							"uv": {
								"east": {"uv": [2, 16], "uv_size": [0.5, 0.5]},
								"down": {"uv": [16, 2.5], "uv_size": [0.5, -0.5]}
							}
						},
						{
							"origin": [0.5, 0.7, -7],
							"size": [0.25, 0.2625, 0.75],
							"uv": {
								"north": {"uv": [3, 16], "uv_size": [0.5, 0.5]},
								"east": {"uv": [8, 10], "uv_size": [1, 0.5]},
								"south": {"uv": [16, 3], "uv_size": [0.5, 0.5]},
								"up": {"uv": [10, 8], "uv_size": [0.5, 1]}
							}
						},
						{
							"origin": [0.375, -21.61396, -10.6646],
							"size": [0.625, 0.2, 0.2],
							"pivot": [0, -15.15, 18.25],
							"rotation": [-45, 0, 0],
							"uv": {
								"north": {"uv": [4, 16], "uv_size": [0.5, 0.5]},
								"east": {"uv": [16, 4], "uv_size": [0.5, 0.5]},
								"south": {"uv": [5, 16], "uv_size": [0.5, 0.5]},
								"west": {"uv": [16, 5], "uv_size": [0.5, 0.5]},
								"up": {"uv": [6, 16], "uv_size": [0.5, 0.5]},
								"down": {"uv": [16, 6.5], "uv_size": [0.5, -0.5]}
							}
						},
						{
							"origin": [-16.93521, 0.5625, 0.11271],
							"size": [0.14142, 0.4, 0.28284],
							"pivot": [0, -15.15, 18.25],
							"rotation": [0, -45, 0],
							"uv": {
								"south": {"uv": [7, 16], "uv_size": [0.5, 0.5]},
								"west": {"uv": [16, 7], "uv_size": [0.5, 0.5]},
								"up": {"uv": [8, 16], "uv_size": [0.5, 0.5]},
								"down": {"uv": [16, 8.5], "uv_size": [0.5, -0.5]}
							}
						},
						{
							"origin": [18.24335, 0.5625, 0.92588],
							"size": [0.14142, 0.4, 0.28284],
							"pivot": [0, -15.15, 18.25],
							"rotation": [0, 45, 0],
							"uv": {
								"north": {"uv": [9, 16], "uv_size": [0.5, 0.5]},
								"west": {"uv": [16, 9], "uv_size": [0.5, 0.5]},
								"up": {"uv": [10, 16], "uv_size": [0.5, 0.5]},
								"down": {"uv": [16, 10.5], "uv_size": [0.5, -0.5]}
							}
						},
						{
							"origin": [0.75, 0.5625, -6.8],
							"size": [0.2, 0.4, 0.35],
							"uv": {
								"west": {"uv": [11, 16], "uv_size": [0.5, 0.5]},
								"up": {"uv": [16, 11], "uv_size": [0.5, 0.5]},
								"down": {"uv": [12, 16.5], "uv_size": [0.5, -0.5]}
							}
						},
						{
							"origin": [-0.5, 0.85, -7],
							"size": [1, 0.1125, 0.25],
							"uv": {
								"north": {"uv": [9, 10], "uv_size": [1, 0.5]},
								"south": {"uv": [10, 9], "uv_size": [1, 0.5]},
								"up": {"uv": [10, 10], "uv_size": [1, 0.5]},
								"down": {"uv": [1, 11.5], "uv_size": [1, -0.5]}
							}
						},
						{
							"origin": [-10.96015, -3.65952, -6.9],
							"size": [0.22981, 0.17678, 0.55],
							"pivot": [0, -15.15, 18.25],
							"rotation": [0, 0, 45],
							"uv": {
								"north": {"uv": [16, 12], "uv_size": [0.5, 0.5]},
								"east": {"uv": [13, 16], "uv_size": [0.5, 0.5]},
								"south": {"uv": [16, 13], "uv_size": [0.5, 0.5]},
								"down": {"uv": [14, 16.5], "uv_size": [0.5, -0.5]}
							}
						},
						{
							"origin": [0.5375, 0.5625, -6.9],
							"size": [0.2125, 0.025, 0.55],
							"uv": {
								"down": {"uv": [16, 14.5], "uv_size": [0.5, -0.5]}
							}
						},
						{
							"origin": [-0.5, 0.85, -6.5],
							"size": [1, 0.1125, 0.25],
							"uv": {
								"north": {"uv": [11, 1], "uv_size": [1, 0.5]},
								"south": {"uv": [2, 11], "uv_size": [1, 0.5]},
								"up": {"uv": [11, 2], "uv_size": [1, 0.5]},
								"down": {"uv": [3, 11.5], "uv_size": [1, -0.5]}
							}
						}
					]
				},
				{
					"name": "SI_SidewindderII_e",
					"parent": "scope_body",
					"pivot": [-0.5875, 0.85, -1.125],
					"rotation": [0, 0, -35],
					"cubes": [
						{
							"origin": [-0.6375, 0.8, -1.525],
							"size": [0.1, 0.1, 0.8],
							"pivot": [-0.5875, 0.85, -1.125],
							"rotation": [0, 0, 80],
							"uv": {
								"north": {"uv": [15, 16], "uv_size": [0.5, 0.5]},
								"east": {"uv": [11, 3], "uv_size": [1, 0.5]},
								"south": {"uv": [16, 15], "uv_size": [0.5, 0.5]},
								"west": {"uv": [4, 11], "uv_size": [1, 0.5]},
								"up": {"uv": [11, 4], "uv_size": [0.5, 1]},
								"down": {"uv": [5, 12], "uv_size": [0.5, -1]}
							}
						},
						{
							"origin": [-0.55803, 0.65, -1.525],
							"size": [0.075, 0.075, 0.8],
							"pivot": [-0.5875, 0.85, -1.125],
							"rotation": [0, 0, 57.5],
							"uv": {
								"north": {"uv": [16, 16], "uv_size": [0.5, 0.5]},
								"east": {"uv": [11, 5], "uv_size": [1, 0.5]},
								"south": {"uv": [0, 17], "uv_size": [0.5, 0.5]},
								"west": {"uv": [6, 11], "uv_size": [1, 0.5]},
								"up": {"uv": [11, 6], "uv_size": [0.5, 1]},
								"down": {"uv": [7, 12], "uv_size": [0.5, -1]}
							}
						},
						{
							"origin": [-1.3225, 0.62, -1.25],
							"size": [0.5625, 0.075, 0.25],
							"uv": {
								"north": {"uv": [17, 0], "uv_size": [0.5, 0.5]},
								"south": {"uv": [1, 17], "uv_size": [0.5, 0.5]},
								"west": {"uv": [17, 1], "uv_size": [0.5, 0.5]},
								"up": {"uv": [2, 17], "uv_size": [0.5, 0.5]},
								"down": {"uv": [17, 2.5], "uv_size": [0.5, -0.5]}
							}
						},
						{
							"origin": [-1.385, 0.62, -1.1875],
							"size": [0.0625, 0.075, 0.125],
							"uv": {
								"east": {"uv": [3, 17], "uv_size": [0.5, 0.5]},
								"up": {"uv": [17, 3], "uv_size": [0.5, 0.5]},
								"down": {"uv": [4, 17.5], "uv_size": [0.5, -0.5]}
							}
						},
						{
							"origin": [-1.19561, 0.62, -1.64472],
							"size": [0.04419, 0.075, 0.08839],
							"pivot": [-0.5875, 0.85, -1.125],
							"rotation": [0, 45, 0],
							"uv": {
								"east": {"uv": [17, 4], "uv_size": [0.5, 0.5]},
								"up": {"uv": [5, 17], "uv_size": [0.5, 0.5]},
								"down": {"uv": [17, 5.5], "uv_size": [0.5, -0.5]}
							}
						},
						{
							"origin": [-1.1956, 0.62, -0.69367],
							"size": [0.04419, 0.075, 0.08839],
							"pivot": [-0.5875, 0.85, -1.125],
							"rotation": [0, -45, 0],
							"uv": {
								"east": {"uv": [6, 17], "uv_size": [0.5, 0.5]},
								"up": {"uv": [17, 6], "uv_size": [0.5, 0.5]},
								"down": {"uv": [7, 17.5], "uv_size": [0.5, -0.5]}
							}
						},
						{
							"origin": [-1.2475, 0.695, -1.25],
							"size": [0.2125, 0.2625, 0.25],
							"uv": {
								"north": {"uv": [17, 7], "uv_size": [0.5, 0.5]},
								"east": {"uv": [8, 17], "uv_size": [0.5, 0.5]},
								"south": {"uv": [17, 8], "uv_size": [0.5, 0.5]},
								"west": {"uv": [9, 17], "uv_size": [0.5, 0.5]}
							}
						},
						{
							"origin": [-1.2475, 0.97021, -1.20102],
							"size": [0.2125, 0.04419, 0.08839],
							"pivot": [-0.5875, 0.85, -1.125],
							"rotation": [-45, 0, 0],
							"uv": {
								"east": {"uv": [17, 9], "uv_size": [0.5, 0.5]},
								"west": {"uv": [10, 17], "uv_size": [0.5, 0.5]},
								"up": {"uv": [17, 10], "uv_size": [0.5, 0.5]}
							}
						},
						{
							"origin": [-1.2475, 0.9702, -1.13737],
							"size": [0.2125, 0.04419, 0.08839],
							"pivot": [-0.5875, 0.85, -1.125],
							"rotation": [45, 0, 0],
							"uv": {
								"east": {"uv": [11, 17], "uv_size": [0.5, 0.5]},
								"west": {"uv": [17, 11], "uv_size": [0.5, 0.5]},
								"up": {"uv": [12, 17], "uv_size": [0.5, 0.5]}
							}
						},
						{
							"origin": [-1.2475, 0.9575, -1.1875],
							"size": [0.2125, 0.0625, 0.125],
							"uv": {
								"east": {"uv": [17, 12], "uv_size": [0.5, 0.5]},
								"west": {"uv": [13, 17], "uv_size": [0.5, 0.5]},
								"up": {"uv": [17, 13], "uv_size": [0.5, 0.5]}
							}
						}
					]
				},
				{
					"name": "SI_SidewindderII_f",
					"parent": "SI_SidewindderII_e",
					"pivot": [-1.1475, 0.87, -1.125],
					"cubes": [
						{
							"origin": [-1.3975, 0.82664, -1.14835],
							"size": [0.5, 0.075, 0.075],
							"pivot": [-0.5875, 0.85, -1.125],
							"rotation": [45, 0, 0],
							"uv": {
								"north": {"uv": [14, 17], "uv_size": [0.5, 0.5]},
								"east": {"uv": [17, 14], "uv_size": [0.5, 0.5]},
								"south": {"uv": [15, 17], "uv_size": [0.5, 0.5]},
								"west": {"uv": [17, 15], "uv_size": [0.5, 0.5]},
								"up": {"uv": [16, 17], "uv_size": [0.5, 0.5]},
								"down": {"uv": [17, 16.5], "uv_size": [0.5, -0.5]}
							}
						},
						{
							"origin": [-0.64801, 2.04353, -1.25],
							"size": [0.0125, 0.0175, 0.25],
							"pivot": [-0.5875, 0.85, -1.125],
							"rotation": [0, 0, -35],
							"uv": {
								"north": {"uv": [17, 17], "uv_size": [0.5, 0.5]},
								"east": {"uv": [0, 18], "uv_size": [0.5, 0.5]},
								"south": {"uv": [18, 0], "uv_size": [0.5, 0.5]}
							}
						},
						{
							"origin": [-0.64801, 2.06103, -1.25],
							"size": [0.0875, 0.4, 0.25],
							"pivot": [-0.5875, 0.85, -1.125],
							"rotation": [0, 0, -35],
							"uv": {
								"north": {"uv": [1, 18], "uv_size": [0.5, 0.5]},
								"east": {"uv": [18, 1], "uv_size": [0.5, 0.5]},
								"south": {"uv": [2, 18], "uv_size": [0.5, 0.5]},
								"west": {"uv": [18, 2], "uv_size": [0.5, 0.5]}
							}
						},
						{
							"origin": [-1.6694, 2.04523, -1.25],
							"size": [0.125, 0.75, 0.25],
							"pivot": [-0.5875, 0.85, -1.125],
							"rotation": [0, 0, 5],
							"uv": {
								"north": {"uv": [11, 7], "uv_size": [0.5, 1]},
								"east": {"uv": [8, 11], "uv_size": [0.5, 1]},
								"south": {"uv": [11, 8], "uv_size": [0.5, 1]},
								"west": {"uv": [9, 11], "uv_size": [0.5, 1]},
								"up": {"uv": [3, 18], "uv_size": [0.5, 0.5]}
							}
						},
						{
							"origin": [-1.50762, 2.07131, -1.25],
							"size": [0.01639, 0.01997, 0.25],
							"pivot": [-0.5875, 0.85, -1.125],
							"rotation": [0, 0, 2.5],
							"uv": {
								"north": {"uv": [18, 3], "uv_size": [0.5, 0.5]},
								"south": {"uv": [4, 18], "uv_size": [0.5, 0.5]},
								"west": {"uv": [18, 4], "uv_size": [0.5, 0.5]}
							}
						},
						{
							"origin": [-0.79021, 2.11962, -1.25],
							"size": [0.01639, 0.01997, 0.25],
							"pivot": [-0.5875, 0.85, -1.125],
							"rotation": [0, 0, -2.5],
							"uv": {
								"north": {"uv": [5, 18], "uv_size": [0.5, 0.5]},
								"east": {"uv": [18, 5], "uv_size": [0.5, 0.5]},
								"south": {"uv": [6, 18], "uv_size": [0.5, 0.5]}
							}
						},
						{
							"origin": [-0.7339, 2.14175, -1.25],
							"size": [0.125, 0.75, 0.25],
							"pivot": [-0.5875, 0.85, -1.125],
							"rotation": [0, 0, -5],
							"uv": {
								"north": {"uv": [11, 9], "uv_size": [0.5, 1]},
								"east": {"uv": [10, 11], "uv_size": [0.5, 1]},
								"south": {"uv": [11, 10], "uv_size": [0.5, 1]},
								"west": {"uv": [11, 11], "uv_size": [0.5, 1]},
								"up": {"uv": [18, 6], "uv_size": [0.5, 0.5]}
							}
						},
						{
							"origin": [-1.44671, 1.40829, -1.25],
							"size": [0.0125, 0.0175, 0.25],
							"pivot": [-0.5875, 0.85, -1.125],
							"rotation": [0, 0, 35],
							"uv": {
								"north": {"uv": [7, 18], "uv_size": [0.5, 0.5]},
								"south": {"uv": [18, 7], "uv_size": [0.5, 0.5]},
								"west": {"uv": [8, 18], "uv_size": [0.5, 0.5]}
							}
						},
						{
							"origin": [-1.52171, 1.42579, -1.25],
							"size": [0.0875, 0.4, 0.25],
							"pivot": [-0.5875, 0.85, -1.125],
							"rotation": [0, 0, 35],
							"uv": {
								"north": {"uv": [18, 8], "uv_size": [0.5, 0.5]},
								"east": {"uv": [9, 18], "uv_size": [0.5, 0.5]},
								"south": {"uv": [18, 9], "uv_size": [0.5, 0.5]},
								"west": {"uv": [10, 18], "uv_size": [0.5, 0.5]}
							}
						},
						{
							"origin": [-1.0225, 1.1575, -1.25],
							"size": [0.0625, 0.7, 0.25],
							"uv": {
								"north": {"uv": [18, 10], "uv_size": [0.5, 0.5]},
								"east": {"uv": [11, 18], "uv_size": [0.5, 0.5]},
								"south": {"uv": [18, 11], "uv_size": [0.5, 0.5]},
								"west": {"uv": [12, 18], "uv_size": [0.5, 0.5]}
							}
						},
						{
							"origin": [-1.6475, 2.3325, -1.3125],
							"size": [0.1, 0.375, 0.375],
							"uv": {
								"north": {"uv": [18, 12], "uv_size": [0.5, 0.5]},
								"east": {"uv": [13, 18], "uv_size": [0.5, 0.5]},
								"south": {"uv": [18, 13], "uv_size": [0.5, 0.5]},
								"west": {"uv": [14, 18], "uv_size": [0.5, 0.5]},
								"up": {"uv": [18, 14], "uv_size": [0.5, 0.5]},
								"down": {"uv": [15, 18.5], "uv_size": [0.5, -0.5]}
							}
						},
						{
							"origin": [-1.6475, 1.84337, -2.49337],
							"size": [0.1, 0.375, 0.375],
							"pivot": [-0.5875, 0.85, -1.125],
							"rotation": [-45, 0, 0],
							"uv": {
								"north": {"uv": [18, 15], "uv_size": [0.5, 0.5]},
								"east": {"uv": [16, 18], "uv_size": [0.5, 0.5]},
								"south": {"uv": [18, 16], "uv_size": [0.5, 0.5]},
								"west": {"uv": [17, 18], "uv_size": [0.5, 0.5]},
								"up": {"uv": [18, 17], "uv_size": [0.5, 0.5]},
								"down": {"uv": [18, 18.5], "uv_size": [0.5, -0.5]}
							}
						},
						{
							"origin": [-1.5475, 1.99337, -2.34337],
							"size": [0.675, 0.075, 0.075],
							"pivot": [-0.5875, 0.85, -1.125],
							"rotation": [-45, 0, 0],
							"uv": {
								"north": {"uv": [0, 19], "uv_size": [0.5, 0.5]},
								"south": {"uv": [19, 0], "uv_size": [0.5, 0.5]},
								"up": {"uv": [1, 19], "uv_size": [0.5, 0.5]},
								"down": {"uv": [19, 1.5], "uv_size": [0.5, -0.5]}
							}
						},
						{
							"origin": [-1.2725, 2.6075, -1.1875],
							"size": [0.05, 0.1625, 0.125],
							"uv": {
								"north": {"uv": [2, 19], "uv_size": [0.5, 0.5]},
								"east": {"uv": [19, 2], "uv_size": [0.5, 0.5]},
								"south": {"uv": [3, 19], "uv_size": [0.5, 0.5]},
								"west": {"uv": [19, 3], "uv_size": [0.5, 0.5]}
							}
						},
						{
							"origin": [-1.06, 2.6075, -1.1875],
							"size": [0.05, 0.1625, 0.125],
							"uv": {
								"north": {"uv": [4, 19], "uv_size": [0.5, 0.5]},
								"east": {"uv": [19, 4], "uv_size": [0.5, 0.5]},
								"south": {"uv": [5, 19], "uv_size": [0.5, 0.5]},
								"west": {"uv": [19, 5], "uv_size": [0.5, 0.5]}
							}
						},
						{
							"origin": [-2.31461, 1.64372, -1.1875],
							"size": [0.07071, 0.03536, 0.125],
							"pivot": [-0.5875, 0.85, -1.125],
							"rotation": [0, 0, 45],
							"uv": {
								"north": {"uv": [6, 19], "uv_size": [0.5, 0.5]},
								"south": {"uv": [19, 6], "uv_size": [0.5, 0.5]},
								"up": {"uv": [7, 19], "uv_size": [0.5, 0.5]}
							}
						},
						{
							"origin": [-2.31461, 1.83817, -1.1875],
							"size": [0.07071, 0.07071, 0.125],
							"pivot": [-0.5875, 0.85, -1.125],
							"rotation": [0, 0, 45],
							"uv": {
								"north": {"uv": [19, 7], "uv_size": [0.5, 0.5]},
								"south": {"uv": [8, 19], "uv_size": [0.5, 0.5]},
								"up": {"uv": [19, 8], "uv_size": [0.5, 0.5]},
								"down": {"uv": [9, 19.5], "uv_size": [0.5, -0.5]}
							}
						},
						{
							"origin": [0.28577, 2.42685, -1.1875],
							"size": [0.07071, 0.03536, 0.125],
							"pivot": [-0.5875, 0.85, -1.125],
							"rotation": [0, 0, -45],
							"uv": {
								"north": {"uv": [19, 9], "uv_size": [0.5, 0.5]},
								"south": {"uv": [10, 19], "uv_size": [0.5, 0.5]},
								"up": {"uv": [19, 10], "uv_size": [0.5, 0.5]}
							}
						},
						{
							"origin": [0.28577, 2.6213, -1.1875],
							"size": [0.07071, 0.07071, 0.125],
							"pivot": [-0.5875, 0.85, -1.125],
							"rotation": [0, 0, -45],
							"uv": {
								"north": {"uv": [11, 19], "uv_size": [0.5, 0.5]},
								"south": {"uv": [19, 11], "uv_size": [0.5, 0.5]},
								"up": {"uv": [12, 19], "uv_size": [0.5, 0.5]},
								"down": {"uv": [19, 12.5], "uv_size": [0.5, -0.5]}
							}
						},
						{
							"origin": [-1.2225, 2.77, -1.1875],
							"size": [0.1625, 0.05, 0.125],
							"uv": {
								"north": {"uv": [13, 19], "uv_size": [0.5, 0.5]},
								"south": {"uv": [19, 13], "uv_size": [0.5, 0.5]},
								"up": {"uv": [14, 19], "uv_size": [0.5, 0.5]},
								"down": {"uv": [19, 14.5], "uv_size": [0.5, -0.5]}
							}
						},
						{
							"origin": [-1.2225, 2.3575, -1.1625],
							"size": [0.1625, 0.05, 0.075],
							"uv": {
								"north": {"uv": [15, 19], "uv_size": [0.5, 0.5]},
								"east": {"uv": [19, 15], "uv_size": [0.5, 0.5]},
								"south": {"uv": [16, 19], "uv_size": [0.5, 0.5]},
								"west": {"uv": [19, 16], "uv_size": [0.5, 0.5]}
							}
						},
						{
							"origin": [-1.2725, 2.4075, -1.1875],
							"size": [0.2625, 0.2, 0.125],
							"uv": {
								"north": {"uv": [17, 19], "uv_size": [0.5, 0.5]},
								"east": {"uv": [19, 17], "uv_size": [0.5, 0.5]},
								"south": {"uv": [18, 19], "uv_size": [0.5, 0.5]},
								"west": {"uv": [19, 18], "uv_size": [0.5, 0.5]},
								"up": {"uv": [19, 19], "uv_size": [0.5, 0.5]},
								"down": {"uv": [0, 20.5], "uv_size": [0.5, -0.5]}
							}
						},
						{
							"origin": [-1.4225, 2.2825, -1.25],
							"size": [0.5625, 0.075, 0.25],
							"uv": {
								"north": {"uv": [20, 0], "uv_size": [0.5, 0.5]},
								"south": {"uv": [1, 20], "uv_size": [0.5, 0.5]},
								"up": {"uv": [20, 1], "uv_size": [0.5, 0.5]},
								"down": {"uv": [2, 20.5], "uv_size": [0.5, -0.5]}
							}
						},
						{
							"origin": [-1.4371, 1.9825, -1.1875],
							"size": [0.59169, 0.3, 0.125],
							"uv": {
								"north": {"uv": [20, 2], "uv_size": [0.5, 0.5]},
								"south": {"uv": [3, 20], "uv_size": [0.5, 0.5]}
							}
						},
						{
							"origin": [-1.3475, 1.8575, -1.1875],
							"size": [0.4125, 0.125, 0.125],
							"uv": {
								"north": {"uv": [20, 3], "uv_size": [0.5, 0.5]},
								"south": {"uv": [4, 20], "uv_size": [0.5, 0.5]}
							}
						},
						{
							"origin": [-1.26, 1.1575, -1.1875],
							"size": [0.2375, 0.7, 0.125],
							"uv": {
								"north": {"uv": [20, 4], "uv_size": [0.5, 0.5]},
								"south": {"uv": [5, 20], "uv_size": [0.5, 0.5]}
							}
						},
						{
							"origin": [-1.3225, 1.1575, -1.25],
							"size": [0.0625, 0.7, 0.25],
							"uv": {
								"north": {"uv": [20, 5], "uv_size": [0.5, 0.5]},
								"east": {"uv": [6, 20], "uv_size": [0.5, 0.5]},
								"south": {"uv": [20, 6], "uv_size": [0.5, 0.5]},
								"west": {"uv": [7, 20], "uv_size": [0.5, 0.5]}
							}
						},
						{
							"origin": [-0.99763, 0.71834, -1.25],
							"size": [0.05961, 0.2125, 0.25],
							"pivot": [-0.5875, 0.85, -1.125],
							"rotation": [0, 0, 17.5],
							"uv": {
								"north": {"uv": [20, 7], "uv_size": [0.5, 0.5]},
								"south": {"uv": [8, 20], "uv_size": [0.5, 0.5]},
								"west": {"uv": [20, 8], "uv_size": [0.5, 0.5]}
							}
						},
						{
							"origin": [-0.79786, 0.7075, -1.47679],
							"size": [0.03536, 0.325, 0.07071],
							"pivot": [-0.5875, 0.85, -1.125],
							"rotation": [0, 45, 0],
							"uv": {
								"west": {"uv": [9, 20], "uv_size": [0.5, 0.5]},
								"down": {"uv": [20, 9.5], "uv_size": [0.5, -0.5]}
							}
						},
						{
							"origin": [-0.79786, 0.7075, -0.84393],
							"size": [0.03536, 0.325, 0.07071],
							"pivot": [-0.5875, 0.85, -1.125],
							"rotation": [0, -45, 0],
							"uv": {
								"west": {"uv": [10, 20], "uv_size": [0.5, 0.5]},
								"down": {"uv": [20, 10.5], "uv_size": [0.5, -0.5]}
							}
						},
						{
							"origin": [-0.96, 0.7075, -1.2],
							"size": [0.05, 0.325, 0.15],
							"uv": {
								"west": {"uv": [11, 20], "uv_size": [0.5, 0.5]},
								"down": {"uv": [20, 11.5], "uv_size": [0.5, -0.5]}
							}
						},
						{
							"origin": [-1.0225, 0.7075, -1.25],
							"size": [0.0625, 0.325, 0.25],
							"uv": {
								"north": {"uv": [12, 20], "uv_size": [0.5, 0.5]},
								"east": {"uv": [20, 12], "uv_size": [0.5, 0.5]},
								"south": {"uv": [13, 20], "uv_size": [0.5, 0.5]},
								"down": {"uv": [20, 13.5], "uv_size": [0.5, -0.5]}
							}
						},
						{
							"origin": [-1.2932, 1.05137, -1.25],
							"size": [0.05961, 0.2125, 0.25],
							"pivot": [-0.5875, 0.85, -1.125],
							"rotation": [0, 0, -17.5],
							"uv": {
								"north": {"uv": [14, 20], "uv_size": [0.5, 0.5]},
								"east": {"uv": [20, 14], "uv_size": [0.5, 0.5]},
								"south": {"uv": [15, 20], "uv_size": [0.5, 0.5]}
							}
						},
						{
							"origin": [-1.19561, 0.7075, -0.69367],
							"size": [0.03536, 0.325, 0.07071],
							"pivot": [-0.5875, 0.85, -1.125],
							"rotation": [0, -45, 0],
							"uv": {
								"east": {"uv": [20, 15], "uv_size": [0.5, 0.5]},
								"down": {"uv": [16, 20.5], "uv_size": [0.5, -0.5]}
							}
						},
						{
							"origin": [-1.19561, 0.7075, -1.62705],
							"size": [0.03536, 0.325, 0.07071],
							"pivot": [-0.5875, 0.85, -1.125],
							"rotation": [0, 45, 0],
							"uv": {
								"east": {"uv": [20, 16], "uv_size": [0.5, 0.5]},
								"down": {"uv": [17, 20.5], "uv_size": [0.5, -0.5]}
							}
						},
						{
							"origin": [-1.3725, 0.7075, -1.2],
							"size": [0.05, 0.325, 0.15],
							"uv": {
								"east": {"uv": [20, 17], "uv_size": [0.5, 0.5]},
								"down": {"uv": [18, 20.5], "uv_size": [0.5, -0.5]}
							}
						},
						{
							"origin": [-1.3225, 0.7075, -1.25],
							"size": [0.0625, 0.325, 0.25],
							"uv": {
								"north": {"uv": [20, 18], "uv_size": [0.5, 0.5]},
								"south": {"uv": [19, 20], "uv_size": [0.5, 0.5]},
								"west": {"uv": [20, 19], "uv_size": [0.5, 0.5]},
								"down": {"uv": [20, 20.5], "uv_size": [0.5, -0.5]}
							}
						},
						{
							"origin": [-1.21, 0.96655, -1.00844],
							"size": [0.1375, 0.025, 0.025],
							"pivot": [-0.5875, 0.85, -1.125],
							"rotation": [45, 0, 0],
							"uv": {
								"north": {"uv": [0, 21], "uv_size": [0.5, 0.5]},
								"east": {"uv": [21, 0], "uv_size": [0.5, 0.5]},
								"west": {"uv": [1, 21], "uv_size": [0.5, 0.5]},
								"down": {"uv": [21, 1.5], "uv_size": [0.5, -0.5]}
							}
						},
						{
							"origin": [-1.44197, 0.8289, -1.25],
							"size": [0.05774, 0.165, 0.25],
							"pivot": [-0.5875, 0.85, -1.125],
							"rotation": [0, 0, 22.5],
							"uv": {
								"north": {"uv": [2, 21], "uv_size": [0.5, 0.5]},
								"east": {"uv": [21, 2], "uv_size": [0.5, 0.5]},
								"south": {"uv": [3, 21], "uv_size": [0.5, 0.5]}
							}
						},
						{
							"origin": [-0.81397, 1.25272, -1.25],
							"size": [0.05774, 0.165, 0.25],
							"pivot": [-0.5875, 0.85, -1.125],
							"rotation": [0, 0, -22.5],
							"uv": {
								"north": {"uv": [21, 3], "uv_size": [0.5, 0.5]},
								"south": {"uv": [4, 21], "uv_size": [0.5, 0.5]},
								"west": {"uv": [21, 4], "uv_size": [0.5, 0.5]}
							}
						},
						{
							"origin": [-1.385, 1.0325, -1.25],
							"size": [0.4875, 0.125, 0.25],
							"uv": {
								"north": {"uv": [5, 21], "uv_size": [0.5, 0.5]},
								"east": {"uv": [21, 5], "uv_size": [0.5, 0.5]},
								"south": {"uv": [6, 21], "uv_size": [0.5, 0.5]},
								"west": {"uv": [21, 6], "uv_size": [0.5, 0.5]},
								"up": {"uv": [7, 21], "uv_size": [0.5, 0.5]},
								"down": {"uv": [21, 7.5], "uv_size": [0.5, -0.5]}
							}
						}
					]
				},
				{
					"name": "SI_SidewindderII_i",
					"parent": "scope_body",
					"pivot": [-0.5875, 0.85, -6.375],
					"rotation": [0, 0, -35],
					"cubes": [
						{
							"origin": [-0.97564, -0.44031, -7.025],
							"size": [0.1, 0.1, 0.8],
							"pivot": [-0.0175, 0.02835, 1.625],
							"rotation": [0, 0, 80],
							"uv": {
								"north": {"uv": [8, 21], "uv_size": [0.5, 0.5]},
								"east": {"uv": [1, 12], "uv_size": [1, 0.5]},
								"south": {"uv": [21, 8], "uv_size": [0.5, 0.5]},
								"west": {"uv": [12, 1], "uv_size": [1, 0.5]},
								"up": {"uv": [2, 12], "uv_size": [0.5, 1]},
								"down": {"uv": [12, 3], "uv_size": [0.5, -1]}
							}
						},
						{
							"origin": [-0.98726, -0.21091, -7.025],
							"size": [0.075, 0.075, 0.8],
							"pivot": [-0.0175, 0.02835, 1.625],
							"rotation": [0, 0, 57.5],
							"uv": {
								"north": {"uv": [9, 21], "uv_size": [0.5, 0.5]},
								"east": {"uv": [3, 12], "uv_size": [1, 0.5]},
								"south": {"uv": [21, 9], "uv_size": [0.5, 0.5]},
								"west": {"uv": [12, 3], "uv_size": [1, 0.5]},
								"up": {"uv": [4, 12], "uv_size": [0.5, 1]},
								"down": {"uv": [12, 5], "uv_size": [0.5, -1]}
							}
						},
						{
							"origin": [-1.3225, 0.62, -6.75],
							"size": [0.5625, 0.075, 0.25],
							"uv": {
								"north": {"uv": [10, 21], "uv_size": [0.5, 0.5]},
								"east": {"uv": [21, 10], "uv_size": [0.5, 0.5]},
								"south": {"uv": [11, 21], "uv_size": [0.5, 0.5]},
								"west": {"uv": [21, 11], "uv_size": [0.5, 0.5]},
								"up": {"uv": [12, 21], "uv_size": [0.5, 0.5]},
								"down": {"uv": [21, 12.5], "uv_size": [0.5, -0.5]}
							}
						},
						{
							"origin": [-1.385, 0.62, -6.6875],
							"size": [0.0625, 0.075, 0.125],
							"uv": {
								"north": {"uv": [13, 21], "uv_size": [0.5, 0.5]},
								"east": {"uv": [21, 13], "uv_size": [0.5, 0.5]},
								"south": {"uv": [14, 21], "uv_size": [0.5, 0.5]},
								"west": {"uv": [21, 14], "uv_size": [0.5, 0.5]},
								"up": {"uv": [15, 21], "uv_size": [0.5, 0.5]},
								"down": {"uv": [21, 15.5], "uv_size": [0.5, -0.5]}
							}
						},
						{
							"origin": [4.45863, 0.62, -4.669],
							"size": [0.04419, 0.075, 0.08839],
							"pivot": [-0.74884, -0.16415, 1.43813],
							"rotation": [0, 45, 0],
							"uv": {
								"north": {"uv": [16, 21], "uv_size": [0.5, 0.5]},
								"east": {"uv": [21, 16], "uv_size": [0.5, 0.5]},
								"south": {"uv": [17, 21], "uv_size": [0.5, 0.5]},
								"west": {"uv": [21, 17], "uv_size": [0.5, 0.5]},
								"up": {"uv": [18, 21], "uv_size": [0.5, 0.5]},
								"down": {"uv": [21, 18.5], "uv_size": [0.5, -0.5]}
							}
						},
						{
							"origin": [-6.94435, 0.62, -3.94612],
							"size": [0.04419, 0.075, 0.08839],
							"pivot": [-0.74884, -0.16415, 1.43813],
							"rotation": [0, -45, 0],
							"uv": {
								"north": {"uv": [19, 21], "uv_size": [0.5, 0.5]},
								"east": {"uv": [21, 19], "uv_size": [0.5, 0.5]},
								"south": {"uv": [20, 21], "uv_size": [0.5, 0.5]},
								"west": {"uv": [21, 20], "uv_size": [0.5, 0.5]},
								"up": {"uv": [21, 21], "uv_size": [0.5, 0.5]},
								"down": {"uv": [0, 22.5], "uv_size": [0.5, -0.5]}
							}
						},
						{
							"origin": [-1.2475, 0.695, -6.75],
							"size": [0.2125, 0.2625, 0.25],
							"uv": {
								"north": {"uv": [22, 0], "uv_size": [0.5, 0.5]},
								"east": {"uv": [1, 22], "uv_size": [0.5, 0.5]},
								"south": {"uv": [22, 1], "uv_size": [0.5, 0.5]},
								"west": {"uv": [2, 22], "uv_size": [0.5, 0.5]},
								"up": {"uv": [22, 2], "uv_size": [0.5, 0.5]},
								"down": {"uv": [3, 22.5], "uv_size": [0.5, -0.5]}
							}
						},
						{
							"origin": [-1.2475, 0.9575, -6.6875],
							"size": [0.2125, 0.0625, 0.125],
							"uv": {
								"north": {"uv": [22, 3], "uv_size": [0.5, 0.5]},
								"east": {"uv": [4, 22], "uv_size": [0.5, 0.5]},
								"south": {"uv": [22, 4], "uv_size": [0.5, 0.5]},
								"west": {"uv": [5, 22], "uv_size": [0.5, 0.5]},
								"up": {"uv": [22, 5], "uv_size": [0.5, 0.5]},
								"down": {"uv": [6, 22.5], "uv_size": [0.5, -0.5]}
							}
						},
						{
							"origin": [-1.2475, -4.91611, -4.93886],
							"size": [0.2125, 0.04419, 0.08839],
							"pivot": [-0.0175, 0.03395, 1.36149],
							"rotation": [-45, 0, 0],
							"uv": {
								"north": {"uv": [22, 6], "uv_size": [0.5, 0.5]},
								"east": {"uv": [7, 22], "uv_size": [0.5, 0.5]},
								"south": {"uv": [22, 7], "uv_size": [0.5, 0.5]},
								"west": {"uv": [8, 22], "uv_size": [0.5, 0.5]},
								"up": {"uv": [22, 8], "uv_size": [0.5, 0.5]},
								"down": {"uv": [9, 22.5], "uv_size": [0.5, -0.5]}
							}
						},
						{
							"origin": [-1.2475, 6.37849, -3.72115],
							"size": [0.2125, 0.04419, 0.08839],
							"pivot": [-0.0175, 0.03395, 1.36149],
							"rotation": [45, 0, 0],
							"uv": {
								"north": {"uv": [22, 9], "uv_size": [0.5, 0.5]},
								"east": {"uv": [10, 22], "uv_size": [0.5, 0.5]},
								"south": {"uv": [22, 10], "uv_size": [0.5, 0.5]},
								"west": {"uv": [11, 22], "uv_size": [0.5, 0.5]},
								"up": {"uv": [22, 11], "uv_size": [0.5, 0.5]},
								"down": {"uv": [12, 22.5], "uv_size": [0.5, -0.5]}
							}
						}
					]
				},
				{
					"name": "SI_SidewindderII_j",
					"parent": "SI_SidewindderII_i",
					"pivot": [-1.1475, 0.87, -6.625],
					"cubes": [
						{
							"origin": [-1.3975, 0.8325, -6.6625],
							"size": [0.5, 0.075, 0.075],
							"pivot": [-1.1475, 0.87, -6.625],
							"rotation": [45, 0, 0],
							"uv": {
								"north": {"uv": [22, 12], "uv_size": [0.5, 0.5]},
								"east": {"uv": [13, 22], "uv_size": [0.5, 0.5]},
								"south": {"uv": [22, 13], "uv_size": [0.5, 0.5]},
								"west": {"uv": [14, 22], "uv_size": [0.5, 0.5]},
								"up": {"uv": [22, 14], "uv_size": [0.5, 0.5]},
								"down": {"uv": [15, 22.5], "uv_size": [0.5, -0.5]}
							}
						},
						{
							"origin": [-0.76075, 1.72594, -6.75],
							"size": [0.0125, 0.0175, 0.25],
							"pivot": [-1.1475, 0.87, -6.625],
							"rotation": [0, 0, -35],
							"uv": {
								"north": {"uv": [22, 15], "uv_size": [0.5, 0.5]},
								"east": {"uv": [16, 22], "uv_size": [0.5, 0.5]},
								"south": {"uv": [22, 16], "uv_size": [0.5, 0.5]}
							}
						},
						{
							"origin": [-0.76075, 1.74344, -6.75],
							"size": [0.0875, 0.4, 0.25],
							"pivot": [-1.1475, 0.87, -6.625],
							"rotation": [0, 0, -35],
							"uv": {
								"north": {"uv": [17, 22], "uv_size": [0.5, 0.5]},
								"east": {"uv": [22, 17], "uv_size": [0.5, 0.5]},
								"south": {"uv": [18, 22], "uv_size": [0.5, 0.5]},
								"west": {"uv": [22, 18], "uv_size": [0.5, 0.5]}
							}
						},
						{
							"origin": [-1.66978, 2.0941, -6.75],
							"size": [0.125, 0.75, 0.25],
							"pivot": [-1.1475, 0.87, -6.625],
							"rotation": [0, 0, 5],
							"uv": {
								"north": {"uv": [5, 12], "uv_size": [0.5, 1]},
								"east": {"uv": [12, 5], "uv_size": [0.5, 1]},
								"south": {"uv": [6, 12], "uv_size": [0.5, 1]},
								"west": {"uv": [12, 6], "uv_size": [0.5, 1]},
								"up": {"uv": [19, 22], "uv_size": [0.5, 0.5]}
							}
						},
						{
							"origin": [-1.55728, 2.0816, -6.75],
							"size": [0.0125, 0.0125, 0.25],
							"pivot": [-1.1475, 0.87, -6.625],
							"rotation": [0, 0, 5],
							"uv": {
								"north": {"uv": [22, 19], "uv_size": [0.5, 0.5]},
								"south": {"uv": [20, 22], "uv_size": [0.5, 0.5]},
								"west": {"uv": [22, 20], "uv_size": [0.5, 0.5]}
							}
						},
						{
							"origin": [-0.73776, 2.09302, -6.75],
							"size": [0.125, 0.75, 0.25],
							"pivot": [-1.1475, 0.87, -6.625],
							"rotation": [0, 0, -5],
							"uv": {
								"north": {"uv": [7, 12], "uv_size": [0.5, 1]},
								"east": {"uv": [12, 7], "uv_size": [0.5, 1]},
								"south": {"uv": [8, 12], "uv_size": [0.5, 1]},
								"west": {"uv": [12, 8], "uv_size": [0.5, 1]},
								"up": {"uv": [21, 22], "uv_size": [0.5, 0.5]}
							}
						},
						{
							"origin": [-0.73776, 2.08052, -6.75],
							"size": [0.0125, 0.0125, 0.25],
							"pivot": [-1.1475, 0.87, -6.625],
							"rotation": [0, 0, -5],
							"uv": {
								"north": {"uv": [22, 21], "uv_size": [0.5, 0.5]},
								"east": {"uv": [22, 22], "uv_size": [0.5, 0.5]},
								"south": {"uv": [0, 23], "uv_size": [0.5, 0.5]}
							}
						},
						{
							"origin": [-1.53651, 1.73311, -6.75],
							"size": [0.0125, 0.0175, 0.25],
							"pivot": [-1.1475, 0.87, -6.625],
							"rotation": [0, 0, 35],
							"uv": {
								"north": {"uv": [23, 0], "uv_size": [0.5, 0.5]},
								"south": {"uv": [1, 23], "uv_size": [0.5, 0.5]},
								"west": {"uv": [23, 1], "uv_size": [0.5, 0.5]}
							}
						},
						{
							"origin": [-1.61151, 1.75061, -6.75],
							"size": [0.0875, 0.4, 0.25],
							"pivot": [-1.1475, 0.87, -6.625],
							"rotation": [0, 0, 35],
							"uv": {
								"north": {"uv": [2, 23], "uv_size": [0.5, 0.5]},
								"east": {"uv": [23, 2], "uv_size": [0.5, 0.5]},
								"south": {"uv": [3, 23], "uv_size": [0.5, 0.5]},
								"west": {"uv": [23, 3], "uv_size": [0.5, 0.5]}
							}
						},
						{
							"origin": [-1.30375, 2.1325, -6.79009],
							"size": [0.325, 0.1, 0.325],
							"uv": {
								"north": {"uv": [4, 23], "uv_size": [0.5, 0.5]},
								"east": {"uv": [23, 4], "uv_size": [0.5, 0.5]},
								"south": {"uv": [5, 23], "uv_size": [0.5, 0.5]},
								"west": {"uv": [23, 5], "uv_size": [0.5, 0.5]},
								"up": {"uv": [6, 23], "uv_size": [0.5, 0.5]},
								"down": {"uv": [23, 6.5], "uv_size": [0.5, -0.5]}
							}
						},
						{
							"origin": [-1.3074, 2.1325, -6.79376],
							"size": [0.325, 0.1, 0.325],
							"pivot": [-1.1475, 0.87, -6.625],
							"rotation": [0, -45, 0],
							"uv": {
								"north": {"uv": [7, 23], "uv_size": [0.5, 0.5]},
								"east": {"uv": [23, 7], "uv_size": [0.5, 0.5]},
								"south": {"uv": [8, 23], "uv_size": [0.5, 0.5]},
								"west": {"uv": [23, 8], "uv_size": [0.5, 0.5]},
								"up": {"uv": [9, 23], "uv_size": [0.5, 0.5]},
								"down": {"uv": [23, 9.5], "uv_size": [0.5, -0.5]}
							}
						},
						{
							"origin": [-1.1824, 2.07, -6.66876],
							"size": [0.075, 0.45, 0.075],
							"pivot": [-1.1475, 0.87, -6.625],
							"rotation": [0, -45, 0],
							"uv": {
								"north": {"uv": [10, 23], "uv_size": [0.5, 0.5]},
								"east": {"uv": [23, 10], "uv_size": [0.5, 0.5]},
								"south": {"uv": [11, 23], "uv_size": [0.5, 0.5]},
								"west": {"uv": [23, 11], "uv_size": [0.5, 0.5]},
								"up": {"uv": [12, 23], "uv_size": [0.5, 0.5]}
							}
						},
						{
							"origin": [-1.4225, 2.4075, -6.6875],
							"size": [0.5625, 0.0875, 0.125],
							"uv": {
								"north": {"uv": [23, 12], "uv_size": [0.5, 0.5]},
								"south": {"uv": [13, 23], "uv_size": [0.5, 0.5]},
								"up": {"uv": [23, 13], "uv_size": [0.5, 0.5]},
								"down": {"uv": [14, 23.5], "uv_size": [0.5, -0.5]}
							}
						},
						{
							"origin": [-1.4225, 2.2825, -6.75],
							"size": [0.5625, 0.075, 0.25],
							"uv": {
								"north": {"uv": [23, 14], "uv_size": [0.5, 0.5]},
								"south": {"uv": [15, 23], "uv_size": [0.5, 0.5]},
								"up": {"uv": [23, 15], "uv_size": [0.5, 0.5]},
								"down": {"uv": [16, 23.5], "uv_size": [0.5, -0.5]}
							}
						},
						{
							"origin": [-1.4371, 1.9825, -6.6875],
							"size": [0.59169, 0.0875, 0.125],
							"uv": {
								"north": {"uv": [23, 16], "uv_size": [0.5, 0.5]},
								"south": {"uv": [17, 23], "uv_size": [0.5, 0.5]},
								"up": {"uv": [23, 17], "uv_size": [0.5, 0.5]}
							}
						},
						{
							"origin": [-1.3475, 1.8575, -6.6875],
							"size": [0.4125, 0.125, 0.125],
							"uv": {
								"north": {"uv": [18, 23], "uv_size": [0.5, 0.5]},
								"south": {"uv": [23, 18], "uv_size": [0.5, 0.5]}
							}
						},
						{
							"origin": [-1.26, 1.1575, -6.6875],
							"size": [0.2375, 0.7, 0.125],
							"uv": {
								"north": {"uv": [19, 23], "uv_size": [0.5, 0.5]},
								"south": {"uv": [23, 19], "uv_size": [0.5, 0.5]}
							}
						},
						{
							"origin": [-1.0225, 1.1575, -6.75],
							"size": [0.0625, 0.7, 0.25],
							"uv": {
								"north": {"uv": [20, 23], "uv_size": [0.5, 0.5]},
								"east": {"uv": [23, 20], "uv_size": [0.5, 0.5]},
								"south": {"uv": [21, 23], "uv_size": [0.5, 0.5]},
								"west": {"uv": [23, 21], "uv_size": [0.5, 0.5]}
							}
						},
						{
							"origin": [-1.3225, 1.1575, -6.75],
							"size": [0.0625, 0.7, 0.25],
							"uv": {
								"north": {"uv": [22, 23], "uv_size": [0.5, 0.5]},
								"east": {"uv": [23, 22], "uv_size": [0.5, 0.5]},
								"south": {"uv": [23, 23], "uv_size": [0.5, 0.5]},
								"west": {"uv": [0, 24], "uv_size": [0.5, 0.5]}
							}
						},
						{
							"origin": [-1.01754, 0.88766, -6.75],
							"size": [0.05961, 0.2125, 0.25],
							"pivot": [-1.1475, 0.87, -6.625],
							"rotation": [0, 0, 17.5],
							"uv": {
								"north": {"uv": [24, 0], "uv_size": [0.5, 0.5]},
								"south": {"uv": [1, 24], "uv_size": [0.5, 0.5]},
								"west": {"uv": [24, 1], "uv_size": [0.5, 0.5]}
							}
						},
						{
							"origin": [-0.96188, 0.7075, -6.5808],
							"size": [0.03536, 0.325, 0.07071],
							"pivot": [-1.1475, 0.87, -6.625],
							"rotation": [0, 45, 0],
							"uv": {
								"west": {"uv": [2, 24], "uv_size": [0.5, 0.5]},
								"down": {"uv": [24, 2.5], "uv_size": [0.5, -0.5]}
							}
						},
						{
							"origin": [-0.96188, 0.7075, -6.73991],
							"size": [0.03536, 0.325, 0.07071],
							"pivot": [-1.1475, 0.87, -6.625],
							"rotation": [0, -45, 0],
							"uv": {
								"west": {"uv": [3, 24], "uv_size": [0.5, 0.5]},
								"down": {"uv": [24, 3.5], "uv_size": [0.5, -0.5]}
							}
						},
						{
							"origin": [-0.96, 0.7075, -6.7],
							"size": [0.05, 0.325, 0.15],
							"uv": {
								"west": {"uv": [4, 24], "uv_size": [0.5, 0.5]},
								"down": {"uv": [24, 4.5], "uv_size": [0.5, -0.5]}
							}
						},
						{
							"origin": [-1.0225, 0.7075, -6.75],
							"size": [0.0625, 0.325, 0.25],
							"uv": {
								"north": {"uv": [5, 24], "uv_size": [0.5, 0.5]},
								"east": {"uv": [24, 5], "uv_size": [0.5, 0.5]},
								"south": {"uv": [6, 24], "uv_size": [0.5, 0.5]},
								"down": {"uv": [24, 6.5], "uv_size": [0.5, -0.5]}
							}
						},
						{
							"origin": [-1.32514, 0.8839, -6.75],
							"size": [0.05961, 0.2125, 0.25],
							"pivot": [-1.1475, 0.87, -6.625],
							"rotation": [0, 0, -17.5],
							"uv": {
								"north": {"uv": [7, 24], "uv_size": [0.5, 0.5]},
								"east": {"uv": [24, 7], "uv_size": [0.5, 0.5]},
								"south": {"uv": [8, 24], "uv_size": [0.5, 0.5]}
							}
						},
						{
							"origin": [-1.35962, 0.7075, -6.58965],
							"size": [0.03536, 0.325, 0.07071],
							"pivot": [-1.1475, 0.87, -6.625],
							"rotation": [0, -45, 0],
							"uv": {
								"east": {"uv": [24, 8], "uv_size": [0.5, 0.5]},
								"down": {"uv": [9, 24.5], "uv_size": [0.5, -0.5]}
							}
						},
						{
							"origin": [-1.35962, 0.7075, -6.73106],
							"size": [0.03536, 0.325, 0.07071],
							"pivot": [-1.1475, 0.87, -6.625],
							"rotation": [0, 45, 0],
							"uv": {
								"east": {"uv": [24, 9], "uv_size": [0.5, 0.5]},
								"down": {"uv": [10, 24.5], "uv_size": [0.5, -0.5]}
							}
						},
						{
							"origin": [-1.3725, 0.7075, -6.7],
							"size": [0.05, 0.325, 0.15],
							"uv": {
								"east": {"uv": [24, 10], "uv_size": [0.5, 0.5]},
								"down": {"uv": [11, 24.5], "uv_size": [0.5, -0.5]}
							}
						},
						{
							"origin": [-1.3225, 0.7075, -6.75],
							"size": [0.0625, 0.325, 0.25],
							"uv": {
								"north": {"uv": [24, 11], "uv_size": [0.5, 0.5]},
								"south": {"uv": [12, 24], "uv_size": [0.5, 0.5]},
								"west": {"uv": [24, 12], "uv_size": [0.5, 0.5]},
								"down": {"uv": [13, 24.5], "uv_size": [0.5, -0.5]}
							}
						},
						{
							"origin": [-1.21, 0.9724, -6.5226],
							"size": [0.1375, 0.025, 0.025],
							"pivot": [-1.1475, 0.87, -6.625],
							"rotation": [45, 0, 0],
							"uv": {
								"north": {"uv": [24, 13], "uv_size": [0.5, 0.5]},
								"east": {"uv": [14, 24], "uv_size": [0.5, 0.5]},
								"west": {"uv": [24, 14], "uv_size": [0.5, 0.5]},
								"down": {"uv": [15, 24.5], "uv_size": [0.5, -0.5]}
							}
						},
						{
							"origin": [-1.47694, 1.04473, -6.75],
							"size": [0.05774, 0.165, 0.25],
							"pivot": [-1.1475, 0.87, -6.625],
							"rotation": [0, 0, 22.5],
							"uv": {
								"north": {"uv": [24, 15], "uv_size": [0.5, 0.5]},
								"east": {"uv": [16, 24], "uv_size": [0.5, 0.5]},
								"south": {"uv": [24, 16], "uv_size": [0.5, 0.5]}
							}
						},
						{
							"origin": [-0.86426, 1.03995, -6.75],
							"size": [0.05774, 0.165, 0.25],
							"pivot": [-1.1475, 0.87, -6.625],
							"rotation": [0, 0, -22.5],
							"uv": {
								"north": {"uv": [17, 24], "uv_size": [0.5, 0.5]},
								"south": {"uv": [24, 17], "uv_size": [0.5, 0.5]},
								"west": {"uv": [18, 24], "uv_size": [0.5, 0.5]}
							}
						},
						{
							"origin": [-1.385, 1.0325, -6.75],
							"size": [0.4875, 0.125, 0.25],
							"uv": {
								"north": {"uv": [24, 18], "uv_size": [0.5, 0.5]},
								"east": {"uv": [19, 24], "uv_size": [0.5, 0.5]},
								"south": {"uv": [24, 19], "uv_size": [0.5, 0.5]},
								"west": {"uv": [20, 24], "uv_size": [0.5, 0.5]},
								"up": {"uv": [24, 20], "uv_size": [0.5, 0.5]},
								"down": {"uv": [21, 24.5], "uv_size": [0.5, -0.5]}
							}
						}
					]
				},
				{
					"name": "SI_SidewindderII_j_illuminated",
					"parent": "SI_SidewindderII_j",
					"pivot": [-0.60875, 0.04835, 1.375],
					"cubes": [
						{
							"origin": [-1.1699, 2.52, -6.65626],
							"size": [0.05, 0.1625, 0.05],
							"pivot": [-1.1475, 0.87, -6.625],
							"rotation": [0, -45, 0],
							"uv": {
								"north": {"uv": [24, 21], "uv_size": [0.5, 0.5]},
								"east": {"uv": [22, 24], "uv_size": [0.5, 0.5]},
								"south": {"uv": [24, 22], "uv_size": [0.5, 0.5]},
								"west": {"uv": [23, 24], "uv_size": [0.5, 0.5]},
								"up": {"uv": [24, 23], "uv_size": [0.5, 0.5]}
							}
						}
					]
				}
			]
		}
	]
}