{
  "model": "classicr:gun/mauser_c96_geo",
  "texture": "classicr:gun/uv/mauser_c96",
  "lod": {
    "model": "classicr:gun/lod/mauser_c96",
    "texture": "classicr:gun/lod/mauser_c96"
  },
  "hud": "classicr:gun/hud/mauser_c96_hud",
  "slot": "classicr:gun/slot/mauser_c96_slot",
  "animation": "classicr:mauser_c96",
  "state_machine": "tacz:hk416d_state_machine",
  "use_default_animation": "pistol",
  "player_animator_3rd": "tacz:pistol_default.player_animation",
  "transform": {
    "scale": {
      "thirdperson": [0.6, 0.6, 0.6],
      "ground": [0.6, 0.6, 0.6],
      "fixed": [1.2, 1.2, 1.2]
    }
  },
  "shell": {
    "initial_velocity": [8.0, 5.0, -0.5],
    "random_velocity": [2.5, 1.5, 0.25],
    "acceleration": [0.0, -20, 0.0],
    "angular_velocity": [360, -720, 90],
    "living_time": 1.0
  },
  "muzzle_flash": {
    "texture": "tacz:flash/common_muzzle_flash",
    "scale": 0.4
  },
  "sounds": {
    "draw": "tacz:m1911/m1911_draw",
    "put_away": "tacz:m1911/m1911_put_away",
    "shoot": "classicr:mauser_c96/c96_shoot",
    "shoot_3p": "tacz:m1911/m1911_shoot_3p",
    "silence": "classicr:mauser_c96/c96_silence",
    "silence_3p": "tacz:m1911/m1911_silence_3p",
    "fire_select": "tacz:fire_select",
    "head_hit": "classicr:head_hit",
    "flesh_hit": "classicr:flesh_hit",
    "kill": "classicr:kill"
  },
  "offhand_show": {
    "pos": [4, 13, -1],
    "rotate": [-90, -35, 90],
    "scale": [0.5, 0.5, 0.5]
  },
  "hotbar_show": {
    "0": {
      "pos": [-5, 13, -1],
      "rotate": [-90, -35, 90],
      "scale": [0.5, 0.5, 0.5]
    }
  }
}