{
	"format_version": "1.12.0",
	"minecraft:geometry": [
		{
			"description": {
				"identifier": "geometry.muzzle_tf_1012",
				"texture_width": 32,
				"texture_height": 32,
				"visible_bounds_width": 3,
				"visible_bounds_height": 2.5,
				"visible_bounds_offset": [0, 0.75, 0]
			},
			"bones": [
				{
					"name": "TacFire_MZ1012",
					"pivot": [0, 0, -1.875],
					"cubes": [
						{
							"origin": [-0.1206, -0.45, -0.75],
							"size": [0.2412, 0.9, 0.75],
							"pivot": [0, 0, -0.375],
							"rotation": [0, 0, -15],
							"uv": {
								"north": {"uv": [8, 0], "uv_size": [0.5, 1]},
								"south": {"uv": [4, 8], "uv_size": [0.5, 1]},
								"up": {"uv": [8, 4], "uv_size": [0.5, 1]},
								"down": {"uv": [5, 9], "uv_size": [0.5, -1]}
							}
						},
						{
							"origin": [-0.1206, -0.45, -0.75],
							"size": [0.2412, 0.9, 0.75],
							"pivot": [0, 0, -0.375],
							"rotation": [0, 0, -45],
							"uv": {
								"north": {"uv": [8, 5], "uv_size": [0.5, 1]},
								"south": {"uv": [8, 7], "uv_size": [0.5, 1]},
								"up": {"uv": [8, 8], "uv_size": [0.5, 1]},
								"down": {"uv": [0, 10], "uv_size": [0.5, -1]}
							}
						},
						{
							"origin": [-0.1206, -0.45, -0.75],
							"size": [0.2412, 0.9, 0.75],
							"pivot": [0, 0, -0.375],
							"rotation": [0, 0, -75],
							"uv": {
								"north": {"uv": [9, 0], "uv_size": [0.5, 1]},
								"south": {"uv": [9, 1], "uv_size": [0.5, 1]},
								"up": {"uv": [9, 2], "uv_size": [0.5, 1]},
								"down": {"uv": [3, 10], "uv_size": [0.5, -1]}
							}
						},
						{
							"origin": [-0.1206, -0.45, -0.75],
							"size": [0.2412, 0.9, 0.75],
							"pivot": [0, 0, -0.375],
							"rotation": [0, 0, 75],
							"uv": {
								"north": {"uv": [9, 3], "uv_size": [0.5, 1]},
								"south": {"uv": [4, 9], "uv_size": [0.5, 1]},
								"up": {"uv": [9, 4], "uv_size": [0.5, 1]},
								"down": {"uv": [5, 10], "uv_size": [0.5, -1]}
							}
						},
						{
							"origin": [-0.1206, -0.45, -0.75],
							"size": [0.2412, 0.9, 0.75],
							"pivot": [0, 0, -0.375],
							"rotation": [0, 0, 45],
							"uv": {
								"north": {"uv": [9, 5], "uv_size": [0.5, 1]},
								"south": {"uv": [6, 9], "uv_size": [0.5, 1]},
								"up": {"uv": [9, 6], "uv_size": [0.5, 1]},
								"down": {"uv": [7, 10], "uv_size": [0.5, -1]}
							}
						},
						{
							"origin": [-0.1206, -0.45, -0.75],
							"size": [0.2412, 0.9, 0.75],
							"pivot": [0, 0, -0.375],
							"rotation": [0, 0, 15],
							"uv": {
								"north": {"uv": [9, 7], "uv_size": [0.5, 1]},
								"south": {"uv": [8, 9], "uv_size": [0.5, 1]},
								"up": {"uv": [9, 8], "uv_size": [0.5, 1]},
								"down": {"uv": [9, 10], "uv_size": [0.5, -1]}
							}
						},
						{
							"origin": [-0.3, 0.39461, -1],
							"size": [0.6, 0.125, 0.25],
							"pivot": [0, 0, -1.875],
							"rotation": [0, 0, -60],
							"uv": {
								"south": {"uv": [3, 10], "uv_size": [0.5, 0.5]},
								"up": {"uv": [10, 3], "uv_size": [0.5, 0.5]},
								"down": {"uv": [4, 10.5], "uv_size": [0.5, -0.5]}
							}
						},
						{
							"origin": [0.275, 0.39461, -1.125],
							"size": [0.025, 0.125, 0.125],
							"pivot": [0, 0, -1.875],
							"rotation": [0, 0, -60],
							"uv": {
								"north": {"uv": [10, 4], "uv_size": [0.5, 0.5]},
								"up": {"uv": [5, 10], "uv_size": [0.5, 0.5]},
								"down": {"uv": [10, 5.5], "uv_size": [0.5, -0.5]}
							}
						},
						{
							"origin": [-0.6, -0.125, -1],
							"size": [0.58843, 0.125, 0.12215],
							"pivot": [-0.6, 0, -1],
							"rotation": [0, 12.26477, -60],
							"uv": {
								"north": {"uv": [6, 10], "uv_size": [0.5, 0.5]},
								"up": {"uv": [10, 6], "uv_size": [0.5, 0.5]},
								"down": {"uv": [7, 10.5], "uv_size": [0.5, -0.5]}
							}
						},
						{
							"origin": [-0.3162, 0.39462, -1.1875],
							"size": [0.1287, 0.125, 0.05463],
							"pivot": [-0.1875, 0.51961, -1.1875],
							"rotation": [0, 29.0546, 0],
							"uv": {
								"north": {"uv": [10, 7], "uv_size": [0.5, 0.5]},
								"up": {"uv": [8, 10], "uv_size": [0.5, 0.5]},
								"down": {"uv": [10, 8.5], "uv_size": [0.5, -0.5]}
							}
						},
						{
							"origin": [-0.3162, 0.39462, -1.7875],
							"size": [0.1287, 0.125, 0.05463],
							"pivot": [-0.1875, 0.51961, -1.7875],
							"rotation": [0, 29.0546, 0],
							"uv": {
								"north": {"uv": [9, 10], "uv_size": [0.5, 0.5]},
								"up": {"uv": [10, 9], "uv_size": [0.5, 0.5]},
								"down": {"uv": [10, 10.5], "uv_size": [0.5, -0.5]}
							}
						},
						{
							"origin": [-0.1875, 0.39461, -1.43906],
							"size": [0.10062, 0.125, 0.25156],
							"pivot": [-0.1875, 0.51962, -1.1875],
							"rotation": [0, 26.56505, 0],
							"uv": {
								"east": {"uv": [0, 11], "uv_size": [0.5, 0.5]},
								"up": {"uv": [11, 0], "uv_size": [0.5, 0.5]},
								"down": {"uv": [1, 11.5], "uv_size": [0.5, -0.5]}
							}
						},
						{
							"origin": [0.275, 0.39462, -1.725],
							"size": [0.025, 0.125, 0.3125],
							"pivot": [0, 0, -2.475],
							"rotation": [0, 0, -60],
							"uv": {
								"north": {"uv": [11, 1], "uv_size": [0.5, 0.5]},
								"up": {"uv": [2, 11], "uv_size": [0.5, 0.5]},
								"down": {"uv": [11, 2.5], "uv_size": [0.5, -0.5]}
							}
						},
						{
							"origin": [-0.6, -0.125, -1.6],
							"size": [0.58843, 0.125, 0.1],
							"pivot": [-0.6, 0, -1.6],
							"rotation": [0, 12.26477, -60],
							"uv": {
								"north": {"uv": [3, 11], "uv_size": [0.5, 0.5]},
								"up": {"uv": [11, 3], "uv_size": [0.5, 0.5]},
								"down": {"uv": [4, 11.5], "uv_size": [0.5, -0.5]}
							}
						},
						{
							"origin": [-0.60047, -0.12582, -1.38471],
							"size": [0.58843, 0.125, 0.1],
							"pivot": [-0.60047, -0.00082, -1.40686],
							"rotation": [0, 12.26477, -60],
							"uv": {
								"east": {"uv": [11, 4], "uv_size": [0.5, 0.5]},
								"south": {"uv": [5, 11], "uv_size": [0.5, 0.5]},
								"up": {"uv": [11, 5], "uv_size": [0.5, 0.5]},
								"down": {"uv": [6, 11.5], "uv_size": [0.5, -0.5]}
							}
						},
						{
							"origin": [-0.0125, -0.02835, -1.6],
							"size": [0.025, 0.05, 0.3125],
							"pivot": [-0.2875, -0.49796, -2.35],
							"rotation": [0, 0, -60],
							"uv": {
								"south": {"uv": [11, 6], "uv_size": [0.5, 0.5]},
								"up": {"uv": [7, 11], "uv_size": [0.5, 0.5]},
								"down": {"uv": [11, 7.5], "uv_size": [0.5, -0.5]}
							}
						},
						{
							"origin": [-0.7166, 0.20089, -1.571],
							"size": [0.5868, 0.125, 0.11068],
							"pivot": [-0.38298, 0.27589, -1.47725],
							"rotation": [0, 12.2648, -60],
							"uv": {
								"up": {"uv": [8, 11], "uv_size": [0.5, 0.5]},
								"down": {"uv": [11, 8.5], "uv_size": [0.5, -0.5]}
							}
						},
						{
							"origin": [-0.3162, 0.39462, -2.3875],
							"size": [0.1287, 0.125, 0.05463],
							"pivot": [-0.1875, 0.51961, -2.3875],
							"rotation": [0, 29.0546, 0],
							"uv": {
								"north": {"uv": [9, 11], "uv_size": [0.5, 0.5]},
								"up": {"uv": [11, 9], "uv_size": [0.5, 0.5]},
								"down": {"uv": [10, 11.5], "uv_size": [0.5, -0.5]}
							}
						},
						{
							"origin": [-0.1875, 0.39461, -2.03906],
							"size": [0.10062, 0.125, 0.25156],
							"pivot": [-0.1875, 0.51962, -1.7875],
							"rotation": [0, 26.56505, 0],
							"uv": {
								"east": {"uv": [11, 10], "uv_size": [0.5, 0.5]},
								"up": {"uv": [11, 11], "uv_size": [0.5, 0.5]},
								"down": {"uv": [0, 12.5], "uv_size": [0.5, -0.5]}
							}
						},
						{
							"origin": [0.275, 0.39462, -2.325],
							"size": [0.025, 0.125, 0.3125],
							"pivot": [0, 0, -3.075],
							"rotation": [0, 0, -60],
							"uv": {
								"north": {"uv": [12, 0], "uv_size": [0.5, 0.5]},
								"up": {"uv": [1, 12], "uv_size": [0.5, 0.5]},
								"down": {"uv": [12, 1.5], "uv_size": [0.5, -0.5]}
							}
						},
						{
							"origin": [-0.6, -0.125, -2.2],
							"size": [0.58843, 0.125, 0.1],
							"pivot": [-0.6, 0, -2.2],
							"rotation": [0, 12.26477, -60],
							"uv": {
								"north": {"uv": [2, 12], "uv_size": [0.5, 0.5]},
								"up": {"uv": [12, 2], "uv_size": [0.5, 0.5]},
								"down": {"uv": [3, 12.5], "uv_size": [0.5, -0.5]}
							}
						},
						{
							"origin": [-0.60047, -0.12582, -1.98471],
							"size": [0.58843, 0.125, 0.1],
							"pivot": [-0.60047, -0.00082, -2.00686],
							"rotation": [0, 12.26477, -60],
							"uv": {
								"east": {"uv": [12, 3], "uv_size": [0.5, 0.5]},
								"south": {"uv": [4, 12], "uv_size": [0.5, 0.5]},
								"up": {"uv": [12, 4], "uv_size": [0.5, 0.5]},
								"down": {"uv": [5, 12.5], "uv_size": [0.5, -0.5]}
							}
						},
						{
							"origin": [-0.0125, -0.02835, -2.2],
							"size": [0.025, 0.05, 0.3125],
							"pivot": [-0.2875, -0.49796, -2.95],
							"rotation": [0, 0, -60],
							"uv": {
								"south": {"uv": [12, 5], "uv_size": [0.5, 0.5]},
								"up": {"uv": [6, 12], "uv_size": [0.5, 0.5]},
								"down": {"uv": [12, 6.5], "uv_size": [0.5, -0.5]}
							}
						},
						{
							"origin": [-0.7166, 0.20089, -2.171],
							"size": [0.5868, 0.125, 0.11068],
							"pivot": [-0.38298, 0.27589, -2.07725],
							"rotation": [0, 12.2648, -60],
							"uv": {
								"up": {"uv": [7, 12], "uv_size": [0.5, 0.5]},
								"down": {"uv": [12, 7.5], "uv_size": [0.5, -0.5]}
							}
						},
						{
							"origin": [-0.1875, 0.39461, -2.63906],
							"size": [0.10062, 0.125, 0.25156],
							"pivot": [-0.1875, 0.51962, -2.3875],
							"rotation": [0, 26.56505, 0],
							"uv": {
								"east": {"uv": [8, 12], "uv_size": [0.5, 0.5]},
								"up": {"uv": [12, 8], "uv_size": [0.5, 0.5]},
								"down": {"uv": [9, 12.5], "uv_size": [0.5, -0.5]}
							}
						},
						{
							"origin": [-0.60047, -0.12582, -2.60686],
							"size": [0.58843, 0.125, 0.12215],
							"pivot": [-0.60047, -0.00082, -2.60686],
							"rotation": [0, 12.26477, -60],
							"uv": {
								"east": {"uv": [12, 9], "uv_size": [0.5, 0.5]},
								"south": {"uv": [10, 12], "uv_size": [0.5, 0.5]},
								"up": {"uv": [12, 10], "uv_size": [0.5, 0.5]},
								"down": {"uv": [11, 12.5], "uv_size": [0.5, -0.5]}
							}
						},
						{
							"origin": [-0.0125, -0.02835, -2.6125],
							"size": [0.025, 0.05, 0.125],
							"pivot": [-0.2875, -0.49796, -3.55],
							"rotation": [0, 0, -60],
							"uv": {
								"east": {"uv": [12, 11], "uv_size": [0.5, 0.5]},
								"south": {"uv": [12, 12], "uv_size": [0.5, 0.5]},
								"up": {"uv": [0, 13], "uv_size": [0.5, 0.5]},
								"down": {"uv": [13, 0.5], "uv_size": [0.5, -0.5]}
							}
						},
						{
							"origin": [-0.3, 0.39461, -3.1125],
							"size": [0.6, 0.125, 0.5],
							"pivot": [0, 0, -3.7375],
							"rotation": [0, 0, -60],
							"uv": {
								"north": {"uv": [1, 13], "uv_size": [0.5, 0.5]},
								"up": {"uv": [13, 1], "uv_size": [0.5, 0.5]},
								"down": {"uv": [2, 13.5], "uv_size": [0.5, -0.5]}
							}
						},
						{
							"origin": [-0.3, 0.39461, -1],
							"size": [0.6, 0.125, 0.25],
							"pivot": [0, 0, -1.875],
							"rotation": [0, 0, 60],
							"uv": {
								"south": {"uv": [13, 2], "uv_size": [0.5, 0.5]},
								"up": {"uv": [3, 13], "uv_size": [0.5, 0.5]},
								"down": {"uv": [13, 3.5], "uv_size": [0.5, -0.5]}
							}
						},
						{
							"origin": [-0.3, 0.39461, -1.125],
							"size": [0.025, 0.125, 0.125],
							"pivot": [0, 0, -1.875],
							"rotation": [0, 0, 60],
							"uv": {
								"up": {"uv": [4, 13], "uv_size": [0.5, 0.5]},
								"down": {"uv": [13, 4.5], "uv_size": [0.5, -0.5]}
							}
						},
						{
							"origin": [0.01157, -0.125, -1],
							"size": [0.58843, 0.125, 0.12215],
							"pivot": [0.6, 0, -1],
							"rotation": [0, -12.26477, 60],
							"uv": {
								"north": {"uv": [5, 13], "uv_size": [0.5, 0.5]},
								"up": {"uv": [13, 5], "uv_size": [0.5, 0.5]},
								"down": {"uv": [6, 13.5], "uv_size": [0.5, -0.5]}
							}
						},
						{
							"origin": [0.1875, 0.39462, -1.1875],
							"size": [0.1287, 0.125, 0.05463],
							"pivot": [0.1875, 0.51961, -1.1875],
							"rotation": [0, -29.0546, 0],
							"uv": {
								"north": {"uv": [13, 6], "uv_size": [0.5, 0.5]},
								"up": {"uv": [7, 13], "uv_size": [0.5, 0.5]},
								"down": {"uv": [13, 7.5], "uv_size": [0.5, -0.5]}
							}
						},
						{
							"origin": [0.1875, 0.39462, -1.7875],
							"size": [0.1287, 0.125, 0.05463],
							"pivot": [0.1875, 0.51961, -1.7875],
							"rotation": [0, -29.0546, 0],
							"uv": {
								"north": {"uv": [8, 13], "uv_size": [0.5, 0.5]},
								"up": {"uv": [13, 8], "uv_size": [0.5, 0.5]},
								"down": {"uv": [9, 13.5], "uv_size": [0.5, -0.5]}
							}
						},
						{
							"origin": [0.08688, 0.39461, -1.43906],
							"size": [0.10062, 0.125, 0.25156],
							"pivot": [0.1875, 0.51962, -1.1875],
							"rotation": [0, -26.56505, 0],
							"uv": {
								"west": {"uv": [13, 9], "uv_size": [0.5, 0.5]},
								"up": {"uv": [10, 13], "uv_size": [0.5, 0.5]},
								"down": {"uv": [13, 10.5], "uv_size": [0.5, -0.5]}
							}
						},
						{
							"origin": [-0.3, 0.39462, -1.725],
							"size": [0.025, 0.125, 0.3125],
							"pivot": [0, 0, -2.475],
							"rotation": [0, 0, 60],
							"uv": {
								"up": {"uv": [11, 13], "uv_size": [0.5, 0.5]},
								"down": {"uv": [13, 11.5], "uv_size": [0.5, -0.5]}
							}
						},
						{
							"origin": [0.01157, -0.125, -1.6],
							"size": [0.58843, 0.125, 0.1],
							"pivot": [0.6, 0, -1.6],
							"rotation": [0, -12.26477, 60],
							"uv": {
								"north": {"uv": [12, 13], "uv_size": [0.5, 0.5]},
								"up": {"uv": [13, 12], "uv_size": [0.5, 0.5]},
								"down": {"uv": [13, 13.5], "uv_size": [0.5, -0.5]}
							}
						},
						{
							"origin": [0.01204, -0.12582, -1.38471],
							"size": [0.58843, 0.125, 0.1],
							"pivot": [0.60047, -0.00082, -1.40686],
							"rotation": [0, -12.26477, 60],
							"uv": {
								"south": {"uv": [0, 14], "uv_size": [0.5, 0.5]},
								"west": {"uv": [14, 0], "uv_size": [0.5, 0.5]},
								"up": {"uv": [1, 14], "uv_size": [0.5, 0.5]},
								"down": {"uv": [14, 1.5], "uv_size": [0.5, -0.5]}
							}
						},
						{
							"origin": [-0.0125, -0.02835, -1.6],
							"size": [0.025, 0.05, 0.3125],
							"pivot": [0.2875, -0.49796, -2.35],
							"rotation": [0, 0, 60],
							"uv": {
								"south": {"uv": [2, 14], "uv_size": [0.5, 0.5]},
								"west": {"uv": [14, 2], "uv_size": [0.5, 0.5]},
								"up": {"uv": [3, 14], "uv_size": [0.5, 0.5]},
								"down": {"uv": [14, 3.5], "uv_size": [0.5, -0.5]}
							}
						},
						{
							"origin": [0.1298, 0.20089, -1.571],
							"size": [0.5868, 0.125, 0.11068],
							"pivot": [0.38298, 0.27589, -1.47725],
							"rotation": [0, -12.2648, 60],
							"uv": {
								"up": {"uv": [4, 14], "uv_size": [0.5, 0.5]},
								"down": {"uv": [14, 4.5], "uv_size": [0.5, -0.5]}
							}
						},
						{
							"origin": [0.1875, 0.39462, -2.3875],
							"size": [0.1287, 0.125, 0.05463],
							"pivot": [0.1875, 0.51961, -2.3875],
							"rotation": [0, -29.0546, 0],
							"uv": {
								"north": {"uv": [5, 14], "uv_size": [0.5, 0.5]},
								"up": {"uv": [14, 5], "uv_size": [0.5, 0.5]},
								"down": {"uv": [6, 14.5], "uv_size": [0.5, -0.5]}
							}
						},
						{
							"origin": [0.08688, 0.39461, -2.03906],
							"size": [0.10062, 0.125, 0.25156],
							"pivot": [0.1875, 0.51962, -1.7875],
							"rotation": [0, -26.56505, 0],
							"uv": {
								"west": {"uv": [14, 6], "uv_size": [0.5, 0.5]},
								"up": {"uv": [7, 14], "uv_size": [0.5, 0.5]},
								"down": {"uv": [14, 7.5], "uv_size": [0.5, -0.5]}
							}
						},
						{
							"origin": [-0.3, 0.39462, -2.325],
							"size": [0.025, 0.125, 0.3125],
							"pivot": [0, 0, -3.075],
							"rotation": [0, 0, 60],
							"uv": {
								"north": {"uv": [8, 14], "uv_size": [0.5, 0.5]},
								"up": {"uv": [14, 8], "uv_size": [0.5, 0.5]},
								"down": {"uv": [9, 14.5], "uv_size": [0.5, -0.5]}
							}
						},
						{
							"origin": [0.01157, -0.125, -2.2],
							"size": [0.58843, 0.125, 0.1],
							"pivot": [0.6, 0, -2.2],
							"rotation": [0, -12.26477, 60],
							"uv": {
								"north": {"uv": [14, 9], "uv_size": [0.5, 0.5]},
								"up": {"uv": [10, 14], "uv_size": [0.5, 0.5]},
								"down": {"uv": [14, 10.5], "uv_size": [0.5, -0.5]}
							}
						},
						{
							"origin": [0.01204, -0.12582, -1.98471],
							"size": [0.58843, 0.125, 0.1],
							"pivot": [0.60047, -0.00082, -2.00686],
							"rotation": [0, -12.26477, 60],
							"uv": {
								"south": {"uv": [11, 14], "uv_size": [0.5, 0.5]},
								"west": {"uv": [14, 11], "uv_size": [0.5, 0.5]},
								"up": {"uv": [12, 14], "uv_size": [0.5, 0.5]},
								"down": {"uv": [14, 12.5], "uv_size": [0.5, -0.5]}
							}
						},
						{
							"origin": [-0.0125, -0.02835, -2.2],
							"size": [0.025, 0.05, 0.3125],
							"pivot": [0.2875, -0.49796, -2.95],
							"rotation": [0, 0, 60],
							"uv": {
								"south": {"uv": [13, 14], "uv_size": [0.5, 0.5]},
								"west": {"uv": [14, 13], "uv_size": [0.5, 0.5]},
								"up": {"uv": [14, 14], "uv_size": [0.5, 0.5]},
								"down": {"uv": [0, 15.5], "uv_size": [0.5, -0.5]}
							}
						},
						{
							"origin": [0.1298, 0.20089, -2.171],
							"size": [0.5868, 0.125, 0.11068],
							"pivot": [0.38298, 0.27589, -2.07725],
							"rotation": [0, -12.2648, 60],
							"uv": {
								"up": {"uv": [15, 0], "uv_size": [0.5, 0.5]},
								"down": {"uv": [1, 15.5], "uv_size": [0.5, -0.5]}
							}
						},
						{
							"origin": [0.08688, 0.39461, -2.63906],
							"size": [0.10062, 0.125, 0.25156],
							"pivot": [0.1875, 0.51962, -2.3875],
							"rotation": [0, -26.56505, 0],
							"uv": {
								"west": {"uv": [15, 1], "uv_size": [0.5, 0.5]},
								"up": {"uv": [2, 15], "uv_size": [0.5, 0.5]},
								"down": {"uv": [15, 2.5], "uv_size": [0.5, -0.5]}
							}
						},
						{
							"origin": [0.01204, -0.12582, -2.60686],
							"size": [0.58843, 0.125, 0.12215],
							"pivot": [0.60047, -0.00082, -2.60686],
							"rotation": [0, -12.26477, 60],
							"uv": {
								"south": {"uv": [3, 15], "uv_size": [0.5, 0.5]},
								"west": {"uv": [15, 3], "uv_size": [0.5, 0.5]},
								"up": {"uv": [4, 15], "uv_size": [0.5, 0.5]},
								"down": {"uv": [15, 4.5], "uv_size": [0.5, -0.5]}
							}
						},
						{
							"origin": [-0.0125, -0.02835, -2.6125],
							"size": [0.025, 0.05, 0.125],
							"pivot": [0.2875, -0.49796, -3.55],
							"rotation": [0, 0, 60],
							"uv": {
								"south": {"uv": [5, 15], "uv_size": [0.5, 0.5]},
								"west": {"uv": [15, 5], "uv_size": [0.5, 0.5]},
								"up": {"uv": [6, 15], "uv_size": [0.5, 0.5]},
								"down": {"uv": [15, 6.5], "uv_size": [0.5, -0.5]}
							}
						},
						{
							"origin": [-0.3, 0.39461, -3.1125],
							"size": [0.6, 0.125, 0.5],
							"pivot": [0, 0, -3.7375],
							"rotation": [0, 0, 60],
							"uv": {
								"north": {"uv": [7, 15], "uv_size": [0.5, 0.5]},
								"up": {"uv": [15, 7], "uv_size": [0.5, 0.5]},
								"down": {"uv": [8, 15.5], "uv_size": [0.5, -0.5]}
							}
						},
						{
							"origin": [-0.3, 0.39461, -3.1125],
							"size": [0.6, 0.125, 0.5],
							"uv": {
								"north": {"uv": [15, 8], "uv_size": [0.5, 0.5]},
								"up": {"uv": [9, 15], "uv_size": [0.5, 0.5]},
								"down": {"uv": [15, 9.5], "uv_size": [0.5, -0.5]}
							}
						},
						{
							"origin": [-0.1875, 0.39461, -2.6125],
							"size": [0.375, 0.125, 0.25],
							"uv": {
								"south": {"uv": [10, 15], "uv_size": [0.5, 0.5]},
								"up": {"uv": [15, 10], "uv_size": [0.5, 0.5]},
								"down": {"uv": [11, 15.5], "uv_size": [0.5, -0.5]}
							}
						},
						{
							"origin": [-0.1875, 0.39461, -2.3625],
							"size": [0.0875, 0.125, 0.95],
							"uv": {
								"west": {"uv": [0, 10], "uv_size": [1, 0.5]},
								"up": {"uv": [10, 0], "uv_size": [0.5, 1]},
								"down": {"uv": [1, 11], "uv_size": [0.5, -1]}
							}
						},
						{
							"origin": [0.1, 0.39461, -2.3625],
							"size": [0.0875, 0.125, 0.95],
							"uv": {
								"east": {"uv": [10, 1], "uv_size": [1, 0.5]},
								"up": {"uv": [2, 10], "uv_size": [0.5, 1]},
								"down": {"uv": [10, 3], "uv_size": [0.5, -1]}
							}
						},
						{
							"origin": [-0.3, 0.39461, -2.325],
							"size": [0.1125, 0.125, 0.3125],
							"uv": {
								"east": {"uv": [15, 11], "uv_size": [0.5, 0.5]},
								"up": {"uv": [12, 15], "uv_size": [0.5, 0.5]},
								"down": {"uv": [15, 12.5], "uv_size": [0.5, -0.5]}
							}
						},
						{
							"origin": [0.1875, 0.39461, -2.325],
							"size": [0.1125, 0.125, 0.3125],
							"uv": {
								"west": {"uv": [13, 15], "uv_size": [0.5, 0.5]},
								"up": {"uv": [15, 13], "uv_size": [0.5, 0.5]},
								"down": {"uv": [14, 15.5], "uv_size": [0.5, -0.5]}
							}
						},
						{
							"origin": [-0.1, 0.39461, -2.1625],
							"size": [0.2, 0.125, 0.55],
							"uv": {
								"north": {"uv": [15, 14], "uv_size": [0.5, 0.5]},
								"south": {"uv": [15, 15], "uv_size": [0.5, 0.5]},
								"up": {"uv": [0, 16], "uv_size": [0.5, 0.5]},
								"down": {"uv": [16, 0.5], "uv_size": [0.5, -0.5]}
							}
						},
						{
							"origin": [-0.3, 0.39461, -1.725],
							"size": [0.1125, 0.125, 0.3125],
							"uv": {
								"east": {"uv": [1, 16], "uv_size": [0.5, 0.5]},
								"up": {"uv": [16, 1], "uv_size": [0.5, 0.5]},
								"down": {"uv": [2, 16.5], "uv_size": [0.5, -0.5]}
							}
						},
						{
							"origin": [0.1875, 0.39461, -1.725],
							"size": [0.1125, 0.125, 0.3125],
							"uv": {
								"west": {"uv": [16, 2], "uv_size": [0.5, 0.5]},
								"up": {"uv": [3, 16], "uv_size": [0.5, 0.5]},
								"down": {"uv": [16, 3.5], "uv_size": [0.5, -0.5]}
							}
						},
						{
							"origin": [-0.1875, 0.39461, -1.4125],
							"size": [0.375, 0.125, 0.2875],
							"uv": {
								"north": {"uv": [4, 16], "uv_size": [0.5, 0.5]},
								"up": {"uv": [16, 4], "uv_size": [0.5, 0.5]},
								"down": {"uv": [5, 16.5], "uv_size": [0.5, -0.5]}
							}
						},
						{
							"origin": [-0.3, 0.39461, -1.125],
							"size": [0.6, 0.125, 0.375],
							"uv": {
								"east": {"uv": [16, 5], "uv_size": [0.5, 0.5]},
								"south": {"uv": [6, 16], "uv_size": [0.5, 0.5]},
								"west": {"uv": [16, 6], "uv_size": [0.5, 0.5]},
								"up": {"uv": [7, 16], "uv_size": [0.5, 0.5]},
								"down": {"uv": [16, 7.5], "uv_size": [0.5, -0.5]}
							}
						},
						{
							"origin": [-0.3, -0.51962, -1],
							"size": [0.6, 0.125, 0.25],
							"pivot": [0, 0, -1.875],
							"rotation": [0, 0, 60],
							"uv": {
								"south": {"uv": [8, 16], "uv_size": [0.5, 0.5]},
								"up": {"uv": [16, 8], "uv_size": [0.5, 0.5]},
								"down": {"uv": [9, 16.5], "uv_size": [0.5, -0.5]}
							}
						},
						{
							"origin": [0.275, -0.51962, -1.125],
							"size": [0.025, 0.125, 0.125],
							"pivot": [0, 0, -1.875],
							"rotation": [0, 0, 60],
							"uv": {
								"north": {"uv": [16, 9], "uv_size": [0.5, 0.5]},
								"down": {"uv": [10, 16.5], "uv_size": [0.5, -0.5]}
							}
						},
						{
							"origin": [-0.6, 0, -1],
							"size": [0.58843, 0.125, 0.12215],
							"pivot": [-0.6, 0, -1],
							"rotation": [0, 12.26477, 60],
							"uv": {
								"north": {"uv": [16, 10], "uv_size": [0.5, 0.5]},
								"up": {"uv": [11, 16], "uv_size": [0.5, 0.5]},
								"down": {"uv": [16, 11.5], "uv_size": [0.5, -0.5]}
							}
						},
						{
							"origin": [-0.3162, -0.51962, -1.1875],
							"size": [0.1287, 0.125, 0.05463],
							"pivot": [-0.1875, -0.51961, -1.1875],
							"rotation": [0, 29.0546, 0],
							"uv": {
								"north": {"uv": [12, 16], "uv_size": [0.5, 0.5]},
								"up": {"uv": [16, 12], "uv_size": [0.5, 0.5]},
								"down": {"uv": [13, 16.5], "uv_size": [0.5, -0.5]}
							}
						},
						{
							"origin": [-0.3162, -0.51962, -1.7875],
							"size": [0.1287, 0.125, 0.05463],
							"pivot": [-0.1875, -0.51961, -1.7875],
							"rotation": [0, 29.0546, 0],
							"uv": {
								"north": {"uv": [16, 13], "uv_size": [0.5, 0.5]},
								"up": {"uv": [14, 16], "uv_size": [0.5, 0.5]},
								"down": {"uv": [16, 14.5], "uv_size": [0.5, -0.5]}
							}
						},
						{
							"origin": [-0.1875, -0.51961, -1.43906],
							"size": [0.10062, 0.125, 0.25156],
							"pivot": [-0.1875, -0.51962, -1.1875],
							"rotation": [0, 26.56505, 0],
							"uv": {
								"east": {"uv": [15, 16], "uv_size": [0.5, 0.5]},
								"up": {"uv": [16, 15], "uv_size": [0.5, 0.5]},
								"down": {"uv": [16, 16.5], "uv_size": [0.5, -0.5]}
							}
						},
						{
							"origin": [0.275, -0.51962, -1.725],
							"size": [0.025, 0.125, 0.3125],
							"pivot": [0, 0, -2.475],
							"rotation": [0, 0, 60],
							"uv": {
								"down": {"uv": [0, 17.5], "uv_size": [0.5, -0.5]}
							}
						},
						{
							"origin": [-0.6, 0, -1.6],
							"size": [0.58843, 0.125, 0.1],
							"pivot": [-0.6, 0, -1.6],
							"rotation": [0, 12.26477, 60],
							"uv": {
								"north": {"uv": [17, 0], "uv_size": [0.5, 0.5]},
								"up": {"uv": [1, 17], "uv_size": [0.5, 0.5]},
								"down": {"uv": [17, 1.5], "uv_size": [0.5, -0.5]}
							}
						},
						{
							"origin": [-0.60047, 0.00082, -1.38471],
							"size": [0.58843, 0.125, 0.1],
							"pivot": [-0.60047, 0.00082, -1.40686],
							"rotation": [0, 12.26477, 60],
							"uv": {
								"east": {"uv": [2, 17], "uv_size": [0.5, 0.5]},
								"south": {"uv": [17, 2], "uv_size": [0.5, 0.5]},
								"up": {"uv": [3, 17], "uv_size": [0.5, 0.5]},
								"down": {"uv": [17, 3.5], "uv_size": [0.5, -0.5]}
							}
						},
						{
							"origin": [-0.0125, -0.02165, -1.6],
							"size": [0.025, 0.025, 0.3125],
							"pivot": [-0.2875, 0.49796, -2.35],
							"rotation": [0, 0, 60],
							"uv": {
								"south": {"uv": [4, 17], "uv_size": [0.5, 0.5]},
								"down": {"uv": [17, 4.5], "uv_size": [0.5, -0.5]}
							}
						},
						{
							"origin": [-0.7166, -0.32589, -1.571],
							"size": [0.5868, 0.125, 0.11068],
							"pivot": [-0.38298, -0.27589, -1.47725],
							"rotation": [0, 12.2648, 60],
							"uv": {
								"up": {"uv": [5, 17], "uv_size": [0.5, 0.5]},
								"down": {"uv": [17, 5.5], "uv_size": [0.5, -0.5]}
							}
						},
						{
							"origin": [-0.3162, -0.51962, -2.3875],
							"size": [0.1287, 0.125, 0.05463],
							"pivot": [-0.1875, -0.51961, -2.3875],
							"rotation": [0, 29.0546, 0],
							"uv": {
								"north": {"uv": [6, 17], "uv_size": [0.5, 0.5]},
								"up": {"uv": [17, 6], "uv_size": [0.5, 0.5]},
								"down": {"uv": [7, 17.5], "uv_size": [0.5, -0.5]}
							}
						},
						{
							"origin": [-0.1875, -0.51961, -2.03906],
							"size": [0.10062, 0.125, 0.25156],
							"pivot": [-0.1875, -0.51962, -1.7875],
							"rotation": [0, 26.56505, 0],
							"uv": {
								"east": {"uv": [17, 7], "uv_size": [0.5, 0.5]},
								"up": {"uv": [8, 17], "uv_size": [0.5, 0.5]},
								"down": {"uv": [17, 8.5], "uv_size": [0.5, -0.5]}
							}
						},
						{
							"origin": [0.275, -0.51962, -2.325],
							"size": [0.025, 0.125, 0.3125],
							"pivot": [0, 0, -3.075],
							"rotation": [0, 0, 60],
							"uv": {
								"north": {"uv": [9, 17], "uv_size": [0.5, 0.5]},
								"down": {"uv": [17, 9.5], "uv_size": [0.5, -0.5]}
							}
						},
						{
							"origin": [-0.6, 0, -2.2],
							"size": [0.58843, 0.125, 0.1],
							"pivot": [-0.6, 0, -2.2],
							"rotation": [0, 12.26477, 60],
							"uv": {
								"north": {"uv": [10, 17], "uv_size": [0.5, 0.5]},
								"up": {"uv": [17, 10], "uv_size": [0.5, 0.5]},
								"down": {"uv": [11, 17.5], "uv_size": [0.5, -0.5]}
							}
						},
						{
							"origin": [-0.60047, 0.00082, -1.98471],
							"size": [0.58843, 0.125, 0.1],
							"pivot": [-0.60047, 0.00082, -2.00686],
							"rotation": [0, 12.26477, 60],
							"uv": {
								"east": {"uv": [17, 11], "uv_size": [0.5, 0.5]},
								"south": {"uv": [12, 17], "uv_size": [0.5, 0.5]},
								"up": {"uv": [17, 12], "uv_size": [0.5, 0.5]},
								"down": {"uv": [13, 17.5], "uv_size": [0.5, -0.5]}
							}
						},
						{
							"origin": [-0.0125, -0.02165, -2.2],
							"size": [0.025, 0.025, 0.3125],
							"pivot": [-0.2875, 0.49796, -2.95],
							"rotation": [0, 0, 60],
							"uv": {
								"south": {"uv": [17, 13], "uv_size": [0.5, 0.5]},
								"down": {"uv": [14, 17.5], "uv_size": [0.5, -0.5]}
							}
						},
						{
							"origin": [-0.7166, -0.32589, -2.171],
							"size": [0.5868, 0.125, 0.11068],
							"pivot": [-0.38298, -0.27589, -2.07725],
							"rotation": [0, 12.2648, 60],
							"uv": {
								"up": {"uv": [17, 14], "uv_size": [0.5, 0.5]},
								"down": {"uv": [15, 17.5], "uv_size": [0.5, -0.5]}
							}
						},
						{
							"origin": [-0.1875, -0.51961, -2.63906],
							"size": [0.10062, 0.125, 0.25156],
							"pivot": [-0.1875, -0.51962, -2.3875],
							"rotation": [0, 26.56505, 0],
							"uv": {
								"east": {"uv": [17, 15], "uv_size": [0.5, 0.5]},
								"up": {"uv": [16, 17], "uv_size": [0.5, 0.5]},
								"down": {"uv": [17, 16.5], "uv_size": [0.5, -0.5]}
							}
						},
						{
							"origin": [-0.60047, 0.00082, -2.60686],
							"size": [0.58843, 0.125, 0.12215],
							"pivot": [-0.60047, 0.00082, -2.60686],
							"rotation": [0, 12.26477, 60],
							"uv": {
								"east": {"uv": [17, 17], "uv_size": [0.5, 0.5]},
								"south": {"uv": [0, 18], "uv_size": [0.5, 0.5]},
								"up": {"uv": [18, 0], "uv_size": [0.5, 0.5]},
								"down": {"uv": [1, 18.5], "uv_size": [0.5, -0.5]}
							}
						},
						{
							"origin": [-0.0125, -0.02165, -2.6125],
							"size": [0.025, 0.025, 0.125],
							"pivot": [-0.2875, 0.49796, -3.55],
							"rotation": [0, 0, 60],
							"uv": {
								"south": {"uv": [18, 1], "uv_size": [0.5, 0.5]},
								"down": {"uv": [2, 18.5], "uv_size": [0.5, -0.5]}
							}
						},
						{
							"origin": [-0.3, -0.51962, -3.1125],
							"size": [0.6, 0.125, 0.5],
							"pivot": [0, 0, -3.7375],
							"rotation": [0, 0, 60],
							"uv": {
								"north": {"uv": [18, 2], "uv_size": [0.5, 0.5]},
								"up": {"uv": [3, 18], "uv_size": [0.5, 0.5]},
								"down": {"uv": [18, 3.5], "uv_size": [0.5, -0.5]}
							}
						},
						{
							"origin": [-0.3, -0.51962, -1],
							"size": [0.6, 0.125, 0.25],
							"pivot": [0, 0, -1.875],
							"rotation": [0, 0, -60],
							"uv": {
								"south": {"uv": [4, 18], "uv_size": [0.5, 0.5]},
								"up": {"uv": [18, 4], "uv_size": [0.5, 0.5]},
								"down": {"uv": [5, 18.5], "uv_size": [0.5, -0.5]}
							}
						},
						{
							"origin": [-0.3, -0.51962, -1.125],
							"size": [0.025, 0.125, 0.125],
							"pivot": [0, 0, -1.875],
							"rotation": [0, 0, -60],
							"uv": {
								"down": {"uv": [18, 5.5], "uv_size": [0.5, -0.5]}
							}
						},
						{
							"origin": [0.01157, 0, -1],
							"size": [0.58843, 0.125, 0.12215],
							"pivot": [0.6, 0, -1],
							"rotation": [0, -12.26477, -60],
							"uv": {
								"north": {"uv": [6, 18], "uv_size": [0.5, 0.5]},
								"up": {"uv": [18, 6], "uv_size": [0.5, 0.5]},
								"down": {"uv": [7, 18.5], "uv_size": [0.5, -0.5]}
							}
						},
						{
							"origin": [0.1875, -0.51962, -1.1875],
							"size": [0.1287, 0.125, 0.05463],
							"pivot": [0.1875, -0.51961, -1.1875],
							"rotation": [0, -29.0546, 0],
							"uv": {
								"north": {"uv": [18, 7], "uv_size": [0.5, 0.5]},
								"up": {"uv": [8, 18], "uv_size": [0.5, 0.5]},
								"down": {"uv": [18, 8.5], "uv_size": [0.5, -0.5]}
							}
						},
						{
							"origin": [0.1875, -0.51962, -1.7875],
							"size": [0.1287, 0.125, 0.05463],
							"pivot": [0.1875, -0.51961, -1.7875],
							"rotation": [0, -29.0546, 0],
							"uv": {
								"north": {"uv": [9, 18], "uv_size": [0.5, 0.5]},
								"up": {"uv": [18, 9], "uv_size": [0.5, 0.5]},
								"down": {"uv": [10, 18.5], "uv_size": [0.5, -0.5]}
							}
						},
						{
							"origin": [0.08688, -0.51961, -1.43906],
							"size": [0.10062, 0.125, 0.25156],
							"pivot": [0.1875, -0.51962, -1.1875],
							"rotation": [0, -26.56505, 0],
							"uv": {
								"west": {"uv": [18, 10], "uv_size": [0.5, 0.5]},
								"up": {"uv": [11, 18], "uv_size": [0.5, 0.5]},
								"down": {"uv": [18, 11.5], "uv_size": [0.5, -0.5]}
							}
						},
						{
							"origin": [-0.3, -0.51962, -1.725],
							"size": [0.025, 0.125, 0.3125],
							"pivot": [0, 0, -2.475],
							"rotation": [0, 0, -60],
							"uv": {
								"down": {"uv": [12, 18.5], "uv_size": [0.5, -0.5]}
							}
						},
						{
							"origin": [0.01157, 0, -1.6],
							"size": [0.58843, 0.125, 0.1],
							"pivot": [0.6, 0, -1.6],
							"rotation": [0, -12.26477, -60],
							"uv": {
								"north": {"uv": [18, 12], "uv_size": [0.5, 0.5]},
								"up": {"uv": [13, 18], "uv_size": [0.5, 0.5]},
								"down": {"uv": [18, 13.5], "uv_size": [0.5, -0.5]}
							}
						},
						{
							"origin": [0.01204, 0.00082, -1.38471],
							"size": [0.58843, 0.125, 0.1],
							"pivot": [0.60047, 0.00082, -1.40686],
							"rotation": [0, -12.26477, -60],
							"uv": {
								"south": {"uv": [14, 18], "uv_size": [0.5, 0.5]},
								"west": {"uv": [18, 14], "uv_size": [0.5, 0.5]},
								"up": {"uv": [15, 18], "uv_size": [0.5, 0.5]},
								"down": {"uv": [18, 15.5], "uv_size": [0.5, -0.5]}
							}
						},
						{
							"origin": [-0.0125, -0.02165, -1.6],
							"size": [0.025, 0.025, 0.3125],
							"pivot": [0.2875, 0.49796, -2.35],
							"rotation": [0, 0, -60],
							"uv": {
								"south": {"uv": [16, 18], "uv_size": [0.5, 0.5]},
								"down": {"uv": [18, 16.5], "uv_size": [0.5, -0.5]}
							}
						},
						{
							"origin": [0.1298, -0.32589, -1.571],
							"size": [0.5868, 0.125, 0.11068],
							"pivot": [0.38298, -0.27589, -1.47725],
							"rotation": [0, -12.2648, -60],
							"uv": {
								"up": {"uv": [17, 18], "uv_size": [0.5, 0.5]},
								"down": {"uv": [18, 17.5], "uv_size": [0.5, -0.5]}
							}
						},
						{
							"origin": [0.1875, -0.51962, -2.3875],
							"size": [0.1287, 0.125, 0.05463],
							"pivot": [0.1875, -0.51961, -2.3875],
							"rotation": [0, -29.0546, 0],
							"uv": {
								"north": {"uv": [18, 18], "uv_size": [0.5, 0.5]},
								"up": {"uv": [0, 19], "uv_size": [0.5, 0.5]},
								"down": {"uv": [19, 0.5], "uv_size": [0.5, -0.5]}
							}
						},
						{
							"origin": [0.08688, -0.51961, -2.03906],
							"size": [0.10062, 0.125, 0.25156],
							"pivot": [0.1875, -0.51962, -1.7875],
							"rotation": [0, -26.56505, 0],
							"uv": {
								"west": {"uv": [1, 19], "uv_size": [0.5, 0.5]},
								"up": {"uv": [19, 1], "uv_size": [0.5, 0.5]},
								"down": {"uv": [2, 19.5], "uv_size": [0.5, -0.5]}
							}
						},
						{
							"origin": [-0.3, -0.51962, -2.325],
							"size": [0.025, 0.125, 0.3125],
							"pivot": [0, 0, -3.075],
							"rotation": [0, 0, -60],
							"uv": {
								"down": {"uv": [19, 2.5], "uv_size": [0.5, -0.5]}
							}
						},
						{
							"origin": [0.01157, 0, -2.2],
							"size": [0.58843, 0.125, 0.1],
							"pivot": [0.6, 0, -2.2],
							"rotation": [0, -12.26477, -60],
							"uv": {
								"north": {"uv": [3, 19], "uv_size": [0.5, 0.5]},
								"up": {"uv": [19, 3], "uv_size": [0.5, 0.5]},
								"down": {"uv": [4, 19.5], "uv_size": [0.5, -0.5]}
							}
						},
						{
							"origin": [0.01204, 0.00082, -1.98471],
							"size": [0.58843, 0.125, 0.1],
							"pivot": [0.60047, 0.00082, -2.00686],
							"rotation": [0, -12.26477, -60],
							"uv": {
								"south": {"uv": [19, 4], "uv_size": [0.5, 0.5]},
								"west": {"uv": [5, 19], "uv_size": [0.5, 0.5]},
								"up": {"uv": [19, 5], "uv_size": [0.5, 0.5]},
								"down": {"uv": [6, 19.5], "uv_size": [0.5, -0.5]}
							}
						},
						{
							"origin": [-0.0125, -0.02165, -2.2],
							"size": [0.025, 0.025, 0.3125],
							"pivot": [0.2875, 0.49796, -2.95],
							"rotation": [0, 0, -60],
							"uv": {
								"south": {"uv": [19, 6], "uv_size": [0.5, 0.5]},
								"down": {"uv": [7, 19.5], "uv_size": [0.5, -0.5]}
							}
						},
						{
							"origin": [0.1298, -0.32589, -2.171],
							"size": [0.5868, 0.125, 0.11068],
							"pivot": [0.38298, -0.27589, -2.07725],
							"rotation": [0, -12.2648, -60],
							"uv": {
								"up": {"uv": [19, 7], "uv_size": [0.5, 0.5]},
								"down": {"uv": [8, 19.5], "uv_size": [0.5, -0.5]}
							}
						},
						{
							"origin": [0.08688, -0.51961, -2.63906],
							"size": [0.10062, 0.125, 0.25156],
							"pivot": [0.1875, -0.51962, -2.3875],
							"rotation": [0, -26.56505, 0],
							"uv": {
								"west": {"uv": [19, 8], "uv_size": [0.5, 0.5]},
								"up": {"uv": [9, 19], "uv_size": [0.5, 0.5]},
								"down": {"uv": [19, 9.5], "uv_size": [0.5, -0.5]}
							}
						},
						{
							"origin": [0.01204, 0.00082, -2.60686],
							"size": [0.58843, 0.125, 0.12215],
							"pivot": [0.60047, 0.00082, -2.60686],
							"rotation": [0, -12.26477, -60],
							"uv": {
								"south": {"uv": [10, 19], "uv_size": [0.5, 0.5]},
								"west": {"uv": [19, 10], "uv_size": [0.5, 0.5]},
								"up": {"uv": [11, 19], "uv_size": [0.5, 0.5]},
								"down": {"uv": [19, 11.5], "uv_size": [0.5, -0.5]}
							}
						},
						{
							"origin": [-0.0125, -0.02165, -2.6125],
							"size": [0.025, 0.025, 0.125],
							"pivot": [0.2875, 0.49796, -3.55],
							"rotation": [0, 0, -60],
							"uv": {
								"south": {"uv": [12, 19], "uv_size": [0.5, 0.5]},
								"down": {"uv": [19, 12.5], "uv_size": [0.5, -0.5]}
							}
						},
						{
							"origin": [-0.3, -0.51962, -3.1125],
							"size": [0.6, 0.125, 0.5],
							"pivot": [0, 0, -3.7375],
							"rotation": [0, 0, -60],
							"uv": {
								"north": {"uv": [13, 19], "uv_size": [0.5, 0.5]},
								"up": {"uv": [19, 13], "uv_size": [0.5, 0.5]},
								"down": {"uv": [14, 19.5], "uv_size": [0.5, -0.5]}
							}
						},
						{
							"origin": [-0.3, -0.51962, -3.1125],
							"size": [0.6, 0.125, 0.5],
							"uv": {
								"north": {"uv": [19, 14], "uv_size": [0.5, 0.5]},
								"up": {"uv": [15, 19], "uv_size": [0.5, 0.5]},
								"down": {"uv": [19, 15.5], "uv_size": [0.5, -0.5]}
							}
						},
						{
							"origin": [-0.1875, -0.51962, -2.6125],
							"size": [0.375, 0.125, 1.4875],
							"uv": {
								"up": {"uv": [2, 8], "uv_size": [0.5, 1.5]},
								"down": {"uv": [8, 3.5], "uv_size": [0.5, -1.5]}
							}
						},
						{
							"origin": [-0.3, -0.51962, -2.325],
							"size": [0.1125, 0.125, 0.3125],
							"uv": {
								"east": {"uv": [16, 19], "uv_size": [0.5, 0.5]},
								"up": {"uv": [19, 16], "uv_size": [0.5, 0.5]},
								"down": {"uv": [17, 19.5], "uv_size": [0.5, -0.5]}
							}
						},
						{
							"origin": [0.1875, -0.51962, -2.325],
							"size": [0.1125, 0.125, 0.3125],
							"uv": {
								"west": {"uv": [19, 17], "uv_size": [0.5, 0.5]},
								"up": {"uv": [18, 19], "uv_size": [0.5, 0.5]},
								"down": {"uv": [19, 18.5], "uv_size": [0.5, -0.5]}
							}
						},
						{
							"origin": [-0.3, -0.51962, -1.725],
							"size": [0.1125, 0.125, 0.3125],
							"uv": {
								"east": {"uv": [19, 19], "uv_size": [0.5, 0.5]},
								"up": {"uv": [0, 20], "uv_size": [0.5, 0.5]},
								"down": {"uv": [20, 0.5], "uv_size": [0.5, -0.5]}
							}
						},
						{
							"origin": [0.1875, -0.51962, -1.725],
							"size": [0.1125, 0.125, 0.3125],
							"uv": {
								"west": {"uv": [1, 20], "uv_size": [0.5, 0.5]},
								"up": {"uv": [20, 1], "uv_size": [0.5, 0.5]},
								"down": {"uv": [2, 20.5], "uv_size": [0.5, -0.5]}
							}
						},
						{
							"origin": [-0.3, -0.51962, -1.125],
							"size": [0.6, 0.125, 0.375],
							"uv": {
								"east": {"uv": [20, 2], "uv_size": [0.5, 0.5]},
								"south": {"uv": [3, 20], "uv_size": [0.5, 0.5]},
								"west": {"uv": [20, 3], "uv_size": [0.5, 0.5]},
								"up": {"uv": [4, 20], "uv_size": [0.5, 0.5]},
								"down": {"uv": [20, 4.5], "uv_size": [0.5, -0.5]}
							}
						},
						{
							"origin": [-0.3, 0.49462, -5.1625],
							"size": [0.025, 0.025, 0.175],
							"uv": {
								"north": {"uv": [5, 20], "uv_size": [0.5, 0.5]},
								"up": {"uv": [20, 5], "uv_size": [0.5, 0.5]},
								"down": {"uv": [6, 20.5], "uv_size": [0.5, -0.5]}
							}
						},
						{
							"origin": [-0.33319, 0.49462, -5.15056],
							"size": [0.02298, 0.025, 0.19039],
							"pivot": [0, 0, -3.675],
							"rotation": [0, -23.1986, -60],
							"uv": {
								"east": {"uv": [20, 6], "uv_size": [0.5, 0.5]},
								"up": {"uv": [7, 20], "uv_size": [0.5, 0.5]},
								"down": {"uv": [20, 7.5], "uv_size": [0.5, -0.5]}
							}
						},
						{
							"origin": [0.225, 0.49462, -5.0459],
							"size": [0.025, 0.025, 0.0584],
							"pivot": [0, 0, -3.675],
							"rotation": [0, 0, -60],
							"uv": {
								"up": {"uv": [8, 20], "uv_size": [0.5, 0.5]},
								"down": {"uv": [20, 8.5], "uv_size": [0.5, -0.5]}
							}
						},
						{
							"origin": [0.25, 0.49462, -5.1042],
							"size": [0.025, 0.025, 0.1167],
							"pivot": [0, 0, -3.675],
							"rotation": [0, 0, -60],
							"uv": {
								"up": {"uv": [9, 20], "uv_size": [0.5, 0.5]},
								"down": {"uv": [20, 9.5], "uv_size": [0.5, -0.5]}
							}
						},
						{
							"origin": [0.275, 0.49462, -5.1625],
							"size": [0.025, 0.025, 0.175],
							"pivot": [0, 0, -3.675],
							"rotation": [0, 0, -60],
							"uv": {
								"north": {"uv": [10, 20], "uv_size": [0.5, 0.5]},
								"up": {"uv": [20, 10], "uv_size": [0.5, 0.5]},
								"down": {"uv": [11, 20.5], "uv_size": [0.5, -0.5]}
							}
						},
						{
							"origin": [0.28621, 0.49461, -3.47316],
							"size": [0.09398, 0.025, 0.29262],
							"pivot": [0, 0, -3.675],
							"rotation": [0, -19.98311, -60],
							"uv": {
								"east": {"uv": [20, 11], "uv_size": [0.5, 0.5]},
								"up": {"uv": [12, 20], "uv_size": [0.5, 0.5]},
								"down": {"uv": [20, 12.5], "uv_size": [0.5, -0.5]}
							}
						},
						{
							"origin": [0.2, 0.49462, -4.9875],
							"size": [0.1, 0.025, 1.875],
							"pivot": [0, 0, -3.675],
							"rotation": [0, 0, -60],
							"uv": {
								"east": {"uv": [0, 0], "uv_size": [2, 0.5]},
								"up": {"uv": [0, 1], "uv_size": [0.5, 2]},
								"down": {"uv": [1, 3], "uv_size": [0.5, -2]}
							}
						},
						{
							"origin": [0.31021, 0.49462, -5.15056],
							"size": [0.02298, 0.025, 0.19039],
							"pivot": [0, 0, -3.675],
							"rotation": [0, 23.1986, 0],
							"uv": {
								"west": {"uv": [13, 20], "uv_size": [0.5, 0.5]},
								"up": {"uv": [20, 13], "uv_size": [0.5, 0.5]},
								"down": {"uv": [14, 20.5], "uv_size": [0.5, -0.5]}
							}
						},
						{
							"origin": [-0.25, 0.49462, -5.0459],
							"size": [0.025, 0.025, 0.0584],
							"uv": {
								"up": {"uv": [20, 14], "uv_size": [0.5, 0.5]},
								"down": {"uv": [15, 20.5], "uv_size": [0.5, -0.5]}
							}
						},
						{
							"origin": [-0.275, 0.49462, -5.1042],
							"size": [0.025, 0.025, 0.1167],
							"uv": {
								"up": {"uv": [20, 15], "uv_size": [0.5, 0.5]},
								"down": {"uv": [16, 20.5], "uv_size": [0.5, -0.5]}
							}
						},
						{
							"origin": [-0.38019, 0.49461, -3.47316],
							"size": [0.09398, 0.025, 0.29262],
							"pivot": [0, 0, -3.675],
							"rotation": [0, 19.98311, 0],
							"uv": {
								"west": {"uv": [20, 16], "uv_size": [0.5, 0.5]},
								"up": {"uv": [17, 20], "uv_size": [0.5, 0.5]},
								"down": {"uv": [20, 17.5], "uv_size": [0.5, -0.5]}
							}
						},
						{
							"origin": [-0.3, 0.49462, -4.9875],
							"size": [0.1, 0.025, 1.875],
							"uv": {
								"west": {"uv": [2, 0], "uv_size": [2, 0.5]},
								"up": {"uv": [2, 1], "uv_size": [0.5, 2]},
								"down": {"uv": [0, 5], "uv_size": [0.5, -2]}
							}
						},
						{
							"origin": [0.275, 0.49462, -5.1625],
							"size": [0.025, 0.025, 0.175],
							"uv": {
								"north": {"uv": [18, 20], "uv_size": [0.5, 0.5]},
								"up": {"uv": [20, 18], "uv_size": [0.5, 0.5]},
								"down": {"uv": [19, 20.5], "uv_size": [0.5, -0.5]}
							}
						},
						{
							"origin": [0.31021, 0.49462, -5.15056],
							"size": [0.02298, 0.025, 0.19039],
							"pivot": [0, 0, -3.675],
							"rotation": [0, 23.1986, 60],
							"uv": {
								"west": {"uv": [20, 19], "uv_size": [0.5, 0.5]},
								"down": {"uv": [20, 20.5], "uv_size": [0.5, -0.5]}
							}
						},
						{
							"origin": [-0.25, 0.49462, -5.0459],
							"size": [0.025, 0.025, 0.0584],
							"pivot": [0, 0, -3.675],
							"rotation": [0, 0, 60],
							"uv": {
								"up": {"uv": [0, 21], "uv_size": [0.5, 0.5]},
								"down": {"uv": [21, 0.5], "uv_size": [0.5, -0.5]}
							}
						},
						{
							"origin": [-0.275, 0.49462, -5.1042],
							"size": [0.025, 0.025, 0.1167],
							"pivot": [0, 0, -3.675],
							"rotation": [0, 0, 60],
							"uv": {
								"up": {"uv": [1, 21], "uv_size": [0.5, 0.5]},
								"down": {"uv": [21, 1.5], "uv_size": [0.5, -0.5]}
							}
						},
						{
							"origin": [-0.3, 0.49462, -5.1625],
							"size": [0.025, 0.025, 0.175],
							"pivot": [0, 0, -3.675],
							"rotation": [0, 0, 60],
							"uv": {
								"north": {"uv": [2, 21], "uv_size": [0.5, 0.5]},
								"up": {"uv": [21, 2], "uv_size": [0.5, 0.5]},
								"down": {"uv": [3, 21.5], "uv_size": [0.5, -0.5]}
							}
						},
						{
							"origin": [-0.38019, 0.49461, -3.47316],
							"size": [0.09398, 0.025, 0.29262],
							"pivot": [0, 0, -3.675],
							"rotation": [0, 19.98311, 60],
							"uv": {
								"west": {"uv": [21, 3], "uv_size": [0.5, 0.5]},
								"up": {"uv": [4, 21], "uv_size": [0.5, 0.5]},
								"down": {"uv": [21, 4.5], "uv_size": [0.5, -0.5]}
							}
						},
						{
							"origin": [-0.3, 0.49462, -4.9875],
							"size": [0.1, 0.025, 1.875],
							"pivot": [0, 0, -3.675],
							"rotation": [0, 0, 60],
							"uv": {
								"west": {"uv": [1, 3], "uv_size": [2, 0.5]},
								"up": {"uv": [3, 1], "uv_size": [0.5, 2]},
								"down": {"uv": [3, 5], "uv_size": [0.5, -2]}
							}
						},
						{
							"origin": [-0.33319, 0.49462, -5.15056],
							"size": [0.02298, 0.025, 0.19039],
							"pivot": [0, 0, -3.675],
							"rotation": [0, -23.1986, 0],
							"uv": {
								"east": {"uv": [5, 21], "uv_size": [0.5, 0.5]},
								"up": {"uv": [21, 5], "uv_size": [0.5, 0.5]},
								"down": {"uv": [6, 21.5], "uv_size": [0.5, -0.5]}
							}
						},
						{
							"origin": [0.225, 0.49462, -5.0459],
							"size": [0.025, 0.025, 0.0584],
							"uv": {
								"up": {"uv": [21, 6], "uv_size": [0.5, 0.5]},
								"down": {"uv": [7, 21.5], "uv_size": [0.5, -0.5]}
							}
						},
						{
							"origin": [0.25, 0.49462, -5.1042],
							"size": [0.025, 0.025, 0.1167],
							"uv": {
								"up": {"uv": [21, 7], "uv_size": [0.5, 0.5]},
								"down": {"uv": [8, 21.5], "uv_size": [0.5, -0.5]}
							}
						},
						{
							"origin": [0.28621, 0.49461, -3.47316],
							"size": [0.09398, 0.025, 0.29262],
							"pivot": [0, 0, -3.675],
							"rotation": [0, -19.98311, 0],
							"uv": {
								"east": {"uv": [21, 8], "uv_size": [0.5, 0.5]},
								"up": {"uv": [9, 21], "uv_size": [0.5, 0.5]},
								"down": {"uv": [21, 9.5], "uv_size": [0.5, -0.5]}
							}
						},
						{
							"origin": [0.2, 0.49462, -4.9875],
							"size": [0.1, 0.025, 1.875],
							"uv": {
								"east": {"uv": [4, 0], "uv_size": [2, 0.5]},
								"up": {"uv": [1, 4], "uv_size": [0.5, 2]},
								"down": {"uv": [4, 3], "uv_size": [0.5, -2]}
							}
						},
						{
							"origin": [-0.3, 0.49462, -5.1625],
							"size": [0.025, 0.025, 0.175],
							"pivot": [0, 0, -3.675],
							"rotation": [0, 0, -60],
							"uv": {
								"north": {"uv": [10, 21], "uv_size": [0.5, 0.5]},
								"up": {"uv": [21, 10], "uv_size": [0.5, 0.5]},
								"down": {"uv": [11, 21.5], "uv_size": [0.5, -0.5]}
							}
						},
						{
							"origin": [-0.33319, 0.49462, -5.15056],
							"size": [0.02298, 0.025, 0.19039],
							"pivot": [0, 0, -3.675],
							"rotation": [0, -23.1986, -120],
							"uv": {
								"east": {"uv": [21, 11], "uv_size": [0.5, 0.5]},
								"up": {"uv": [12, 21], "uv_size": [0.5, 0.5]},
								"down": {"uv": [21, 12.5], "uv_size": [0.5, -0.5]}
							}
						},
						{
							"origin": [0.225, 0.49462, -5.0459],
							"size": [0.025, 0.025, 0.0584],
							"pivot": [0, 0, -3.675],
							"rotation": [0, 0, -120],
							"uv": {
								"up": {"uv": [13, 21], "uv_size": [0.5, 0.5]},
								"down": {"uv": [21, 13.5], "uv_size": [0.5, -0.5]}
							}
						},
						{
							"origin": [0.25, 0.49462, -5.1042],
							"size": [0.025, 0.025, 0.1167],
							"pivot": [0, 0, -3.675],
							"rotation": [0, 0, -120],
							"uv": {
								"up": {"uv": [14, 21], "uv_size": [0.5, 0.5]},
								"down": {"uv": [21, 14.5], "uv_size": [0.5, -0.5]}
							}
						},
						{
							"origin": [0.275, 0.49462, -5.1625],
							"size": [0.025, 0.025, 0.175],
							"pivot": [0, 0, -3.675],
							"rotation": [0, 0, -120],
							"uv": {
								"north": {"uv": [15, 21], "uv_size": [0.5, 0.5]},
								"up": {"uv": [21, 15], "uv_size": [0.5, 0.5]},
								"down": {"uv": [16, 21.5], "uv_size": [0.5, -0.5]}
							}
						},
						{
							"origin": [0.28621, 0.49461, -3.47316],
							"size": [0.09398, 0.025, 0.29262],
							"pivot": [0, 0, -3.675],
							"rotation": [0, -19.98311, -120],
							"uv": {
								"east": {"uv": [21, 16], "uv_size": [0.5, 0.5]},
								"up": {"uv": [17, 21], "uv_size": [0.5, 0.5]},
								"down": {"uv": [21, 17.5], "uv_size": [0.5, -0.5]}
							}
						},
						{
							"origin": [0.2, 0.49462, -4.9875],
							"size": [0.1, 0.025, 1.875],
							"pivot": [0, 0, -3.675],
							"rotation": [0, 0, -120],
							"uv": {
								"east": {"uv": [4, 3], "uv_size": [2, 0.5]},
								"up": {"uv": [2, 4], "uv_size": [0.5, 2]},
								"down": {"uv": [4, 6], "uv_size": [0.5, -2]}
							}
						},
						{
							"origin": [0.31021, 0.49462, -5.15056],
							"size": [0.02298, 0.025, 0.19039],
							"pivot": [0, 0, -3.675],
							"rotation": [0, 23.1986, -60],
							"uv": {
								"west": {"uv": [18, 21], "uv_size": [0.5, 0.5]},
								"up": {"uv": [21, 18], "uv_size": [0.5, 0.5]},
								"down": {"uv": [19, 21.5], "uv_size": [0.5, -0.5]}
							}
						},
						{
							"origin": [-0.25, 0.49462, -5.0459],
							"size": [0.025, 0.025, 0.0584],
							"pivot": [0, 0, -3.675],
							"rotation": [0, 0, -60],
							"uv": {
								"up": {"uv": [21, 19], "uv_size": [0.5, 0.5]},
								"down": {"uv": [20, 21.5], "uv_size": [0.5, -0.5]}
							}
						},
						{
							"origin": [-0.275, 0.49462, -5.1042],
							"size": [0.025, 0.025, 0.1167],
							"pivot": [0, 0, -3.675],
							"rotation": [0, 0, -60],
							"uv": {
								"up": {"uv": [21, 20], "uv_size": [0.5, 0.5]},
								"down": {"uv": [21, 21.5], "uv_size": [0.5, -0.5]}
							}
						},
						{
							"origin": [-0.38019, 0.49461, -3.47316],
							"size": [0.09398, 0.025, 0.29262],
							"pivot": [0, 0, -3.675],
							"rotation": [0, 19.98311, -60],
							"uv": {
								"west": {"uv": [0, 22], "uv_size": [0.5, 0.5]},
								"up": {"uv": [22, 0], "uv_size": [0.5, 0.5]},
								"down": {"uv": [1, 22.5], "uv_size": [0.5, -0.5]}
							}
						},
						{
							"origin": [-0.3, 0.49462, -4.9875],
							"size": [0.1, 0.025, 1.875],
							"pivot": [0, 0, -3.675],
							"rotation": [0, 0, -60],
							"uv": {
								"west": {"uv": [5, 1], "uv_size": [2, 0.5]},
								"up": {"uv": [0, 5], "uv_size": [0.5, 2]},
								"down": {"uv": [3, 7], "uv_size": [0.5, -2]}
							}
						},
						{
							"origin": [-0.3, 0.49462, -5.1625],
							"size": [0.025, 0.025, 0.175],
							"pivot": [0, 0, -3.675],
							"rotation": [0, 0, 120],
							"uv": {
								"north": {"uv": [22, 1], "uv_size": [0.5, 0.5]},
								"up": {"uv": [2, 22], "uv_size": [0.5, 0.5]},
								"down": {"uv": [22, 2.5], "uv_size": [0.5, -0.5]}
							}
						},
						{
							"origin": [-0.33319, 0.49462, -5.15056],
							"size": [0.02298, 0.025, 0.19039],
							"pivot": [0, 0, -3.675],
							"rotation": [0, -23.1986, 60],
							"uv": {
								"east": {"uv": [3, 22], "uv_size": [0.5, 0.5]},
								"up": {"uv": [22, 3], "uv_size": [0.5, 0.5]},
								"down": {"uv": [4, 22.5], "uv_size": [0.5, -0.5]}
							}
						},
						{
							"origin": [0.225, 0.49462, -5.0459],
							"size": [0.025, 0.025, 0.0584],
							"pivot": [0, 0, -3.675],
							"rotation": [0, 0, 60],
							"uv": {
								"up": {"uv": [22, 4], "uv_size": [0.5, 0.5]},
								"down": {"uv": [5, 22.5], "uv_size": [0.5, -0.5]}
							}
						},
						{
							"origin": [0.25, 0.49462, -5.1042],
							"size": [0.025, 0.025, 0.1167],
							"pivot": [0, 0, -3.675],
							"rotation": [0, 0, 60],
							"uv": {
								"up": {"uv": [22, 5], "uv_size": [0.5, 0.5]},
								"down": {"uv": [6, 22.5], "uv_size": [0.5, -0.5]}
							}
						},
						{
							"origin": [0.275, 0.49462, -5.1625],
							"size": [0.025, 0.025, 0.175],
							"pivot": [0, 0, -3.675],
							"rotation": [0, 0, 60],
							"uv": {
								"north": {"uv": [22, 6], "uv_size": [0.5, 0.5]},
								"up": {"uv": [7, 22], "uv_size": [0.5, 0.5]},
								"down": {"uv": [22, 7.5], "uv_size": [0.5, -0.5]}
							}
						},
						{
							"origin": [0.28621, 0.49461, -3.47316],
							"size": [0.09398, 0.025, 0.29262],
							"pivot": [0, 0, -3.675],
							"rotation": [0, -19.98311, 60],
							"uv": {
								"east": {"uv": [8, 22], "uv_size": [0.5, 0.5]},
								"up": {"uv": [22, 8], "uv_size": [0.5, 0.5]},
								"down": {"uv": [9, 22.5], "uv_size": [0.5, -0.5]}
							}
						},
						{
							"origin": [0.2, 0.49462, -4.9875],
							"size": [0.1, 0.025, 1.875],
							"pivot": [0, 0, -3.675],
							"rotation": [0, 0, 60],
							"uv": {
								"east": {"uv": [5, 2], "uv_size": [2, 0.5]},
								"up": {"uv": [5, 4], "uv_size": [0.5, 2]},
								"down": {"uv": [1, 8], "uv_size": [0.5, -2]}
							}
						},
						{
							"origin": [0.31021, 0.49462, -5.15056],
							"size": [0.02298, 0.025, 0.19039],
							"pivot": [0, 0, -3.675],
							"rotation": [0, 23.1986, 120],
							"uv": {
								"west": {"uv": [22, 9], "uv_size": [0.5, 0.5]},
								"up": {"uv": [10, 22], "uv_size": [0.5, 0.5]},
								"down": {"uv": [22, 10.5], "uv_size": [0.5, -0.5]}
							}
						},
						{
							"origin": [-0.25, 0.49462, -5.0459],
							"size": [0.025, 0.025, 0.0584],
							"pivot": [0, 0, -3.675],
							"rotation": [0, 0, 120],
							"uv": {
								"up": {"uv": [11, 22], "uv_size": [0.5, 0.5]},
								"down": {"uv": [22, 11.5], "uv_size": [0.5, -0.5]}
							}
						},
						{
							"origin": [-0.275, 0.49462, -5.1042],
							"size": [0.025, 0.025, 0.1167],
							"pivot": [0, 0, -3.675],
							"rotation": [0, 0, 120],
							"uv": {
								"up": {"uv": [12, 22], "uv_size": [0.5, 0.5]},
								"down": {"uv": [22, 12.5], "uv_size": [0.5, -0.5]}
							}
						},
						{
							"origin": [-0.38019, 0.49461, -3.47316],
							"size": [0.09398, 0.025, 0.29262],
							"pivot": [0, 0, -3.675],
							"rotation": [0, 19.98311, 120],
							"uv": {
								"west": {"uv": [13, 22], "uv_size": [0.5, 0.5]},
								"up": {"uv": [22, 13], "uv_size": [0.5, 0.5]},
								"down": {"uv": [14, 22.5], "uv_size": [0.5, -0.5]}
							}
						},
						{
							"origin": [-0.3, 0.49462, -4.9875],
							"size": [0.1, 0.025, 1.875],
							"pivot": [0, 0, -3.675],
							"rotation": [0, 0, 120],
							"uv": {
								"west": {"uv": [6, 0], "uv_size": [2, 0.5]},
								"up": {"uv": [2, 6], "uv_size": [0.5, 2]},
								"down": {"uv": [6, 5], "uv_size": [0.5, -2]}
							}
						},
						{
							"origin": [-0.3, 0.49462, -5.1625],
							"size": [0.025, 0.025, 0.175],
							"pivot": [0, 0, -3.675],
							"rotation": [0, 0, -120],
							"uv": {
								"north": {"uv": [22, 14], "uv_size": [0.5, 0.5]},
								"up": {"uv": [15, 22], "uv_size": [0.5, 0.5]},
								"down": {"uv": [22, 15.5], "uv_size": [0.5, -0.5]}
							}
						},
						{
							"origin": [-0.33319, 0.49462, -5.15056],
							"size": [0.02298, 0.025, 0.19039],
							"pivot": [0, 0, -3.675],
							"rotation": [0, -23.1986, 180],
							"uv": {
								"east": {"uv": [16, 22], "uv_size": [0.5, 0.5]},
								"up": {"uv": [22, 16], "uv_size": [0.5, 0.5]},
								"down": {"uv": [17, 22.5], "uv_size": [0.5, -0.5]}
							}
						},
						{
							"origin": [0.225, 0.49462, -5.0459],
							"size": [0.025, 0.025, 0.0584],
							"pivot": [0, 0, -3.675],
							"rotation": [0, 0, -180],
							"uv": {
								"up": {"uv": [22, 17], "uv_size": [0.5, 0.5]},
								"down": {"uv": [18, 22.5], "uv_size": [0.5, -0.5]}
							}
						},
						{
							"origin": [0.25, 0.49462, -5.1042],
							"size": [0.025, 0.025, 0.1167],
							"pivot": [0, 0, -3.675],
							"rotation": [0, 0, -180],
							"uv": {
								"up": {"uv": [22, 18], "uv_size": [0.5, 0.5]},
								"down": {"uv": [19, 22.5], "uv_size": [0.5, -0.5]}
							}
						},
						{
							"origin": [0.275, 0.49462, -5.1625],
							"size": [0.025, 0.025, 0.175],
							"pivot": [0, 0, -3.675],
							"rotation": [0, 0, -180],
							"uv": {
								"north": {"uv": [22, 19], "uv_size": [0.5, 0.5]},
								"up": {"uv": [20, 22], "uv_size": [0.5, 0.5]},
								"down": {"uv": [22, 20.5], "uv_size": [0.5, -0.5]}
							}
						},
						{
							"origin": [0.28621, 0.49461, -3.47316],
							"size": [0.09398, 0.025, 0.29262],
							"pivot": [0, 0, -3.675],
							"rotation": [0, -19.98311, -180],
							"uv": {
								"east": {"uv": [21, 22], "uv_size": [0.5, 0.5]},
								"up": {"uv": [22, 21], "uv_size": [0.5, 0.5]},
								"down": {"uv": [22, 22.5], "uv_size": [0.5, -0.5]}
							}
						},
						{
							"origin": [0.2, 0.49462, -4.9875],
							"size": [0.1, 0.025, 1.875],
							"pivot": [0, 0, -3.675],
							"rotation": [0, 0, -180],
							"uv": {
								"east": {"uv": [4, 6], "uv_size": [2, 0.5]},
								"up": {"uv": [6, 5], "uv_size": [0.5, 2]},
								"down": {"uv": [0, 9], "uv_size": [0.5, -2]}
							}
						},
						{
							"origin": [0.31021, 0.49462, -5.15056],
							"size": [0.02298, 0.025, 0.19039],
							"pivot": [0, 0, -3.675],
							"rotation": [0, 23.1986, -120],
							"uv": {
								"west": {"uv": [0, 23], "uv_size": [0.5, 0.5]},
								"up": {"uv": [23, 0], "uv_size": [0.5, 0.5]},
								"down": {"uv": [1, 23.5], "uv_size": [0.5, -0.5]}
							}
						},
						{
							"origin": [-0.25, 0.49462, -5.0459],
							"size": [0.025, 0.025, 0.0584],
							"pivot": [0, 0, -3.675],
							"rotation": [0, 0, -120],
							"uv": {
								"up": {"uv": [23, 1], "uv_size": [0.5, 0.5]},
								"down": {"uv": [2, 23.5], "uv_size": [0.5, -0.5]}
							}
						},
						{
							"origin": [-0.275, 0.49462, -5.1042],
							"size": [0.025, 0.025, 0.1167],
							"pivot": [0, 0, -3.675],
							"rotation": [0, 0, -120],
							"uv": {
								"up": {"uv": [23, 2], "uv_size": [0.5, 0.5]},
								"down": {"uv": [3, 23.5], "uv_size": [0.5, -0.5]}
							}
						},
						{
							"origin": [-0.38019, 0.49461, -3.47316],
							"size": [0.09398, 0.025, 0.29262],
							"pivot": [0, 0, -3.675],
							"rotation": [0, 19.98311, -120],
							"uv": {
								"west": {"uv": [23, 3], "uv_size": [0.5, 0.5]},
								"up": {"uv": [4, 23], "uv_size": [0.5, 0.5]},
								"down": {"uv": [23, 4.5], "uv_size": [0.5, -0.5]}
							}
						},
						{
							"origin": [-0.3, 0.49462, -4.9875],
							"size": [0.1, 0.025, 1.875],
							"pivot": [0, 0, -3.675],
							"rotation": [0, 0, -120],
							"uv": {
								"west": {"uv": [7, 1], "uv_size": [2, 0.5]},
								"up": {"uv": [7, 2], "uv_size": [0.5, 2]},
								"down": {"uv": [3, 9], "uv_size": [0.5, -2]}
							}
						},
						{
							"origin": [-0.3, 0.49462, -5.1625],
							"size": [0.025, 0.025, 0.175],
							"pivot": [0, 0, -3.675],
							"rotation": [0, 0, 180],
							"uv": {
								"north": {"uv": [5, 23], "uv_size": [0.5, 0.5]},
								"up": {"uv": [23, 5], "uv_size": [0.5, 0.5]},
								"down": {"uv": [6, 23.5], "uv_size": [0.5, -0.5]}
							}
						},
						{
							"origin": [-0.33319, 0.49462, -5.15056],
							"size": [0.02298, 0.025, 0.19039],
							"pivot": [0, 0, -3.675],
							"rotation": [0, -23.1986, 120],
							"uv": {
								"east": {"uv": [23, 6], "uv_size": [0.5, 0.5]},
								"up": {"uv": [7, 23], "uv_size": [0.5, 0.5]},
								"down": {"uv": [23, 7.5], "uv_size": [0.5, -0.5]}
							}
						},
						{
							"origin": [0.225, 0.49462, -5.0459],
							"size": [0.025, 0.025, 0.0584],
							"pivot": [0, 0, -3.675],
							"rotation": [0, 0, 120],
							"uv": {
								"up": {"uv": [8, 23], "uv_size": [0.5, 0.5]},
								"down": {"uv": [23, 8.5], "uv_size": [0.5, -0.5]}
							}
						},
						{
							"origin": [0.25, 0.49462, -5.1042],
							"size": [0.025, 0.025, 0.1167],
							"pivot": [0, 0, -3.675],
							"rotation": [0, 0, 120],
							"uv": {
								"up": {"uv": [9, 23], "uv_size": [0.5, 0.5]},
								"down": {"uv": [23, 9.5], "uv_size": [0.5, -0.5]}
							}
						},
						{
							"origin": [0.275, 0.49462, -5.1625],
							"size": [0.025, 0.025, 0.175],
							"pivot": [0, 0, -3.675],
							"rotation": [0, 0, 120],
							"uv": {
								"north": {"uv": [10, 23], "uv_size": [0.5, 0.5]},
								"up": {"uv": [23, 10], "uv_size": [0.5, 0.5]},
								"down": {"uv": [11, 23.5], "uv_size": [0.5, -0.5]}
							}
						},
						{
							"origin": [0.28621, 0.49461, -3.47316],
							"size": [0.09398, 0.025, 0.29262],
							"pivot": [0, 0, -3.675],
							"rotation": [0, -19.98311, 120],
							"uv": {
								"east": {"uv": [23, 11], "uv_size": [0.5, 0.5]},
								"up": {"uv": [12, 23], "uv_size": [0.5, 0.5]},
								"down": {"uv": [23, 12.5], "uv_size": [0.5, -0.5]}
							}
						},
						{
							"origin": [0.2, 0.49462, -4.9875],
							"size": [0.1, 0.025, 1.875],
							"pivot": [0, 0, -3.675],
							"rotation": [0, 0, 120],
							"uv": {
								"east": {"uv": [4, 7], "uv_size": [2, 0.5]},
								"up": {"uv": [7, 4], "uv_size": [0.5, 2]},
								"down": {"uv": [6, 9], "uv_size": [0.5, -2]}
							}
						},
						{
							"origin": [0.31021, 0.49462, -5.15056],
							"size": [0.02298, 0.025, 0.19039],
							"pivot": [0, 0, -3.675],
							"rotation": [0, 23.1986, -180],
							"uv": {
								"west": {"uv": [13, 23], "uv_size": [0.5, 0.5]},
								"up": {"uv": [23, 13], "uv_size": [0.5, 0.5]},
								"down": {"uv": [14, 23.5], "uv_size": [0.5, -0.5]}
							}
						},
						{
							"origin": [-0.25, 0.49462, -5.0459],
							"size": [0.025, 0.025, 0.0584],
							"pivot": [0, 0, -3.675],
							"rotation": [0, 0, 180],
							"uv": {
								"up": {"uv": [23, 14], "uv_size": [0.5, 0.5]},
								"down": {"uv": [15, 23.5], "uv_size": [0.5, -0.5]}
							}
						},
						{
							"origin": [-0.275, 0.49462, -5.1042],
							"size": [0.025, 0.025, 0.1167],
							"pivot": [0, 0, -3.675],
							"rotation": [0, 0, 180],
							"uv": {
								"up": {"uv": [23, 15], "uv_size": [0.5, 0.5]},
								"down": {"uv": [16, 23.5], "uv_size": [0.5, -0.5]}
							}
						},
						{
							"origin": [-0.38019, 0.49461, -3.47316],
							"size": [0.09398, 0.025, 0.29262],
							"pivot": [0, 0, -3.675],
							"rotation": [0, 19.98311, 180],
							"uv": {
								"west": {"uv": [23, 16], "uv_size": [0.5, 0.5]},
								"up": {"uv": [17, 23], "uv_size": [0.5, 0.5]},
								"down": {"uv": [23, 17.5], "uv_size": [0.5, -0.5]}
							}
						},
						{
							"origin": [-0.3, 0.49462, -4.9875],
							"size": [0.1, 0.025, 1.875],
							"pivot": [0, 0, -3.675],
							"rotation": [0, 0, 180],
							"uv": {
								"west": {"uv": [7, 6], "uv_size": [2, 0.5]},
								"up": {"uv": [7, 7], "uv_size": [0.5, 2]},
								"down": {"uv": [1, 10], "uv_size": [0.5, -2]}
							}
						}
					]
				}
			]
		}
	]
}