{
  "ammo": "apdf:1163x39",
  "ammo_amount": 10,
  "extended_mag_ammo_amount": [
    13,
    20,
    32
  ],
  "bolt": "closed_bolt",
  "rpm": 850,
  "bullet": {
    "life": 0.8,
    "bullet_amount": 1,
    "damage": 14,
    "tracer_count_interval": 0,
    "extra_damage": {
      "armor_ignore": 0.35,
      "head_shot_multiplier": 1.5,
      "damage_adjust": [
        {"distance": 35, "damage": 14},
        {"distance": 80, "damage": 12},
        {"distance": 120, "damage": 10},
        {"distance": "infinite", "damage": 8}
      ]
    },
    "speed": 300,
    "gravity": 0.15,
    "knockback": 0,
    "friction": 0.01,
    "ignite": false,
    "pierce": 2,
    "explosion": {
      "explode": false,
      "damage": 25,
      "radius": 0.75,
      "knockback": true,
      "delay": 1
    }
  },
  "reload": {
    "type": "magazine",
    "feed": {
      "empty": 1.87,
      "tactical": 1.40
    },
    "cooldown": {
      "empty": 2.2,
      "tactical": 1.87
    }
  },
  "draw_time": 0.3,
  "put_away_time": 0.43,
  "aim_time": 0.17,
  "sprint_time": 0.18,
  "weight": 3.5,
  "movement_speed": {
    "base": 0.0,
    "aim": -0.15,
    "reload": -0.1
  },
  "crawl_recoil_multiplier": 0.1,
  "fire_mode": [
    "auto",
    "burst",
    "semi"
  ],
  "fire_mode_adjust": {
    "semi": {
      "damage": 6,
      "rpm": -550,
      "speed": 50,
      "knockback": 0.1,
      "armor_ignore": 0.25,
      "head_shot_multiplier": 0.1,
      "aim_inaccuracy": -0.1,
      "other_inaccuracy": -0.5
    },
     "burst": {
       "damage": -1,
       "speed": -15,
       "aim_inaccuracy": 0.075,
       "other_inaccuracy": 0.5
     }
  },
  "burst_data": {
    "continuous_shoot": true,
    "count": 3,
    "bpm": 1200,
    "min_interval": 0.1
  },
  "recoil": {
    "pitch": [
      {"time": 0, "value": [1.75, 1.75]},
      {"time": 0.05, "value": [1.75, 1.75]},
      {"time": 0.25, "value": [-0.35, -0.25]},
      {"time": 0.5, "value": [0, 0]}
    ],
    "yaw": [
      {"time": 0, "value": [-0.25, 0.15]},
      {"time": 0.3, "value": [-0.25, 0.15]},
      {"time": 0.5, "value": [0, 0]}
    ]
  },
  "inaccuracy": {
    "stand": 4.0,
    "move": 4.5,
    "sneak": 3.5,
    "lie": 2.0,
    "aim": 0.1
  },
  "melee": {
    "distance": 1,
    "cooldown": 0.6,
    "default": {
      "animation_type": "melee_stock",
      "distance": 1,
      "range_angle": 30,
      "damage": 2,
      "knockback": 0.5,
      "prep": 0.1
    }
  },
  "allow_attachment_types": [
    "scope",
    "laser",
    "stock",
    "grip",
    "muzzle",
    "extended_mag"
  ],
  "exclusive_attachments": {
  },
  "tacz_fire_control_extension:fire_control_system": {
    "aim_cone_angle": 70
  }
}