{
  "ammo": "tacz:338",
  "ammo_amount": 5,
  "extended_mag_ammo_amount": [
    7,
    9,
    12
  ],
  "bolt": "closed_bolt",
  "rpm": 300,
  "bullet": {
    "life": 0.9,
    "bullet_amount": 1,
    "damage": 38,
    "tracer_count_interval": 0,
    "extra_damage": {
      "armor_ignore": 0.55,
      "head_shot_multiplier": 1.5,
      "damage_adjust": [
        {"distance": 40, "damage": 38},
        {"distance": 100, "damage": 34},
        {"distance": 160, "damage": 30},
        {"distance": "infinite", "damage": 24}
      ]
    },
    "speed": 560,
    "gravity": 0.15,
    "knockback": 0,
    "friction": 0.015,
    "ignite": false,
    "pierce": 3,
    "explosion": {
      "explode": false,
      "damage": 60,
      "radius": 1.25,
      "knockback": true,
      "delay": 1
    }
  },
  "reload": {
    "type": "magazine",
    "feed": {
      "empty": 2.05,
      "tactical": 1.2
    },
    "cooldown": {
      "empty": 2.53,
      "tactical": 2.03
    }
  },
  "draw_time": 0.43,
  "put_away_time": 0.43,
  "aim_time": 0.21,
  "sprint_time": 0.19,
  "weight": 8.0,
  "movement_speed": {
    "base": 0.0,
    "aim": -0.2,
    "reload": -0.1
  },
  "crawl_recoil_multiplier": 0.5,
  "fire_mode": [
    "semi"
  ],
  "recoil": {
    "pitch": [
      {"time": 0, "value": [1.0, 1.0]},
      {"time": 0.2, "value": [1.5, 1.5]},
      {"time": 0.45, "value": [-0.2, -0.2]},
      {"time": 0.6, "value": [0, 0]},
      {"time": 0.7, "value": [0, 0]}
    ],
    "yaw": [
      {"time": 0, "value": [-0.3, 0.15]},
      {"time": 0.35, "value": [-0.3, 0.15]},
      {"time": 0.5, "value": [0, 0]}
    ]
  },
  "inaccuracy": {
    "stand": 5.5,
    "move": 6,
    "sneak": 2.75,
    "lie": 1.6,
    "aim": 0.06
  },
  // 近战相关
  "melee": {
    "distance": 1,
    "cooldown": 1.0,
    "default": {
      "animation_type": "melee_stock",
      "distance": 1.25,
      "range_angle": 30,
      "damage": 4,
      "knockback": 1,
      "prep": 0.1
    }
  },
  "allow_attachment_types": [
    "scope",
    "stock",
    "grip",
    "muzzle",
    "extended_mag",
    "laser"
  ]
}