{
	"format_version": "1.12.0",
	"minecraft:geometry": [
		{
			"description": {
				"identifier": "geometry.hk416d - Converted",
				"texture_width": 64,
				"texture_height": 64,
				"visible_bounds_width": 4,
				"visible_bounds_height": 2.5,
				"visible_bounds_offset": [0, 0.75, 0]
			},
			"bones": [
				{
					"name": "lod",
					"pivot": [-0.00041, 7.56692, 4.77724]
				},
				{
					"name": "barrel",
					"parent": "lod",
					"pivot": [0, 9.76089, -13.46827],
					"cubes": [
						{
							"origin": [-0.375, 9.19839, -19.37452],
							"size": [0.9375, 0.9375, 3],
							"pivot": [0, 9.76089, -18.46827],
							"rotation": [0, 0, 45],
							"uv": {
								"north": {"uv": [11, 29], "uv_size": [1, 1]},
								"east": {"uv": [23, 19], "uv_size": [3, 1]},
								"south": {"uv": [31, 10], "uv_size": [1, 1]},
								"west": {"uv": [32, 16], "uv_size": [3, 1]},
								"up": {"uv": [5, 34], "uv_size": [1, 3]},
								"down": {"uv": [6, 37], "uv_size": [1, -3]}
							}
						},
						{
							"origin": [-0.25, 9.32339, -16.37452],
							"size": [0.6875, 0.6875, 5.5],
							"pivot": [0, 9.76089, -13.46827],
							"rotation": [0, 0, 45],
							"uv": {
								"north": {"uv": [41, 6], "uv_size": [0.5, 0.5]},
								"east": {"uv": [34, 15], "uv_size": [5.5, 0.5]},
								"south": {"uv": [8, 41], "uv_size": [0.5, 0.5]},
								"west": {"uv": [35, 16], "uv_size": [5.5, 0.5]},
								"up": {"uv": [10, 36], "uv_size": [0.5, 5.5]},
								"down": {"uv": [11, 41.5], "uv_size": [0.5, -5.5]}
							}
						}
					]
				},
				{
					"name": "pull_handle",
					"parent": "lod",
					"pivot": [0, 0, 0],
					"cubes": [
						{
							"origin": [-1.3125, 10.63589, 8.18798],
							"size": [2.6875, 0.375, 0.75],
							"uv": {
								"north": {"uv": [39, 2], "uv_size": [2.5, 0.5]},
								"east": {"uv": [40, 24], "uv_size": [1, 0.5]},
								"south": {"uv": [39, 3], "uv_size": [2.5, 0.5]},
								"west": {"uv": [25, 40], "uv_size": [1, 0.5]},
								"up": {"uv": [35, 28], "uv_size": [2.5, 1]},
								"down": {"uv": [35, 30], "uv_size": [2.5, -1]}
							}
						}
					]
				},
				{
					"name": "handguard",
					"parent": "lod",
					"pivot": [0, 0, 0],
					"cubes": [
						{
							"origin": [-1.0625, 9.26089, -10.81202],
							"size": [2.125, 0.75, 10.6875],
							"uv": {
								"north": {"uv": [36, 14], "uv_size": [2, 1]},
								"east": {"uv": [21, 8], "uv_size": [10.5, 1]},
								"south": {"uv": [36, 21], "uv_size": [2, 1]},
								"west": {"uv": [21, 9], "uv_size": [10.5, 1]},
								"up": {"uv": [0, 6], "uv_size": [2, 10.5]},
								"down": {"uv": [2, 16.5], "uv_size": [2, -10.5]}
							}
						},
						{
							"origin": [-1.0625, 9.44839, -10.81202],
							"size": [2.125, 0.375, 10.1875],
							"inflate": 0.001,
							"uv": {
								"north": {"uv": [39, 4], "uv_size": [2, 0.5]},
								"east": {"uv": [26, 21], "uv_size": [10, 0.5]},
								"south": {"uv": [39, 5], "uv_size": [2, 0.5]},
								"west": {"uv": [30, 17], "uv_size": [10, 0.5]},
								"up": {"uv": [4, 6], "uv_size": [2, 10]},
								"down": {"uv": [6, 16], "uv_size": [2, -10]}
							}
						},
						{
							"origin": [-0.375, 8.69839, -10.81202],
							"size": [1.375, 1.375, 10.6875],
							"pivot": [0, 9.69839, -5.46827],
							"rotation": [0, 0, 45],
							"uv": {
								"north": {"uv": [19, 36], "uv_size": [1.5, 1.5]},
								"east": {"uv": [12, 12], "uv_size": [10.5, 1.5]},
								"south": {"uv": [21, 36], "uv_size": [1.5, 1.5]},
								"west": {"uv": [12, 14], "uv_size": [10.5, 1.5]},
								"up": {"uv": [4, 16], "uv_size": [1.5, 10.5]},
								"down": {"uv": [6, 26.5], "uv_size": [1.5, -10.5]}
							}
						},
						{
							"origin": [-0.375, 9.44839, -10.81202],
							"size": [1.375, 1.375, 10.6875],
							"pivot": [0, 10.44839, -5.46827],
							"rotation": [0, 0, 45],
							"uv": {
								"north": {"uv": [23, 36], "uv_size": [1.5, 1.5]},
								"east": {"uv": [12, 16], "uv_size": [10.5, 1.5]},
								"south": {"uv": [25, 36], "uv_size": [1.5, 1.5]},
								"west": {"uv": [12, 18], "uv_size": [10.5, 1.5]},
								"up": {"uv": [0, 17], "uv_size": [1.5, 10.5]},
								"down": {"uv": [2, 27.5], "uv_size": [1.5, -10.5]}
							}
						},
						{
							"origin": [-0.4375, 8.32339, -10.87452],
							"size": [0.875, 2.5625, 19.0625],
							"uv": {
								"north": {"uv": [12, 36], "uv_size": [1, 2.5]},
								"east": {"uv": [0, 0], "uv_size": [19, 2.5]},
								"south": {"uv": [13, 36], "uv_size": [1, 2.5]},
								"west": {"uv": [0, 3], "uv_size": [19, 2.5]},
								"up": {"uv": [8, 6], "uv_size": [1, 19]},
								"down": {"uv": [9, 25], "uv_size": [1, -19]}
							}
						},
						{
							"origin": [-0.4375, 10.88589, -10.87452],
							"size": [0.875, 0.3125, 18.625],
							"uv": {
								"north": {"uv": [40, 23], "uv_size": [1, 0.5]},
								"east": {"uv": [23, 7], "uv_size": [18.5, 0.5]},
								"south": {"uv": [24, 40], "uv_size": [1, 0.5]},
								"west": {"uv": [23, 12], "uv_size": [18.5, 0.5]},
								"up": {"uv": [10, 6], "uv_size": [1, 18.5]},
								"down": {"uv": [11, 24.5], "uv_size": [1, -18.5]}
							}
						},
						{
							"origin": [-0.4375, 8.01089, -9.49952],
							"size": [0.875, 0.375, 9.5],
							"uv": {
								"north": {"uv": [40, 25], "uv_size": [1, 0.5]},
								"east": {"uv": [30, 20], "uv_size": [9.5, 0.5]},
								"south": {"uv": [26, 40], "uv_size": [1, 0.5]},
								"west": {"uv": [30, 22], "uv_size": [9.5, 0.5]},
								"up": {"uv": [24, 23], "uv_size": [1, 9.5]},
								"down": {"uv": [8, 34.5], "uv_size": [1, -9.5]}
							}
						}
					]
				},
				{
					"name": "trigger",
					"parent": "lod",
					"pivot": [0, 0, 0],
					"cubes": [
						{
							"origin": [0, 5.76089, 3.93798],
							"size": [0, 1.3125, 2.75],
							"uv": {
								"north": {"uv": [0, 0], "uv_size": [0, 1.5]},
								"east": {"uv": [0, 33], "uv_size": [2.5, 1.5]},
								"south": {"uv": [0, 0], "uv_size": [0, 1.5]},
								"west": {"uv": [33, 0], "uv_size": [2.5, 1.5]},
								"up": {"uv": [0, 0], "uv_size": [0, 2.5]},
								"down": {"uv": [0, 2.5], "uv_size": [0, -2.5]}
							}
						}
					]
				},
				{
					"name": "grip",
					"parent": "lod",
					"pivot": [0, 2.44393, 8.75627],
					"cubes": [
						{
							"origin": [-0.75, 6.70496, 8.69564],
							"size": [1.5, 1.9375, 0.875],
							"inflate": 0.001,
							"pivot": [0, 8.29871, 8.35189],
							"rotation": [-35, 0, 0],
							"uv": {
								"north": {"uv": [34, 31], "uv_size": [1.5, 2]},
								"east": {"uv": [15, 37], "uv_size": [1, 2]},
								"south": {"uv": [33, 34], "uv_size": [1.5, 2]},
								"west": {"uv": [16, 37], "uv_size": [1, 2]},
								"up": {"uv": [25, 38], "uv_size": [1.5, 1]},
								"down": {"uv": [38, 26], "uv_size": [1.5, -1]}
							}
						},
						{
							"origin": [-0.75, 5.57339, 6.75048],
							"size": [1.5, 1.4375, 2.1875],
							"uv": {
								"north": {"uv": [31, 36], "uv_size": [1.5, 1.5]},
								"east": {"uv": [13, 34], "uv_size": [2, 1.5]},
								"south": {"uv": [36, 32], "uv_size": [1.5, 1.5]},
								"west": {"uv": [34, 13], "uv_size": [2, 1.5]},
								"up": {"uv": [25, 34], "uv_size": [1.5, 2]},
								"down": {"uv": [31, 36], "uv_size": [1.5, -2]}
							}
						},
						{
							"origin": [-0.75, 2.51089, 6.56582],
							"size": [1.5, 3.57165, 2.30966],
							"inflate": 0.001,
							"pivot": [0, 6.29214, 7.68798],
							"rotation": [22.5, 0, 0],
							"uv": {
								"north": {"uv": [11, 30], "uv_size": [1.5, 3.5]},
								"east": {"uv": [9, 25], "uv_size": [2.5, 3.5]},
								"south": {"uv": [13, 30], "uv_size": [1.5, 3.5]},
								"west": {"uv": [25, 23], "uv_size": [2.5, 3.5]},
								"up": {"uv": [15, 33], "uv_size": [1.5, 2.5]},
								"down": {"uv": [17, 35.5], "uv_size": [1.5, -2.5]}
							}
						},
						{
							"origin": [-0.75, 1.93194, 7.65196],
							"size": [1.5, 1.02397, 2.70862],
							"pivot": [0, 2.44393, 8.75627],
							"rotation": [11, 0, 0],
							"uv": {
								"north": {"uv": [38, 26], "uv_size": [1.5, 1]},
								"east": {"uv": [36, 0], "uv_size": [2.5, 1]},
								"south": {"uv": [38, 28], "uv_size": [1.5, 1]},
								"west": {"uv": [36, 1], "uv_size": [2.5, 1]},
								"up": {"uv": [33, 2], "uv_size": [1.5, 2.5]},
								"down": {"uv": [9, 35.5], "uv_size": [1.5, -2.5]}
							}
						}
					]
				},
				{
					"name": "buffer",
					"parent": "lod",
					"pivot": [0, 0, 0],
					"cubes": [
						{
							"origin": [-0.66594, 9.31738, 9.62548],
							"size": [1.35225, 0.57452, 2.75],
							"pivot": [0.00509, 9.59235, 11.00048],
							"rotation": [0, 0, -45],
							"uv": {
								"north": {"uv": [39, 39], "uv_size": [1.5, 0.5]},
								"east": {"uv": [38, 29], "uv_size": [3, 0.5]},
								"south": {"uv": [0, 40], "uv_size": [1.5, 0.5]},
								"west": {"uv": [38, 30], "uv_size": [3, 0.5]},
								"up": {"uv": [31, 3], "uv_size": [1.5, 3]},
								"down": {"uv": [4, 34], "uv_size": [1.5, -3]}
							}
						},
						{
							"origin": [-0.67613, 9.31738, 9.62548],
							"size": [1.35225, 0.57452, 2.75],
							"pivot": [0, 9.60464, 11.00048],
							"rotation": [0, 0, -135],
							"uv": {
								"north": {"uv": [40, 10], "uv_size": [1.5, 0.5]},
								"east": {"uv": [31, 38], "uv_size": [3, 0.5]},
								"south": {"uv": [40, 11], "uv_size": [1.5, 0.5]},
								"west": {"uv": [38, 31], "uv_size": [3, 0.5]},
								"up": {"uv": [6, 31], "uv_size": [1.5, 3]},
								"down": {"uv": [31, 32], "uv_size": [1.5, -3]}
							}
						},
						{
							"origin": [-0.68122, 9.32968, 9.62548],
							"size": [1.36244, 0.54994, 2.75],
							"uv": {
								"north": {"uv": [12, 40], "uv_size": [1.5, 0.5]},
								"east": {"uv": [38, 32], "uv_size": [3, 0.5]},
								"south": {"uv": [14, 40], "uv_size": [1.5, 0.5]},
								"west": {"uv": [38, 33], "uv_size": [3, 0.5]},
								"up": {"uv": [32, 8], "uv_size": [1.5, 3]},
								"down": {"uv": [32, 16], "uv_size": [1.5, -3]}
							}
						},
						{
							"origin": [-0.27497, 8.92343, 9.62548],
							"size": [0.54994, 1.36244, 2.75],
							"uv": {
								"north": {"uv": [3, 40], "uv_size": [0.5, 1.5]},
								"east": {"uv": [25, 32], "uv_size": [3, 1.5]},
								"south": {"uv": [9, 40], "uv_size": [0.5, 1.5]},
								"west": {"uv": [31, 32], "uv_size": [3, 1.5]},
								"up": {"uv": [2, 38], "uv_size": [0.5, 3]},
								"down": {"uv": [8, 41], "uv_size": [0.5, -3]}
							}
						}
					]
				},
				{
					"name": "mag",
					"parent": "lod",
					"pivot": [0, 3.14724, 1.70824],
					"cubes": [
						{
							"origin": [-0.5, 3.88589, 0.53048],
							"size": [1, 2, 2.9375],
							"pivot": [0, 4.88589, 2.03048],
							"rotation": [-6, 0, 0],
							"uv": {
								"north": {"uv": [37, 10], "uv_size": [1, 2]},
								"east": {"uv": [28, 3], "uv_size": [3, 2]},
								"south": {"uv": [14, 37], "uv_size": [1, 2]},
								"west": {"uv": [28, 5], "uv_size": [3, 2]},
								"up": {"uv": [19, 30], "uv_size": [1, 3]},
								"down": {"uv": [4, 37], "uv_size": [1, -3]}
							}
						},
						{
							"origin": [-0.5, 1.00974, 0.20824],
							"size": [1, 3.1375, 2.9375],
							"pivot": [0, 3.14724, 1.70824],
							"rotation": [-15, 0, 0],
							"uv": {
								"north": {"uv": [7, 34], "uv_size": [1, 3]},
								"east": {"uv": [23, 13], "uv_size": [3, 3]},
								"south": {"uv": [27, 34], "uv_size": [1, 3]},
								"west": {"uv": [23, 16], "uv_size": [3, 3]},
								"up": {"uv": [0, 35], "uv_size": [1, 3]},
								"down": {"uv": [1, 38], "uv_size": [1, -3]}
							}
						}
					]
				},
				{
					"name": "416d",
					"parent": "lod",
					"pivot": [-1.03134, 8.68549, 2.37099],
					"cubes": [
						{
							"origin": [-0.54982, 9.20397, -0.56202],
							"size": [1.15835, 1.13975, 10.18702],
							"pivot": [-0.20397, 9.82897, 6.3125],
							"rotation": [0, 0, -45],
							"uv": {
								"north": {"uv": [33, 31], "uv_size": [1, 1]},
								"east": {"uv": [20, 22], "uv_size": [10, 1]},
								"south": {"uv": [34, 10], "uv_size": [1, 1]},
								"west": {"uv": [23, 0], "uv_size": [10, 1]},
								"up": {"uv": [20, 23], "uv_size": [1, 10]},
								"down": {"uv": [21, 33], "uv_size": [1, -10]}
							}
						},
						{
							"origin": [-0.54051, 8.50331, -0.12452],
							"size": [1.14905, 1.14905, 9.75],
							"pivot": [-0.20397, 9.12831, 6.56298],
							"rotation": [0, 0, -45],
							"uv": {
								"north": {"uv": [34, 33], "uv_size": [1, 1]},
								"east": {"uv": [23, 1], "uv_size": [10, 1]},
								"south": {"uv": [35, 4], "uv_size": [1, 1]},
								"west": {"uv": [23, 2], "uv_size": [10, 1]},
								"up": {"uv": [22, 23], "uv_size": [1, 10]},
								"down": {"uv": [23, 33], "uv_size": [1, -10]}
							}
						},
						{
							"origin": [-0.8125, 9.26089, -0.12452],
							"size": [1.625, 0.6875, 9.75],
							"uv": {
								"north": {"uv": [39, 34], "uv_size": [1.5, 0.5]},
								"east": {"uv": [30, 18], "uv_size": [10, 0.5]},
								"south": {"uv": [39, 35], "uv_size": [1.5, 0.5]},
								"west": {"uv": [30, 19], "uv_size": [10, 0.5]},
								"up": {"uv": [19, 0], "uv_size": [1.5, 10]},
								"down": {"uv": [12, 30], "uv_size": [1.5, -10]}
							}
						},
						{
							"origin": [0.9375, 9.26089, 5.06298],
							"size": [1.625, 1.0625, 1.5625],
							"pivot": [1.75, 9.60464, 1.75048],
							"rotation": [0, -30, 0],
							"uv": {
								"north": {"uv": [0, 38], "uv_size": [1.5, 1]},
								"east": {"uv": [38, 10], "uv_size": [1.5, 1]},
								"south": {"uv": [38, 11], "uv_size": [1.5, 1]},
								"west": {"uv": [38, 14], "uv_size": [1.5, 1]},
								"up": {"uv": [36, 25], "uv_size": [1.5, 1.5]},
								"down": {"uv": [36, 31.5], "uv_size": [1.5, -1.5]}
							}
						},
						{
							"origin": [-1.41498, 9.25, 5.39021],
							"size": [1.4375, 0.75, 3],
							"pivot": [-0.78998, 9.46875, 7.60896],
							"rotation": [0, -22.5, 0],
							"uv": {
								"north": {"uv": [19, 38], "uv_size": [1.5, 1]},
								"east": {"uv": [33, 5], "uv_size": [3, 1]},
								"south": {"uv": [21, 38], "uv_size": [1.5, 1]},
								"west": {"uv": [33, 30], "uv_size": [3, 1]},
								"up": {"uv": [15, 30], "uv_size": [1.5, 3]},
								"down": {"uv": [17, 33], "uv_size": [1.5, -3]}
							}
						},
						{
							"origin": [-0.9375, 5.38589, 0.50048],
							"size": [1.875, 0.3125, 3.75],
							"pivot": [0, 9.38589, 6.50048],
							"rotation": [-5, 0, 0],
							"uv": {
								"north": {"uv": [39, 8], "uv_size": [2, 0.5]},
								"east": {"uv": [36, 27], "uv_size": [3.5, 0.5]},
								"south": {"uv": [39, 9], "uv_size": [2, 0.5]},
								"west": {"uv": [37, 6], "uv_size": [3.5, 0.5]},
								"up": {"uv": [26, 13], "uv_size": [2, 3.5]},
								"down": {"uv": [26, 20.5], "uv_size": [2, -3.5]}
							}
						},
						{
							"origin": [-0.6875, 5.94839, 0.43798],
							"size": [1.375, 2.0625, 3.4375],
							"uv": {
								"north": {"uv": [34, 8], "uv_size": [1.5, 2]},
								"east": {"uv": [4, 27], "uv_size": [3.5, 2]},
								"south": {"uv": [11, 34], "uv_size": [1.5, 2]},
								"west": {"uv": [27, 10], "uv_size": [3.5, 2]},
								"up": {"uv": [9, 29], "uv_size": [1.5, 3.5]},
								"down": {"uv": [29, 32.5], "uv_size": [1.5, -3.5]}
							}
						},
						{
							"origin": [-0.6875, 7.01089, 3.87548],
							"size": [1.375, 1, 4.5],
							"uv": {
								"north": {"uv": [38, 21], "uv_size": [1.5, 1]},
								"east": {"uv": [30, 25], "uv_size": [4.5, 1]},
								"south": {"uv": [23, 38], "uv_size": [1.5, 1]},
								"west": {"uv": [30, 26], "uv_size": [4.5, 1]},
								"up": {"uv": [25, 27], "uv_size": [1.5, 4.5]},
								"down": {"uv": [27, 31.5], "uv_size": [1.5, -4.5]}
							}
						},
						{
							"origin": [-0.6875, 8.01089, -0.12452],
							"size": [1.375, 0.6875, 9.6875],
							"uv": {
								"north": {"uv": [37, 39], "uv_size": [1.5, 0.5]},
								"east": {"uv": [30, 23], "uv_size": [9.5, 0.5]},
								"south": {"uv": [39, 38], "uv_size": [1.5, 0.5]},
								"west": {"uv": [30, 24], "uv_size": [9.5, 0.5]},
								"up": {"uv": [14, 20], "uv_size": [1.5, 9.5]},
								"down": {"uv": [16, 29.5], "uv_size": [1.5, -9.5]}
							}
						},
						{
							"origin": [-0.43791, 9.12942, 0.46474],
							"size": [1.4375, 1.4375, 3.8125],
							"pivot": [-0.00041, 10.56692, 4.77724],
							"rotation": [0, 0, 22.5],
							"uv": {
								"north": {"uv": [33, 36], "uv_size": [1.5, 1.5]},
								"east": {"uv": [28, 13], "uv_size": [4, 1.5]},
								"south": {"uv": [36, 34], "uv_size": [1.5, 1.5]},
								"west": {"uv": [28, 15], "uv_size": [4, 1.5]},
								"up": {"uv": [28, 17], "uv_size": [1.5, 4]},
								"down": {"uv": [28, 27], "uv_size": [1.5, -4]}
							}
						},
						{
							"origin": [-1.12509, 7.96674, 0.46474],
							"size": [0.1875, 1.4375, 3.8125],
							"pivot": [-1.03134, 8.68549, 2.37099],
							"rotation": [0, 0, 13.5],
							"uv": {
								"north": {"uv": [40, 14], "uv_size": [0.5, 1.5]},
								"east": {"uv": [4, 29], "uv_size": [4, 1.5]},
								"south": {"uv": [16, 40], "uv_size": [0.5, 1.5]},
								"west": {"uv": [29, 27], "uv_size": [4, 1.5]},
								"up": {"uv": [27, 37], "uv_size": [0.5, 4]},
								"down": {"uv": [29, 41], "uv_size": [0.5, -4]}
							}
						}
					]
				},
				{
					"name": "sight",
					"parent": "lod",
					"pivot": [-0.00041, 21.56692, 4.77724],
					"cubes": [
						{
							"origin": [-0.62541, 11.06692, 5.27724],
							"size": [1.25, 0.5625, 2],
							"uv": {
								"north": {"uv": [40, 17], "uv_size": [1.5, 0.5]},
								"east": {"uv": [12, 39], "uv_size": [2, 0.5]},
								"south": {"uv": [40, 18], "uv_size": [1.5, 0.5]},
								"west": {"uv": [39, 13], "uv_size": [2, 0.5]},
								"up": {"uv": [35, 2], "uv_size": [1.5, 2]},
								"down": {"uv": [35, 12], "uv_size": [1.5, -2]}
							}
						},
						{
							"origin": [-0.50041, 11.06692, 6.46474],
							"size": [1, 1.4375, 0.8125],
							"inflate": 0.002,
							"uv": {
								"north": {"uv": [34, 38], "uv_size": [1, 1.5]},
								"east": {"uv": [38, 34], "uv_size": [1, 1.5]},
								"south": {"uv": [35, 38], "uv_size": [1, 1.5]},
								"west": {"uv": [36, 38], "uv_size": [1, 1.5]},
								"up": {"uv": [35, 6], "uv_size": [1, 1]},
								"down": {"uv": [9, 40], "uv_size": [1, -1]}
							}
						},
						{
							"origin": [-0.49085, 12.19192, -9.91026],
							"size": [0.875, 0.875, 0.625],
							"pivot": [-0.0221, 12.56692, -9.44151],
							"rotation": [0, 0, 45],
							"uv": {
								"north": {"uv": [14, 39], "uv_size": [1, 1]},
								"east": {"uv": [40, 26], "uv_size": [0.5, 1]},
								"south": {"uv": [15, 39], "uv_size": [1, 1]},
								"west": {"uv": [40, 27], "uv_size": [0.5, 1]},
								"up": {"uv": [28, 40], "uv_size": [1, 0.5]},
								"down": {"uv": [40, 28.5], "uv_size": [1, -0.5]}
							}
						},
						{
							"origin": [-0.3125, 11.50821, -9.91026],
							"size": [0.625, 1, 0.625],
							"uv": {
								"north": {"uv": [30, 40], "uv_size": [0.5, 1]},
								"east": {"uv": [31, 40], "uv_size": [0.5, 1]},
								"south": {"uv": [34, 40], "uv_size": [0.5, 1]},
								"west": {"uv": [35, 40], "uv_size": [0.5, 1]},
								"up": {"uv": [41, 8], "uv_size": [0.5, 0.5]},
								"down": {"uv": [41, 9.5], "uv_size": [0.5, -0.5]}
							}
						},
						{
							"origin": [-0.50041, 11.06692, -9.91026],
							"size": [1.0625, 0.375, 0.9375],
							"uv": {
								"north": {"uv": [36, 40], "uv_size": [1, 0.5]},
								"east": {"uv": [40, 36], "uv_size": [1, 0.5]},
								"south": {"uv": [37, 40], "uv_size": [1, 0.5]},
								"west": {"uv": [40, 37], "uv_size": [1, 0.5]},
								"up": {"uv": [16, 39], "uv_size": [1, 1]},
								"down": {"uv": [19, 40], "uv_size": [1, -1]}
							}
						},
						{
							"origin": [-0.50041, 11.37942, 5.58974],
							"size": [1, 0.5625, 1.75],
							"inflate": 0.001,
							"pivot": [-0.00041, 11.22317, 5.99599],
							"rotation": [22.5, 0, 0],
							"uv": {
								"north": {"uv": [38, 40], "uv_size": [1, 0.5]},
								"east": {"uv": [20, 39], "uv_size": [2, 0.5]},
								"south": {"uv": [39, 40], "uv_size": [1, 0.5]},
								"west": {"uv": [22, 39], "uv_size": [2, 0.5]},
								"up": {"uv": [30, 37], "uv_size": [1, 2]},
								"down": {"uv": [37, 38], "uv_size": [1, -2]}
							}
						},
						{
							"origin": [-0.50041, 11.81692, 6.02724],
							"size": [1, 0.5625, 1],
							"pivot": [-0.00041, 11.22317, 5.99599],
							"rotation": [22.5, 0, 0],
							"uv": {
								"north": {"uv": [40, 40], "uv_size": [1, 0.5]},
								"east": {"uv": [0, 41], "uv_size": [1, 0.5]},
								"south": {"uv": [1, 41], "uv_size": [1, 0.5]},
								"west": {"uv": [2, 41], "uv_size": [1, 0.5]},
								"up": {"uv": [24, 39], "uv_size": [1, 1]},
								"down": {"uv": [25, 40], "uv_size": [1, -1]}
							}
						}
					]
				},
				{
					"name": "positioning_attachment",
					"parent": "lod",
					"pivot": [0, 7, 6.575]
				},
				{
					"name": "muzzle_flash",
					"parent": "positioning_attachment",
					"pivot": [0, 9.6, -19.375]
				},
				{
					"name": "muzzle_pos",
					"parent": "positioning_attachment",
					"pivot": [0, 9.625, -16.375]
				},
				{
					"name": "laser_pos",
					"parent": "positioning_attachment",
					"pivot": [1.3745, 9.625, -9.625],
					"rotation": [0, 0, 90]
				},
				{
					"name": "scope_pos",
					"parent": "positioning_attachment",
					"pivot": [0, 11.3725, 5.95]
				},
				{
					"name": "grip_pos",
					"parent": "positioning_attachment",
					"pivot": [0, 8.00625, -5.05]
				},
				{
					"name": "shell",
					"parent": "positioning_attachment",
					"pivot": [-0.2, 9.75, 2.2]
				},
				{
					"name": "fixed",
					"parent": "lod",
					"pivot": [0.875, 9.625, 5.1],
					"rotation": [0, 90, 0]
				},
				{
					"name": "ground",
					"parent": "lod",
					"pivot": [0, -0.9, 4.65]
				},
				{
					"name": "thirdperson_hand",
					"parent": "lod",
					"pivot": [0, 7.025, 6.65]
				},
				{
					"name": "ld_stock",
					"parent": "lod",
					"pivot": [0, 6.88886, 17.35165],
					"cubes": [
						{
							"origin": [-0.87618, 8.1655, 11.58479],
							"size": [1.7168, 1.7168, 7.9357],
							"pivot": [-0.54275, 9.26649, 6.37461],
							"rotation": [0, 0, -45],
							"uv": {
								"north": {"uv": [35, 36], "uv_size": [1.5, 1.5]},
								"east": {"uv": [19, 10], "uv_size": [8, 1.5]},
								"south": {"uv": [37, 2], "uv_size": [1.5, 1.5]},
								"west": {"uv": [18, 20], "uv_size": [8, 1.5]},
								"up": {"uv": [21, 0], "uv_size": [1.5, 8]},
								"down": {"uv": [18, 30], "uv_size": [1.5, -8]}
							}
						},
						{
							"origin": [-0.378, 6.32619, 14.0093],
							"size": [0.756, 2.80585, 0.756],
							"pivot": [0, 7.38406, 14.3873],
							"rotation": [0, 45, 0],
							"uv": {
								"north": {"uv": [2, 35], "uv_size": [1, 3]},
								"east": {"uv": [8, 35], "uv_size": [1, 3]},
								"south": {"uv": [35, 25], "uv_size": [1, 3]},
								"west": {"uv": [35, 33], "uv_size": [1, 3]},
								"up": {"uv": [26, 39], "uv_size": [1, 1]},
								"down": {"uv": [28, 40], "uv_size": [1, -1]}
							}
						},
						{
							"origin": [-0.10402, 6.973, 12.82127],
							"size": [0.20804, 2.33304, 6.79863],
							"uv": {
								"north": {"uv": [6, 39], "uv_size": [0.5, 2.5]},
								"east": {"uv": [12, 6], "uv_size": [7, 2.5]},
								"south": {"uv": [7, 39], "uv_size": [0.5, 2.5]},
								"west": {"uv": [12, 9], "uv_size": [7, 2.5]},
								"up": {"uv": [28, 32], "uv_size": [0.5, 7]},
								"down": {"uv": [3, 40], "uv_size": [0.5, -7]}
							}
						},
						{
							"origin": [-0.67902, 6.66847, 13.32001],
							"size": [1.35804, 0.95804, 2.47363],
							"uv": {
								"north": {"uv": [38, 36], "uv_size": [1.5, 1]},
								"east": {"uv": [36, 8], "uv_size": [2.5, 1]},
								"south": {"uv": [37, 38], "uv_size": [1.5, 1]},
								"west": {"uv": [36, 9], "uv_size": [2.5, 1]},
								"up": {"uv": [19, 33], "uv_size": [1.5, 2.5]},
								"down": {"uv": [21, 35.5], "uv_size": [1.5, -2.5]}
							}
						},
						{
							"origin": [-0.67902, 5.00262, 15.14171],
							"size": [1.35804, 0.95804, 2.37363],
							"inflate": -0.001,
							"pivot": [0, 6.00664, 17.47853],
							"rotation": [-45, 0, 0],
							"uv": {
								"north": {"uv": [38, 37], "uv_size": [1.5, 1]},
								"east": {"uv": [36, 13], "uv_size": [2.5, 1]},
								"south": {"uv": [0, 39], "uv_size": [1.5, 1]},
								"west": {"uv": [14, 36], "uv_size": [2.5, 1]},
								"up": {"uv": [23, 33], "uv_size": [1.5, 2.5]},
								"down": {"uv": [33, 29.5], "uv_size": [1.5, -2.5]}
							}
						},
						{
							"origin": [-0.37902, 5.61732, 15.91371],
							"size": [0.75804, 1.10804, 3.47363],
							"pivot": [0, 6.52134, 17.15053],
							"rotation": [-22.5, 0, 0],
							"uv": {
								"north": {"uv": [30, 39], "uv_size": [1, 1]},
								"east": {"uv": [31, 6], "uv_size": [3.5, 1]},
								"south": {"uv": [31, 39], "uv_size": [1, 1]},
								"west": {"uv": [31, 11], "uv_size": [3.5, 1]},
								"up": {"uv": [29, 33], "uv_size": [1, 3.5]},
								"down": {"uv": [30, 36.5], "uv_size": [1, -3.5]}
							}
						},
						{
							"origin": [-0.85402, 4.60168, 19.08676],
							"size": [1.70804, 4.55804, 0.57363],
							"pivot": [0, 7.3557, 19.48607],
							"rotation": [-9, 0, 0],
							"uv": {
								"north": {"uv": [0, 28], "uv_size": [1.5, 4.5]},
								"east": {"uv": [4, 37], "uv_size": [0.5, 4.5]},
								"south": {"uv": [2, 28], "uv_size": [1.5, 4.5]},
								"west": {"uv": [5, 37], "uv_size": [0.5, 4.5]},
								"up": {"uv": [19, 40], "uv_size": [1.5, 0.5]},
								"down": {"uv": [40, 19.5], "uv_size": [1.5, -0.5]}
							}
						},
						{
							"origin": [-0.8584, 8.60776, 19.52229],
							"size": [1.7168, 1.7168, 0.42476],
							"pivot": [0, 9.46616, 21.92139],
							"rotation": [0, 0, -45],
							"uv": {
								"north": {"uv": [37, 4], "uv_size": [1.5, 1.5]},
								"east": {"uv": [40, 20], "uv_size": [0.5, 1.5]},
								"south": {"uv": [6, 37], "uv_size": [1.5, 1.5]},
								"west": {"uv": [21, 40], "uv_size": [0.5, 1.5]},
								"up": {"uv": [22, 40], "uv_size": [1.5, 0.5]},
								"down": {"uv": [40, 22.5], "uv_size": [1.5, -0.5]}
							}
						},
						{
							"origin": [-0.37902, 6.9501, 12.8373],
							"size": [0.75804, 0.23304, 3.24863],
							"uv": {
								"north": {"uv": [41, 4], "uv_size": [1, 0.5]},
								"east": {"uv": [39, 0], "uv_size": [3, 0.5]},
								"south": {"uv": [41, 5], "uv_size": [1, 0.5]},
								"west": {"uv": [39, 1], "uv_size": [3, 0.5]},
								"up": {"uv": [36, 4], "uv_size": [1, 3]},
								"down": {"uv": [9, 39], "uv_size": [1, -3]}
							}
						},
						{
							"origin": [-0.10402, 6.44734, 14.86483],
							"size": [0.20804, 2.10804, 5.07363],
							"inflate": -0.001,
							"pivot": [0, 6.88886, 17.35165],
							"rotation": [-45, 0, 0],
							"uv": {
								"north": {"uv": [32, 39], "uv_size": [0.5, 2]},
								"east": {"uv": [23, 3], "uv_size": [5, 2]},
								"south": {"uv": [33, 39], "uv_size": [0.5, 2]},
								"west": {"uv": [23, 5], "uv_size": [5, 2]},
								"up": {"uv": [17, 36], "uv_size": [0.5, 5]},
								"down": {"uv": [18, 41], "uv_size": [0.5, -5]}
							}
						}
					]
				}
			]
		}
	]
}