{
	"format_version": "1.12.0",
	"minecraft:geometry": [
		{
			"description": {
				"identifier": "geometry.m7a1lod",
				"texture_width": 64,
				"texture_height": 64,
				"visible_bounds_width": 112,
				"visible_bounds_height": 23,
				"visible_bounds_offset": [0, 3.5, 0]
			},
			"bones": [
				{
					"name": "lod",
					"pivot": [-0.08301, 1.09247, -1.79059]
				},
				{
					"name": "m7",
					"parent": "lod",
					"pivot": [-0.04453, 9.28838, -5.61601]
				},
				{
					"name": "m7_deco",
					"parent": "m7",
					"pivot": [3.3951, 11.57592, 12.07174]
				},
				{
					"name": "charge_handle",
					"parent": "m7_deco",
					"pivot": [9.89098, 6.78137, 0.54703],
					"cubes": [
						{
							"origin": [0.52947, 6.06515, -7.80818],
							"size": [0.53279, 1.24556, 1.52156],
							"uv": {
								"north": {"uv": [32, 55], "uv_size": [0.5, 1.5]},
								"east": {"uv": [6, 49], "uv_size": [2, 1.5]},
								"south": {"uv": [55, 32], "uv_size": [0.5, 1.5]},
								"west": {"uv": [8, 49], "uv_size": [2, 1.5]},
								"up": {"uv": [1, 54], "uv_size": [0.5, 2]},
								"down": {"uv": [2, 56], "uv_size": [0.5, -2]}
							}
						},
						{
							"origin": [0.63632, 6.40423, -6.54502],
							"size": [0.27679, 0.64617, 6.92528],
							"uv": {
								"north": {"uv": [55, 52], "uv_size": [0.5, 1]},
								"east": {"uv": [34, 31], "uv_size": [8.5, 1]},
								"south": {"uv": [53, 55], "uv_size": [0.5, 1]},
								"west": {"uv": [34, 32], "uv_size": [8.5, 1]},
								"up": {"uv": [10, 46], "uv_size": [0.5, 8.5]},
								"down": {"uv": [11, 54.5], "uv_size": [0.5, -8.5]}
							}
						}
					]
				},
				{
					"name": "mag",
					"parent": "m7_deco",
					"pivot": [0.35699, 3.20693, -4.80641],
					"cubes": [
						{
							"origin": [-0.74957, -0.57757, -6.61534],
							"size": [1.11155, 7.56899, 3.61786],
							"inflate": -0.025,
							"uv": {
								"north": {"uv": [27, 23], "uv_size": [1.5, 9.5]},
								"east": {"uv": [0, 12], "uv_size": [4.5, 9.5]},
								"south": {"uv": [28, 0], "uv_size": [1.5, 9.5]},
								"west": {"uv": [12, 0], "uv_size": [4.5, 9.5]},
								"up": {"uv": [27, 43], "uv_size": [1.5, 4.5]},
								"down": {"uv": [43, 43.5], "uv_size": [1.5, -4.5]}
							}
						}
					]
				},
				{
					"name": "bolt",
					"parent": "m7_deco",
					"pivot": [9.19062, 6.77863, 2.54335],
					"cubes": [
						{
							"origin": [-1.10955, 6.72347, -6.81249],
							"size": [0.64617, 0.32305, 5.1461],
							"pivot": [-0.78646, 6.88499, -4.23945],
							"rotation": [0, 0, 90],
							"uv": {
								"north": {"uv": [55, 53], "uv_size": [1, 0.5]},
								"east": {"uv": [47, 42], "uv_size": [6.5, 0.5]},
								"south": {"uv": [54, 55], "uv_size": [1, 0.5]},
								"west": {"uv": [48, 47], "uv_size": [6.5, 0.5]},
								"up": {"uv": [23, 10], "uv_size": [1, 6.5]},
								"down": {"uv": [21, 49.5], "uv_size": [1, -6.5]}
							}
						}
					]
				},
				{
					"name": "sight",
					"parent": "m7_deco",
					"pivot": [-0.08301, 9.84247, -8.81559],
					"cubes": [
						{
							"origin": [-0.53301, 8.84247, 0.00941],
							"size": [0.9, 0.4, 1],
							"uv": {
								"north": {"uv": [55, 54], "uv_size": [1, 0.5]},
								"east": {"uv": [33, 55], "uv_size": [1.5, 0.5]},
								"south": {"uv": [55, 55], "uv_size": [1, 0.5]},
								"west": {"uv": [55, 34], "uv_size": [1.5, 0.5]},
								"up": {"uv": [9, 52], "uv_size": [1, 1.5]},
								"down": {"uv": [17, 53.5], "uv_size": [1, -1.5]}
							}
						},
						{
							"origin": [-0.38301, 9.14247, 0.40941],
							"size": [0.6, 0.3, 0.8],
							"uv": {
								"east": {"uv": [1, 56], "uv_size": [1, 0.5]},
								"south": {"uv": [2, 56], "uv_size": [1, 0.5]},
								"west": {"uv": [56, 2], "uv_size": [1, 0.5]},
								"up": {"uv": [5, 54], "uv_size": [1, 1]},
								"down": {"uv": [6, 55], "uv_size": [1, -1]}
							}
						},
						{
							"origin": [-0.38301, 9.11562, 0.02443],
							"size": [0.6, 0.3, 0.45],
							"pivot": [-0.08301, 9.26562, 0.37443],
							"rotation": [22.5, 0, 0],
							"uv": {
								"north": {"uv": [3, 56], "uv_size": [1, 0.5]},
								"east": {"uv": [41, 56], "uv_size": [0.5, 0.5]},
								"west": {"uv": [42, 56], "uv_size": [0.5, 0.5]},
								"up": {"uv": [56, 3], "uv_size": [1, 0.5]}
							}
						},
						{
							"origin": [-0.53301, 9.71747, 0.38441],
							"size": [0.9, 0.45, 0.95],
							"pivot": [-0.08301, 9.84247, 0.98441],
							"rotation": [90, 0, 0],
							"uv": {
								"north": {"uv": [4, 56], "uv_size": [1, 0.5]},
								"east": {"uv": [56, 4], "uv_size": [1, 0.5]},
								"west": {"uv": [5, 56], "uv_size": [1, 0.5]}
							}
						},
						{
							"origin": [-0.28301, 9.76747, 0.68441],
							"size": [0.4, 0.25, 0.4],
							"pivot": [-0.08301, 9.89247, 0.88441],
							"rotation": [90, 0, -45],
							"uv": {
								"north": {"uv": [43, 56], "uv_size": [0.5, 0.5]},
								"east": {"uv": [44, 56], "uv_size": [0.5, 0.5]},
								"south": {"uv": [56, 45], "uv_size": [0.5, 0.5]},
								"west": {"uv": [56, 46], "uv_size": [0.5, 0.5]}
							}
						},
						{
							"origin": [-0.48301, 9.56747, 0.73441],
							"size": [0.45, 0.25, 0.3],
							"pivot": [-0.08301, 9.69247, 0.88441],
							"rotation": [90, 0, -90],
							"uv": {
								"north": {"uv": [49, 56], "uv_size": [0.5, 0.5]},
								"east": {"uv": [56, 49], "uv_size": [0.5, 0.5]},
								"south": {"uv": [50, 56], "uv_size": [0.5, 0.5]},
								"west": {"uv": [56, 50], "uv_size": [0.5, 0.5]},
								"up": {"uv": [51, 56], "uv_size": [0.5, 0.5]},
								"down": {"uv": [52, 56.5], "uv_size": [0.5, -0.5]}
							}
						},
						{
							"origin": [-0.53301, 8.84247, -20.99059],
							"size": [0.9, 0.4, 1],
							"uv": {
								"north": {"uv": [6, 56], "uv_size": [1, 0.5]},
								"east": {"uv": [35, 55], "uv_size": [1.5, 0.5]},
								"south": {"uv": [7, 56], "uv_size": [1, 0.5]},
								"west": {"uv": [55, 35], "uv_size": [1.5, 0.5]},
								"up": {"uv": [29, 52], "uv_size": [1, 1.5]},
								"down": {"uv": [30, 53.5], "uv_size": [1, -1.5]}
							}
						},
						{
							"origin": [-0.38301, 9.11562, -20.97557],
							"size": [0.6, 0.3, 0.45],
							"pivot": [-0.08301, 9.26562, -20.62557],
							"rotation": [22.5, 0, 0],
							"uv": {
								"north": {"uv": [56, 7], "uv_size": [1, 0.5]},
								"east": {"uv": [56, 52], "uv_size": [0.5, 0.5]},
								"west": {"uv": [53, 56], "uv_size": [0.5, 0.5]},
								"up": {"uv": [8, 56], "uv_size": [1, 0.5]}
							}
						},
						{
							"origin": [-0.38301, 9.14247, -20.59059],
							"size": [0.6, 0.3, 0.8],
							"uv": {
								"east": {"uv": [56, 8], "uv_size": [1, 0.5]},
								"south": {"uv": [9, 56], "uv_size": [1, 0.5]},
								"west": {"uv": [56, 9], "uv_size": [1, 0.5]},
								"up": {"uv": [9, 54], "uv_size": [1, 1]},
								"down": {"uv": [12, 55], "uv_size": [1, -1]}
							}
						},
						{
							"origin": [-0.33301, 9.71747, -20.41559],
							"size": [0.5, 0.25, 0.75],
							"pivot": [-0.08301, 9.84247, -20.01559],
							"rotation": [90, 0, 0],
							"uv": {
								"north": {"uv": [56, 53], "uv_size": [0.5, 0.5]},
								"east": {"uv": [10, 56], "uv_size": [1, 0.5]},
								"south": {"uv": [54, 56], "uv_size": [0.5, 0.5]},
								"west": {"uv": [56, 10], "uv_size": [1, 0.5]},
								"up": {"uv": [56, 11], "uv_size": [0.5, 1]},
								"down": {"uv": [56, 13], "uv_size": [0.5, -1]}
							}
						}
					]
				},
				{
					"name": "m7_default",
					"parent": "m7",
					"pivot": [0.85079, 6.01546, 3.31235],
					"rotation": [-3.002, 90, -0.003],
					"cubes": [
						{
							"origin": [13.56778, 4.14559, 5.20908],
							"size": [1.19999, 4.52302, 9.15219],
							"pivot": [14.16778, 11.6458, 1.97824],
							"rotation": [90.001, -86.998, -89.999],
							"uv": {
								"north": {"uv": [10, 36], "uv_size": [1.5, 5.5]},
								"east": {"uv": [0, 0], "uv_size": [11.5, 5.5]},
								"south": {"uv": [18, 37], "uv_size": [1.5, 5.5]},
								"west": {"uv": [0, 6], "uv_size": [11.5, 5.5]},
								"up": {"uv": [1, 22], "uv_size": [1.5, 11.5]},
								"down": {"uv": [3, 33.5], "uv_size": [1.5, -11.5]}
							}
						},
						{
							"origin": [13.56778, 5.20691, 3.98675],
							"size": [1.19999, 3.4617, 1.2281],
							"pivot": [14.16778, 11.6458, 1.97824],
							"rotation": [90.001, -86.998, -89.999],
							"uv": {
								"north": {"uv": [1, 44], "uv_size": [1.5, 4.5]},
								"east": {"uv": [6, 44], "uv_size": [1.5, 4.5]},
								"south": {"uv": [8, 44], "uv_size": [1.5, 4.5]},
								"west": {"uv": [12, 44], "uv_size": [1.5, 4.5]},
								"up": {"uv": [31, 51], "uv_size": [1.5, 1.5]},
								"down": {"uv": [35, 52.5], "uv_size": [1.5, -1.5]}
							}
						},
						{
							"origin": [13.93707, 8.29939, 13.56293],
							"size": [0.46156, 0.25386, 1.49995],
							"pivot": [14.16778, 11.6458, 1.97824],
							"rotation": [90.001, -86.998, -89.999],
							"uv": {
								"north": {"uv": [56, 54], "uv_size": [0.5, 0.5]},
								"east": {"uv": [19, 54], "uv_size": [2, 0.5]},
								"south": {"uv": [55, 56], "uv_size": [0.5, 0.5]},
								"west": {"uv": [54, 25], "uv_size": [2, 0.5]},
								"up": {"uv": [13, 54], "uv_size": [0.5, 2]},
								"down": {"uv": [17, 56], "uv_size": [0.5, -2]}
							}
						},
						{
							"origin": [13.47551, 8.20704, 15.01671],
							"size": [1.3846, 0.43847, 0.43847],
							"pivot": [14.16778, 11.6458, 1.97824],
							"rotation": [90.001, -86.998, -89.999],
							"uv": {
								"north": {"uv": [55, 39], "uv_size": [1.5, 0.5]},
								"east": {"uv": [56, 55], "uv_size": [0.5, 0.5]},
								"south": {"uv": [55, 40], "uv_size": [1.5, 0.5]},
								"west": {"uv": [56, 56], "uv_size": [0.5, 0.5]},
								"up": {"uv": [41, 55], "uv_size": [1.5, 0.5]},
								"down": {"uv": [55, 41.5], "uv_size": [1.5, -0.5]}
							}
						},
						{
							"origin": [13.56595, 7.23591, 13.09945],
							"size": [1.20382, 0.39613, 1.34226],
							"inflate": -0.025,
							"pivot": [14.16778, 11.6458, 1.97824],
							"rotation": [90.001, -86.998, -89.999],
							"uv": {
								"north": {"uv": [55, 42], "uv_size": [1.5, 0.5]},
								"east": {"uv": [43, 55], "uv_size": [1.5, 0.5]},
								"south": {"uv": [55, 43], "uv_size": [1.5, 0.5]},
								"west": {"uv": [55, 44], "uv_size": [1.5, 0.5]},
								"up": {"uv": [51, 38], "uv_size": [1.5, 1.5]},
								"down": {"uv": [39, 52.5], "uv_size": [1.5, -1.5]}
							}
						},
						{
							"origin": [13.32137, 2.71473, 5.11682],
							"size": [1.69296, 3.6924, 4.15395],
							"pivot": [14.16778, 11.6458, 1.97824],
							"rotation": [90.001, -86.998, -89.999],
							"uv": {
								"north": {"uv": [3, 34], "uv_size": [2, 4.5]},
								"east": {"uv": [18, 10], "uv_size": [5, 4.5]},
								"south": {"uv": [34, 23], "uv_size": [2, 4.5]},
								"west": {"uv": [18, 15], "uv_size": [5, 4.5]},
								"up": {"uv": [29, 30], "uv_size": [2, 5]},
								"down": {"uv": [10, 36], "uv_size": [2, -5]}
							}
						},
						{
							"origin": [7.80072, 2.61879, -1.64788],
							"size": [1.65974, 1.83878, 2.94366],
							"pivot": [7.79899, 2.61142, 1.61578],
							"rotation": [81.751, -86.998, -89.999],
							"uv": {
								"north": {"uv": [45, 23], "uv_size": [2, 2.5]},
								"east": {"uv": [28, 14], "uv_size": [4, 2.5]},
								"west": {"uv": [30, 7], "uv_size": [4, 2.5]},
								"down": {"uv": [10, 46], "uv_size": [2, -4]}
							}
						},
						{
							"origin": [13.33707, 4.09941, 9.27077],
							"size": [1.66155, 2.30772, 0.57691],
							"pivot": [14.16778, 11.6458, 1.97824],
							"rotation": [90.001, -86.998, -89.999],
							"uv": {
								"north": {"uv": [43, 33], "uv_size": [2, 3]},
								"east": {"uv": [34, 52], "uv_size": [0.5, 3]},
								"south": {"uv": [44, 2], "uv_size": [2, 3]},
								"west": {"uv": [41, 52], "uv_size": [0.5, 3]},
								"up": {"uv": [29, 54], "uv_size": [2, 0.5]},
								"down": {"uv": [35, 54.5], "uv_size": [2, -0.5]}
							}
						},
						{
							"origin": [13.56778, 4.88402, 14.36135],
							"size": [1.19999, 3.32302, 1.17204],
							"pivot": [14.16778, 11.6458, 1.97824],
							"rotation": [90.001, -86.998, -89.999],
							"uv": {
								"north": {"uv": [35, 44], "uv_size": [1.5, 4]},
								"east": {"uv": [37, 44], "uv_size": [1.5, 4]},
								"south": {"uv": [43, 44], "uv_size": [1.5, 4]},
								"west": {"uv": [3, 45], "uv_size": [1.5, 4]},
								"up": {"uv": [43, 51], "uv_size": [1.5, 1.5]},
								"down": {"uv": [51, 45.5], "uv_size": [1.5, -1.5]}
							}
						},
						{
							"origin": [1.33661, 7.75899, 3.52979],
							"size": [1.19999, 0.75068, 1.11809],
							"pivot": [2.39817, 3.16655, 2.88511],
							"rotation": [77.501, -86.998, -89.999],
							"uv": {
								"north": {"uv": [52, 35], "uv_size": [1.5, 1]},
								"east": {"uv": [52, 41], "uv_size": [1.5, 1]},
								"south": {"uv": [51, 52], "uv_size": [1.5, 1]},
								"west": {"uv": [1, 53], "uv_size": [1.5, 1]},
								"up": {"uv": [45, 51], "uv_size": [1.5, 1.5]},
								"down": {"uv": [47, 52.5], "uv_size": [1.5, -1.5]}
							}
						},
						{
							"origin": [13.75247, 8.53016, 5.67071],
							"size": [0.83078, 0.36922, 9.56607],
							"pivot": [14.16778, 11.6458, 1.97824],
							"rotation": [90.001, -86.998, -89.999],
							"uv": {
								"north": {"uv": [13, 56], "uv_size": [1, 0.5]},
								"east": {"uv": [44, 5], "uv_size": [10, 0.5]},
								"south": {"uv": [56, 13], "uv_size": [1, 0.5]},
								"west": {"uv": [45, 18], "uv_size": [10, 0.5]},
								"up": {"uv": [31, 23], "uv_size": [1, 10]},
								"down": {"uv": [32, 33], "uv_size": [1, -10]}
							}
						},
						{
							"origin": [0.612, 4.86219, 1.73287],
							"size": [1.20061, 0.80831, 1.51886],
							"inflate": -0.004,
							"pivot": [0.61231, 4.8625, 1.73317],
							"rotation": [-48.249, -93.002, 90.001],
							"uv": {
								"north": {"uv": [53, 4], "uv_size": [1.5, 1]},
								"east": {"uv": [51, 16], "uv_size": [2, 1]},
								"south": {"uv": [53, 10], "uv_size": [1.5, 1]},
								"west": {"uv": [51, 32], "uv_size": [2, 1]},
								"up": {"uv": [12, 49], "uv_size": [1.5, 2]},
								"down": {"uv": [31, 51], "uv_size": [1.5, -2]}
							}
						},
						{
							"origin": [13.56778, 5.85323, 16.60767],
							"size": [1.19999, 1.99692, 0.95657],
							"pivot": [14.16778, 11.6458, 1.97824],
							"rotation": [90.001, -86.998, -89.999],
							"uv": {
								"north": {"uv": [47, 33], "uv_size": [1.5, 2.5]},
								"east": {"uv": [50, 44], "uv_size": [1, 2.5]},
								"south": {"uv": [47, 39], "uv_size": [1.5, 2.5]},
								"west": {"uv": [6, 51], "uv_size": [1, 2.5]},
								"up": {"uv": [53, 11], "uv_size": [1.5, 1]},
								"down": {"uv": [53, 17], "uv_size": [1.5, -1]}
							}
						},
						{
							"origin": [13.56778, 5.20714, -1.52954],
							"size": [1.19999, 3.46146, 5.51555],
							"pivot": [14.16778, 11.6458, 1.97824],
							"rotation": [90.001, -86.998, -89.999],
							"uv": {
								"north": {"uv": [31, 44], "uv_size": [1.5, 4.5]},
								"east": {"uv": [17, 0], "uv_size": [7, 4.5]},
								"south": {"uv": [33, 44], "uv_size": [1.5, 4.5]},
								"west": {"uv": [17, 5], "uv_size": [7, 4.5]},
								"up": {"uv": [29, 23], "uv_size": [1.5, 7]},
								"down": {"uv": [30, 7], "uv_size": [1.5, -7]}
							}
						},
						{
							"origin": [5.28287, 7.08063, -2.39094],
							"size": [0.32305, 0.64617, 8.4319],
							"pivot": [5.44447, 7.38059, 2.17816],
							"rotation": [-90, -3.002, 90.003],
							"uv": {
								"north": {"uv": [14, 56], "uv_size": [0.5, 1]},
								"east": {"uv": [28, 12], "uv_size": [10.5, 1]},
								"south": {"uv": [56, 16], "uv_size": [0.5, 1]},
								"west": {"uv": [28, 13], "uv_size": [10.5, 1]},
								"up": {"uv": [24, 45], "uv_size": [0.5, 10.5]},
								"down": {"uv": [25, 55.5], "uv_size": [0.5, -10.5]}
							}
						},
						{
							"origin": [14.4408, 6.24946, 4.04066],
							"size": [0.64601, 0.83078, 12.60046],
							"pivot": [14.16778, 11.6458, 1.97824],
							"rotation": [90.001, -86.998, -89.999],
							"uv": {
								"north": {"uv": [54, 35], "uv_size": [1, 1]},
								"east": {"uv": [23, 17], "uv_size": [16, 1]},
								"south": {"uv": [54, 36], "uv_size": [1, 1]},
								"west": {"uv": [23, 18], "uv_size": [16, 1]},
								"up": {"uv": [15, 27], "uv_size": [1, 16]},
								"down": {"uv": [16, 43], "uv_size": [1, -16]}
							}
						},
						{
							"origin": [14.39654, 6.59758, 4.15799],
							"size": [0.64218, 0.45766, 7.86569],
							"inflate": 0.025,
							"pivot": [14.16778, 11.6458, 1.97824],
							"rotation": [90.001, -86.998, -89.999],
							"uv": {
								"north": {"uv": [17, 56], "uv_size": [1, 0.5]},
								"east": {"uv": [45, 19], "uv_size": [10, 0.5]},
								"south": {"uv": [56, 17], "uv_size": [1, 0.5]},
								"west": {"uv": [45, 43], "uv_size": [10, 0.5]},
								"up": {"uv": [33, 23], "uv_size": [1, 10]},
								"down": {"uv": [27, 43], "uv_size": [1, -10]}
							}
						},
						{
							"origin": [14.4408, 7.17258, 5.19455],
							"size": [0.59992, 0.59999, 1.61552],
							"pivot": [14.16778, 11.6458, 1.97824],
							"rotation": [90.001, -86.998, -89.999],
							"uv": {
								"north": {"uv": [0, 57], "uv_size": [0.5, 0.5]},
								"east": {"uv": [54, 37], "uv_size": [2, 0.5]},
								"south": {"uv": [57, 0], "uv_size": [0.5, 0.5]},
								"west": {"uv": [39, 54], "uv_size": [2, 0.5]},
								"up": {"uv": [54, 39], "uv_size": [0.5, 2]},
								"down": {"uv": [54, 43], "uv_size": [0.5, -2]}
							}
						},
						{
							"origin": [6.78283, 6.61867, -3.89929],
							"size": [0.32305, 0.48457, 12.60046],
							"pivot": [6.09056, 6.64175, 2.11527],
							"rotation": [-90, -48.002, 90.003],
							"uv": {
								"north": {"uv": [1, 57], "uv_size": [0.5, 0.5]},
								"east": {"uv": [42, 6], "uv_size": [16, 0.5]},
								"south": {"uv": [57, 1], "uv_size": [0.5, 0.5]},
								"west": {"uv": [42, 14], "uv_size": [16, 0.5]},
								"up": {"uv": [26, 39], "uv_size": [0.5, 16]},
								"down": {"uv": [0, 57], "uv_size": [0.5, -16]}
							}
						},
						{
							"origin": [5.35213, 7.29107, -2.94437],
							"size": [0.32297, 0.64609, 12.60046],
							"pivot": [6.09056, 7.75255, 3.07019],
							"rotation": [90, -41.998, -89.997],
							"uv": {
								"north": {"uv": [56, 18], "uv_size": [0.5, 1]},
								"east": {"uv": [23, 19], "uv_size": [16, 1]},
								"south": {"uv": [19, 56], "uv_size": [0.5, 1]},
								"west": {"uv": [27, 22], "uv_size": [16, 1]},
								"up": {"uv": [42, 39], "uv_size": [0.5, 16]},
								"down": {"uv": [15, 59], "uv_size": [0.5, -16]}
							}
						},
						{
							"origin": [13.24874, 6.24946, 9.70909],
							"size": [0.64617, 0.83078, 6.93203],
							"pivot": [14.16778, 11.6458, 1.97824],
							"rotation": [90.001, -86.998, -89.999],
							"uv": {
								"north": {"uv": [44, 54], "uv_size": [1, 1]},
								"east": {"uv": [34, 33], "uv_size": [8.5, 1]},
								"south": {"uv": [45, 54], "uv_size": [1, 1]},
								"west": {"uv": [34, 34], "uv_size": [8.5, 1]},
								"up": {"uv": [6, 35], "uv_size": [1, 8.5]},
								"down": {"uv": [7, 43.5], "uv_size": [1, -8.5]}
							}
						},
						{
							"origin": [4.35819, 6.24278, 0.43691],
							"size": [0.87687, 0.73843, 2.19229],
							"pivot": [4.91201, 6.61199, 1.5331],
							"rotation": [-9.893, -107.748, 9.433],
							"uv": {
								"north": {"uv": [46, 54], "uv_size": [1, 1]},
								"east": {"uv": [7, 51], "uv_size": [2.5, 1]},
								"south": {"uv": [47, 54], "uv_size": [1, 1]},
								"west": {"uv": [51, 15], "uv_size": [2.5, 1]},
								"up": {"uv": [12, 51], "uv_size": [1, 2.5]},
								"down": {"uv": [13, 53.5], "uv_size": [1, -2.5]}
							}
						},
						{
							"origin": [4.49662, 6.38114, 0.43447],
							"size": [0.46156, 0.46156, 2.88455],
							"pivot": [4.91201, 6.65809, 1.53066],
							"rotation": [-9.893, -107.748, 9.433],
							"uv": {
								"north": {"uv": [2, 57], "uv_size": [0.5, 0.5]},
								"east": {"uv": [52, 2], "uv_size": [3.5, 0.5]},
								"south": {"uv": [57, 2], "uv_size": [0.5, 0.5]},
								"west": {"uv": [52, 3], "uv_size": [3.5, 0.5]},
								"up": {"uv": [7, 52], "uv_size": [0.5, 3.5]},
								"down": {"uv": [8, 55.5], "uv_size": [0.5, -3.5]}
							}
						},
						{
							"origin": [4.40435, 6.28879, 3.20367],
							"size": [0.64617, 0.64617, 0.34613],
							"pivot": [4.91201, 6.65809, 1.53066],
							"rotation": [-9.893, -107.748, 9.433],
							"uv": {
								"north": {"uv": [54, 48], "uv_size": [1, 1]},
								"east": {"uv": [56, 19], "uv_size": [0.5, 1]},
								"south": {"uv": [54, 49], "uv_size": [1, 1]},
								"west": {"uv": [20, 56], "uv_size": [0.5, 1]},
								"up": {"uv": [21, 56], "uv_size": [1, 0.5]},
								"down": {"uv": [56, 23.5], "uv_size": [1, -0.5]}
							}
						},
						{
							"origin": [6.50595, 7.19817, 0.95351],
							"size": [0.32305, 0.64617, 6.93203],
							"pivot": [6.09056, 7.65965, 1.29964],
							"rotation": [-90, -48.002, 90.003],
							"uv": {
								"north": {"uv": [24, 56], "uv_size": [0.5, 1]},
								"east": {"uv": [34, 35], "uv_size": [8.5, 1]},
								"south": {"uv": [56, 24], "uv_size": [0.5, 1]},
								"west": {"uv": [36, 23], "uv_size": [8.5, 1]},
								"up": {"uv": [27, 48], "uv_size": [0.5, 8.5]},
								"down": {"uv": [28, 56.5], "uv_size": [0.5, -8.5]}
							}
						},
						{
							"origin": [13.70559, 6.87136, 9.70909],
							"size": [0.92438, 0.66572, 6.93203],
							"pivot": [14.16778, 11.6458, 1.97824],
							"rotation": [90.001, -86.998, -89.999],
							"uv": {
								"north": {"uv": [54, 51], "uv_size": [1, 1]},
								"east": {"uv": [36, 24], "uv_size": [8.5, 1]},
								"south": {"uv": [54, 52], "uv_size": [1, 1]},
								"west": {"uv": [36, 25], "uv_size": [8.5, 1]},
								"up": {"uv": [8, 35], "uv_size": [1, 8.5]},
								"down": {"uv": [9, 43.5], "uv_size": [1, -8.5]}
							}
						},
						{
							"origin": [13.24874, 6.24946, 4.04066],
							"size": [0.64617, 0.83078, 1.1539],
							"pivot": [14.16778, 11.6458, 1.97824],
							"rotation": [90.001, -86.998, -89.999],
							"uv": {
								"north": {"uv": [54, 53], "uv_size": [1, 1]},
								"east": {"uv": [53, 26], "uv_size": [1.5, 1]},
								"south": {"uv": [54, 54], "uv_size": [1, 1]},
								"west": {"uv": [53, 27], "uv_size": [1.5, 1]},
								"up": {"uv": [3, 53], "uv_size": [1, 1.5]},
								"down": {"uv": [31, 54.5], "uv_size": [1, -1.5]}
							}
						},
						{
							"origin": [6.50595, 7.19817, -4.71492],
							"size": [0.32305, 0.64617, 1.14623],
							"pivot": [6.09056, 7.65965, 1.29964],
							"rotation": [-90, -48.002, 90.003],
							"uv": {
								"north": {"uv": [25, 56], "uv_size": [0.5, 1]},
								"east": {"uv": [53, 32], "uv_size": [1.5, 1]},
								"south": {"uv": [56, 25], "uv_size": [0.5, 1]},
								"west": {"uv": [35, 53], "uv_size": [1.5, 1]},
								"up": {"uv": [45, 55], "uv_size": [0.5, 1.5]},
								"down": {"uv": [55, 46.5], "uv_size": [0.5, -1.5]}
							}
						},
						{
							"origin": [6.50595, 7.34617, -3.56869],
							"size": [0.32305, 0.49817, 4.69166],
							"pivot": [6.09056, 7.65965, 1.29964],
							"rotation": [-90, -48.002, 90.003],
							"uv": {
								"north": {"uv": [25, 56], "uv_size": [0.5, 1]},
								"east": {"uv": [49, 33], "uv_size": [6, 0.5]},
								"south": {"uv": [56, 25], "uv_size": [0.5, 1]},
								"west": {"uv": [49, 34], "uv_size": [6, 0.5]},
								"up": {"uv": [4, 49], "uv_size": [0.5, 6]},
								"down": {"uv": [33, 55], "uv_size": [0.5, -6]}
							}
						},
						{
							"origin": [5.07518, 6.63179, -3.64913],
							"size": [0.32305, 0.48457, 12.60046],
							"pivot": [6.09056, 6.65487, 2.36544],
							"rotation": [90, -41.998, -89.997],
							"uv": {
								"north": {"uv": [3, 57], "uv_size": [0.5, 0.5]},
								"east": {"uv": [43, 22], "uv_size": [16, 0.5]},
								"south": {"uv": [57, 3], "uv_size": [0.5, 0.5]},
								"west": {"uv": [43, 31], "uv_size": [16, 0.5]},
								"up": {"uv": [16, 43], "uv_size": [0.5, 16]},
								"down": {"uv": [18, 59], "uv_size": [0.5, -16]}
							}
						},
						{
							"origin": [5.61087, 6.18769, 0.98075],
							"size": [0.73843, 1.13782, 0.7846],
							"pivot": [5.98008, 6.96064, 1.37298],
							"rotation": [16.599, -138.198, -18.455],
							"uv": {
								"north": {"uv": [32, 53], "uv_size": [1, 1.5]},
								"east": {"uv": [53, 36], "uv_size": [1, 1.5]},
								"south": {"uv": [37, 53], "uv_size": [1, 1.5]},
								"west": {"uv": [38, 53], "uv_size": [1, 1.5]},
								"up": {"uv": [3, 55], "uv_size": [1, 1]},
								"down": {"uv": [4, 56], "uv_size": [1, -1]}
							}
						},
						{
							"origin": [8.6059, 5.22363, -0.99755],
							"size": [0.18461, 1.24616, 4.5231],
							"pivot": [8.69816, 5.86979, 1.26399],
							"rotation": [90, 76.752, -89.997],
							"uv": {
								"north": {"uv": [46, 55], "uv_size": [0.5, 1.5]},
								"east": {"uv": [39, 18], "uv_size": [5.5, 1.5]},
								"south": {"uv": [47, 55], "uv_size": [0.5, 1.5]},
								"west": {"uv": [34, 39], "uv_size": [5.5, 1.5]},
								"up": {"uv": [14, 50], "uv_size": [0.5, 5.5]},
								"down": {"uv": [21, 55.5], "uv_size": [0.5, -5.5]}
							}
						},
						{
							"origin": [13.52168, 2.50414, 11.91426],
							"size": [1.29234, 1.68856, 2.178],
							"pivot": [14.16778, 11.6458, 1.97824],
							"rotation": [90.001, -86.998, -89.999],
							"uv": {
								"north": {"uv": [39, 49], "uv_size": [1.5, 2]},
								"east": {"uv": [45, 44], "uv_size": [2.5, 2]},
								"south": {"uv": [49, 39], "uv_size": [1.5, 2]},
								"west": {"uv": [46, 2], "uv_size": [2.5, 2]},
								"up": {"uv": [35, 48], "uv_size": [1.5, 2.5]},
								"down": {"uv": [37, 50.5], "uv_size": [1.5, -2.5]}
							}
						},
						{
							"origin": [2.02253, -0.67596, 2.98053],
							"size": [1.24714, 2.66566, 0.83262],
							"inflate": -0.001,
							"pivot": [2.64615, 1.83991, 2.49257],
							"rotation": [-72.499, -93.002, 90.001],
							"uv": {
								"north": {"uv": [45, 39], "uv_size": [1.5, 3.5]},
								"east": {"uv": [49, 0], "uv_size": [1, 3.5]},
								"south": {"uv": [40, 45], "uv_size": [1.5, 3.5]},
								"west": {"uv": [1, 49], "uv_size": [1, 3.5]},
								"up": {"uv": [53, 38], "uv_size": [1.5, 1]},
								"down": {"uv": [39, 54], "uv_size": [1.5, -1]}
							}
						},
						{
							"origin": [2.02287, 1.58522, 2.9899],
							"size": [1.24647, 1.2811, 0.80666],
							"inflate": -0.002,
							"pivot": [2.64615, 1.83991, 2.49257],
							"rotation": [-54.999, -93.002, 90.001],
							"uv": {
								"north": {"uv": [51, 48], "uv_size": [1.5, 1.5]},
								"east": {"uv": [53, 39], "uv_size": [1, 1.5]},
								"south": {"uv": [51, 50], "uv_size": [1.5, 1.5]},
								"west": {"uv": [43, 53], "uv_size": [1, 1.5]},
								"up": {"uv": [44, 53], "uv_size": [1.5, 1]},
								"down": {"uv": [53, 45], "uv_size": [1.5, -1]}
							}
						},
						{
							"origin": [8.68143, 9.33958, 8.41943],
							"size": [1.28314, 1.98746, 0.92312],
							"pivot": [9.28763, 6.56441, 2.20934],
							"rotation": [45.001, -86.998, -89.999],
							"uv": {
								"north": {"uv": [43, 48], "uv_size": [1.5, 2.5]},
								"east": {"uv": [19, 51], "uv_size": [1, 2.5]},
								"south": {"uv": [48, 44], "uv_size": [1.5, 2.5]},
								"west": {"uv": [20, 51], "uv_size": [1, 2.5]},
								"up": {"uv": [53, 45], "uv_size": [1.5, 1]},
								"down": {"uv": [46, 54], "uv_size": [1.5, -1]}
							}
						},
						{
							"origin": [2.02307, -0.62933, 1.57746],
							"size": [1.24616, 4.43075, 1.59944],
							"pivot": [2.64615, 1.83991, 2.49257],
							"rotation": [-76.999, -93.002, 90.001],
							"uv": {
								"north": {"uv": [20, 37], "uv_size": [1.5, 5.5]},
								"east": {"uv": [6, 29], "uv_size": [2, 5.5]},
								"south": {"uv": [3, 39], "uv_size": [1.5, 5.5]},
								"west": {"uv": [8, 29], "uv_size": [2, 5.5]},
								"up": {"uv": [49, 48], "uv_size": [1.5, 2]},
								"down": {"uv": [50, 2], "uv_size": [1.5, -2]}
							}
						},
						{
							"origin": [2.02253, -0.79209, 2.26927],
							"size": [1.24714, 4.59404, 0.32324],
							"inflate": -0.001,
							"pivot": [2.64615, 1.83991, 2.49257],
							"rotation": [80.501, -86.998, -89.999],
							"uv": {
								"north": {"uv": [24, 39], "uv_size": [1.5, 5.5]},
								"east": {"uv": [49, 50], "uv_size": [0.5, 5.5]},
								"south": {"uv": [40, 39], "uv_size": [1.5, 5.5]},
								"west": {"uv": [50, 50], "uv_size": [0.5, 5.5]},
								"up": {"uv": [55, 47], "uv_size": [1.5, 0.5]},
								"down": {"uv": [55, 48.5], "uv_size": [1.5, -0.5]}
							}
						},
						{
							"origin": [14.16785, 2.60712, 9.13218],
							"size": [0, 1.93842, 2.95381],
							"pivot": [14.16778, 11.7458, 1.97824],
							"rotation": [90.001, -86.998, -89.999],
							"uv": {
								"north": {"uv": [0, 0], "uv_size": [0, 2.5]},
								"east": {"uv": [34, 7], "uv_size": [3.5, 2.5]},
								"south": {"uv": [0, 0], "uv_size": [0, 2.5]},
								"west": {"uv": [34, 28], "uv_size": [3.5, 2.5]},
								"up": {"uv": [0, 0], "uv_size": [0, 3.5]},
								"down": {"uv": [0, 3.5], "uv_size": [0, -3.5]}
							}
						},
						{
							"origin": [10.32375, 6.21514, -21.80769],
							"size": [0.56482, 0.56482, 27.6693],
							"pivot": [10.65229, 6.45142, 2.25072],
							"rotation": [-90, -48.002, 90.003],
							"uv": {
								"north": {"uv": [4, 57], "uv_size": [0.5, 0.5]},
								"east": {"uv": [22, 20], "uv_size": [34.5, 0.5]},
								"south": {"uv": [57, 4], "uv_size": [0.5, 0.5]},
								"west": {"uv": [22, 21], "uv_size": [34.5, 0.5]},
								"up": {"uv": [22, 22], "uv_size": [0.5, 34.5]},
								"down": {"uv": [23, 56.5], "uv_size": [0.5, -34.5]}
							}
						},
						{
							"origin": [16.72221, 6.16905, -16.97859],
							"size": [0.65716, 0.65716, 1.6548],
							"pivot": [17.09692, 6.4515, 2.25072],
							"rotation": [-90, -48.002, 90.003],
							"uv": {
								"north": {"uv": [55, 4], "uv_size": [1, 1]},
								"east": {"uv": [51, 40], "uv_size": [2, 1]},
								"south": {"uv": [5, 55], "uv_size": [1, 1]},
								"west": {"uv": [51, 46], "uv_size": [2, 1]},
								"up": {"uv": [10, 29], "uv_size": [1, 2]},
								"down": {"uv": [48, 2], "uv_size": [1, -2]}
							}
						},
						{
							"origin": [16.76831, 6.12287, -15.73235],
							"size": [0.74942, 0.74942, 0.82402],
							"pivot": [17.18919, 6.4515, 2.25072],
							"rotation": [-90, -48.002, 90.003],
							"uv": {
								"north": {"uv": [6, 55], "uv_size": [1, 1]},
								"east": {"uv": [55, 7], "uv_size": [1, 1]},
								"south": {"uv": [55, 8], "uv_size": [1, 1]},
								"west": {"uv": [9, 55], "uv_size": [1, 1]},
								"up": {"uv": [55, 9], "uv_size": [1, 1]},
								"down": {"uv": [10, 56], "uv_size": [1, -1]}
							}
						},
						{
							"origin": [13.8854, 6.57313, -8.42797],
							"size": [0.56482, 1.14173, 0.87019],
							"pivot": [14.16778, 11.6458, 1.97824],
							"rotation": [90.001, -86.998, -89.999],
							"uv": {
								"north": {"uv": [48, 55], "uv_size": [0.5, 1.5]},
								"east": {"uv": [48, 53], "uv_size": [1, 1.5]},
								"south": {"uv": [55, 49], "uv_size": [0.5, 1.5]},
								"west": {"uv": [53, 48], "uv_size": [1, 1.5]},
								"up": {"uv": [26, 56], "uv_size": [0.5, 1]},
								"down": {"uv": [56, 27], "uv_size": [0.5, -1]}
							}
						},
						{
							"origin": [14.10575, 7.64415, -8.9214],
							"size": [0.12404, 0.32617, 0.30207],
							"pivot": [14.16778, 11.6458, 1.97824],
							"rotation": [90.001, -86.998, -89.999],
							"uv": {
								"north": {"uv": [56, 27], "uv_size": [0.5, 1]},
								"east": {"uv": [56, 28], "uv_size": [0.5, 1]},
								"south": {"uv": [29, 56], "uv_size": [0.5, 1]},
								"west": {"uv": [56, 29], "uv_size": [0.5, 1]},
								"up": {"uv": [5, 57], "uv_size": [0.5, 0.5]},
								"down": {"uv": [57, 5.5], "uv_size": [0.5, -0.5]}
							}
						},
						{
							"origin": [9.16993, 7.59809, -13.14611],
							"size": [0.47247, 0.47247, 19.86315],
							"pivot": [9.49847, 7.74203, 2.18303],
							"rotation": [-90, -48.002, 90.003],
							"uv": {
								"north": {"uv": [6, 57], "uv_size": [0.5, 0.5]},
								"east": {"uv": [28, 10], "uv_size": [25, 0.5]},
								"south": {"uv": [7, 57], "uv_size": [0.5, 0.5]},
								"west": {"uv": [28, 11], "uv_size": [25, 0.5]},
								"up": {"uv": [17, 27], "uv_size": [0.5, 25]},
								"down": {"uv": [5, 54], "uv_size": [0.5, -25]}
							}
						},
						{
							"origin": [-1.62615, 6.16873, 2.59167],
							"size": [0.46156, 1.6738, 0.46156],
							"pivot": [-1.39537, 7.00563, 2.82244],
							"rotation": [-4.242, -135.079, 3.001],
							"uv": {
								"north": {"uv": [55, 10], "uv_size": [0.5, 2]},
								"east": {"uv": [11, 55], "uv_size": [0.5, 2]},
								"south": {"uv": [12, 55], "uv_size": [0.5, 2]},
								"west": {"uv": [55, 18], "uv_size": [0.5, 2]},
								"up": {"uv": [57, 7], "uv_size": [0.5, 0.5]},
								"down": {"uv": [8, 57.5], "uv_size": [0.5, -0.5]}
							}
						},
						{
							"origin": [-1.46698, 6.85157, 2.2881],
							"size": [0.83078, 0.83078, 1.38444],
							"pivot": [-1.05167, 7.26688, 2.2073],
							"rotation": [90, -41.998, -89.997],
							"uv": {
								"north": {"uv": [55, 16], "uv_size": [1, 1]},
								"east": {"uv": [53, 46], "uv_size": [1.5, 1]},
								"south": {"uv": [19, 55], "uv_size": [1, 1]},
								"west": {"uv": [53, 50], "uv_size": [1.5, 1]},
								"up": {"uv": [51, 53], "uv_size": [1, 1.5]},
								"down": {"uv": [53, 52.5], "uv_size": [1, -1.5]}
							}
						},
						{
							"origin": [13.75247, 8.53016, -9.34631],
							"size": [0.83078, 0.36922, 15.01514],
							"pivot": [14.16778, 11.6458, 1.97824],
							"rotation": [90.001, -86.998, -89.999],
							"uv": {
								"north": {"uv": [30, 56], "uv_size": [1, 0.5]},
								"east": {"uv": [32, 15], "uv_size": [19, 0.5]},
								"south": {"uv": [56, 30], "uv_size": [1, 0.5]},
								"west": {"uv": [32, 16], "uv_size": [19, 0.5]},
								"up": {"uv": [11, 12], "uv_size": [1, 19]},
								"down": {"uv": [0, 41], "uv_size": [1, -19]}
							}
						},
						{
							"origin": [13.59871, 8.36864, -8.475],
							"size": [1.13811, 0.3649, 5.57656],
							"pivot": [14.16778, 11.6458, 1.97824],
							"rotation": [90.001, -86.998, -89.999],
							"uv": {
								"north": {"uv": [51, 55], "uv_size": [1.5, 0.5]},
								"east": {"uv": [46, 4], "uv_size": [7, 0.5]},
								"south": {"uv": [55, 51], "uv_size": [1.5, 0.5]},
								"west": {"uv": [47, 25], "uv_size": [7, 0.5]},
								"up": {"uv": [18, 30], "uv_size": [1.5, 7]},
								"down": {"uv": [20, 37], "uv_size": [1.5, -7]}
							}
						},
						{
							"origin": [12.53135, 4.88527, 1.29399],
							"size": [1.08912, 1.43171, 2.00242],
							"pivot": [13.07591, 5.60109, 2.29524],
							"rotation": [90, 3.002, -89.997],
							"uv": {
								"north": {"uv": [50, 2], "uv_size": [1.5, 2]},
								"east": {"uv": [45, 46], "uv_size": [2.5, 2]},
								"south": {"uv": [50, 23], "uv_size": [1.5, 2]},
								"west": {"uv": [47, 23], "uv_size": [2.5, 2]},
								"up": {"uv": [45, 48], "uv_size": [1.5, 2.5]},
								"down": {"uv": [47, 50.5], "uv_size": [1.5, -2.5]}
							}
						}
					]
				},
				{
					"name": "handguard",
					"parent": "m7_default",
					"pivot": [20.92839, 7.05204, 3.34031],
					"cubes": [
						{
							"origin": [20.92839, 6.48879, -3.51139],
							"size": [1.83093, 0.44594, 13.44608],
							"pivot": [20.92839, 6.93481, 1.10412],
							"rotation": [90, -14.498, -89.997],
							"uv": {
								"north": {"uv": [54, 0], "uv_size": [2.5, 0.5]},
								"east": {"uv": [36, 26], "uv_size": [17, 0.5]},
								"south": {"uv": [54, 1], "uv_size": [2.5, 0.5]},
								"west": {"uv": [36, 27], "uv_size": [17, 0.5]},
								"up": {"uv": [5, 12], "uv_size": [2.5, 17]},
								"down": {"uv": [8, 29], "uv_size": [2.5, -17]}
							}
						},
						{
							"origin": [13.49231, 4.23824, -8.10547],
							"size": [0.91526, 0.45057, 13.46916],
							"pivot": [15.06152, 5.43046, 2.37683],
							"rotation": [-90, -3.002, 90.003],
							"uv": {
								"north": {"uv": [31, 56], "uv_size": [1, 0.5]},
								"east": {"uv": [34, 36], "uv_size": [17, 0.5]},
								"south": {"uv": [56, 32], "uv_size": [1, 0.5]},
								"west": {"uv": [34, 37], "uv_size": [17, 0.5]},
								"up": {"uv": [24, 0], "uv_size": [1, 17]},
								"down": {"uv": [24, 39], "uv_size": [1, -17]}
							}
						},
						{
							"origin": [18.75331, 5.9185, -5.35486],
							"size": [0.90878, 0.44699, 13.47014],
							"inflate": -0.001,
							"pivot": [18.75376, 6.36496, 1.43572],
							"rotation": [-90, -50.502, 90.003],
							"uv": {
								"north": {"uv": [33, 56], "uv_size": [1, 0.5]},
								"east": {"uv": [38, 7], "uv_size": [17, 0.5]},
								"south": {"uv": [56, 33], "uv_size": [1, 0.5]},
								"west": {"uv": [38, 8], "uv_size": [17, 0.5]},
								"up": {"uv": [25, 0], "uv_size": [1, 17]},
								"down": {"uv": [25, 39], "uv_size": [1, -17]}
							}
						},
						{
							"origin": [13.71744, 5.45873, -9.39812],
							"size": [0.90066, 0.45936, 13.46916],
							"pivot": [14.16778, 11.6458, 1.97824],
							"rotation": [90.001, -86.998, -89.999],
							"uv": {
								"north": {"uv": [34, 56], "uv_size": [1, 0.5]},
								"east": {"uv": [38, 9], "uv_size": [17, 0.5]},
								"south": {"uv": [35, 56], "uv_size": [1, 0.5]},
								"west": {"uv": [38, 28], "uv_size": [17, 0.5]},
								"up": {"uv": [26, 0], "uv_size": [1, 17]},
								"down": {"uv": [26, 39], "uv_size": [1, -17]}
							}
						},
						{
							"origin": [17.84551, 6.00425, -3.72048],
							"size": [0.90878, 0.44699, 13.47014],
							"inflate": -0.001,
							"pivot": [18.75376, 6.45071, 3.07011],
							"rotation": [90, -44.498, -89.997],
							"uv": {
								"north": {"uv": [36, 56], "uv_size": [1, 0.5]},
								"east": {"uv": [38, 29], "uv_size": [17, 0.5]},
								"south": {"uv": [37, 56], "uv_size": [1, 0.5]},
								"west": {"uv": [38, 30], "uv_size": [17, 0.5]},
								"up": {"uv": [27, 0], "uv_size": [1, 17]},
								"down": {"uv": [12, 44], "uv_size": [1, -17]}
							}
						},
						{
							"origin": [16.61519, 4.23063, -8.25042],
							"size": [0.01546, 0.45057, 13.46916],
							"pivot": [15.06152, 5.42284, 2.23187],
							"rotation": [90, 3.002, -89.997],
							"uv": {
								"north": {"uv": [57, 8], "uv_size": [0.5, 0.5]},
								"east": {"uv": [34, 38], "uv_size": [17, 0.5]},
								"south": {"uv": [9, 57], "uv_size": [0.5, 0.5]},
								"west": {"uv": [39, 12], "uv_size": [17, 0.5]},
								"up": {"uv": [29, 35], "uv_size": [0.5, 17]},
								"down": {"uv": [30, 52], "uv_size": [0.5, -17]}
							}
						},
						{
							"origin": [19.09746, 6.60611, -1.27529],
							"size": [1.83093, 0.44594, 13.44608],
							"pivot": [20.92839, 7.05204, 3.34031],
							"rotation": [-90, -20.502, 90.003],
							"uv": {
								"north": {"uv": [54, 5], "uv_size": [2.5, 0.5]},
								"east": {"uv": [39, 13], "uv_size": [17, 0.5]},
								"south": {"uv": [54, 15], "uv_size": [2.5, 0.5]},
								"west": {"uv": [39, 17], "uv_size": [17, 0.5]},
								"up": {"uv": [12, 10], "uv_size": [2.5, 17]},
								"down": {"uv": [15, 27], "uv_size": [2.5, -17]}
							}
						},
						{
							"origin": [15.71539, 4.23063, -8.25042],
							"size": [0.89981, 0.45057, 13.46916],
							"pivot": [15.06152, 5.42284, 2.23187],
							"rotation": [90, 3.002, -89.997],
							"uv": {
								"north": {"uv": [56, 37], "uv_size": [1, 0.5]},
								"east": {"uv": [34, 38], "uv_size": [17, 0.5]},
								"south": {"uv": [38, 56], "uv_size": [1, 0.5]},
								"west": {"uv": [39, 12], "uv_size": [17, 0.5]},
								"up": {"uv": [13, 27], "uv_size": [1, 17]},
								"down": {"uv": [14, 44], "uv_size": [1, -17]}
							}
						}
					]
				},
				{
					"name": "stock",
					"parent": "m7",
					"pivot": [-0.08301, -0.42753, -3.57059],
					"cubes": [
						{
							"origin": [-0.78301, 6.93118, 6.32979],
							"size": [1.4, 0.65, 7.8],
							"uv": {
								"north": {"uv": [52, 0], "uv_size": [2, 1]},
								"east": {"uv": [32, 0], "uv_size": [10, 1]},
								"south": {"uv": [52, 1], "uv_size": [2, 1]},
								"west": {"uv": [32, 1], "uv_size": [10, 1]},
								"up": {"uv": [18, 20], "uv_size": [2, 10]},
								"down": {"uv": [20, 30], "uv_size": [2, -10]}
							}
						},
						{
							"origin": [-0.43281, 4.60442, 7.96375],
							"size": [0.6996, 0.6496, 6.3496],
							"inflate": 0.001,
							"pivot": [-0.08301, 6.10422, 10.31355],
							"rotation": [-35, 0, 0],
							"uv": {
								"north": {"uv": [20, 55], "uv_size": [1, 1]},
								"east": {"uv": [31, 43], "uv_size": [8, 1]},
								"south": {"uv": [26, 55], "uv_size": [1, 1]},
								"west": {"uv": [43, 32], "uv_size": [8, 1]},
								"up": {"uv": [19, 43], "uv_size": [1, 8]},
								"down": {"uv": [20, 51], "uv_size": [1, -8]}
							}
						},
						{
							"origin": [-0.43261, 5.90462, 8.86395],
							"size": [0.6992, 0.4992, 2.6992],
							"inflate": 0.002,
							"pivot": [-0.08301, 6.22922, 9.76355],
							"rotation": [-10, 0, 0],
							"uv": {
								"north": {"uv": [39, 56], "uv_size": [1, 0.5]},
								"east": {"uv": [52, 23], "uv_size": [3.5, 0.5]},
								"south": {"uv": [40, 56], "uv_size": [1, 0.5]},
								"west": {"uv": [52, 24], "uv_size": [3.5, 0.5]},
								"up": {"uv": [2, 49], "uv_size": [1, 3.5]},
								"down": {"uv": [3, 52.5], "uv_size": [1, -3.5]}
							}
						},
						{
							"origin": [-0.43301, 0.93118, 11.07979],
							"size": [0.7, 1.4, 4.3],
							"pivot": [-0.08301, 3.28118, 11.77979],
							"rotation": [90, 0, 0],
							"uv": {
								"north": {"uv": [52, 53], "uv_size": [1, 1.5]},
								"east": {"uv": [34, 41], "uv_size": [5.5, 1.5]},
								"south": {"uv": [53, 53], "uv_size": [1, 1.5]},
								"west": {"uv": [42, 0], "uv_size": [5.5, 1.5]},
								"up": {"uv": [39, 43], "uv_size": [1, 5.5]},
								"down": {"uv": [14, 49.5], "uv_size": [1, -5.5]}
							}
						},
						{
							"origin": [-1.2286, 6.64687, 6.32979],
							"size": [0.98995, 0.98995, 7.8],
							"pivot": [-0.93865, 8.14687, 10.22979],
							"rotation": [0, 0, -45],
							"uv": {
								"north": {"uv": [55, 26], "uv_size": [1, 1]},
								"east": {"uv": [32, 2], "uv_size": [10, 1]},
								"south": {"uv": [55, 27], "uv_size": [1, 1]},
								"west": {"uv": [32, 3], "uv_size": [10, 1]},
								"up": {"uv": [28, 33], "uv_size": [1, 10]},
								"down": {"uv": [31, 43], "uv_size": [1, -10]}
							}
						},
						{
							"origin": [-0.62799, 7.09247, 6.32979],
							"size": [0.93995, 0.68995, 7.8],
							"pivot": [-0.13301, 7.48118, 10.22979],
							"rotation": [0, 0, -90],
							"uv": {
								"north": {"uv": [55, 28], "uv_size": [1, 1]},
								"east": {"uv": [32, 4], "uv_size": [10, 1]},
								"south": {"uv": [29, 55], "uv_size": [1, 1]},
								"west": {"uv": [32, 5], "uv_size": [10, 1]},
								"up": {"uv": [32, 33], "uv_size": [1, 10]},
								"down": {"uv": [33, 43], "uv_size": [1, -10]}
							}
						},
						{
							"origin": [-1.2286, 5.99687, 6.32979],
							"size": [0.98995, 0.98995, 7.8],
							"pivot": [-0.93865, 7.49687, 10.22979],
							"rotation": [0, 0, -45],
							"uv": {
								"north": {"uv": [55, 29], "uv_size": [1, 1]},
								"east": {"uv": [32, 6], "uv_size": [10, 1]},
								"south": {"uv": [30, 55], "uv_size": [1, 1]},
								"west": {"uv": [32, 14], "uv_size": [10, 1]},
								"up": {"uv": [1, 34], "uv_size": [1, 10]},
								"down": {"uv": [2, 44], "uv_size": [1, -10]}
							}
						},
						{
							"origin": [-0.43261, 5.90462, 6.51395],
							"size": [0.6992, 0.6492, 2.3992],
							"inflate": 0.002,
							"uv": {
								"north": {"uv": [55, 30], "uv_size": [1, 1]},
								"east": {"uv": [49, 35], "uv_size": [3, 1]},
								"south": {"uv": [31, 55], "uv_size": [1, 1]},
								"west": {"uv": [49, 41], "uv_size": [3, 1]},
								"up": {"uv": [34, 49], "uv_size": [1, 3]},
								"down": {"uv": [41, 52], "uv_size": [1, -3]}
							}
						}
					]
				},
				{
					"name": "laser_pos",
					"parent": "m7",
					"pivot": [-1.52541, 6.59247, -18.91059],
					"rotation": [0, 0, -90]
				},
				{
					"name": "muzzle_flash",
					"parent": "m7",
					"pivot": [-0.08301, 6.59247, -31.08859]
				},
				{
					"name": "scope_pos",
					"parent": "m7",
					"pivot": [-0.08301, 8.99247, -1.44059]
				},
				{
					"name": "shell",
					"parent": "m7",
					"pivot": [-1.13901, 6.78847, -4.19059]
				},
				{
					"name": "muzzle_pos",
					"parent": "m7",
					"pivot": [-0.08301, 6.59247, -30.20659]
				},
				{
					"name": "grip_pos",
					"parent": "m7",
					"pivot": [-0.08301, 5.40947, -16.23059]
				},
				{
					"name": "positioning",
					"parent": "lod",
					"pivot": [-0.08301, 1.09247, -8.19059]
				},
				{
					"name": "thirdperson_hand",
					"parent": "positioning",
					"pivot": [-0.08301, 1.79247, 1.56941]
				},
				{
					"name": "ground",
					"parent": "positioning",
					"pivot": [-0.08301, -0.42753, -4.47059]
				},
				{
					"name": "fixed",
					"parent": "positioning",
					"pivot": [0.63699, 5.35247, -4.01059],
					"rotation": [0, 90, 0]
				}
			]
		}
	]
}