{
  "model": "maxstuff:gun/genesis12_geo",
  "texture": "maxstuff:gun/uv/genesis12_dragons_breath",
  "lod": {
    "model": "tacz:gun/lod/m4a1",
    "texture": "tacz:gun/lod/m4a1"
  },
  "hud": "maxstuff:gun/hud/genesis12",
  "slot": "maxstuff:gun/slot/genesis12",
  "animation": "maxstuff:genesis12",
  "use_default_animation": "rifle",
  "third_person_animation": "default",
  "transform": {
    "scale": {
      "thirdperson": [0.6, 0.6, 0.6],
      "ground": [0.6, 0.6, 0.6],
      "fixed": [1.2, 1.2, 1.2]
    }
  },
  "muzzle_flash": {
    "texture": "tacz:flash/common_muzzle_flash",
    "scale": 0
  },
  "shell": {
    "initial_velocity": [5, 2, 1],
    "random_velocity": [1, 1, 0.25],
    "acceleration": [0.0, -10, 0.0],
    "angular_velocity": [360, -1200, 90],
    "living_time": 1.0
  },
  "sounds": {
    "shoot": "maxstuff:genesis12/genesis12_shoot",
    "shoot_3p": "maxstuff:genesis12/genesis12_shoot",
    "inspect": "tacz:m4a1/m4a1_inspect",
    "inspect_empty": "maxstuff:genesis12/genesis12_inspect",
    "draw": "tacz:m4a1/m4a1_draw",
    "put_away": "tacz:m4a1/m4a1_put_away",
    "silence": "maxstuff:genesis12/genesis12_silence",
    "silence_3p": "maxstuff:genesis12/genesis12_silence"
  },
  "offhand_show": {
    "pos": [1, 19, 4],
    "rotate": [0, 0, 50],
    "scale": [0.5, 0.5, 0.5]
  },
  "hotbar_show": {
    "0": {
      "pos": [-1, 19, 3],
      "rotate": [-180, 0, 130],
      "scale": [0.5, 0.5, 0.5]
    }
  }
}