{
  "model": "maxstuff:gun/mk23_geo",
  "texture": "maxstuff:gun/uv/mk23",
  "lod": {
    "model": "maxstuff:gun/mk23_geo",
    "texture": "maxstuff:gun/uv/mk23"
  },
  "hud": "maxstuff:gun/hud/mk23",
  "slot": "maxstuff:gun/slot/mk23",
  "animation": "maxstuff:mk23",
  "state_machine": "maxstuff:mk23_state_machine",
  "use_default_animation": "pistol",
  "player_animator_3rd": "tacz:pistol_default.player_animation",
  "transform": {
    "scale": {
      "thirdperson": [0.6, 0.6, 0.6],
      "ground": [0.6, 0.6, 0.6],
      "fixed": [1.2, 1.2, 1.2]
    }
  },
  "shell": {
    "initial_velocity": [5.0, 3.0, 1],
    "random_velocity": [2.5, 2, 0.25],
    "acceleration": [0.0, -20, 0.0],
    "angular_velocity": [360, -960, 90],
    "living_time": 1.0
  },
  "sounds": {
    "draw": "maxstuff:mk23/mk23_draw",
    "put_away": "maxstuff:m1911/m1911_put_away",
    "shoot": "tacz:m1911/m1911_silence",
    "shoot_3p": "tacz:m1911/m1911_silence_3p",
    "reload_empty": "maxstuff:mk23/mk23_reload_empty",
    "reload_tactical": "maxstuff:mk23/mk23_reload_tactical",
    "inspect": "maxstuff:mk23/mk23_inspect",
    "inspect_empty": "maxstuff:mk23/mk23_inspect"
  },
  "offhand_show": {
    "pos": [4, 13, -1],
    "rotate": [-90, -35, 90],
    "scale": [0.5, 0.5, 0.5]
  },
  "hotbar_show": {
    "0": {
      "pos": [-5, 13, -1],
      "rotate": [-90, -35, 90],
      "scale": [0.5, 0.5, 0.5]
    }
  }
}