{
  "model": "maxstuff:gun/mk47_geo",
  "texture": "maxstuff:gun/uv/mk47",
  "lod": {
    "model": "maxstuff:gun/mk47_geo",
    "texture": "maxstuff:gun/uv/mk47"
  },
  "hud": "maxstuff:gun/hud/mk47",
  "slot": "maxstuff:gun/slot/mk47",
  "animation": "maxstuff:mk47",
  "use_default_animation": "rifle",
  "third_person_animation": "default",
  "transform": {
    "scale": {
      "thirdperson": [0.6, 0.6, 0.6],
      "ground": [0.6, 0.6, 0.6],
      "fixed": [1.2, 1.2, 1.2]
    }
  },
  "muzzle_flash": {
    "texture": "tacz:flash/common_muzzle_flash",
    "scale": 0.75
  },
  "shell": {
    "initial_velocity": [5, 2, 1],
    "random_velocity": [1, 1, 0.25],
    "acceleration": [0.0, -10, 0.0],
    "angular_velocity": [360, -1200, 90],
    "living_time": 1.0
  },
  "sounds": {
    "shoot": "maxstuff:mk47/mk47_shoot",
    "shoot_3p": "maxstuff:mk47/mk47_shoot_3p",
    "reload_empty": "maxstuff:mk47/mk47_reload_empty",
    "reload_tactical": "maxstuff:mk47/mk47_reload_tactical",
    "inspect": "tacz:ak47/ak47_inspect",
    "inspect_empty": "tacz:ak47/ak47_inspect_empty",
    "draw": "tacz:ak47/ak47_draw",
    "put_away": "tacz:ak47/ak47_put_away",
    "silence": "maxstuff:mk47/mk47_silence",
    "silence_3p": "maxstuff:mk47/mk47_silence_3p"
  },
  "offhand_show": {
    "pos": [1, 20, 3.5],
    "rotate": [0, 0, 60],
    "scale": [0.5, 0.5, 0.5]
  },
  "hotbar_show": {
    "0": {
      "pos": [-1, 20, 3],
      "rotate": [-180, 0, 120],
      "scale": [0.5, 0.5, 0.5]
    }
  }
}