{
  "model": "maxstuff:gun/potassium_power_geo",
  "texture": "maxstuff:gun/uv/potassium_power",
  "lod": {
    "model": "maxstuff:gun/lod/ak15",
    "texture": "maxstuff:gun/lod/ak15"
  },
  "hud": "maxstuff:gun/hud/potassium_power",
  "slot": "maxstuff:gun/slot/potassium_power",
  "animation": "tacz:ak47",
  "use_default_animation": "rifle",
  "third_person_animation": "default",
  "player_animator_3rd": "tacz:rifle_default.player_animation",
  "show_crosshair": false,
  "transform": {
    "scale": {
      "thirdperson": [0.6, 0.6, 0.6],
      "ground": [0.6, 0.6, 0.6],
      "fixed": [1.2, 1.2, 1.2]
    }
  },
  "muzzle_flash": {
    "texture": "tacz:flash/common_muzzle_flash",
    "scale": 0.75
  },
  "iron_zoom": 1.2,
  "shell": {
    "initial_velocity": [5, 2, 1],
    "random_velocity": [1, 1, 0.25],
    "acceleration": [0.0, -10, 0.0],
    "angular_velocity": [360, -1200, 90],
    "living_time": 1.0
  },
  "sounds": {
    "shoot": "maxstuff:potassium_power/potassium_power_shoot",
    "shoot_3p": "maxstuff:potassium_power/potassium_power_shoot",
    "reload_empty": "tacz:ak47/ak47_reload_empty",
    "reload_tactical": "tacz:ak47/ak47_reload_tactical",
    "inspect": "tacz:ak47/ak47_inspect",
    "inspect_empty": "tacz:ak47/ak47_inspect_empty",
    "draw": "tacz:ak47/ak47_draw",
    "put_away": "tacz:ak47/ak47_put_away",
    "silence": "tacz:ak47/ak47_silence",
    "silence_3p": "tacz:ak47/ak47_silence_3p",
    "dry_fire": "tacz:dry_fire",
    "fire_select": "tacz:fire_select",
    "head_hit": "tacz:head_hit",
    "flesh_hit": "tacz:flesh_hit",
    "kill": "tacz:kill"
  },
  "offhand_show": {
    "pos": [1, 20, 3.5],
    "rotate": [0, 0, 60],
    "scale": [0.5, 0.5, 0.5]
  },
  "hotbar_show": {
    "0": {
      "pos": [-1, 20, 3],
      "rotate": [-180, 0, 120],
      "scale": [0.5, 0.5, 0.5]
    }
  }
}