{
  "model": "maxstuff:gun/sten_geo",
  "texture": "maxstuff:gun/uv/sten",
  "lod": {
    "model": "maxstuff:gun/sten_geo",
    "texture": "maxstuff:gun/uv/sten"
  },
  "hud": "maxstuff:gun/hud/sten",
  "slot": "maxstuff:gun/slot/sten",
  "animation": "maxstuff:sten",
  "use_default_animation": "rifle",
  "third_person_animation": "default",
  "transform": {
    "scale": {
      "thirdperson": [0.6, 0.6, 0.6],
      "ground": [0.6, 0.6, 0.6],
      "fixed": [1.2, 1.2, 1.2]
    }
  },
  "muzzle_flash": {
    "texture": "tacz:flash/common_muzzle_flash",
    "scale": 0
  },
  "shell": {
    "initial_velocity": [5, 2, 1],
    "random_velocity": [1, 1, 0.25],
    "acceleration": [0.0, -10, 0.0],
    "angular_velocity": [360, -1200, 90],
    "living_time": 1.0
  },
  "sounds": {
    "shoot": "maxstuff:luty/luty_shoot",
    "shoot_3p": "maxstuff:luty/luty_shoot",
    "reload_empty": "tacz:uzi/uzi_reload_empty",
    "reload_tactical": "tacz:uzi/uzi_reload_tactical",
    "inspect": "tacz:uzi/uzi_inspect",
    "inspect_empty": "tacz:uzi/uzi_inspect_empty",
    "draw": "tacz:uzi/uzi_draw",
    "put_away": "tacz:uzi/uzi_put_away",
    "silence": "tacz:uzi/uzi_silence",
    "silence_3p": "tacz:uzi/uzi_silence_3p",
    "melee_push": "tacz:melee_stock/melee_stock_03",
    "melee_stock": "tacz:melee_stock/melee_stock_01"
  },
  "offhand_show": {
    "pos": [1, 19, 4],
    "rotate": [0, 0, 50],
    "scale": [0.5, 0.5, 0.5]
  },
  "hotbar_show": {
    "0": {
      "pos": [-1, 19, 3],
      "rotate": [-180, 0, 130],
      "scale": [0.5, 0.5, 0.5]
    }
  }
}