{
  "model": "maxstuff:gun/z80_geo",
  "texture": "maxstuff:gun/uv/z80",
  "lod": {
    "model": "maxstuff:gun/z80_geo",
    "texture": "maxstuff:gun/uv/z80"
  },
  "hud": "maxstuff:gun/hud/z80",
  "slot": "maxstuff:gun/slot/z80",
  "animation": "maxstuff:z80",
  "use_default_animation": "rifle",
  "third_person_animation": "default",
  "ammo_count_style": "percent",
  "transform": {
    "scale": {
      "thirdperson": [0.6, 0.6, 0.6],
      "ground": [0.6, 0.6, 0.6],
      "fixed": [1.2, 1.2, 1.2]
    }
  },
  "muzzle_flash": {
    "texture": "tacz:flash/common_muzzle_flash",
    "scale": 0
  },
  "sounds": {
    "shoot": "maxstuff:z80/z80_shoot",
    "shoot_3p": "maxstuff:z80/z80_shoot",
    "silence": "maxstuff:m231/m231_silence",
    "silence_3p": "maxstuff:m231/m231_silence_3p",
    "reload_empty": "maxstuff:z80/z80_reload_empty",
    "reload_tactical": "maxstuff:z80/z80_reload_empty",
    "draw": "tacz:m16a1/m16a1_draw",
    "put_away": "tacz:m16a1/m16a1_put_away",
    "melee_push": "tacz:melee_stock/melee_stock_01",
    "melee_stock": "tacz:melee_stock/melee_stock_02"
  },
  "offhand_show": {
    "pos": [1, 19, 4],
    "rotate": [0, 0, 50],
    "scale": [0.5, 0.5, 0.5]
  },
  "hotbar_show": {
    "0": {
      "pos": [-1, 19, 3],
      "rotate": [-180, 0, 130],
      "scale": [0.5, 0.5, 0.5]
    }
  },
  "text_show": {
    "text_display": {
      "scale": 0.5,
      "align": "center",
      "shadow": false,
      "color": "#FF0000",
      "light": 15,
      "text": "text_show.maxstuff.z80.ammo_count"
    }
  }
}