{
	"format_version": "1.12.0",
	"minecraft:geometry": [
		{
			"description": {
				"identifier": "geometry.sight_eotech_hhs5_ogl_ftc_lod",
				"texture_width": 32,
				"texture_height": 32,
				"visible_bounds_width": 129,
				"visible_bounds_height": 25,
				"visible_bounds_offset": [0, 0.5, 0]
			},
			"bones": [
				{
					"name": "lod",
					"pivot": [0.09375, 0.75942, 1.0375],
					"cubes": [
						{
							"origin": [-1.35, 0.075, -4.725],
							"size": [2.7, 1.2, 4.15],
							"uv": {
								"north": {"uv": [16, 13], "uv_size": [3, 1]},
								"east": {"uv": [12, 10], "uv_size": [4, 1]},
								"south": {"uv": [16, 14], "uv_size": [3, 1]},
								"west": {"uv": [12, 11], "uv_size": [4, 1]},
								"up": {"uv": [0, 0], "uv_size": [3, 4]},
								"down": {"uv": [3, 4], "uv_size": [3, -4]}
							}
						},
						{
							"origin": [-1.475, 0.375, -2.95],
							"size": [0.15, 0.6, 0.6],
							"pivot": [-1.4, 0.675, -2.65],
							"rotation": [-22.5, 0, 0],
							"uv": {
								"north": {"uv": [2, 21], "uv_size": [1, 1]},
								"east": {"uv": [21, 2], "uv_size": [1, 1]},
								"south": {"uv": [3, 21], "uv_size": [1, 1]},
								"up": {"uv": [21, 3], "uv_size": [1, 1]},
								"down": {"uv": [4, 22], "uv_size": [1, -1]}
							}
						},
						{
							"origin": [-0.825, 1.525, -2.95],
							"size": [0.6, 0.15, 0.6],
							"pivot": [-0.525, 1.6, -2.65],
							"rotation": [0, -22.5, 0],
							"uv": {
								"north": {"uv": [21, 4], "uv_size": [1, 1]},
								"east": {"uv": [5, 21], "uv_size": [1, 1]},
								"south": {"uv": [21, 5], "uv_size": [1, 1]},
								"west": {"uv": [6, 21], "uv_size": [1, 1]},
								"up": {"uv": [21, 6], "uv_size": [1, 1]}
							}
						},
						{
							"origin": [1.325, 0.375, -2.95],
							"size": [0.15, 0.6, 0.6],
							"pivot": [1.4, 0.675, -2.65],
							"rotation": [-45, 0, 0],
							"uv": {
								"north": {"uv": [7, 21], "uv_size": [1, 1]},
								"south": {"uv": [21, 7], "uv_size": [1, 1]},
								"west": {"uv": [8, 21], "uv_size": [1, 1]},
								"up": {"uv": [21, 8], "uv_size": [1, 1]},
								"down": {"uv": [9, 22], "uv_size": [1, -1]}
							}
						},
						{
							"origin": [0.225, 1.525, -2.95],
							"size": [0.6, 0.15, 0.6],
							"pivot": [0.525, 1.6, -2.65],
							"rotation": [0, -22.5, 0],
							"uv": {
								"north": {"uv": [21, 9], "uv_size": [1, 1]},
								"east": {"uv": [10, 21], "uv_size": [1, 1]},
								"south": {"uv": [21, 10], "uv_size": [1, 1]},
								"west": {"uv": [11, 21], "uv_size": [1, 1]},
								"up": {"uv": [21, 11], "uv_size": [1, 1]}
							}
						},
						{
							"origin": [0.35, 0.275, -0.575],
							"size": [1, 1, 0.4],
							"uv": {
								"north": {"uv": [12, 21], "uv_size": [1, 1]},
								"east": {"uv": [21, 12], "uv_size": [1, 1]},
								"south": {"uv": [13, 21], "uv_size": [1, 1]},
								"west": {"uv": [21, 13], "uv_size": [1, 1]},
								"up": {"uv": [14, 21], "uv_size": [1, 1]},
								"down": {"uv": [21, 15], "uv_size": [1, -1]}
							}
						},
						{
							"origin": [-1.15, 0.175, -0.575],
							"size": [1, 1, 0.7],
							"pivot": [-0.65, 0.675, -0.375],
							"rotation": [0, 0, 45],
							"uv": {
								"north": {"uv": [15, 21], "uv_size": [1, 1]},
								"east": {"uv": [21, 15], "uv_size": [1, 1]},
								"south": {"uv": [16, 21], "uv_size": [1, 1]},
								"west": {"uv": [21, 16], "uv_size": [1, 1]},
								"up": {"uv": [17, 21], "uv_size": [1, 1]},
								"down": {"uv": [21, 18], "uv_size": [1, -1]}
							}
						},
						{
							"origin": [-1.1, -0.225, -4.625],
							"size": [2.2, 1.75, 3.95],
							"uv": {
								"north": {"uv": [0, 13], "uv_size": [2, 2]},
								"east": {"uv": [0, 7], "uv_size": [4, 2]},
								"south": {"uv": [2, 13], "uv_size": [2, 2]},
								"west": {"uv": [8, 0], "uv_size": [4, 2]},
								"up": {"uv": [4, 7], "uv_size": [2, 4]},
								"down": {"uv": [8, 6], "uv_size": [2, -4]}
							}
						}
					]
				},
				{
					"name": "flip",
					"parent": "lod",
					"pivot": [-1.375, 1.29716, 6]
				}
			]
		}
	]
}