{
	"format_version": "1.12.0",
	"minecraft:geometry": [
		{
			"description": {
				"identifier": "geometry.sight_eotech_vudu_sfp_3t9x32",
				"texture_width": 16,
				"texture_height": 16,
				"visible_bounds_width": 180,
				"visible_bounds_height": 49,
				"visible_bounds_offset": [0, 0.5, 0]
			},
			"bones": [
				{
					"name": "lod",
					"pivot": [0, -0.7875, 0.15],
					"cubes": [
						{
							"origin": [-0.75, 3.125, -4.4],
							"size": [1.5, 0.5, 2.25],
							"uv": {
								"north": {"uv": [7, 10], "uv_size": [2, 1]},
								"east": {"uv": [9, 10], "uv_size": [2, 1]},
								"south": {"uv": [10, 9], "uv_size": [2, 1]},
								"west": {"uv": [0, 11], "uv_size": [2, 1]},
								"up": {"uv": [0, 4], "uv_size": [2, 2]},
								"down": {"uv": [5, 2], "uv_size": [2, -2]}
							}
						},
						{
							"origin": [0.65, 3.625, -4.4],
							"size": [0.1, 0.77, 0.75],
							"uv": {
								"north": {"uv": [0, 12], "uv_size": [1, 1]},
								"east": {"uv": [1, 12], "uv_size": [1, 1]},
								"south": {"uv": [2, 12], "uv_size": [1, 1]},
								"west": {"uv": [3, 12], "uv_size": [1, 1]}
							}
						},
						{
							"origin": [-0.75, 4.295, -4.4],
							"size": [1.5, 0.1, 0.75],
							"inflate": 0.0001,
							"uv": {
								"north": {"uv": [11, 0], "uv_size": [2, 1]},
								"south": {"uv": [11, 1], "uv_size": [2, 1]},
								"up": {"uv": [2, 11], "uv_size": [2, 1]},
								"down": {"uv": [11, 3], "uv_size": [2, -1]}
							}
						},
						{
							"origin": [-0.75, 3.625, -4.4],
							"size": [0.1, 0.77, 0.75],
							"uv": {
								"north": {"uv": [4, 12], "uv_size": [1, 1]},
								"east": {"uv": [12, 4], "uv_size": [1, 1]},
								"south": {"uv": [5, 12], "uv_size": [1, 1]},
								"west": {"uv": [12, 5], "uv_size": [1, 1]}
							}
						},
						{
							"origin": [-0.625, 2.725, -4.4],
							"size": [1.25, 0.4, 2.25],
							"uv": {
								"north": {"uv": [12, 6], "uv_size": [1, 1]},
								"east": {"uv": [11, 3], "uv_size": [2, 1]},
								"west": {"uv": [4, 11], "uv_size": [2, 1]},
								"down": {"uv": [2, 6], "uv_size": [1, -2]}
							}
						},
						{
							"origin": [-0.625, 2.3875, -2.65],
							"size": [1.25, 0.7375, 0.5],
							"inflate": 0.0001,
							"uv": {
								"north": {"uv": [7, 12], "uv_size": [1, 1]},
								"east": {"uv": [12, 7], "uv_size": [1, 1]},
								"south": {"uv": [8, 12], "uv_size": [1, 1]},
								"west": {"uv": [12, 9], "uv_size": [1, 1]}
							}
						},
						{
							"origin": [-0.9, 0.85, -2.65],
							"size": [1.8, 1.8, 0.5],
							"pivot": [0, 1.75, -3.7625],
							"rotation": [0, 0, 45],
							"uv": {
								"north": {"uv": [5, 2], "uv_size": [2, 2]},
								"east": {"uv": [11, 4], "uv_size": [1, 2]},
								"south": {"uv": [5, 4], "uv_size": [2, 2]},
								"west": {"uv": [11, 6], "uv_size": [1, 2]},
								"up": {"uv": [7, 11], "uv_size": [2, 1]},
								"down": {"uv": [11, 9], "uv_size": [2, -1]}
							}
						},
						{
							"origin": [-0.8, 0.95, -4.775],
							"size": [1.6, 1.6, 2],
							"pivot": [0, 1.75, -3.7625],
							"rotation": [0, 0, 45],
							"uv": {
								"north": {"uv": [0, 6], "uv_size": [2, 2]},
								"east": {"uv": [2, 6], "uv_size": [2, 2]},
								"south": {"uv": [4, 6], "uv_size": [2, 2]},
								"west": {"uv": [6, 6], "uv_size": [2, 2]},
								"up": {"uv": [7, 0], "uv_size": [2, 2]},
								"down": {"uv": [7, 4], "uv_size": [2, -2]}
							}
						},
						{
							"origin": [-0.875, 0.875, -2.1],
							"size": [1.75, 1.75, 1.65],
							"uv": {
								"north": {"uv": [7, 4], "uv_size": [2, 2]},
								"east": {"uv": [0, 8], "uv_size": [2, 2]},
								"south": {"uv": [2, 8], "uv_size": [2, 2]},
								"west": {"uv": [4, 8], "uv_size": [2, 2]},
								"up": {"uv": [6, 8], "uv_size": [2, 2]},
								"down": {"uv": [8, 8], "uv_size": [2, -2]}
							}
						},
						{
							"origin": [-0.8, 0.95, 0.325],
							"size": [1.6, 1.6, 3.375],
							"pivot": [0, 1.75, 0.94375],
							"rotation": [0, 0, 45],
							"uv": {
								"north": {"uv": [8, 8], "uv_size": [2, 2]},
								"east": {"uv": [0, 0], "uv_size": [3, 2]},
								"south": {"uv": [9, 0], "uv_size": [2, 2]},
								"west": {"uv": [0, 2], "uv_size": [3, 2]},
								"up": {"uv": [3, 0], "uv_size": [2, 3]},
								"down": {"uv": [3, 6], "uv_size": [2, -3]}
							}
						},
						{
							"origin": [-0.6, 1.15, -2.775],
							"size": [1.2, 1.2, 3.1],
							"pivot": [0, 1.75, 0.94375],
							"rotation": [0, 0, 45],
							"uv": {
								"east": {"uv": [0, 10], "uv_size": [3, 1]},
								"west": {"uv": [3, 10], "uv_size": [3, 1]},
								"up": {"uv": [6, 10], "uv_size": [1, 3]},
								"down": {"uv": [10, 9], "uv_size": [1, -3]}
							}
						},
						{
							"origin": [-0.6, 2.625, -1.875],
							"size": [1.2, 0.625, 1.2],
							"pivot": [0, 2.9375, -1.275],
							"rotation": [0, -67.5, 0],
							"uv": {
								"north": {"uv": [12, 10], "uv_size": [1, 1]},
								"east": {"uv": [11, 12], "uv_size": [1, 1]},
								"south": {"uv": [12, 11], "uv_size": [1, 1]},
								"west": {"uv": [12, 12], "uv_size": [1, 1]},
								"up": {"uv": [0, 13], "uv_size": [1, 1]}
							}
						},
						{
							"origin": [-1.7875, 1.5, -1.875],
							"size": [1.2, 0.625, 1.2],
							"pivot": [-1.1875, 1.8125, -1.275],
							"rotation": [0, -67.5, -90],
							"uv": {
								"north": {"uv": [13, 0], "uv_size": [1, 1]},
								"east": {"uv": [1, 13], "uv_size": [1, 1]},
								"south": {"uv": [13, 1], "uv_size": [1, 1]},
								"west": {"uv": [2, 13], "uv_size": [1, 1]},
								"up": {"uv": [13, 2], "uv_size": [1, 1]}
							}
						},
						{
							"origin": [-0.5, 2.6875, -1.775],
							"size": [1, 0.575, 1],
							"pivot": [0, 1.8125, -1.275],
							"rotation": [0, 45, 90],
							"uv": {
								"north": {"uv": [3, 13], "uv_size": [1, 1]},
								"east": {"uv": [13, 3], "uv_size": [1, 1]},
								"south": {"uv": [4, 13], "uv_size": [1, 1]},
								"west": {"uv": [13, 4], "uv_size": [1, 1]},
								"up": {"uv": [5, 13], "uv_size": [1, 1]}
							}
						},
						{
							"origin": [-0.625, -0.4, -2.0625],
							"size": [1.25, 2, 2.125],
							"uv": {
								"north": {"uv": [9, 11], "uv_size": [1, 2]},
								"east": {"uv": [9, 2], "uv_size": [2, 2]},
								"south": {"uv": [10, 11], "uv_size": [1, 2]},
								"west": {"uv": [9, 4], "uv_size": [2, 2]},
								"down": {"uv": [11, 12], "uv_size": [1, -2]}
							}
						}
					]
				}
			]
		}
	]
}