{
	"format_version": "1.12.0",
	"minecraft:geometry": [
		{
			"description": {
				"identifier": "geometry.sight_si_sidewinder2",
				"texture_width": 16,
				"texture_height": 16,
				"visible_bounds_width": 6,
				"visible_bounds_height": 4,
				"visible_bounds_offset": [0, 1, 0]
			},
			"bones": [
				{
					"name": "lod",
					"pivot": [0, 0, 0],
					"cubes": [
						{
							"origin": [-0.375, 0.15, -5.3],
							"size": [0.75, 0.575, 3.25],
							"inflate": -0.0001,
							"uv": {
								"north": {"uv": [5, 4], "uv_size": [1, 1]},
								"east": {"uv": [2, 2], "uv_size": [3, 1]},
								"south": {"uv": [5, 5], "uv_size": [1, 1]},
								"west": {"uv": [2, 3], "uv_size": [3, 1]}
							}
						},
						{
							"origin": [-0.375, 0.725, -7.25],
							"size": [0.75, 0.25, 6.75],
							"uv": {
								"north": {"uv": [6, 2], "uv_size": [1, 1]},
								"east": {"uv": [6, 2], "uv_size": [1, 1]},
								"south": {"uv": [6, 2], "uv_size": [1, 1]},
								"west": {"uv": [6, 2], "uv_size": [1, 1]},
								"up": {"uv": [6, 2], "uv_size": [1, 1]},
								"down": {"uv": [6, 3], "uv_size": [1, -1]}
							}
						},
						{
							"origin": [-0.625, -0.35, -5.75],
							"size": [1.25, 0.5, 5.75],
							"uv": {
								"north": {"uv": [6, 0], "uv_size": [1, 1]},
								"east": {"uv": [0, 0], "uv_size": [6, 1]},
								"south": {"uv": [6, 1], "uv_size": [1, 1]},
								"west": {"uv": [0, 1], "uv_size": [6, 1]},
								"up": {"uv": [0, 2], "uv_size": [1, 6]},
								"down": {"uv": [1, 8], "uv_size": [1, -6]}
							}
						},
						{
							"origin": [-0.85, 0.5625, -7],
							"size": [1.8, 0.4, 0.75],
							"uv": {
								"north": {"uv": [2, 4], "uv_size": [2, 1]},
								"east": {"uv": [2, 4], "uv_size": [2, 1]},
								"south": {"uv": [2, 4], "uv_size": [2, 1]},
								"west": {"uv": [2, 4], "uv_size": [2, 1]},
								"up": {"uv": [2, 4], "uv_size": [2, 1]},
								"down": {"uv": [2, 5], "uv_size": [2, -1]}
							}
						},
						{
							"origin": [-0.85, 0.5625, -1.5],
							"size": [1.8, 0.4, 0.75],
							"uv": {
								"north": {"uv": [2, 4], "uv_size": [2, 1]},
								"east": {"uv": [2, 4], "uv_size": [2, 1]},
								"south": {"uv": [2, 4], "uv_size": [2, 1]},
								"west": {"uv": [2, 4], "uv_size": [2, 1]},
								"up": {"uv": [2, 4], "uv_size": [2, 1]},
								"down": {"uv": [2, 5], "uv_size": [2, -1]}
							}
						},
						{
							"origin": [-0.7475, 1.17, -1.25],
							"size": [0.5, 1.75, 0.25],
							"pivot": [0.6375, 0.1375, 0],
							"rotation": [0, 0, -35],
							"uv": {
								"north": {"uv": [4, 4], "uv_size": [1, 2]},
								"east": {"uv": [2, 5], "uv_size": [1, 2]},
								"south": {"uv": [5, 2], "uv_size": [1, 2]},
								"west": {"uv": [3, 5], "uv_size": [1, 2]},
								"up": {"uv": [6, 3], "uv_size": [1, 1]},
								"down": {"uv": [4, 7], "uv_size": [1, -1]}
							}
						},
						{
							"origin": [-0.9475, 2.67, -1.25],
							"size": [0.2, 0.75, 0.25],
							"pivot": [0.6375, 0.1375, 0],
							"rotation": [0, 0, -35],
							"uv": {
								"north": {"uv": [4, 4], "uv_size": [1, 2]},
								"east": {"uv": [2, 5], "uv_size": [1, 2]},
								"south": {"uv": [5, 2], "uv_size": [1, 2]},
								"west": {"uv": [3, 5], "uv_size": [1, 2]},
								"up": {"uv": [6, 3], "uv_size": [1, 1]},
								"down": {"uv": [4, 7], "uv_size": [1, -1]}
							}
						},
						{
							"origin": [-0.2475, 2.67, -1.25],
							"size": [0.2, 0.75, 0.25],
							"pivot": [0.6375, 0.1375, 0],
							"rotation": [0, 0, -35],
							"uv": {
								"north": {"uv": [4, 4], "uv_size": [1, 2]},
								"east": {"uv": [2, 5], "uv_size": [1, 2]},
								"south": {"uv": [5, 2], "uv_size": [1, 2]},
								"west": {"uv": [3, 5], "uv_size": [1, 2]},
								"up": {"uv": [6, 3], "uv_size": [1, 1]},
								"down": {"uv": [4, 7], "uv_size": [1, -1]}
							}
						},
						{
							"origin": [-0.7475, 1.17, -6.75],
							"size": [0.5, 1.75, 0.25],
							"pivot": [0.6375, 0.1375, 0],
							"rotation": [0, 0, -35],
							"uv": {
								"north": {"uv": [4, 4], "uv_size": [1, 2]},
								"east": {"uv": [2, 5], "uv_size": [1, 2]},
								"south": {"uv": [5, 2], "uv_size": [1, 2]},
								"west": {"uv": [3, 5], "uv_size": [1, 2]},
								"up": {"uv": [6, 3], "uv_size": [1, 1]},
								"down": {"uv": [4, 7], "uv_size": [1, -1]}
							}
						},
						{
							"origin": [-0.9475, 2.67, -6.75],
							"size": [0.2, 0.75, 0.25],
							"pivot": [0.6375, 0.1375, 0],
							"rotation": [0, 0, -35],
							"uv": {
								"north": {"uv": [4, 4], "uv_size": [1, 2]},
								"east": {"uv": [2, 5], "uv_size": [1, 2]},
								"south": {"uv": [5, 2], "uv_size": [1, 2]},
								"west": {"uv": [3, 5], "uv_size": [1, 2]},
								"up": {"uv": [6, 3], "uv_size": [1, 1]},
								"down": {"uv": [4, 7], "uv_size": [1, -1]}
							}
						},
						{
							"origin": [-0.2475, 2.67, -6.75],
							"size": [0.2, 0.75, 0.25],
							"pivot": [0.6375, 0.1375, 0],
							"rotation": [0, 0, -35],
							"uv": {
								"north": {"uv": [4, 4], "uv_size": [1, 2]},
								"east": {"uv": [2, 5], "uv_size": [1, 2]},
								"south": {"uv": [5, 2], "uv_size": [1, 2]},
								"west": {"uv": [3, 5], "uv_size": [1, 2]},
								"up": {"uv": [6, 3], "uv_size": [1, 1]},
								"down": {"uv": [4, 7], "uv_size": [1, -1]}
							}
						},
						{
							"origin": [-0.56, 2.92, -6.7],
							"size": [0.125, 0.25, 0.125],
							"pivot": [0.6375, 0.1375, 0],
							"rotation": [0, 0, -35],
							"uv": {
								"north": {"uv": [4, 4], "uv_size": [1, 2]},
								"east": {"uv": [2, 5], "uv_size": [1, 2]},
								"south": {"uv": [5, 2], "uv_size": [1, 2]},
								"west": {"uv": [3, 5], "uv_size": [1, 2]},
								"up": {"uv": [6, 3], "uv_size": [1, 1]},
								"down": {"uv": [4, 7], "uv_size": [1, -1]}
							}
						},
						{
							"origin": [-0.56, 2.92, -1.2],
							"size": [0.125, 0.25, 0.125],
							"pivot": [0.6375, 0.1375, 0],
							"rotation": [0, 0, -35],
							"uv": {
								"north": {"uv": [4, 4], "uv_size": [1, 2]},
								"east": {"uv": [2, 5], "uv_size": [1, 2]},
								"south": {"uv": [5, 2], "uv_size": [1, 2]},
								"west": {"uv": [3, 5], "uv_size": [1, 2]},
								"up": {"uv": [6, 3], "uv_size": [1, 1]},
								"down": {"uv": [4, 7], "uv_size": [1, -1]}
							}
						}
					]
				}
			]
		}
	]
}